Timestamp,URL,Title,Visit Count
2025-06-13 00:23:45,https://nam11.safelinks.protection.outlook.com/?url=http%3A%2F%2Fc.gm-05.guest-message.com%2Fls%2Fclick%3Fupn%3Du001.h7BIpbIiwqPk5mTqa0fP59-2Fu9dbHqs5Xl9OJmKZhb04AL9X2QRfyXzb6W-2B7-2BkdI6Bgs1_iAIXBRHwPCpizFM8bFbwfhUUPw55JUxZLJ7Q3HXvx-2BQ2eqPho6A4jNBzYmnmQzX-2FlDz5Uc36C-2Fy60mImGiHF3KjCtCXxG6sJr663c4WCj9BS-2BHr7euzRbU4Oo3QE4WqrVvJ7HNFidKMaN94zQBRV8NULs4XnrYAN7-2FpJvOeoI5ytTyfZ0MT-2F7zyQiALSp45jhNpoKRpM-2FyaoGi5QX5OYZ8LOaOKk0pm0eM7CaEQBu8BIRKff9Hap8gSapxKUSCGo9hpMGeRmVKIXJ5vnS6iMdmGnCP-2B38T3tmiLdvXXpVeKImK2NICk4JMnRI41t3XenW4r1cenYVSqjjob5j-2Fv6D-2B7-2BxxaGDMXOYjr78MeQCY-2B3Z8WmctV1u9y2i-2Brk5K6LAqVNAsPb-2F6zcuJ8ob-2FNL9M6oyPOeN0JZF-2F5UvRCQRQJ9pNag-2B3m7r5b8rXfG8af-2F&data=05%7C02%7Cfrontdesk%40worthotel.com%7Cbcccd769febe4250921608ddaa107adc%7Cbba3d172f36a4b5196d9082fda5f220d%7C0%7C0%7C638853709956244691%7CUnknown%7CTWFpbGZsb3d8eyJFbXB0eU1hcGkiOnRydWUsIlYiOiIwLjAuMDAwMCIsIlAiOiJXaW4zMiIsIkFOIjoiTWFpbCIsIldUIjoyfQ%3D%3D%7C0%7C%7C%7C&sdata=731V7CjGaR%2FS2n2MB5T0jG7HgqMyFRj0AyyHYBAG5OU%3D&reserved=0,The Rusty Parrot Lodge & Spa | Luxury Jackson Hole Hotel,1
2025-06-13 00:23:45,http://c.gm-05.guest-message.com/ls/click?upn=u001.h7BIpbIiwqPk5mTqa0fP59-2Fu9dbHqs5Xl9OJmKZhb04AL9X2QRfyXzb6W-2B7-2BkdI6Bgs1_iAIXBRHwPCpizFM8bFbwfhUUPw55JUxZLJ7Q3HXvx-2BQ2eqPho6A4jNBzYmnmQzX-2FlDz5Uc36C-2Fy60mImGiHF3KjCtCXxG6sJr663c4WCj9BS-2BHr7euzRbU4Oo3QE4WqrVvJ7HNFidKMaN94zQBRV8NULs4XnrYAN7-2FpJvOeoI5ytTyfZ0MT-2F7zyQiALSp45jhNpoKRpM-2FyaoGi5QX5OYZ8LOaOKk0pm0eM7CaEQBu8BIRKff9Hap8gSapxKUSCGo9hpMGeRmVKIXJ5vnS6iMdmGnCP-2B38T3tmiLdvXXpVeKImK2NICk4JMnRI41t3XenW4r1cenYVSqjjob5j-2Fv6D-2B7-2BxxaGDMXOYjr78MeQCY-2B3Z8WmctV1u9y2i-2Brk5K6LAqVNAsPb-2F6zcuJ8ob-2FNL9M6oyPOeN0JZF-2F5UvRCQRQJ9pNag-2B3m7r5b8rXfG8af-2F,The Rusty Parrot Lodge & Spa | Luxury Jackson Hole Hotel,2
2025-06-13 00:23:45,https://c.gm-05.guest-message.com/ls/click?upn=u001.h7BIpbIiwqPk5mTqa0fP59-2Fu9dbHqs5Xl9OJmKZhb04AL9X2QRfyXzb6W-2B7-2BkdI6Bgs1_iAIXBRHwPCpizFM8bFbwfhUUPw55JUxZLJ7Q3HXvx-2BQ2eqPho6A4jNBzYmnmQzX-2FlDz5Uc36C-2Fy60mImGiHF3KjCtCXxG6sJr663c4WCj9BS-2BHr7euzRbU4Oo3QE4WqrVvJ7HNFidKMaN94zQBRV8NULs4XnrYAN7-2FpJvOeoI5ytTyfZ0MT-2F7zyQiALSp45jhNpoKRpM-2FyaoGi5QX5OYZ8LOaOKk0pm0eM7CaEQBu8BIRKff9Hap8gSapxKUSCGo9hpMGeRmVKIXJ5vnS6iMdmGnCP-2B38T3tmiLdvXXpVeKImK2NICk4JMnRI41t3XenW4r1cenYVSqjjob5j-2Fv6D-2B7-2BxxaGDMXOYjr78MeQCY-2B3Z8WmctV1u9y2i-2Brk5K6LAqVNAsPb-2F6zcuJ8ob-2FNL9M6oyPOeN0JZF-2F5UvRCQRQJ9pNag-2B3m7r5b8rXfG8af-2F,The Rusty Parrot Lodge & Spa | Luxury Jackson Hole Hotel,1
2025-06-13 00:23:45,https://www.rustyparrot.com/,The Rusty Parrot Lodge & Spa | Luxury Jackson Hole Hotel,1
2025-06-13 00:16:14,https://mtucn1.oraclehospitality.us-ashburn-1.ocs.oraclecloud.com/OPERA9/opera/operacloud/faces/opera-cloud-index/OperaCloud,OPERA Cloud,74
2025-06-13 00:16:13,https://mtucn1.oraclehospitality.us-ashburn-1.ocs.oraclecloud.com/OPERA9/opera/operacloud/faces/opera-cloud-index/OperaCloud?_afrRedirect=1008025423075086&_afrPage=1,OPERA Cloud,1
2025-06-13 00:16:05,https://mtucn1.oraclehospitality.us-ashburn-1.ocs.oraclecloud.com/OPERA9/opera/operacloud/faces/adf.task-flow?adf.tfId=opera-cloud-index&adf.tfDoc=/WEB-INF/taskflows/opera-cloud-index.xml&TPLNG=E,Initializing Application,57
2025-06-13 00:16:05,https://mtucn1.oraclehospitality.us-ashburn-1.ocs.oraclecloud.com/OPERA9/opera/operacloud/faces/adf.task-flow?adf.tfId=opera-cloud-index&adf.tfDoc=/WEB-INF/taskflows/opera-cloud-index.xml&TPLNG=E&_afrLoop=1008016888072371&_afrWindowMode=2&Adf-Window-Id=w4q1y8y4r7&_afrFS=16&_afrMT=screen&_afrMFW=1058&_afrMFH=1460&_afrMFDW=960&_afrMFDH=1440&_afrMFC=8&_afrMFCI=0&_afrMFM=0&_afrMFR=172&_afrMFG=0&_afrMFS=0&_afrMFO=1,Initializing Application,1
2025-06-13 00:16:04,https://mtucn1.oraclehospitality.us-ashburn-1.ocs.oraclecloud.com/OPERA9/opera/operacloud/?TPLNG=E,Initializing Application,94
2025-06-13 00:16:03,https://idcs-67322d8881824b13b3da16015007f9e2.identity.oraclecloud.com/sso/v1/user/callback/login?nonce=d389980f-63f6-4bc4-8ca9-3f659ccf2425,Submit This Form,1
2025-06-13 00:16:03,https://idcs-67322d8881824b13b3da16015007f9e2.identity.oraclecloud.com/oauth2/v1/consent?OCIS_REQ=DWFH6ZPbaAD0u70ZOKkCcRG3EcpnubvtlC8Ptg6Jai0EW596S3GM4D0bXoIWOsbli9hjvWM4ps41urrJDaef2z01wQBozRWPCIdq0XLHcWwGCgW8YR1%2BYQNLmoxMdM3L6dRafoTAqphACJjR33xfsQPHP9n3sNSQq%2BtGwOYQdpHtEuBU1YDocaUAATSPOpdWkza50L9dduhkpNgAR5FR22X%2BgCk15RjXKeErDeoIywWBVAntZivZz9c5K7%2BeSZ9%2F%2FzvH7foHhwEYgPsccgulvmV1H137edgrBgT1V41cptKYqGSIRIScxqrUd6Uy6YJMchCwtjLbOafM3uhqowRh4NSc%2FQ%2Bg1H8di%2B4YmVV45imO9E4UAm8ZdrN7ecy2ua64BDKeA0lvDha1BnXJTztdo%2Bcf9Qkl6Lb1GC5bV3HmxEmChad2oh%2BEE%2FgFHWh9R9ZXnKXyF0%2FEA2APzVIh5xGBXnzjxn1sn8NfxpQXLgme21x89RjEJn4TqvYJF4L9lKCHW%2BuACdduzZV6z9hqNW%2FkBJXXxtHR0OCX41DOrKPMcUafSsMryZnvPHV6lqxjQ89TNbYUNlTi2fIuNDZ5NfqaTKu6WQDrHM6mvYLHxZ4UNX7FIeCU9J6eeOgCKIMHGgdhyvLfP2DgPrdbhaIv0A%2Bzp2TFdmrplSAwBUtiaZ3isIuxwk%2FOpzoFNKVlWP8z8%2FXqNNhAidWfgGhmJI6KCe6keX7vbdb5iVcjPPCVgdzQNj6%2FPnlOP1vCCJXN93kMOQel5HJW063bMqaUOsBPiHexk5NXw1kPHn5WT7oj0vsTr6eny9V5aKb2gi4YGGs5sH0qcG3qXQJBftBAI3%2Beh%2FeCpv7rjo1HaFo9MqT4dIug5qqxw5lqGU2unz9SitDyboji5cOS2o4qKzuICae78rS9pK7TF1%2Fp0ZS5XJZZAxtbB7a42OylBfYhMGsJFmqu35hbHvfVMTzAy0giFLRCC3gcaMTq%2BBs1C2M1WtbKBlv2sAP9uzr%2FHDaSFMMK5UFhMjKrAvkr%2F6GKOO1xhdwglQVzPd1WiidqfUXYU63uMg78bSmjSVJ6a13qmHKYE9RL4woXKgHSLefNDrrs%2FZArNnBcCqyqGt%2BbhFdA1k2EnmwuroS89kzGA6gyO6tf7%2FxAM%2Budy0fT4aBDqFhbe89gZ%2B%2B2tTnVTr%2F6uaUP5LgknY%2FEVhul7w3j4%2FHgHx2XHA2o1HOYQ8rB1GXes6pTlBcPAOl%2Bjhilz00prELkvUJxOkMkypAgGe7jUazpaL2RIVTKqsdKD9CC2ItcB0RdFcmT6hGBRGzhhHIWO1%2B0AlcwRzxOA2%2BD726Eov6PklnG%2FRQbffNl7Eoh9kr9iP9%2FHVWB63vfGf9JyLBwBZuZw32sHeU9IxO8YM9kRLiuU8kc7wvvQP8dTGkdSonHqgJ9EkTXKj9y9YkQtKOEXlPD1I8LagH5bnS2BMlP%2BJEPME6qjy9BLDqALjQlodjpaE55gOz3c1z%2FA23FfrQwH087C%2BWwdd5%2BIgdL967dfY5jEoXuBmTn3pK8SiS4fqAZrUI%2F9TgSm77M9IjHdyHjZC%2BBbeyg5hNSnpeI9P4sW0ltm9nxYbLLlUrz0wA%2FGlhqk6CTlynEQHRM89j8Y8ycg9Obe4oj7Zk4B5l0IYQPmBX3msEtHLUUfcC13RwSgbMub2O26f01kRVLkUeUPBFHqfAb3j33NPHz%2FLRcDfaBNN4RpbTV%2F0kxwJQmOS4I%2FChWq3Y8gj53Vz4IPFsi9QrLXYNDleWNtqOdwmjdjhKldKy%2F567EB%2BiKU96x67kwyiz7pgBRUT3v%2BaZAKBWCMltUhBUbbWsQdSfeOY4WqvoJp%2FhzIEPoiiJkPUUs8dqWRAnXLZhwZR2gE3qqyJ8OBHMrT7RuqyWZuHoUsf8875m1Od3vP77Z6OMQxW1HExBcAp092ZOLhJ0L1L6REMTis7mpaAEypWZzvFE3Yuz5hpICMiMtcWNN65KyJUZpsJUYLLxMTrqhee4AHbyAu%2F9G%2BNHiwwTLD2jordx92n2WVEzeCS7qyQ7hJZBRKaTx%2B%2BxkGadH7lFSHLuz7YYWVVrTJKTSTpYj6OHLtzI0r3MOgah8oxPaE1UvgbQNr2mdWl3OL46rYkAKfYhG1URMMrBsUupN8YM385YR%2Bbh0NJNjYtjPd9cgpUR1dCYDItgF0cUpSlZZ0JK70C81ZEPozf6cMFeH1y4ma1RXnF3RVAeZ4szQT2mIAT71gN1v47U6fe7ZuXBf0zgHojjzZYSVh1nqzDAxIhV%2Bilo9LWHSL8Vg9VEdjEZw6JkisecV5KfrbRsuGRyngNBHBHbbLLUotEXgJ6eA6blz0u12xBpyFuu48R2pP9xJCte4XPoT20R0cfshQBV7lIVSbKQmuAzuOMYkM%2BUp3dVvxmLHM3NvEkPv40ohzJOnQ4HPhen%2FNX9343bVuC7WI%2Bffh5iiSsBBPCCg2CoXU8n5YFuUufvJLVNczIBX2Hth5FkOY44W347NB%2BHLUQawxYhIYTcc2OfQaRsleC0lymSmXsdSDk7aO5WvtmpROVZYJ2LI9a2TwNzxoxcqXm2TKW8ZsA8OOjBHmJvZz88b4y7KJKUmO8HXbNythDOFQzIajK1h8tYcGTNXWJbtJsr6LXQdRoWZLZN7aoZgfjgT3NGGjFXzNuXlaJkmU6MrYRjXH43diLNlR%2FqOVR1T0KrQbmeJtpZABGVTnAniYUok%2BQ2MGPgGaqwwCmUmKkB0qY17u8zxZkeY7LH%2FM48D7z2qnyMLPNV9wDoA1%2Fp3AkoP5InA1tamKXdNlG9lBRmQiBiUBdfjG2015YlAO0FASp1afVlpv09TZpXqyloX8wALj9drDHI4QqWumecLl5z0AhcKNTLLXZDftsSZ14bIUQDD1vRSFp%2BJMjv35zriIye%2F%2Bqwi5M0TxcpPBPn1AmRygQTxn%2FDHF7ya1aISx56HZcv8aGpL9AeRNP1x5sw9iHJU0apc5CG8Mw7ZPAxYogHZTEZNYRf3sv%2FeILHIOk36ypqvygOsWpX7YUPULMqHD%2B7KmiUWhkK%2FaSZrTAGAIrJ6ATxm6Ru1au4i%2BJ7J0EE8GftpptDNxXM4XuWRVwoZJpELAZ5KURxP8mnLJUr2obCU73H%2FdHLdO0ujjb6WyP9lOipHthnyBbBg%2BIg90Kkg9Sg9qVNuS%2BBs6jiq0DkSFQr7HkmPJ%2B66w7W2k9cM0BQiGj0mKzXxwlfxV3%2BCle3327Vo%2FDfwkBFnazzOoZo%2FOnpUBVMT%2BqF2MH9msem%2F%2Fyuh4t6vL%2BxwMFetqPRzW%2FuaxckLDCApuBdyIKvifdx3zWw0s4g%2B26U%2FbH%2BnI%2BwEkHQEVtT8qQpLm23bBWgs2yzvbYacTKjbFWFjXLAQjDwxvkqNvWhugQDYny2MTAQJ0EIakhTVoy6ib5iFvrZ7SEvKWWZcj9xkpz%2B43r5WDjKzieATKbIgkPuiGnAUfIB5b0f5XSSJoi9SkVsHOafKB93onvm9wti%2BgDEsskK1LTZIY1gID%2FGcH8654NKNZN4J0t4zbtAFisbgDVLi%2BcNbgouH7kzQdQDomnR6vDMeDr7lSFiY16du97XETexsRcusla52cAwyiwRFfvrD55eP3BaTHUmm8X%2BHHZLXCJ0zRwK1Kz7I7w5%2FU0N1EtkCRt26pTYG9B6aPMw5k7qT77VkUloHl4WDZGTRN9GtifnMoiH%2FD2qKsd%2BHQyA7jgLX%2FGU73bA364YMrdDdyrPkHr%2FKWdiPVpOcAr5gsVKD%2FsfpayDAQNbYz3uWV7IKbF9%2BgO6Tz07x1PrgIUyt%2Fodx%2BbGsBgzD3uBCnxlwaWPOh3UtzUkVhbjq9CTsR2f6KSa08kSnUocyLo65OfVrfNR683WMy60FBdX8sH9yRI3ojUUbMzbxpaxjwYR3UdfyV7ALRWdtKj1xZrqKcXBSPCb62tV4Ah6LNQInGEeatJwXAsgVYER%2BajxJB%2BHIyskcBvNiz%2F2fm%2BN5opK6bV0wiJSFCNAH%2BR8qvQ2Sbm1mXfQLr1VDZaAy3zHGu4TRyIC4bePeZlD8l4n3bYQ2D8CPOVYIgroDgnCDk5X%2BQFyF%2BOUvlLpzftQY81wLClghJGYxo%2BT1OZS5W2px5qINQlTZoh5GSgbKRw%7E8AtpiqTSemMx00RGC2cRgt0mz8obfYdKI0xEuikhe1g,Submit This Form,1
2025-06-13 00:16:03,https://login.oci.oraclecloud.com/v2/storeLoginInfo?redirect_uri=aHR0cHM6Ly9pZGNzLTY3MzIyZDg4ODE4MjRiMTNiM2RhMTYwMTUwMDdmOWUyLmlkZW50aXR5Lm9yYWNsZWNsb3VkLmNvbTo0NDMvc3NvL3YxL3VzZXIvY2FsbGJhY2svbG9naW4_bm9uY2U9ZDM4OTk4MGYtNjNmNi00YmM0LThjYTktM2Y2NTljY2YyNDI1&access_info=eyJraWQiOiJTSUdOSU5HX0tFWSIsImFsZyI6IlJTMjU2In0.eyJkb21haW5faWQiOiJvY2lkMS5kb21haW4ub2MxLi5hYWFhYWFhYWN1aWdwb2RodnY2bWFvemh5NmhlNjRybXVoa3c3eXRkY3V5ZWx4bGw0Zmtwa3VvZDZteGEiLCJkb21haW4iOiJoZ2J1aWFkMDJwcm9kIiwiZXhwIjoxNzQ5NzczNzczMzY1LCJpYXQiOjE3NDk3NzM3NjMzNjUsImFjY291bnQiOiJoZ2J1Y2xvdWQwMSIsInVzZXJuYW1lIjoiS1NUT0tFUyJ9.ISJJBrtPDId_nb2IR4Tp1JSFiclGvcMfuTKsLJUg-D6ul6zYhlOukyKEOVtiSXFpgvEV4g5OBDBNhAdpUJZU_k7aeQOCmL0gLq57Rn1VuuJIWAeLemyDOhUXUb3XATX2G2DwuwSOV7whzEgBpdGmItbwffDnjo_QdjigG4ZC02w2xw43uJH0N6loISjHmhyzrWV9Hj0tCNxpKTI0Z54IVAsgZU8TjnRcqbQD3fegR0OI215mtTh7lldRm8zYqkcxRd7uZ52Oo5FAlLMxFSXDOmWYo1b6-1nb8MGktQfgpS_NHH-2kMalTSDT3fhVMxnz3lXdAwC4l5vm0WYbgMKN5A&is_paas_login=true,Submit This Form,1
2025-06-13 00:16:02,https://idcs-67322d8881824b13b3da16015007f9e2.identity.oraclecloud.com/sso/v1/user/login,Oracle Cloud Infrastructure | Sign In,45
2025-06-13 00:16:02,https://idcs-67322d8881824b13b3da16015007f9e2.identity.oraclecloud.com/fed/v1/sp/sso,,45
2025-06-13 00:16:02,https://hu05-ssd-ohs.oracleindustry.com/oam/server/auth_cred_submit,Single Sign-On,95
2025-06-13 00:16:00,https://idcs-67322d8881824b13b3da16015007f9e2.identity.oraclecloud.com/fed/v1/user/request/login,Login - OPERA Cloud,85
2025-06-13 00:16:00,https://idcs-67322d8881824b13b3da16015007f9e2.identity.oraclecloud.com/oauth2/v1/authorize?response_mode=form_post&response_type=id_token&scope=openid&IDCS_CG_ENC_VER=v2&state=u59yT2Q-xZd3lYxnX35azzWof0PU1U6wGRr6jWHmJMQ&nonce=vv5IpyAx4p-h6WTkkpG0Rf8h61TtdwJRveRY2QxqUXs&IDCS_IS_CLOUDGATE=true&X-HOST-IDENTIFIER-NAME=mtucn1.oraclehospitality.us-ashburn-1.ocs.oraclecloud.com&idcs_app_name=opera-mtucn1prod&policyAppName=opera-mtucn1prod&policyAppTenant=idcs-67322d8881824b13b3da16015007f9e2&idcs_app_resource_url=https%3A%2F%2Fmtucn1.oraclehospitality.us-ashburn-1.ocs.oraclecloud.com%2FOPERA9%2Fopera%2Foperacloud%2F%3FTPLNG%3DE&client_id=opera-mtucn1prod&IDCS_CG_ENC=true&enc=py6Kd8si1HbUAgAAmgIAABAgmgIAAIACAAAQAMvnvWQ-LDmrQJjGlRAjWPLrrevX1cPOCK009mO0zN96iwKjI_Z-Q2FZ9d9DUYwGki7OSEzVDF0WoAwF-TU7yqszxzv7JboJG1SRT16dmNfAzcxzUMg5J1AFXSRDaMCy9g9Xmb3-DAgsdFwZ9sAEPOHsf_QhUtEthQ8nAW5vJh7P_wUxJw0DEpBgNhY6eR2LazA8x2SKvTiZi7639WkAb-UPgeejr3DhGxf349RYQsNJQL-xHt_C-guhaQ7HC0pEr2XPk3EqukoLz6YQmVl7NrelClQ0fhXxpQZAFoclkToZhqcDu662lqlKEtYCTPeEkDajo8ljVRXFjjcpovbupMiM_obxbBa8o_jgZ5OLSqU1LW70KH2hyXPWdxp-JSj-Zrb3WWP4TwmHkIgutaepboQ_Eur7YkAZT_ZbyDW5PrHwLrv7MfYWXLner3Ot3kiv0aAHC6XK9aFnmQxQ5ADFK6pZoE4rqUEu9qpK62aGrq-1PIufXGsbd-cd7h1cbdkpK3pjHNZxbWTYfr9gfBP4uMtQhsVKZeXsrfyrVLrRJiyR9XQGZBMrodi-elPnNW1fuwANiAixU6SEgkdSk-WcqaRaupCIq7DshT9Q-wDHeG6aODWck63b86MjNlRUNnCEEcLGnKIIWZK7npbsVVL4BZ0IDwGsXfqAqZP3IT1oEDYAGa4_BZj495EZq7GsVDk9_Hy0XwS-BS_qpOBqy1FJh59KPMZiT_AT7Ipk5opFZ_AhoUvjm1NjquUfGNdJpTPmWd0WHFz2-KVbD18NkMQpsM-m-hbwj3HXMeqleQWcMca6va2_-bGNUPl4bBUjmUYC05KAdBLSBtdlqv1dav8ZkHlAGc_B9JQivJLBSvZcmRQ3Nrl_w3TlkNoXaGGuV7U1Jlxos6SiKPx4wwO-RmFhBbjbRK3tl9kovbkl72YvgWHJ,Login - OPERA Cloud,1
2025-06-13 00:16:00,https://hu05-ssd-ohs.oracleindustry.com/oamfed/idp/samlv20?SAMLRequest=hVNdb%2BIwEPwrkfvs2En4qkWoODh0nKDlDq6q%2BmZsA5Ycm8s6fNyvPwcaqX0ofbNWM7Mzu%2Bv%2Bw6kw0UGVoJ3NURJTFCkrnNR2m6M%2FqwnuoQg8t5IbZ1WOzgrQw6APvDB7Nqz8zv5WfysFPgpCFtipTWmOqtIyx0EDs7xQwLxgy%2BF8xtKYsn3pNtqEIve%2B1OvKK%2FYSSKgRAJ2jnfd7RsjxeIyPWezKLUkpTcjLfLYUO1VwrG1tSqiGVfu53ZYDqNKHlA0lxPy0EW2RAAqIuwYtQW8%2FgVNC72t4Dbl7b2j%2F5SC8E86gaPH2%2BqbtdfC3aOsrCNiP1WqBF0%2FLFYomrhTqso0cbbiBMJdx2Im23F%2F2WvuGYHxX0TYGkNjtINjnwqigVoEvz7FwBXG82ChJtNyTOsAhDWuZAlRqepm3z1FK0zamHZxkK0pZ0mE0eUXRc3NAaX1A03GOtMR85ifJr2rUHZ2%2B4%2FbP%2Bb%2Fng58%2FyqfO6xyj6wmxi3hZ%2By%2B4v527rgTVzQUatue1P6NBk0xLAbjTzdJU9nq9pJe21km2ziRPOjQJ59Xd3Ks01vLKe8sujKtkHZy1WhkJyfvknavmyh9D4%2Bl44YwW52hojDuOSsV9%2BAy%2BrBQigyvr43cY%2FAc%3D&RelayState=clsg&SigAlg=http%3A%2F%2Fwww.w3.org%2F2001%2F04%2Fxmldsig-more%23rsa-sha256&Signature=XfrH%2FjxVN88spqm%2BUZKTsNV3bNzAUJNZlWCynX1Ve6nY8MRuV4pZwD4jjxzkLAfuHQJGEtYN5x64j908VfvsiwUwaTGqVBCwW0RPM5TKPo0eEy9csohs%2FN6Cv81EKUsLhsvs7dM2pfzVt%2BkS1%2FNw675Oh5i%2FqJjHNBV1jDS5IUsTaB81nomz95GQPCCw%2BtqLMcr0fOTDzbQ%2Bbch13125j2nk5I9tStnqmokFe70vHgeorzH126Qn3BsDuaIAY3COxfuqzTTmhOT1bL5VD8PwBW%2B3rwYvCCAYk4%2FIzL5TNHFW6shULhRnshK0OKKCli1cIBop6e2vP1e%2BwhdCLrsqWg%3D%3D,Login - OPERA Cloud,1
2025-06-12 23:33:13,https://idcs-67322d8881824b13b3da16015007f9e2.identity.oraclecloud.com/fed/v1/user/request/logout,Login - OPERA Cloud,41
2025-06-12 23:33:13,https://hu05-ssd-ohs.oracleindustry.com/oam/server/logout?p_done_url=https%3A%2F%2Fhu05-ssd-ohs.oracleindustry.com%2Foamfed%2Fuser%2Fslooam11g%3Fid%3Doam11g%26type%3D3&invokeOSFSLogout=false,Login - OPERA Cloud,41
2025-06-12 23:33:13,https://hu05-ssd-ohs.oracleindustry.com/oamfed/user/slooam11g?id=oam11g&type=3,Login - OPERA Cloud,41
2025-06-12 23:33:13,https://idcs-67322d8881824b13b3da16015007f9e2.identity.oraclecloud.com/sso/v1/user/logout,Login - OPERA Cloud,41
2025-06-12 23:33:13,https://idcs-67322d8881824b13b3da16015007f9e2.identity.oraclecloud.com/sso/v1/user/logout?nonce=287368a6-747d-4a93-8daf-3dd156ee7251&tenant=hgbucloud01&domain_ocid=ocid1.domain.oc1..aaaaaaaacuigpodhvv6maozhy6he64rmuhkw7ytdcuyelxll4fkpkuod6mxa,Login - OPERA Cloud,1
2025-06-12 23:33:13,https://hu05-ssd-ohs.oracleindustry.com/oamfed/idp/samlv20?SAMLRequest=hVNbb5swFP4ryH02GJMLWCFVtiwbS9opI%2B26vTnYEGtgU2yapL9%2BJglSV6nt69F3vtuxJ9eHqnSeeKOFkjHwXQQcLjPFhCxicLdZwBA42lDJaKkkj8GRa3A9nWhalTVZqUK15id%2FbLk2jmWSmhyGCMWgbSRRVAtNJK24JiYj6exmRbCLSN2oXJR2SI1pxLY1nDzYJdATaBGDnTE18bz9fu%2FuA1c1hYcR8r2Hm1Wa7XhFoZCdq4z3W52h92Wp1rwxNma%2FYnO%2BKYQGngVZxFWPZloUb8CRh6IO3kGuXhqqPyzCqEyVwJnb%2FoSk5nSETkNbkV2LhlBrBtVOWymalVxI1mrTHN1MVZ6iVc6ZJ1jtdWJP2FaYaN3y5NSNiQFGeAjRCPp4gwMSBMTHf4Bz318bd9dO5jEQDP7CsuKDYwJ3fxnm6zCI8nU9g%2BPyWwjB%2Bd7kRN44C9VU1LwfrZtY1vwEtU0bYY5g2icTLNNwNA4wZmEY%2BiEebP1gGzDqj5Bvn8I4jzh2BTvvXbJnpWpZF5wMBoFnk0%2B8F64uFm%2BtbjL%2F0KLv%2Bq8tVlSUM8YarjWYLtPNj%2BWX9KJwJu0ffWoRtr5EMn6YWoJlsVt%2FHtX0exLN7z41aiTy6Hl0CxUs0iq6j9JH%2BfX3bJGcyV7t98P%2FftL0Hw%3D%3D&SigAlg=http%3A%2F%2Fwww.w3.org%2F2001%2F04%2Fxmldsig-more%23rsa-sha256&Signature=WpNr8Cmikv%2F3Yzn9tlaXqCRT67GR%2BOpHYK9O32iZrqxfnrcp1G9Qr%2Bj7s4fFWMdUHS%2F0PZOBEbJefBwijoyqhvRPljjipQVPPltDbRd9%2BGl30S731KlG2t0pEk%2Btt9OPKoilNGfbFaE7SpEUo1Suo8IcqKd5kUWGRFD0DAt2xlzYNyV2Zb2491%2Bbo0AzAgbnJVL8IoAh3R11FRjBNsLOR6MAUf6WnN99c2e6cRzIy9SAgMQARNM9RtP%2FPBbk%2FCOayhw2izmae3GUY1wDYmR0wAGX7eu1tCg%2Fs1jATNLzY95bZjry0jXLDP1nWY0oPmkP3vQZBX2jYamoETXvkjediw%3D%3D,Login - OPERA Cloud,1
2025-06-12 23:33:13,https://idcs-67322d8881824b13b3da16015007f9e2.identity.oraclecloud.com/oauth2/v1/authorize?response_mode=form_post&response_type=id_token&scope=openid&IDCS_CG_ENC_VER=v2&state=q9fx6hOy4j5rXgqYXdANRa4UcQOP_z2vPHJlSwS1QNE&nonce=6X3p4AF50r2AJLkgmPoQaDTe7jjjEOcOAYj42-nox2I&IDCS_IS_CLOUDGATE=true&X-HOST-IDENTIFIER-NAME=mtucn1.oraclehospitality.us-ashburn-1.ocs.oraclecloud.com&idcs_app_name=opera-mtucn1prod&policyAppName=opera-mtucn1prod&policyAppTenant=idcs-67322d8881824b13b3da16015007f9e2&idcs_app_resource_url=https%3A%2F%2Fmtucn1.oraclehospitality.us-ashburn-1.ocs.oraclecloud.com%2FOPERA9%2Fopera%2Foperacloud%2F%3FTPLNG%3DE&client_id=opera-mtucn1prod&IDCS_CG_ENC=true&enc=yHIctgdJQtLUAgAAmgIAABAgmgIAAIACAAAQAFpou4ojGAl-Ey4rQfDXaNF2KZozJ4f3GSA6RduIt3Z6S82Rs4rdFXUzgtz9pN-3HnDyXJbTqhbqzncML1JVAs5-KjUD1PubL0STh0IAVpKVR4AEd9OtHwN68wbHtZItvC42x87COftHBsKUGJdC2wPzCpbZbnZjACCVynTFbrgFOS6PnFOnbIbK_BYcCmmqUcYkyJYZqEqjUqUjlFDj8ks8TShocm6E4HIINnYSpZCgR6VARdYScxLG5sKIqAgPKtKGLKHRw8nt5vKNEnt0G1_knbg1eYfehLDBWUdk2m_6dHtuGQB1YQxY6UfWSayIp9sf7LBJ5rlqpmEl1FVsuRcJVd-Y9v-5gkZUgsMQgAwaCx7yqhwr0oR-eKzk6MbE3VKaEz4a6nR9IMTkaZegvb3cqq6JzEklJzACiaoJtl1Y4Sm903OO1acRm8HMtTxR-GtPnEPwYKzmNIPLT--BvA1hhUVaoIMGZvpMwCDUZlgGANkchokRuHX6ewalZ8PHaWFzWZ3FrNhpA2UeJ8zcok5-mnuAIZlh5ppN-6D98HbfBfSCN3GmhT3Nt6NVk3hep-8NxAljr-8DN-cj6Oc51ua8g0x1uH_QzY8HU85UzvmqwZXdqYARvAULzdRPp1exZixn3OEvcPL8sC8KujGe_Mx6DeKZHZAKmYx_60V0dhWQ5ATn0PhVyQF8qJ31rA0pKKyI79PU3W9RSDm2borFQtVaUSPCjdPZgIFagcslA99Hw3zd7a3zCvAfI6PJyj_yo1_xQDrCJwf-K8z2H5EqfY1tah6bueA-piRK6dToVyg0zIFTysnTei316KIJS1RV71hHGIgWJjtBgVZk7Wsri9xDdIzW2pIJfbUO28UNJ56qdnijOQO7RdzOpVOTLuzjyytwPeBhV0GNv78c-HhOx4ifBbuhwPxbkR2tpvZqdfwj,Login - OPERA Cloud,1
2025-06-12 23:33:13,https://hu05-ssd-ohs.oracleindustry.com/oamfed/idp/samlv20?SAMLRequest=hVNdb%2BIwEPwrkfuc2HHCl0WouEPVoaM9rtBTxZuJDXEvsVOvA%2BXfnwON1HsofbNWM7Mzu%2Bvx7VtVBgdpQRmdoTgiKJA6N0LpfYae1nfhEAXguBa8NFpm6CQB3U7GwKuyZtPGFfpRvjYSXOCFNLC3HiEZaqxmhoMCpnklgbmcrab3C0Yjwmprdqr0Re6cVdvGSfbsSagTAJWhwrmaYXw8HqNjEhm7x5SQGD%2FfL1Z5ISseKt2aymXHav1cb8sBpHU%2BZUfxMT9tRFLsQR5x06EFqP0ncILJqIW3kJuPhuovB%2BFMbkoULN9f35S%2BDP4abXsBAfuxXi%2FD5a%2FVGgV3xubyvI0M7XgJfi4zvxOluTvvtfUN3njRkF4IIEJTgLfP81J6tQacPUW5qbDh1U4KrESN2wAH6tcyB2jk%2FDxvlyFKaC8k%2FTCma5qwJGFxukHBn%2B6AaHtA81mGlAgrW9ebFF4PclOMXgaLn5vfev44PVUvf0N0OSF2Fret%2F4q767nbilfdnaF%2Be065E5p0yZTIIewPEkrFcDiMhzTdxsk2ETzuk9if12A3kjRS4sJ7z56XphFtcJamCfbJx%2FiDq%2B7KH3zj%2BWxpSpWfgmlZmuN3K7nzn8HZRiI8ubD%2B%2Fw6Tfw%3D%3D&RelayState=mr5N&SigAlg=http%3A%2F%2Fwww.w3.org%2F2001%2F04%2Fxmldsig-more%23rsa-sha256&Signature=LvxpGMh70bc%2F%2BJ37RM1lXHPjnrxJYfR0ioqauMtPv8sLtBv3z3vN8uSfv9gZGl5xq%2FFMeqeNlYUUgwz%2BihR9GhOi%2BolQadlcDuRI%2BaFL5D4C3zj%2FjqkU%2B6nXGjmoZBlIgfd%2ByCtEQ9ipvmz77M2lPsSIr4wNlH0y0RFCVfVuYXEqE2S3jYtuOtFpvPMUNHPmQ4AK2OOApuASGY3TUpz6IRDV3Faa%2FLDTL4wpAUGYPGC1qTR0MiyxWKpimnHm%2FfZ%2Blu9cA6%2BrhH%2ByazNV8%2BDpB31TzqNQwwweFjFn3YdhCT1BR84AlHvFGUCB7SPbrql25VCg9D9gmRhhVUDc5%2FJiMQ%3D%3D,Login - OPERA Cloud,1
2025-06-12 23:33:08,https://login.oci.oraclecloud.com/v1/logout?nonce=287368a6-747d-4a93-8daf-3dd156ee7251&domain=hgbuiad02prod&domain_ocid=ocid1.domain.oc1..aaaaaaaacuigpodhvv6maozhy6he64rmuhkw7ytdcuyelxll4fkpkuod6mxa&tenant=hgbucloud01&domain_stripe_url=https%3A%2F%2Fidcs-67322d8881824b13b3da16015007f9e2.identity.oraclecloud.com%3A443,Oracle Cloud Infrastructure | Sign Out,1
2025-06-12 23:33:07,https://mtucn1.oraclehospitality.us-ashburn-1.ocs.oraclecloud.com/cloudgate/logout.html?postlogouturl=https://mtucn1.oraclehospitality.us-ashburn-1.ocs.oraclecloud.com/OPERA9/opera/operacloud/?TPLNG=E&TPFLSCRN=Y&_afrRedirect=636217094350803,,1
2025-06-12 23:33:07,https://idcs-67322d8881824b13b3da16015007f9e2.identity.oraclecloud.com/oauth2/v1/userlogout?IDCS_CLIENT_TENANT=idcs-67322d8881824b13b3da16015007f9e2&X-HOST-IDENTIFIER-NAME=mtucn1.oraclehospitality.us-ashburn-1.ocs.oraclecloud.com&IDCS_SESSION_ID=10b32eebc3ee4b4faeb40a86840e78ae%3A8df87a&IDCS_CG_ENC_VER=v2&client_id=opera-mtucn1prod&method=encrypt&IDCS_CG_ENC=true&token=D976Er7DIT4ECgAAygkAABAgygkAALAJAAAQAFo24idEVap8TzsY7At4WV9VyRvhCyTYuOTCiOkV9D69W9QNpMuNVwC8GCwbgbQUG1fmD1ikZwaslOxo9ZwFI_psqvd5TR4kscw55ZpPrhQjwtgtzYf5DYsFijN0E9UiW1xV6KaDRz761Ffy7fBEnzANI0zMB6Xmae0-zjbh_O5xmwEGRG-dScgot6QerWUlf1_C2bhKzFFd50qfP0wSysYuGwjhsMGNta5rwms_q9tRNGhhvdmoHmESrGxTkqT8O3JuTG-HXB0FpYnwVK3sGOXeoCZq-Io0ddURCw2rtfr05JlywU7ObYeZtT7AAt5MFCjWSA2fNMlYv9biL1ITLNZRaxZUblNTTt66yIXTTObJ9UuSin9LHpqVeDGUg9fF7QoFKE3uzYhIcLnYCCMuAU08ZuTEkOdHTDA9sny_26ek1Xk9XIXrZhBfwX4_8Sp5cTFG4Z3RVEFA_G6XDt6yB2xmEibLqgbXy1tdDW_tEy7fSCvq7Oo04A7c1WoU_LeyMw8jcgB8VbPPA59WHtMEgQCFrbDukgSoHycwU0UYY0dVxzJZy0jfe5P5bklDbQM4QY9FOkF6XogKP0wlaFBTEoeHus41jgF5-jzwUlHDYsNWQHbg_B-eUJp0O2hUym3PgxQmIBYdWxdj4xhGPIy0JD0tMhDtikh1_bQJQuYUPuU3Ivfm8K710vjWH4YZF3O-b9XKhGk8PC02QsokuvugpVuNRjwhDoXAMUuJJbgA6Qm-ypmSAGbJBfC2lbY7uHTqU7c5uyl7UQaEOSHGMtvw_F07Aa8UnRsl9afAVeJ1uFNEN_ysgwKvV3RLgDtXsyWDT3RF1AlXQknP-Vxl_gc0oTwlc_UbGfTqJJBPQXDUkwOwO1FgU5yh3SpXNYo4e7fRk9HMOHUtlkWm3gxLHrNBKq-2MsJWfvxTXtv-10ufeuNZNTi7PmfV3lRnZ91P4qHzqX6S8s7VyGH4PLzo5sRt8ThpNBNQL13DT6gBY6ZouoVvnv0HgWg7rmXHfAghx_RYuhKbZsY2Dxauw2Hy8Yyiv4j8zzprIjpYq6N4I2ZRwE31_RG7A-JKzPgF1PXMfUWntnx7vR05ZLetIIdPDOo9dBo46dQlTU3Y6fjQIqId3r0QHp2zQLCafalnhVEmEKqexMvXgB_lXAREfHx0aw0ojdIHSr65DxxYIYfzhrOF9dHSb_P_-k-Wx_Trv9DKIl2nqCgTWVplapTiWUo2UwBeVk6HCQYXAZrGEtckuFL6S0g05unVa0aMhGKWhVQB5z5I4NF6NIzjnTheHuDTPgFZ-uV-eLzogcQm6a42Cb5quvdzKwQtLdLQq-PEyGWzQsPZ3QCyuXISL5wY6uTZpEyvdAVFEONBtenKtBHTfZB5C1Xb6YaAc4bHm6MpZIWKHYUaPxJW5lT-un12sipucvHSjYEKy-wgVmK5HN4B9i55863sT0YIu5x32vHVdev6DMPkgu3mjdGlg3CQn12HLXUev0PyjrrL0IUZY46xbOkk1JTCrJ-th03oxRMJMeit6hhjfJHSDDxv_ZIzKOQ9ojlxxJBda3zuIRAs1acqOeED5CRZwgxWJgmeY4WCdpskpbQC7m8mt9vxu58hNm1gNO4POz6v4fAqmTQZSOVXlwNpZZE4Pv3wjIbwXSe9z9lQ_L3ntEKbzcjTj04XO3vzH1fujqKqo0ayBW_dhbAp7K0U7ylUJhHHQXsI8GxOamRsr8H0muNP5Y8FkMmhGJlwZC_CNzLbRYiFqgdlTCp2ajp9n2oLB3-gepLa3w7bfNT80QtxdKGO0DqhBY4vhvui3VG73TMFPoLJ-LE1lcSoTE_PV9UuZMHiR-VL2EvKolSqV3IM9VEvWxRF6yFg8Y80cKiE7_UPE92fbLi7Xom4MARWF0NDWwZAlL1k_eYCnblir1Hl15KEJArqQfF49_7v8cAhzGkEq2Zxem6qAC4OJGbjbbp7BFrh8s7PltR4BNEQofyAkyFaL9lYNP2qXPAnrK9MMxqPUUqdcCoLbDwlljPUoKAzinora5CaNdMMUoNrs2JIi8F0K1yRM7VPf1QKh_uW1emFMreTq1Vo5ul6kvwBUsPIBSPiZtDyLXZnS0ifQitau0vQgj_xPxafFyihekOhH_5A_YsNTcbKNGfClK5x-_13-kld0M0VrxMR_THltiN_UMlxaJfpRzuDzcWl-YuIRMc1oEdEHvrW0TjqS-ir36ahSnnnP5LNYv6Rlj9_baSIgyWBJInQ2g7tPs96U3aOxYUEr0iElcEldXnzL1Nj2dqTlyOSWOw0w5eLK841T7CVRGubOlZWWfJBm2H6pIWj3FC8-X8QnImQdHHEK4Q_UNGKUhH3IOe9nkdfF2IfufsMTfax-SupxeWLrSH4AcR698oAQzGSOHb8S124LwV_NZaRiGvvMWbAn65LbP_JoJ0rDifoeJmu4eIJ2v3F9P0Og9sPAI0DW87-cN7ov6EnQHrKW2VkB4isqi-A6hEW30lxU4sCmgcv3kzn4W7B_TMxUiPtVm5hqvQNtU4u441doWoVo5t68EqAm8ypyUJBeZTU97HeN2TeyN9PYF2ZBbFAaJgcsSidPq3XOziBXhWoZHXMxOoQfZzB1P5FqfRUTTMdAzFNUex6o-LjY4Zo0JYsrJ-sHpDDAghECdlyYU9MCZm4hz4BW2wsS11Yd0O0fjLYxDEcZMKRvzjCO1RcIOLoDuIkFp2iGorXlCmGpzJ5NvXvgXGQ0MH_7TO2_ED6NFWJf9IjRZ9xExvPe0MwAErQ-DcbwSIlnTvFy4TrlmniqxINjJkgCAkCv_3F0OfCqYFlElf6Hr62LZQnMnhH6vY1S9dpAdka5XKQJfACK5olPIlTXU-eO2KVj10I0llVpknO3xZI_x6Z2Q33Z1RpqRQv2M7byKJUKTBrOy3NNepFOWWHfAD_ZEOHbA7_njzB2oDBQK4vrJwmUHtJKa6dRII85RbU_ArOjWNM2noVbCTE1P4AHjY2Obq5b7bciNyl8fxsTHDIIv8FK8DTbM2-ndH4VsOYWDx2Prm0nUrzF-C9X8QN18djnoPx3mG-q7-KtcpX2vmNQnPyfFCCmkOXjFcIKw9k7UHBrp9RgwMB-lvnc6QVkgy9mPRTZXwwPTLIPgMKT3FTlsMO5kGKET49Vi2fltSHI51e5FnRod7MgoTq-WZf_nGhMlWxKJaX0iq0aRmZ96-cOhZF1AFErcnoIMz4NwCfCbF7suo2DlgVPX3bKwoxwDdJqZmJmQYkDcm3eD7VC6qrfcQxpKEtPLiLtKu6egOEzDx6fG3H4QZw1FHhig1iRUWVZXJkN4U_MmBRlEjEPnpjE8gLyqLcx-lTlPnC7ndWqcIaw1ekdjcGJE15tGMmBay5B1LNTVFW4fek5Li-Ng,,1
2025-06-12 23:06:05,https://mtucn1.oraclehospitality.us-ashburn-1.ocs.oraclecloud.com/OPERA9/opera/operacloud/faces/opera-cloud-index/OperaCloud?_afrRedirect=634594856883454&_afrPage=1,OPERA Cloud,1
2025-06-12 23:05:17,https://mtucn1.oraclehospitality.us-ashburn-1.ocs.oraclecloud.com/OPERA9/opera/operacloud/faces/adf.task-flow;jsessionid=53JmY_v9srzk92dKFZyC0E8kXpK_73pmg-7SgLEFZLTb2O07h_IN!-1346568300?adf.tfId=opera-cloud-index&adf.tfDoc=/WEB-INF/taskflows/opera-cloud-index.xml,Initializing Application,1
2025-06-12 23:05:17,https://mtucn1.oraclehospitality.us-ashburn-1.ocs.oraclecloud.com/OPERA9/opera/operacloud/faces/adf.task-flow;jsessionid=53JmY_v9srzk92dKFZyC0E8kXpK_73pmg-7SgLEFZLTb2O07h_IN!-1346568300?adf.tfId=opera-cloud-index&adf.tfDoc=/WEB-INF/taskflows/opera-cloud-index.xml&_afrLoop=634547354390358&_afrWindowMode=2&Adf-Window-Id=gtmgbnia8&_afrFS=16&_afrMT=screen&_afrMFW=1058&_afrMFH=1460&_afrMFDW=960&_afrMFDH=1440&_afrMFC=8&_afrMFCI=0&_afrMFM=0&_afrMFR=172&_afrMFG=0&_afrMFS=0&_afrMFO=1,Initializing Application,1
2025-06-12 23:05:17,https://mtucn1.oraclehospitality.us-ashburn-1.ocs.oraclecloud.com/OPERA9/opera/operacloud/faces/adf.task-flow?adf.tfId=opera-cloud-index&adf.tfDoc=/WEB-INF/taskflows/opera-cloud-index.xml,Initializing Application,34
2025-06-12 23:05:16,https://idcs-67322d8881824b13b3da16015007f9e2.identity.oraclecloud.com/sso/v1/user/callback/login?nonce=e0cc55ef-a5cc-4795-822d-2d5f2e49aabd,Submit This Form,1
2025-06-12 23:05:16,https://idcs-67322d8881824b13b3da16015007f9e2.identity.oraclecloud.com/oauth2/v1/consent?OCIS_REQ=rmyqVQ%2ByajAJQoVTrgMEjoImzJAI8B%2FbKrsdMIgZwfqq6A3GKH%2FKi2BY9Jw%2FEf7DIiU4tystjvd8SwnumUMjRJ%2FpxL5Vl7F1E7IAT4QzyUIbhB2%2BFN5YxTzQocJ4ra%2Ff5nUzEZyFL%2BY9DsamAK1WPsVZpb8pAsE64AntjJn5%2FhjnZ5SAyA1H7armwCa9apQ%2Fa0Pe5mmcQO0em8A2nq03s6SpgU9TkqpOEHTbc%2F9a2gwctjfefeP86v5dBS5ugOeT3nvB%2BwtOVivZ7Y2yLRo9stB8brjE8uj0OMMKkTX4Mz1wU7kcIAQF1Qm35jYCsFJr4NN0FStchEk%2FSECgy9IqbOoTliuV19I39%2F7I8LtdBLKVKhHNMkQlFWbZtHaW4nEbZh%2Bnjatnw4RjWXooQGlu24VsnLQ2IwTWVraZ12GQ2xHlMpi%2FZ5FS%2BPwvmYK6aB4cypmV39CUgs1y2D3zhBWutDX5nyKNBTFxvnQH31F4R3YGzvaoMiKEoyrbdpHfNi2awlK7TjFam4uoI4wFRinJGtAOC2O1AC%2BRLF%2F1glziOkZklshvqJrZWWyv18AwPNoOTyxwavVb9kLY%2FsQq4QnjccwYnjFWg2WLKD%2BBNu5M42oTLaxjcR2ACADg9J3n%2B1r89KcP8ChiLgLrSyZ%2B8WIysoeXdFCxuc3ky3%2BACD7MUmoyNZyxQhoARiWra9RaETv5%2FqYrDUZNfI0M3mKCZ3dZsXl7PMcrYu13%2FIMw7BOTgM0b%2FcLc%2FCF7O07ATSWgiQ%2BtrXHS008m6HkMc0q8QLKIpkxQgGq7sJZlxd4p51%2FrC2vo%2FZ44PNczGn17hHB%2FL3FN6%2FK%2B6pq5RUK0vdtjA9iRmmSxRm%2Frc%2FT7eVp9Dz0nv8AZKy57k77okRW7HRZOtgdg5bPaWnLkQYTXGgyf8%2B1UFocEr4%2FKgLEhfRSIV5AAE1DO9yrbvDHsyBvXKiPUWyZL83MsgPj3y0mAxXClLXU9b%2F9FlaxJi0Eg7Hb%2Bbkj5UiZiNL7h94dWCiHa%2FqhdBwJzzz4vFNuidDNO%2Bw0YGg4G3DIDfoNcpLoFqeP8fw1W1eFfY2%2F6S5ZdfVbJ7laVXGMc%2BAgqViMUdCYys9PIUCvPN%2F8DjVM4Km03%2Fl1VNjDAdUoc%2BxRVIdbK7CMiQkEb%2FB%2FFGNnLwAMvKZot9CUxfN6XQ3rPX3TlxgIE9RkgBNJc%2FRKwvD290h5JU%2BNBu4nQ2rY%2Ff16CBN8594IsfAkpJ5yvulnp3qnxpQEAtc49kmH38Uv2NxmvkEFxFsoXRZTZFIYLMoQhe%2BlYVw0auRJMVG57RAvjKMZgcLA%2B5v8WNOG%2FhT6W%2FohiSDva3yt8D%2Fs7JbC%2BDZhmErUodER%2FdYASk2WD8q6EOyPXt66O4c%2BWLB2j%2BeILzvyb6o%2Bu7qvxxBVGev%2FDcu9E0%2BbAy4X%2FQm3F1G7A%2FJ3ZCeqkDunpqbqCCeyS1bDHJiWUGgG%2FGxtRup9O45ML5awjPFPZmXhJd0TIlP92BaxsNEyDJb%2B7WhEUxeMR%2FCer%2B7McTen%2FoYX6z83pSjxQcfbEYyz2JPzKTiIdODPa5QI2V3q9lxUhJ3MGhNBQNgLzAeFwW7nzfHZ6NadepaXyuYzMdhD9Jo4auyJo7BqbGK6XbQFn9PZpR3TGlX2tw6SC1iq1MYZrkiDSXD59UJHimKjRgKbFRtsRKczc6CZyoIyYVOB%2F4Ey%2BxSz7r0uM0Aen1x%2BerZeURKuRFheyMAY61bkqNHR%2BZ2j%2Fs9Fxws12U6G1mY5GhRqu5y9rF%2Bb%2BxjdiMVhKSUdra%2BhgHU1PT9wstu22nGFqUMwJ4nHtdCvyKgwgOUnFn3dZmtY7Kio3NAQTLj2uiW4JdfrlI2%2FWB39xrRHfY%2B4xgp9%2Fv2ecfhqmp5e79mRZFbCEdzXML8WCKd0xYhvtlV0TGmCrGVuftQ67JbtIq9VU79yH9N86YbYjCg0EdAEWUK6%2FvHyMDfoSwlDd4oVl5VJ%2FE0u0%2BT%2BzcPmIEzueYt9D3Jgbb0ugzhaKW011cEtIKrYdK%2FnaHEu3m3U8gyGToq%2B8TiXXsPYxnsa%2FyVyhgXq1PdUOOhEKEocHGaUSc6UH5RKmnH3l2SjpHsNoN7eAYJbgOcN2rKmmmMAH4FyV71MDNPrABxmQAtXfFIPRDydetWw6Zr25ta9uM3x1dm2GUh8l7Z9fz6if5LjterVK%2F0RH7XZrHS95wNkrt4IsoGfLBwK6YmVBC01mHT6kyBMk03S0KkUSi3T3GPlDdSCaNPIPRGG5aVzMt19d3LBkRrsrGkQWaEOVEc%2FWnJZJNMPHz%2Fny5g8XdACTXeGcJD9VW8qjaNYy%2F9rTTLdSqrgWmYHivOuqhRaOTXLqZYECFzgNIez9MRbcgogOrNs%2F5Kbh7yNfDx1DObefoSA9VcdAh4W%2FlIJVMGPgYoO6AS3bk3osc%2BroFIcWCFtDdkWTCvk8qWVBU2foaGbCzW8f35IUIAWfjYSwSXMslzhyFByoyv%2BeG61U6GQZFGT6e244kytwYPbxkGUYIg5AfY%2F1ZClrgP9F25uZUf6kLePTI8N3MdR1LbBJl3UjN47qDrMDMQbZWOBauE3DFq3ezpGKjDAe2y%2F0m7%2Bhwnn%2BJtdjvv4Y51VBnvQRzYmb4Iu%2Fu6Os84KUY5f%2BxVpEWQUV5oAhu3GB89lL5mJh6XeLT3XnMw7AqYLLv5EkDOrHvW17pj92%2F%2B1VTP4jLnzWqLUCdYZfvNS6HuLXWOJool2dVmBSB9crOklIoUlOVJqujBjka2pRIRu5ruXngrYapxxOkgmd48L2MWkRjUJ7dE0l8qTQS9ewThmRW2%2FFzGIa4N%2BO5Ees7VvtAET9D1z0GJI3Rv2jigZ5eeCcntWiaZ5TWMeGvIr5uTx41DvxIS5YVxd8NOBccjUUmKRjL%2BirKQvpWLGpHVOQjy%2B%2BWevsGN%2FgohKPc0%2FRVAkcifL79qH1it5Vjcl5yeQ9LNqwNXi%2FSU4pIyqZBd1X6qRkKhCDfz89G2wQlxsXj3oCWALb%2FG8eZrVg9%2BiOQKYeNAb74D313pKmnhF38eCkqctDSrX%2BwDTx%2B8mlEt3Kjocfr%2BW6%2BMjBe8PxegXWd7vBvSUKd04AiitdTVeRf0wS5rTsoYzAoXEY0tajDmiCLZYsG7RZ%2FpJ%2BQ4FTzC%2FCPdxKu6iqvV841irAzxfeGH%2Bbm35qUc5iaREOh4Lvy8M%2FCzV32FoeX%2FAMCSq1ZWsi9NFXE6b1T5qHdak%2BI95dG%2FeEVmc4H9fgTUipuscEhDzsG4mwuFYhPk1fTJ8aemHOZxqdbvtMngnuEZW%2FbFqHXe%2FfGZzIfSj1Fa3MZKiPphFXLJ7uvOADCPuv9q8dsTbPOJPQT2kv6TSsxyveNYCTnMm3oHGyI3nKiSQroBfkJIPT8Lhr%2BzzckgE6LXNlr5GlKwwP0puxAfDYZ1b4tfABoBvbmEHv%2FLvVG4IUM1fRSfDohYV%2BWT1H7wx8mH82W%2F5ROwx6OCAEn2GDC6yhkHEfbfslCVe5eeyS9ef55mP4Uom33QnWVM5sg6XXoNbuueEcrFHYKIePg5C2TGTcrzE0j1TEZdQuP0L1DsBxp%2FKRfM9BVCE1NgVeS2qa5Be3PwA6CAv8hpu1ldROVNjeUIDIFdKYr%2BRHQz%2BXUq5xfNX1QYRzFl26edLPTy9fem%2FJaLeTn%2BNzURbU2Ck6kD5oH8hH8pGbhFZ4hFAhjIFYyiwsg2%2FbMr5SxS0RPdWDUKMqsK3a5YKoFBzay25MtRqzYStLwhlL9z2Gc9%2FGmUV3Fe68ZmuEf7x0MTabiXWs57SrgC23LbeXkPKkb6xn%2Bc6Adq4eHHYOg5483uXzxOMQLpSNeSLNPGPp8ErM6lLglXIMODLiScB6PEIuNt9FPtbn8lnnNpfBrNAlh%2B9DM1WXo9dcoG%2FGYghr55OzpVY0Qh0FjU5pGVl3o64gjZurLozT33mpJDyA4pbyw0coj4rgrIf1MVxMMaDr%2FDeFj1X5nbzo7SxzNfK7x3zRP7o2nTHjSubf%2BI8Mo%2Bm%2BIWcGbWwlIvxfPeUlZ4LdDq9z7gEYZe6ewYqVzV6usEhHqNYewZ%2BK%2FbYEnpqKAP9xoMRhcUG7V8UDuqO7GRJIPuf8Ql%2FkpcJY9pkPqhNxuiRZ9P1Kg4l1koSZsju%2BiYvNjFQIr5e8zJYfmQlEA81MQDf8hFT3or0r%2FHVwJVDpZaCLNbcUZ7Yyt9lrOY3aQDj85PpdOMqzjwkEgc8fxvHbgwIQaeFDyZ5Y05lcDOkOZ16M2dYSmpzk9OtFP9ujNErzeIp0f4FxO1zpEqo0CKoMZO3Aypokdgdb9ea0PMZP6E2N8C7J9LVaP6rkYm36uFnAH0i4Jj%2FuwriW11iv6PCirK9KuXS8OpQ4RPrgji%2Fs3ynlMF%2BsR9%2BGI7fdipcLmK3yjSM0F6VpAdIj0Ak%7EW96y%2F1jMa8RauBg3F9%2FU5C52GYlcCJl6eiZdYCMclyM,Submit This Form,1
2025-06-12 23:05:15,https://login.oci.oraclecloud.com/v2/storeLoginInfo?redirect_uri=aHR0cHM6Ly9pZGNzLTY3MzIyZDg4ODE4MjRiMTNiM2RhMTYwMTUwMDdmOWUyLmlkZW50aXR5Lm9yYWNsZWNsb3VkLmNvbTo0NDMvc3NvL3YxL3VzZXIvY2FsbGJhY2svbG9naW4_bm9uY2U9ZTBjYzU1ZWYtYTVjYy00Nzk1LTgyMmQtMmQ1ZjJlNDlhYWJk&access_info=eyJraWQiOiJTSUdOSU5HX0tFWSIsImFsZyI6IlJTMjU2In0.eyJkb21haW5faWQiOiJvY2lkMS5kb21haW4ub2MxLi5hYWFhYWFhYWN1aWdwb2RodnY2bWFvemh5NmhlNjRybXVoa3c3eXRkY3V5ZWx4bGw0Zmtwa3VvZDZteGEiLCJkb21haW4iOiJoZ2J1aWFkMDJwcm9kIiwiZXhwIjoxNzQ5NzY5NTI2MjMyLCJpYXQiOjE3NDk3Njk1MTYyMzIsImFjY291bnQiOiJoZ2J1Y2xvdWQwMSIsInVzZXJuYW1lIjoiS1NUT0tFUyJ9.HNuoXmx84Ru3zDH7fheAQbSXjk3JgpyAKgG7Zds-QW1RCViADGFibVQJSu7OeqVMvFgP0kYl1P9PEkc1y8Rl3Y9UAsq0yD8VH_37IXL5BTBFB7C4Nwo6BehHFR7shYZnJGWaX5GmHNVnEseH3ssoXximhgBMU8Zx4kkpVOdZl28lhU2AVk7SU4nD_y928XDVZkRn6qGarNUJO5ECwVY0KlMpgq3Zrz4zW-RMXqcNIInJ_MjH9pvBHbYfVMyuAjCxySpDR0fRLklROJVMf7rfXxrF6bV5MgHFiVpO4jy-Rz0UXsOPMToR3SAcJQrzz3d6AYiGFmF8qLzCin3c2pFmqA&is_paas_login=true,Submit This Form,1
2025-06-12 23:05:13,https://idcs-67322d8881824b13b3da16015007f9e2.identity.oraclecloud.com/oauth2/v1/authorize?response_mode=form_post&response_type=id_token&scope=openid&IDCS_CG_ENC_VER=v2&state=VmTsUekdhn0rF-x7O6PhTa25fK9TSieDwrFTOpHRqLo&nonce=IbySJpfiNCMFvi7Nlb7EGSxyFP6NvssopexgstljFdk&IDCS_IS_CLOUDGATE=true&X-HOST-IDENTIFIER-NAME=mtucn1.oraclehospitality.us-ashburn-1.ocs.oraclecloud.com&idcs_app_name=opera-mtucn1prod&policyAppName=opera-mtucn1prod&policyAppTenant=idcs-67322d8881824b13b3da16015007f9e2&idcs_app_resource_url=https%3A%2F%2Fmtucn1.oraclehospitality.us-ashburn-1.ocs.oraclecloud.com%2FOPERA9%2Fopera%2Foperacloud%2Ffaces%2Fadf.task-flow%3Fadf.tfId%3Dopera-cloud-index%26adf.tfDoc%3D%2FWEB-INF%2Ftaskflows%2Fopera-cloud-index.xml&client_id=opera-mtucn1prod&IDCS_CG_ENC=true&enc=78NIfQnHxWYxAwAA9wIAABAg9wIAAN0CAAAQAFNjarKiGBEXBAFn19YILQbychy9C1Yz4RWlaUTm7XfBAs6lgIvN9ONY81s79bZxlkU9bjLj7FIQsFqcn_4oMvnGpDQHwp9CmUfir5xU_gZisPRr-836bQAnC0vYeuxbdRmayprnIW8EFw2Xmh05t1bDxztl-H5rmFFucJw3Xsog_2b7F6lf_ZmbXW9wbS7_WCUlUCjpZgHVnngDNmUAGSwCjkWv65BOk2ImqAbPU1Tg-MvZ8p-y6j_T1_mM_e5rVbpd94wMq_8a1Y5yX0s3GIxY8x2Eq4ziL_66qsVGt5P69auQSVpc6gK9hBnbE8byHLv7HCVV84pNFnYk7hDJjqx6nuiZ4ye32AaUzZp5zimgk2Nr6UlgdAltwIhJOHtwM9e0DB3GQdOX-0LAha_5nWu-_LLaiy25dOk8wjXsFgsRdYxejEwF5Me3rVpNmNGbef-rX_VmYSwnUf0zOZ8xHr4wvEpXERs8EwVpAdA7MwNXqnLt3ZttRgMgDIsjzjBLm4FJq_3kUGiwVopLvBLUBw9IR6aOyiUo7XBJVsNPeCHw20wwR051c_K0v3Fljk7HG-JKjrmS31TnUVqRjVqtyQzYlBiZ6MrXVPdc78ij3bn6yy9_9vjLGqJWHi3CC9CUUzfgftMcAI5RtTgSxgOFnz0-1n6ePTPFQmIeRAbWpp8DgoJROoniF4i9gjFAeGXPZstlbNVn3357mlkyNsciVb623J88lvvqHhXJiAMwww2GwGwemY0zaYUPGT3U8XJPsgJTMfLBmnQ1mo0ocbMqn9iZyfM-DzWItoSnCGuIOaf1mYK9-hUSN0XgbgiDFjEZZ_V4qy7uvA2-tBf5eTpvuNj1i6PwgUm40dcgqN2B8icBYpzKHukqdkWsYxp8IgR3BXvQzrYur8xt7ALBLp9VvP9ek5zKNExh1ul25Lj9FwMvynFxsR9y1j9EB04mV4qFioPiap5qtgd8BJSMpSrODBiHRxn_AUQip5lLalfSSqPyP-cxxup1ff2cY1V8_VD8pzK6RzdjcHwlQ5KSFAswuHyiJYhEtiL_IU9UVcU9,Login - OPERA Cloud,1
2025-06-12 23:05:13,https://hu05-ssd-ohs.oracleindustry.com/oamfed/idp/samlv20?SAMLRequest=hVPRbuIwEPyVyH1O7DhAqUWouHLVIdE7rnCnijfHdohVx6ZZp5S%2FPwcaqX0o92atZmZndteT27faRK%2BqAe1sjtKEoEhZ4aS2uxz92dzHYxSB51Zy46zK0VEBup1OgNdmz2atr%2ByjemkV%2BCgIWWBvQ0Jy1DaWOQ4amOW1AuYFW88elowmhO0bV2oTitz7RhetV%2BwpkFAvADpHlfd7hvHhcEgOWeKaHaaEpPjpYbkWlap5rG1nSqie1fm53JYDqMaHlD0lxPyyERngAAqIqx4tQe%2B%2BgBNMbjp4B7n6aGj%2F30F4J5xB0er99U3b8%2BAv0YozCNiPzWYVr36tNyi6d41Qp23kqOQGwlzmYSfacn%2Faa%2BcbgvGqJcMYQMaugmCfC6OCWgu%2BOSbC1djxulQSa7nHXYBXGtayAGjV4jRvnyNK6DAmozilG5oxMmRptkXR3%2F6AaHdAi3mOtIzJMi6eV2ktirttuX32xx35XlQvv9dexOh8Quwk3nT%2Ba%2B4v5%2B4qQbU8QcP2vPZHNO2TaSkgHl1nlMrxeJyO6aBIsyKTPB2RNJzXdXmjaKLlmfeeXRjXyi44GwwyHJJP8AdX%2FZX%2FDI0X85UzWhyjmTHucNco7sNn8E2rEJ6eWZ%2B%2Fw%2FQf&RelayState=3qrH&SigAlg=http%3A%2F%2Fwww.w3.org%2F2001%2F04%2Fxmldsig-more%23rsa-sha256&Signature=M69J2jdEG63%2FAN8A7ZdzuBc2Lt%2Fk2CFlZYOUuXdCMdiaQmDXirCfKmNH0AxT35rYzH%2BMdrA1gUYZzEwS3xuOkuL51jfeGAFmgWmR6LEqXtl5V8HDilAck945nd47IyuRG%2F7eEbXdPIe5cBs%2FQQYtBMtYrlr5zqxdwXctYBQzvTHnDfsQt8KU3z7TwnReybtwwy34Ijf9XpachAt3FixMKWBD7W9Uo3qRk6C6VL0HyhnFw%2BO6vHPAqUSK%2FejCMl6ahjilyrN%2Bha6zl0VlEr3lveNGudSbaFcAP5HDbvAAI4aEwxO%2FLGZw5eGnJz%2FQoJe2dyL84WJYNMPmw5iMwbR4ew%3D%3D,Login - OPERA Cloud,1
2025-06-11 19:43:54,https://app.soundtrack.io/login,Soundtrack,1
2025-06-11 19:43:43,https://app.soundtrack.io/home?utm_source=%28direct%29&utm_medium=direct,Find playlists for your business | Soundtrack,1
2025-06-11 19:43:42,https://app.soundtrack.io/home?utm_source=%28direct%29&utm_medium=direct&domain-migration=a7ed23f4-60ba-4ea7-88e7-1e3265b321a8,Find playlists for your business | Soundtrack,1
2025-06-11 19:43:39,https://business.soundtrackyourbrand.com/home,Soundtrack,1
2025-06-11 19:09:18,https://idcs-67322d8881824b13b3da16015007f9e2.identity.oraclecloud.com/ui/v1/signin,idcs-67322d8881824b13b3da16015007f9e2.identity.oraclecloud.com,3
2025-06-11 19:09:17,https://idcs-67322d8881824b13b3da16015007f9e2.identity.oraclecloud.com/ui/v1/myconsole,,2
2025-06-11 19:09:17,https://mtucn1.oraclehospitality.us-ashburn-1.ocs.oraclecloud.com/cloudgate/logout.html?postlogouturl=https://mtucn1.oraclehospitality.us-ashburn-1.ocs.oraclecloud.com/OPERA9/opera/operacloud/?TPLNG=E&TPFLSCRN=Y&_afrRedirect=168265522843074,,1
2025-06-11 19:09:17,https://idcs-67322d8881824b13b3da16015007f9e2.identity.oraclecloud.com/oauth2/v1/userlogout?IDCS_CLIENT_TENANT=idcs-67322d8881824b13b3da16015007f9e2&X-HOST-IDENTIFIER-NAME=mtucn1.oraclehospitality.us-ashburn-1.ocs.oraclecloud.com&IDCS_SESSION_ID=903bb950eaa54a13a39438ed03a27786%3A8df87a&IDCS_CG_ENC_VER=v2&client_id=opera-mtucn1prod&method=encrypt&IDCS_CG_ENC=true&token=IqyF6PJR8pUECgAAygkAABAgygkAALAJAAAQAL9eeAbayGrqmPGkSB2_qFPWFHHyeNNTqip6eUYWlc4sTOO6i4uINbnnqaYKA0g3VcTZtr7c47q4m_1OIS722PJrzVe92eYp_rnaUQNBxDUX8AnYnELxuL8o9jRhNKHQjLarCPXcolUB0RjzrnqptUuxDn9Z7l754DemUOlQqpdsR3ySqhTgFTX8lu4fWifG9o7rxhTtEhrCovfi0B-n97Sth1AxOrGrIcKwbaGulLCPtbLKtIC3CoNfK_oT2bSSoZNQnfCEcF2e0yNDspRl6FhaG63l0bXEemMHBSfk-lF-yOQNEHIFJu9G9fCJKmOOu-dhxKK9twAgSv41bOPx5D4tv6JULzx902q7gkVLSRA-q64e-PIK8jVr4Y53Zbx7zEyvAj02GCjdRLDd7KmuX3n8L-RKDskslm_4bJqcjUsleOZTKnlPspHOS9eTHwb62nCj49GeACItMzF-LKva7tWlHdKa1c8xme8yaUeMWeslZpJw_Pif_LRP7wjRw2rURZSloz0yNN5vc3P7TyUHMS53zDBZUbP4afoDby9SS4ZCib4wa9VnNe6TQ_Y0xrAI1t1zenJrHlC2NCGgb-kgl8BrAvqu5Sh4tCAxTrt0ckNAGgaWVKVgT_GJRos3lDboTRCvzpPfmA4Kev9Urx1SSYQBoJBE7EOLLu5YRgnJsEieWIvFWFnxvy_RYbzpGIQ3YAACMAOf25jX876T4AiW0PB_LjlUmkEsl-S9wfdy2kvOz1vvBeuLsPdhthQQ72o_W8tKjiWaz_aKNsdGPJzwJ35-oZyVMmxTKQJNlO3WfLYh4MeCLBeWvmlxgZPzEZpQHZUW_l-H1jhiCT1L-Soz5d7PstxKGBGfOJu4J8BSrZ8PTQSucGQfn1_xokn3xkToUm4G_mdouh-e6U3AfHo6IJLnRBNgBT_YjL3tynLNE2MMbThAmqjIRoG1LRxeVUev9Qiftfb9FiEZbksm_iRG7KvSoZ0Ipnpqx3b2b7ZR53gPhLh6LwvkEdYvzqcwyihKupWB6v5yLGJFu8130vFnyytRtJgocscdESLlbabQDNs1HfPffVRyI-2dS7bANBk2xTTzzuw72pIu_SxKd0WMg_WiCticDpxiuNSk62afysgNNMQJxld-Z0x4xXCfbNrXA4GUZ8tdu4DGGgSrNoOPCVVOYFxlJYHqTSIhCXzubUDfG5IAIAxbhD9vFIFcwBJMU2PH9SO8D6gDNKuC9phUln1KFyykT-QBh9QRDvMcekzqaY2pPMoDl9bj4a_0Z-9VuYu48_KfNQjNdjuxtC_6gl8L8E9mb21SOiCIcddvWosZy-QYCveT_ps8t77N1EYksa9JpJuwqAn4zwj6yHgoikjtmNyYuEI9GNFz1MZ659-AfOGLynS6sq3t54V8YF2MXiSg_Mv7JcMPRumxN-rL2HP2I7HZTLXJ9sSq6tALbNnCORS-Ag6ifNrNHkNIwdfDwkwUlIaVwxtSDrIBzrCNdDCdkPTBAhXLhH2hBkOL-UPYCldbGhwyab83C7F6CxvG76aeTcOR4KOVNLeT45rnCTXm1MFwrQU1-1-6WdSYkesdp5loOQFpMstjf6bkiBeoXPD9atFfAGwz9U-lQSGdGMMhtISvYBm1AaC7R1zVTx_A95DgXUl8V7J48edcIPXGhjRFpCMUNYgEwstEQ0Gqq8XdtnlQh_dnnDxhMAGod90LhNEy9x-jfwRnkO4a4BshPDatiMiSUeoQ4GLTGtLmX7BDUIy6c4wjQRJYYRtGNlckMkfEEW_BCYlwGzfth3SGI6l9Mn0OKXA4AUmto70D3Fjqw3om1CgB-rxKeiV_ZzotEc-HajpHJ9OAgmjFHUCVAjIxZzX5GFVCvjdcrvumpVOAz7sJATuYTWe2AIizUjWnkIiL0UPQoEqqt86E5Tdq1145ZfQZF8WcQnZqwl4awHO40pSpBFJYmera-ekknzJdgF74YLj1mb0J2yTLxN4WG0NnEhxtsFsOqO5RF5ls1J5Ub8cPR83g9kNlevytAl1Jx2ypJsRE4-GSbDTmpITToqh5phYlHNVJmJW19EdrmQ3fsHvVVWZSKFGCv3h-zSytPAqSv_JrYP16zs8JicdQRjpcXKRnFmhWO1FtgczK0RFTLDEaXEFUGjkdO-Lye_n-FICe8r4kvrQuCYy9KSK-B3oUnQ9msYVjDqK9ZoBNQOu0ONNmj-EfoLFkdz9Bnhqh-RGc7cDIDPXwat5OO7gI5lpzB8JhQayBY3NQTlYexq_faQ0Qy7j_x8r9Shc8MvNPy4d3IZiF8fYdouGjVJmKQzw6XzLgeIOARkeBHOhHyNAC-T5ois3-CiiL89Uq2jMewk5hFoWLLhm8uQx3z9i6e031yniIdSLZfOLamuRhXm3V4ZCe54GQdoGUrs6DYOvITs_a_VUhsOEzw_Cs8Zs3-X2MI7U5AVEvpOq3PohSWx_YvAo0HE3Q9sCWgMn0XybPiZ5yDCYaFkYOyR0isN_B4SHw2tMgNLgzr8MN50nNaAjwg1_2lpxVMlmI2pfSyu2NSkuaWnYBZFLTeU2F-V3SxDEiexp49OfMkNeQSN4ZDQR5nZr_9dKLG8oljOWTVmuDZ_hORwO610FUf20BvEvK3M9JT7Q8AfqOgpJ1xDum6t1luoy9EV4pKjZ2YgsFG0D-ouZCxaNGcIU9vjhkfsuf8OnyqUGpPI6JnqezfXpdixk3kxEVUr1eRpcRkSxNG6vGdaGIijlKOOn0-D-JPm86NAhbvPqfb9CfBKCOW2_UTMzcB-w_eNAh6QatjSzahy9mbTk_4qlJ2zymcnEUfkL9f8Wxf_U9OCrvTgTSQS4akjXlfTDPu5We0U2jlDyqdjHGs9yYz54xxsnL10OVZ52mDrfIO2D4lLucfbKyZkuYAl5-CkmHPZIflJKRfeAbP6b8NfajEkMHl-coQ666XZEarc1wmyZrF7_xUEym0WS8GvJ5Q9ZyZoYqjgmorb4L7nd4J4oNU0l97fRNi5DMG6bkmbVySvVRVBLTUzouQS3XLim5Hn9EwSh22Hb8y53oL-Z889TeszpW3BA8PSBOljSuM4GwWcSTlcze4bVyVgUpJuCNhiioFySwy0kFlveUdad-Hnv_59WRyHXE5hv8tTWSGVsNGNWTm0jqOmf3dLgMkLt5zAr9LiTR5U69zBqk9SOG-eJRQauZct8x7P1zZInXIUOjz6pkyboS6WRDkVYGLvuvknDEP_cx1eEV2sOJJ2kIBAUkueskILjhqWy9p8fflSse29yfwvL1qrqSI7nNx3opWMQ2jOtBnMbYI2C00MSea8QzkHwc21GMY5G7GZk5Dw85efY22MGk1ILJ5oK1q40pBwCz0XgofxXuBxENrpabbS6Sudt8quqwHKUIS7VgOA,,1
2025-06-11 19:09:17,https://idcs-67322d8881824b13b3da16015007f9e2.identity.oraclecloud.com/oauth2/v1/authorize?response_mode=form_post&response_type=id_token&scope=openid&IDCS_CG_ENC=true&IDCS_CG_ENC_VER=v2&state=sbonQNDgAphQqfeaVRTjwy775s3n2WDceZQKDFQfs_k&nonce=Bl7LfLqg8gOv7A8jW4DN3aa_RKwJ-5QXhZsYT_AcyWI&IDCS_IS_CLOUDGATE=true&X-HOST-IDENTIFIER-NAME=idcs-67322d8881824b13b3da16015007f9e2.identity.oraclecloud.com&idcs_app_resource_url=https%3a//idcs-67322d8881824b13b3da16015007f9e2.identity.oraclecloud.com%3a443/ui/v1/myconsole&client_id=idcscloudgate&IDCS_CLIENT_TENANT=idcs-oracle&enc=gXdu27Ae8sW9AgAAgwIAABAggwIAAGkCAAAQAMHSkmw9c9nIGswMVYkZlAGG28BC4t1c3_r45SGkNJ_PXZrHdyE0qqzh-MAchMbQ96k_3nVLNgmjP_AKi95OXnggJwI0bM1XzTJn2HnfSKweqUze5DJRmiJcNerC_Ano04u_mqOPiWMD2OEhCCwFLVPAkXM3OxXteG3BwOlQ_RSoV90w-Zu8lPJFSOaPxVLhPQCbajboFOE7FpszM2CqX9-gdboN3lVxJaPm9Eyd5lAgnq4Ay5PWTdx6_YU-e610AaRrFsY9-wOwjg3EWRuVoX4uDNq94UTKnF5r3PaDvk9LX6alM_5uamrWEn3GyNveobVruVsDoJcG19jfxorm29YCTw1tAGPD9mSNZjLT5YmO-RsU5LxEWrwJrmxTVk1GQnIYuU16WvO3dPL_HSoPNxMgdEsvvK7AEX029f7N9zxHip1ieKh4yiBwNkloVRmvflPaQRu_zHFbTqRq9ulx9n4kEtf1z0sonjZ162RL8h2SicgcUphrfZtO3B1MUaInrcoi8TEpcUi3varvg9YhzvDGD7foAMaU1EJjVA05F9qUCvC4oI1H-S_Bp6UtkOgEypLBEnNT-jXdnXParDMP2rYBNy1ubozRoV8hC2xgYR9_Ai7FlucuEdCqyjIUeGVP2zYKvchXzj0PbMrxjeqaK0CYoieVxbhlDYGuprZQLlC0ipjitOXs8CmflYlr1cYrZnQ4OS7HBo6MRDRK4KlgmsNptn5HQbx_QG-mCHsLIwPNBadK6dHH6sJsMd9i-yAjapgAN3TJYDu2ZXkgrben1_rTp8rtA6NkCXiCO0WKogAKAA3MTjmS-F3vrsvmo1jhokutpMzwSRTyb7oomtKWoBuegyOXZEXxVZWHP4CwiPMcC_f4vvqdv8EmnE4XueqYAKDXrlyuEMnoEw,,1
2025-06-11 17:54:44,https://mtucn1.oraclehospitality.us-ashburn-1.ocs.oraclecloud.com/OPERA9/opera/operacloud/faces/opera-cloud-index/OperaCloud?_afrRedirect=163792969258578&_afrPage=1,OPERA Cloud,1
2025-06-11 17:54:36,https://mtucn1.oraclehospitality.us-ashburn-1.ocs.oraclecloud.com/OPERA9/opera/operacloud/faces/adf.task-flow?adf.tfId=opera-cloud-index&adf.tfDoc=/WEB-INF/taskflows/opera-cloud-index.xml&_afrLoop=163785511613535&_afrWindowMode=2&Adf-Window-Id=bq4a2cgcq&_afrFS=16&_afrMT=screen&_afrMFW=1795&_afrMFH=945&_afrMFDW=1920&_afrMFDH=1080&_afrMFC=8&_afrMFCI=0&_afrMFM=0&_afrMFR=96&_afrMFG=0&_afrMFS=0&_afrMFO=0,Initializing Application,1
2025-06-11 17:54:36,https://mtucn1.oraclehospitality.us-ashburn-1.ocs.oraclecloud.com/OPERA9/opera/operacloud,Initializing Application,13
2025-06-11 17:54:36,https://mtucn1.oraclehospitality.us-ashburn-1.ocs.oraclecloud.com/OPERA9/opera/operacloud/,Initializing Application,13
2025-06-11 17:54:35,https://mtucn1.oraclehospitality.us-ashburn-1.ocs.oraclecloud.com/OPERA9/opera/operacloud/odereload,Initializing Application,13
2025-06-11 17:54:35,https://idcs-67322d8881824b13b3da16015007f9e2.identity.oraclecloud.com/sso/v1/user/callback/login?nonce=a2c2e524-b16a-4411-8240-c3f32bedf95d,Submit This Form,1
2025-06-11 17:54:35,https://idcs-67322d8881824b13b3da16015007f9e2.identity.oraclecloud.com/oauth2/v1/consent?OCIS_REQ=fGfs8Fh4jlSbEYBezEnBrUmsdL89cbXo0xz9sPBNuZjkjpX220UUjXDMK%2BablsyZdFCDGi8EbSwdHBHWBbDiVzgMCWHyuLGKiyzywS3dJuBjV5u4gVXLKGDkg9PIDYsIgOu9Dm5opUydJN7eXQOQg3qZFlbc%2BxTXgwrdmLMn%2FG2kaRRj7ee5y3ENJ0C8Y9uI3vrLfHLwsxjD1gBZwCFYo0pdexN9p%2FDtZnYgqbGJtmY6ZZ8q7UNkETGbmwl8NmQeryd2QbF3XsUDAXYBB9iMube%2F%2BDhqbOjucUAgFgvMwLFIHjeX2do0MO0is6bjOZMoGb%2FNbq86q2KBb3Vjq8UC9YXW7D2JQHFQl8xDqA%2F9uExyEKF62oH1ysV4F80endzOb1wOhEZqMMgsI4bCBvtFoE0q8uWf3taKOymqpFansF84gNEZSv2LXLy9%2F3S10KTALTKQKE4lxpU%2ByM2HRoJ4glG1ihroMt6AZR8dcXW%2FtD5nTTlfHWHX%2F6%2B9xX0%2BPh4l7DdWy8ua9FDGNFcqwVAK5dypvLytNo%2BV8mT51ChajiKpZNmx47PiegqURsUvEiK7GpTYBja1%2Bf3orp%2Bx2AVGhjVoDxDZduX5ONyeGLVwGRr6loDOkoqQniiQdChhYtbaygt8rQHJXGdgMuImtRKIak5NCcuoVn2cbSzTq16a9OpSxT3ueCKtKItRMb2bznVP%2B0mJ0stXakI9MnRnw2ggce2%2FDuVyvabUhhsf6cwfMF7bv1mHc3udsWE%2BDT0O5GiblnOVQjehpXLXG1is5nrQWKFlvP66vDjoyb43NgJf96CpZPKXSwEa%2F%2Bi7LbXSokMkcsquRYFRb%2F2uj37nLAb0RKe3RBxFCRsNSxg8xb3u20VyQqIWVTRSiOc%2BD653g5aJx65oFD6dJjVLY0ID26yUgxBoIJEgiMkkLyxdllZMtXrWWMUjJLsaiTMOksnXnDOxbbWBbH0gV5fxK3MJRGGSikDUgKiITh%2FxeNmvAysOmLjFajEY0iSQhNz1IJcsN7dt4hk0%2Fpx8YPrM4jPvp%2B2fe%2F%2FOTgeq9nzSlFB2Lt6JHz89%2FATMtT%2BuFR%2Btp17KHRDZVr7HQ7ngMrgTIUyFPRkKpz%2BLhwuWuRz5%2FE%2FFpVpq7EsrsPWbt49yssuPWlZDxASIkYMWPKXyMgwHFCKIoqCrKTcyMO3ImeTWKhP2sKZqBTwAIYCis5JGu0t0tlYFPHEVkIPzsbe3sBWbB43yOoNVZQ%2F7dawvINXkae8qpPQ5lh2tWin0%2FO1qVVVubR0Ousugg7mChk0xdfaz2bTkaPTPTXd4vNDvFajflZgI73SoDrJygPMx9fHE9r3UDRq7ZrIumWGapZ6WMeMF%2FwlQwKbalEawVTdm0g886PnLMd8xu%2FAk6t4wmQ8eU2k8gqNFdtcuUtqlJTR6EVWacROLnH%2BWJ6oxOVpvv2gICBrUe%2BRHEaXMpD6fXbCRdFxL7KZar%2BYe2tflbG4KZC%2Fck3I2%2F0Gidvi308OKotokw%2BUNmavcuhWi7nfCE9sMk2YsFiMDCpmpKAUtMV9m1hvHJOC9huRp5iLV5qSY7YyWq7whRaJL%2FcngVTeisd67WWKOQDqe5Ps90yp8h3NrWUyqHBvHJDAvMu9eMr4ee4jVw37cKcjFeJnK9%2BU1jhjGofTL%2FZzmMdMl25HB1p42kG57elW9U3ikFDcOuS2DAYpyMxn10%2BDSkBHM6sUfh7rQdnKSDA4rsPUON8xVQTBRDmdQzkayl03xZnvPMZf3sAe6N8kLPrHVYUE%2BysOfEZB%2F%2FQYfUTAFoj6%2Fxwrylf%2BpkVwbIfn1WdkrxswXzQ2EAFU5QcvL4of%2FlSlmKoRPHas7OkVH2wCHv4aOnUl2fwpkc%2FYhSuZqG0qspN3W3q1oR6n1oeyjABntyR7sn3i9mF5PLNv%2FFOFb%2Bvy1DgMZ3wt4JtLRIfPLP9VvVkBhHFzwp9da2NwEh7IRJYhRijFkzk7EqBTUJMDbJx10kNQYDLqlsLDTwkEBWKHbp8mHGU3P%2BQpaC6Mf2v2XOMXcjQiXCM0%2Fd3FEvzuZkXc2hxWSudj2QT7ycQ%2BbH1cvtvcxTtvGLp%2B8C1wjWA7yWF2%2F1c%2FWaPjMut6THwwqYilYlcpzC6hlQp0Tu5CHtXotQ1Yh1lWj3dO1Y1kWKCI668hjIuA6hQuDIgYJB3uflZhdo%2FtUJcO9DwYzhO8PV90MzEgrb3i2b%2FrHa1lOnCCx29UXVtjyXyWshU3NwE1tGqxsw%2FabdkVR8trq0%2FFzuyeo1RPckObqz3syWWGo9YPmMrGV5jen8xOvbI6bHMvz4M2x7SLp3dfEU0aLYsynWxvdYI0pY1FHAXv3mipvpclyhzAE%2FE%2BXd89dZnEMq6KG8qfbxZdbbfAgofrSSdSMUCApjgR32NmxOplT%2B%2FdRsB%2BlmPAtO9129BAPl5Qu%2FJkK4QdwW%2F%2BDN2%2FZ6u1gDogV%2BlzqA99tiRCnv4Iei7mo1MUClur%2B0xVkUSsdQO%2B821m%2BpYnpJCbsVAfkNBD5%2F7isbr3PaQ76Mxj3NpprmDJjobjC54dWZxgLysIVsZVPwxTbYU86BL0rn5P0kixBZDSZLM%2BWFXnaAqzUaSzTbCQWYAYfoguu92Fg5JP5ReRuRDQlEoWjH5bv5R3rbSx5NBcfk0lZCUWbJZSQ6ttelBqSd3PVuaYie5ei%2B9z%2BOWqvfreTzjRQ%2BGCe84QFf86WoMyx8h5jD82e5Q9MgNmDKwyT2%2FuZjkkZFWz2oKT5i0j9mfdnoCPY%2FRu8mxiZ2%2BfPCLTM8XoMCFYjqgfXUleqn2sZVKmiAUNzmvfzQf3s%2FfC0%2B3sLAo6qbfdj%2BQhiWriD8i0U81NmNE6fntI9qdCeqVErEmY4v6rSebKSEGS8l%2BGiYehXbXQTeGQJEMHUNS%2FYifWyw1BEVgbc9TljNBKO7Ud4FtDSRnrPQDioEiVGLmHevAgtXvZVRKChFV7jebZtCvkYkMHxvaPnTahKKSJwNXSf7ucQYWEveS%2FnJ7ePdnSnmnLYSC85OdKKzH7xO74oNPG23aGXhEYWk6IlybcKy%2BgMDWN6RjBqsywwsw%2FRNXq6nNu0l02lTmeRGjGu0DISvqUr6DVt8talcoa0BoQr%2BTVjTYXZhOf4FcT%2FbA0I%2FqjUUI3kN2tvcKKNA8HSxhVXFekcZr1R3%2BhAq2FLZTRVJQbwaiTLkKoIue2TJ%2FSi3wemVFndEQm8wV0S%2BsIfEBDVOWThrOGcv9YjbTsyjZgR8BQoUbXabdUnVog7ckIXi%2FKUu8ZBV%2BYz5sUqazwt9hmyCBeHiGr81wYbKZ4Omv2WzXE7p7QQeiOxsZAH5xmXmGru0i2lFnYVMLL91XNGXOGSVFXd3goOBsXRl2OGI3Vmk11R1XBwJ658QrfnvCt2Q2tae6LImNceR6daph9%2B%2BOxmxxv5bRf9soqt0Qga%2BMNVF4btSwrguaetIIVgE6HOEnpYY%2Bp9YgHaZFL2ndBULUVyUGQbqawkUvk7IHhwV54KQE0rbpQdbU63YRgfwp6Xsc6Gs8Jy28Roxj%2FrmU0nP2btaDiu07ngryFyQ9akLzDhC%2B%2BO2uxqBp2YwsSsz33MTa7V%2BiWJWsBywK7Tau4MbMWhPjoKUvWrMSCKsjuhQV%2FnKSaPfozt9AZ%2BFVg5gLgGMod%2FvQFYDNZRjGw9MOBEkotVGoQEkjXAI3NXJPLSdSFLa%2FW%2FV76AKgc6%2B9eoomzHP4nZiKo5FC1XhPB2nDIAWJZpkdupA1Kbph2NcbOhTbwtft8DUo4h4MZCGNlC1HR24V4NhlLgEw8LCYfNTw5%2F96uTBxS1Tkp19wqlMAj4qHML8wZE1%2FEGLz5Ds6rYmAo6MyIvnW9MYeK83LXP5wyoqZ49XstSOGMm5FiJzDfc5AjuQYl00IgoIvjcGwlX%2FGf7Oieih1FHdnqlR4PM3k0tOE7Ogg5fodMQ5lXqA6U4XBz6vmrKEUgLmlBh1ayFMX%2BJdzBeIQvqtGk2o9Fm6wmlXYEic95%2B4mhBmk4uYauFxneb%2BOZwpYHNnRqJjUe1yXMP%2Fguwu6cqQrYSfv%2F85JfONdryP3i5o9mGJeQgRPHpvxvOWV4tyklr1A1wCYOA6CKkMjoh1vwU%2BNCqEfDUIukL5K1YCZtyz9msc%2FrOcj4AKv6zR5svBGpAy1%2FhVrMfsDLaerp%2FEzXbRpPl3i%2B3Mz0%2BhIs24fa%2FXIXNBNEZiDm2K9Y9bzz4yPTAuPE%7E%2BH0cn59kTiMLyhT4qgkp6aDU4ZoHHBE%2Bm6qYABoNxfk,Submit This Form,1
2025-06-11 17:54:33,https://login.oci.oraclecloud.com/v2/storeLoginInfo?redirect_uri=aHR0cHM6Ly9pZGNzLTY3MzIyZDg4ODE4MjRiMTNiM2RhMTYwMTUwMDdmOWUyLmlkZW50aXR5Lm9yYWNsZWNsb3VkLmNvbTo0NDMvc3NvL3YxL3VzZXIvY2FsbGJhY2svbG9naW4_bm9uY2U9YTJjMmU1MjQtYjE2YS00NDExLTgyNDAtYzNmMzJiZWRmOTVk&access_info=eyJraWQiOiJTSUdOSU5HX0tFWSIsImFsZyI6IlJTMjU2In0.eyJkb21haW5faWQiOiJvY2lkMS5kb21haW4ub2MxLi5hYWFhYWFhYWN1aWdwb2RodnY2bWFvemh5NmhlNjRybXVoa3c3eXRkY3V5ZWx4bGw0Zmtwa3VvZDZteGEiLCJkb21haW4iOiJoZ2J1aWFkMDJwcm9kIiwiZXhwIjoxNzQ5NjY0NDgzMzUxLCJpYXQiOjE3NDk2NjQ0NzMzNTEsImFjY291bnQiOiJoZ2J1Y2xvdWQwMSIsInVzZXJuYW1lIjoiS1NUT0tFUyJ9.SQmULyrZqt89oYNlBVeUxV8tRH5N9fxJ4LrFQsncscFpCh_1idIPoUH6q8cik5d6Hi2JzdXtYwucC5SvrV1OuPPKm-fVz-8hmiAybYge7XxqKQ1sYd-DsLPthnv8HJKk5slmMwW4_bAemnDScg5086yyoLU6M7_lmLggQ73ajHpelLCeLtMcr81k0S_gDm-X8Tkz6NfCk0UKMr2zfR6xKJIhduDKTbSceSFSo_OA9VRGXPEVoTlMgQpQUMH5vNzME6y9vxggqJLXd3KzMQWQqIAzQRimuPYi38Cu2IYhYVOJb4d8wRY8-LyjefUR8LtXjT8A0PGJVPAPPq68VAWxLg&is_paas_login=true,Submit This Form,1
2025-06-11 17:54:31,https://idcs-67322d8881824b13b3da16015007f9e2.identity.oraclecloud.com/oauth2/v1/authorize?response_mode=form_post&response_type=id_token&scope=openid&IDCS_CG_ENC_VER=v2&state=AqLqj0BA27wV_eZ-85IFH9y_p7GHs9fd86nByBHuN5o&nonce=6xAwXbWIcWTC3KOb53eFrUk2453TJv2cDhQp9m-3PVU&IDCS_IS_CLOUDGATE=true&X-HOST-IDENTIFIER-NAME=mtucn1.oraclehospitality.us-ashburn-1.ocs.oraclecloud.com&idcs_app_name=opera-mtucn1prod&policyAppName=opera-mtucn1prod&policyAppTenant=idcs-67322d8881824b13b3da16015007f9e2&idcs_app_resource_url=https%3A%2F%2Fmtucn1.oraclehospitality.us-ashburn-1.ocs.oraclecloud.com%2FOPERA9%2Fopera%2Foperacloud%2Ffaces%2Fopera-cloud-index%2FOperaCloud&client_id=opera-mtucn1prod&IDCS_CG_ENC=true&enc=qJvCi_WmPAbwAgAAtgIAABAgtgIAAJwCAAAQAAwlAiV--YLT-RwWGN5c0oJ__fUlmFhD5yJu7_S4WNZFNrXGLmdeDBcYuD1GWx3xIJNjMLXW1XXJ4WghiUnlNEcdYNTU4DkIeB1QpkbTtcn4ajeDytVPQyyW6fUUlQV7j7Yb6tr4CWuee1y0q9zMcRP7_WGa_i15RzV517TD9tBEk51qyd0y0Rb1PVMaeAXghx5Gk7Ar79jhmtaMZO_E3K7WIiSOE1dt5-Z652tWS-QPzQp7WHquyjyl8FhbUx2pS3HEfRfPSB5y3kSH-LCMf_E8U_P9Hv7AbnlZOhMmWa7YaqkmK4A5YKbljAxteA7DWYcp8Ok9PGkyTI6Smb7MTadlT5bvksmPXT5ghAm05Lw4g9O5E1tCwNlyJe3JlCSdE1BRM4ctF4R0vA8iiNf6z6HZKeqFLNIANPtD1Cg1gt_uC51yuWqBpcQ51twGsbtdLjg3ConwcdrxluMiU6rrkbBpj0bu9qx3IFqpKVsh9FCqsuHoRbrVDOU06HnM3gr8VLZJr3mN8ZJLD5YMpRQquv5NSirCTG66PYnt4Y_P-4Gt7QE0Khr7lyNgxsvWT8hqMBANcs1TYv1YIEY1K8F2uKKksXJSEbDZED-Jc7TgOwazqNVn0mnujOPon0D9mf6RvVJMtTh8678KEYQKw4IV7To_Ko5bjKo9ujHAw22r71w8LR5r2gw4-3uyrAhBGyUjLYKZN9TbndTac8ImCEHNB6duKhk_Ppnm62RXg7teA2fuFBSGlgIfXzXsYn08BDNsaA8M4xH8SA4yPmiaM4N1WrnVeSMSGhQlLZCvnLpz_fykIzsk5HdrkyGk9oVAzZxbuAWcPARsf5BaYuEp-pF1LhP2vUJTuLJi1EwmE3aBF2i4rA4HB_FdH0akp844KUGu54i_vvV3pQ950znh4NjMdWWFbp2_lE_c9l9LymeQMykHZMyQadmcRzk-9iXelZYYaAbOxkGyFwYFGp-I2w,Login - OPERA Cloud,1
2025-06-11 17:54:31,https://hu05-ssd-ohs.oracleindustry.com/oamfed/idp/samlv20?SAMLRequest=hVPLbtswEPwVgTlTpB5%2BhLAc2HGNuEhao1aKoDdapGwCEqloKcv%2B%2B1JyBKSHuDdiMTM7s7ucPZzLwjvJGpTRCQp8ijypMyOUPiToNV3jKfLAci14YbRM0EUCepjPgJdFxRaNPepf8r2RYD0npIGdR5QmqKk1MxwUMM1LCcxmbLd4eWahT1lVm1wVrsitrdW%2BsZK9ORIaBEAl6GhtxQhp29ZvI9%2FUBxJSGpC3l%2BdddpQlx0p3pjI5sDo%2Ft9tyAFlbl3KguJhfNqIxcSCHuBvQAtThCzgl9L6Dd5C7z4aq%2Fw7CmswUyNt%2BvJZKXwd%2Fi7a%2FgoA9pekWb3%2FuUuStTZ3JfhsJynkBbi4rtxOlue332vkGZ%2FzY0BEGENgcwdnnWSGdWgO2vviZKYnhZS4FUaIiXYBT6NayAWjkpp%2B3TVBIwxGmYxwEaTBho5hFwR%2Fk%2FR4OKOwOaLNKkBL49dv3tl2%2Fb5Y7Gad5ip8Ce6oe7RKfKUbXE2K9eN35L7m9nburONW8h7rtWWUvaD4kUyIDPJ5EYSim02kwDeN9EO0jwYMxDdx5TfJ7GfpKXHkf2bPCNKILzuI4Ii75jHxyNVz5D9d4s9qaQmUXb1EUpn2sJbfuM9i6kYjMr6x%2Fv8P8Lw%3D%3D&RelayState=HP6g&SigAlg=http%3A%2F%2Fwww.w3.org%2F2001%2F04%2Fxmldsig-more%23rsa-sha256&Signature=B9w%2BiuoC5C8FUynHkzaZrAPIZO6ep6pghIY5CHgeP3hlfAwZlknz4LEAlJmKUyYlE2hiDD1HyKgaKBMRgC2muL3Qp%2BkW8Jg2602XRDrBcaIQLnyPNZlIuzlP%2BYDA65i6swu5MJy5wiJiaNeJfNIYCWA5qks8ElzKW4HCuQpZ6ynRsStBenT9D0qfWmR3BmXVy6lRzzRJuD6EaUkV6st%2FHp9L2HW%2FvXNCGfnSczQKDWIj4mh7kFHWhGdvl8RBNkxCiEgkG%2BbtHvLVtl9yKsDof2rgW9p0qnxRy7z2llqfEDO4aJEXTKDPqpZ0ghhP2lc75cDJ5%2FmzUzYY8L1IKwP0aA%3D%3D,Login - OPERA Cloud,1
2025-06-11 16:07:51,https://www.bing.com/spotlight?spotlightid=WL_VanoiseNationalParkFrance&q=Vanoise+National+Park%2C+France&FORM=M403J9&msclkid=e9874c0349731c1047562447067a9cba,"Vanoise National Park, France - Search",1
2025-06-09 15:46:17,https://hu05-ssd-ohs.oracleindustry.com/identity,Login - OPERA Cloud,2
2025-06-09 15:46:17,https://hu05-ssd-ohs.oracleindustry.com/oam/server/obrareq.cgi?encquery%3DapMJMh5XM0O6UkB%2F2TLdnpGwj4c4DuIxBLKSAF3gMrLY0pYf%2BiLPNojgzUzYzOqRgRug9u%2B%2BvG5BtFbu9QB3VGHF67RoAHQUa5KoFByPxGYKTWcKCpqP59Y%2BnCh00w7xqhJWykFUw2oOgLwp5%2BDechfr8Oyhnb%2BdgozUCR9ucxHxyYj73Ef5Pk7fiN%2FcofjP3bgbJgSlTsxJtPLTLm5HIyWh3XL6NKBtE4MVRLVAxsO6NaA5JAEXrLJTcGukDkif0vD73fE3%2FEjQUa%2BX7NVKDNZ%2B9Eu8l4k2ikobDJUfKJeHW0GGLrGChxpSUtD%2BiaFps6e4AOM%2BSf0p%2FWrMw7Uyzg%3D%3D%20agentid%3DOAM_RoyalPalm%20ver%3D1%20crmethod%3D2%26cksum%3D868b8a0e0f47fc167e10aa8364291ce8c2f4c7b1&ECID-Context=1.006DmLv2BGIA9TgytCslkH0007m000002K%3BkXjE,Login - OPERA Cloud,1
2025-06-09 15:44:51,https://hu05-ssd-ohs.oracleindustry.com/oam/server/obrareq.cgi?encquery%3DrcqzTNFXXZmK%2Fv7Y25RgB1DfxDRlxD7FCxOZoWe3xScuaDcb95jy0UIabDKtGb5iyaC5xy4PeurTsGgOMieXv2gnxD8DKgGoPJz3Q3ww%2BEHt9D%2FuhdVRWlQ9tc%2FsgOy6%2FJ6TKYENYxDMEz7yNgALzfyH2fKIJwvIAGQbdet9kFHMf6W2XmVCfAWI%2F%2BNEuy2pDVELnb5k8jOFg0Z5WVrpKYeOHEbUu3jc6g9l1%2F1IyneP0ylhoGqJgk1mvXqpdDa6XfnPwPUBdGpwKeCMinMkJxFh4qC%2BnAMFTC8s1QHTOVs%2FvT1cBlgGvMkkFQJSgWqE%2F0OBBJivkkKUllRrXvGWNA%3D%3D%20agentid%3DOAM_RoyalPalm%20ver%3D1%20crmethod%3D2%26cksum%3Dfcfe41e0269b26819e8add69da50efa7173e23a9&ECID-Context=1.006DmLpplF%5EA9TgytChsWH0000uN0001GB%3BkXjE,Login - OPERA Cloud,1
2025-06-09 00:59:19,https://www.opera.com/,"Opera Web Browser | Faster, Safer, Smarter | Opera",1
2025-06-09 00:59:18,https://www.google.com/url?sa=t&rct=j&q=&esrc=s&source=web&cd=&ved=2ahUKEwjIrYm2keONAxXDKEQIHbRUBV0QFnoECAoQAQ&url=https%3A%2F%2Fwww.opera.com%2F&usg=AOvVaw2SK4kKnvuo_U-mOzSPdPY7&opi=89978449,"Opera Web Browser | Faster, Safer, Smarter | Opera",1
2025-06-09 00:59:15,https://www.google.com/search?q=opera&oq=opera&gs_lcrp=EgRlZGdlKgYIABBFGDkyBggAEEUYOTINCAEQABiDARixAxiABDIKCAIQABixAxiABDINCAMQABiDARixAxiABDIKCAQQABixAxiABDIKCAUQABixAxiABDIGCAYQRRhBMgYIBxBFGEEyBggIEEUYQTIICAkQ6QcY_FXSAQc4ODFqMGoxqAIAsAIB&sourceid=chrome&ie=UTF-8,opera - Google Search,1
2025-06-08 21:26:33,https://www.bing.com/images/search?q=tung+ping+chau+images&filters=IsConversation:%22True%22+BTWLKey:%22WL_TungPingChauHK%22+BTWLType:%22Trivia%22&trivia=1&form=M403J9&qft=+filterui:photo-photo&msclkid=bee9b159473b17bc1a3dd91c5e18dd8d&first=1&cw=1682&ch=939,tung ping chau images - Search Images,1
2025-06-08 19:39:07,https://www.bing.com/images/search?q=tung+ping+chau+images&filters=IsConversation:%22True%22+BTWLKey:%22WL_TungPingChauHK%22+BTWLType:%22Trivia%22&trivia=1&form=M403J9&qft=+filterui:photo-photo&msclkid=bee9b159473b17bc1a3dd91c5e18dd8d&first=1,tung ping chau images - Search Images,1
2025-06-08 19:39:02,https://www.bing.com/images/search?q=tung+ping+chau+images&filters=IsConversation:%22True%22+BTWLKey:%22WL_TungPingChauHK%22+BTWLType:%22Trivia%22&trivia=1&FORM=M403J9&qft=+filterui:photo-photo&msclkid=bee9b159473b17bc1a3dd91c5e18dd8d,tung ping chau images - Search Images,1
2025-06-05 03:09:16,https://www.lendgo.com/heloc/la/?tg_ref=662765111&msclkid=76f18280ef5918b9e793eac02e8a6494&camp_id=1239150675432093&keyword=keyword&sub2=77447050499930&mcampid=662765111&orderitemid=2329246664767239&targetid=kwd-2329246664767239:loc-190&matchtype=e&bmatchtype=be&network=a&device=c&feeditemid=&loc_interest_ms=&loc_physical_ms=106481&querystring=keyword&orderitemid=2329246664767239&tactic=searchnative,keyword - How Much Will You Get With a Home Equity Loan?,2
2025-06-05 03:09:15,https://www.bing.com/api/v1/mediation/tracking?adUnit=1732768568&auId=9e83d88c-3a5d-4dea-b60c-b0416439fc1a&bidId=17&bidderId=4&cmExpId=LV5&impId=4&oAdUnit=1732768568&publisherId=17160724&rId=ad98bf2c-499b-42be-b436-8cd6ecbc01cf&rlink=https%3A%2F%2Fwww.bing.com%2Faclick%3Fld%3De8HegPJZIFE_7kJczrvAeOajVUCUxzlECZkrGUQKCLPKTGLEryK2KDTFO0hGgcSXduaw5xiovliZgK-TJXtcohtj9a66WWAQgTE3F-g73SLw6U9JH7MQ8KNFXj6MLvDZ8NWnP3PaASYkSuTDbUwMLIEAJUP1TKq_4kNkxDbrkHZ50ai2mUsFMsW0X4Q2L6ve5kgI_Wxg%26u%3DaHR0cHMlM2ElMmYlMmZ3d3cubGVuZGdvLmNvbSUyZmhlbG9jJTJmbGElMmYlM2Z0Z19yZWYlM2Q2NjI3NjUxMTElMjZtc2Nsa2lkJTNkNzZmMTgyODBlZjU5MThiOWU3OTNlYWMwMmU4YTY0OTQlMjZjYW1wX2lkJTNkMTIzOTE1MDY3NTQzMjA5MyUyNmtleXdvcmQlM2RrZXl3b3JkJTI2c3ViMiUzZDc3NDQ3MDUwNDk5OTMwJTI2bWNhbXBpZCUzZDY2Mjc2NTExMSUyNm9yZGVyaXRlbWlkJTNkMjMyOTI0NjY2NDc2NzIzOSUyNnRhcmdldGlkJTNka3dkLTIzMjkyNDY2NjQ3NjcyMzklM2Fsb2MtMTkwJTI2bWF0Y2h0eXBlJTNkZSUyNmJtYXRjaHR5cGUlM2RiZSUyNm5ldHdvcmslM2RhJTI2ZGV2aWNlJTNkYyUyNmZlZWRpdGVtaWQlM2QlMjZsb2NfaW50ZXJlc3RfbXMlM2QlMjZsb2NfcGh5c2ljYWxfbXMlM2QxMDY0ODElMjZxdWVyeXN0cmluZyUzZGtleXdvcmQlMjZvcmRlcml0ZW1pZCUzZDIzMjkyNDY2NjQ3NjcyMzklMjZ0YWN0aWMlM2RzZWFyY2huYXRpdmU%26rlid%3D76f18280ef5918b9e793eac02e8a6494&rtype=targetURL&tagId=edgechrntp-infopane-4&trafficGroup=zfa_angvir&trafficSubGroup=erfreir&ocid=entnewsntp&pc=U531&cvid=9aaeaeedc10d4aeeb481ebc375151920&ei=25,keyword - How Much Will You Get With a Home Equity Loan?,1
2025-06-05 03:09:15,https://www.bing.com/aclick?ld=e8HegPJZIFE_7kJczrvAeOajVUCUxzlECZkrGUQKCLPKTGLEryK2KDTFO0hGgcSXduaw5xiovliZgK-TJXtcohtj9a66WWAQgTE3F-g73SLw6U9JH7MQ8KNFXj6MLvDZ8NWnP3PaASYkSuTDbUwMLIEAJUP1TKq_4kNkxDbrkHZ50ai2mUsFMsW0X4Q2L6ve5kgI_Wxg&u=aHR0cHMlM2ElMmYlMmZ3d3cubGVuZGdvLmNvbSUyZmhlbG9jJTJmbGElMmYlM2Z0Z19yZWYlM2Q2NjI3NjUxMTElMjZtc2Nsa2lkJTNkNzZmMTgyODBlZjU5MThiOWU3OTNlYWMwMmU4YTY0OTQlMjZjYW1wX2lkJTNkMTIzOTE1MDY3NTQzMjA5MyUyNmtleXdvcmQlM2RrZXl3b3JkJTI2c3ViMiUzZDc3NDQ3MDUwNDk5OTMwJTI2bWNhbXBpZCUzZDY2Mjc2NTExMSUyNm9yZGVyaXRlbWlkJTNkMjMyOTI0NjY2NDc2NzIzOSUyNnRhcmdldGlkJTNka3dkLTIzMjkyNDY2NjQ3NjcyMzklM2Fsb2MtMTkwJTI2bWF0Y2h0eXBlJTNkZSUyNmJtYXRjaHR5cGUlM2RiZSUyNm5ldHdvcmslM2RhJTI2ZGV2aWNlJTNkYyUyNmZlZWRpdGVtaWQlM2QlMjZsb2NfaW50ZXJlc3RfbXMlM2QlMjZsb2NfcGh5c2ljYWxfbXMlM2QxMDY0ODElMjZxdWVyeXN0cmluZyUzZGtleXdvcmQlMjZvcmRlcml0ZW1pZCUzZDIzMjkyNDY2NjQ3NjcyMzklMjZ0YWN0aWMlM2RzZWFyY2huYXRpdmU&rlid=76f18280ef5918b9e793eac02e8a6494,keyword - How Much Will You Get With a Home Equity Loan?,1
2025-06-05 01:41:36,https://www.ebay.com/rtn/Return/ReturnsDetail?returnId=5293338724&mkevt=1&mkpid=0&emsid=e12550.m4974.l9248&mkcid=7&ch=osgood&euid=c87a1891ee654376ace56bf23b1c7a2a&bu=44795904386&osub=-1%7E1&crd=20250604131020&segname=12550,Sign in or Register | eBay,1
2025-06-05 01:41:36,https://signin.ebay.com/ws/eBayISAPI.dll?SignIn&ru=https%3A%2F%2Fwww.ebay.com%2Frtn%2FReturn%2FReturnsDetail%3FreturnId%3D5293338724%26mkpid%3D0%26emsid%3De12550.m4974.l9248%26mkcid%3D7%26ch%3Dosgood%26euid%3Dc87a1891ee654376ace56bf23b1c7a2a%26bu%3D44795904386%26osub%3D-1%257E1%26crd%3D20250604131020%26segname%3D12550&sgfl=sm&smuid=3329ef8bf603494e8109500721a1faef,Sign in or Register | eBay,1
2025-06-05 01:41:29,https://mail.yahoo.com/n/list/folders=1&listFilter=PRIORITY/messages/59643?.src=ym&reason=myc,35 unread - anand.70@yahoo.com - Yahoo Mail,1
2025-06-05 01:41:18,https://mail.yahoo.com/n/inbox/priority?.src=ym&reason=myc,35 unread - anand.70@yahoo.com - Yahoo Mail,1
2025-06-05 01:41:16,https://guce.yahoo.com/consent?gcrumb=MExH2YE&trapType=login&done=https%3A%2F%2Fmail.yahoo.com%2F&src=ym,Yahoo Mail,1
2025-06-05 01:41:16,https://mail.yahoo.com/?guccounter=1&guce_referrer=aHR0cHM6Ly9sb2dpbi55YWhvby5jb20v&guce_referrer_sig=AQAAAFFnCrRfx6d6QPonv_InQON5BMVdGyvhCb8xm84dEswOlp5YULla1-7BiAFzrGjgz-DbWCKeTal9-8fhS2JTaJVjoOZ9-mPLdxQMqQ1GVoRfDmfkCvICTVlKn2fVExkJKBJN409XD3ihnqsTVAYr4givHhXM_NKzQdS20zoPaMrg,Yahoo Mail,1
2025-06-05 01:41:16,https://mail.yahoo.com/n/?.src=ym&reason=myc,Yahoo Mail,1
2025-06-05 01:41:13,https://login.yahoo.com/account/challenge/device-verification?pspid=1197806870&activity=header-signin&.lang=en-US&.intl=us&src=ym&done=https%3A%2F%2Fmail.yahoo.com%2F&acrumb=U2c1ysSW&display=login&authMechanism=primary&sessionIndex=QQ--,Login - Sign in to Yahoo,1
2025-06-05 01:41:06,https://login.yahoo.com/account/challenge/password?pspid=1197806870&activity=header-signin&.lang=en-US&.intl=us&src=ym&done=https%3A%2F%2Fmail.yahoo.com%2F&sessionIndex=QQ--&acrumb=U2c1ysSW&display=login&authMechanism=primary,Login - Sign in to Yahoo,1
2025-06-05 01:40:54,https://login.yahoo.com/?.src=ym&pspid=1197806870&activity=header-signin&.lang=en-US&.intl=us&.done=https%3A%2F%2Flocalhost%3A4080%2Fd%3Fhck%3D1,Login - Sign in to Yahoo,1
2025-06-05 01:40:50,http://yahoomail.com/,Yahoo Mail,1
2025-06-05 01:40:50,https://yahoomail.com/,Yahoo Mail,1
2025-06-05 01:40:50,http://mail.yahoo.com/,Yahoo Mail,1
2025-06-05 01:40:50,https://mail.yahoo.com/,Yahoo Mail,1
2025-06-04 20:20:27,https://player.360training.com/ICP4/CoursePlayer.aspx?SESSION=612256fb-8dd5-465a-91ff-764a2dced0ce&ts=1749068331071,LCMS Course Player,1
2025-06-04 20:20:27,https://lms.360training.com/lms/lrn_launchCourse.do?courseId=58F667AE5C8B403AAE079FCCEDF07DAA&learnerEnrollmentId=37525062&method=displayLearnerProfile&lguid=b760b779-6e48-4ef1-9c4e-f2cd76ed8679,LCMS Course Player,3
2025-06-04 20:00:34,https://player.360training.com/ICP4/CoursePlayer.aspx?SESSION=46fc1fc4-a087-4796-8bcc-9db9315aae78&ts=1749067138524,LCMS Course Player,1
2025-06-04 20:00:20,https://player.360training.com/ICPfilesystem/PersistentAssets/740137/1183435/Thai%20Garden%20-%20Incident%20Report%20Form.png,Thai Garden - Incident Report Form.png (385×498),1
2025-06-04 19:43:02,https://player-cdn.360training.com/ICPFileSystem/PersistentAssets/670263/1183647/html5Content/index.html#message-1,LCMS Course Player,2
2025-06-04 19:42:59,https://player-cdn.360training.com/ICPFileSystem/PersistentAssets/670263/1183647/html5Content/index.html#message-3,LCMS Course Player,3
2025-06-04 19:42:57,https://player-cdn.360training.com/ICPFileSystem/PersistentAssets/670263/1183647/html5Content/index.html#message-5,LCMS Course Player,2
2025-06-04 19:42:53,https://player-cdn.360training.com/ICPFileSystem/PersistentAssets/670263/1183647/html5Content/index.html#message-7,LCMS Course Player,1
2025-06-04 19:42:51,https://player-cdn.360training.com/ICPFileSystem/PersistentAssets/670263/1183647/html5Content/index.html#message-6,LCMS Course Player,2
2025-06-04 19:42:47,https://player-cdn.360training.com/ICPFileSystem/PersistentAssets/670263/1183647/html5Content/index.html#message-4,LCMS Course Player,3
2025-06-04 19:42:46,https://player-cdn.360training.com/ICPFileSystem/PersistentAssets/670263/1183647/html5Content/index.html#message-2,LCMS Course Player,4
2025-06-04 19:25:00,https://player.360training.com/ICP4/CoursePlayer.aspx?SESSION=83ae375c-d605-4ae3-9767-0b0adc92f0b8&ts=1749065004483,LCMS Course Player,1
2025-06-04 19:24:53,https://cas.360training.com/cas/login?service=https%3A%2F%2Flms.360training.com%2Flms%2Flogin%2Fcas,LMS - Learner Mode,2
2025-06-04 19:24:53,http://lms.360training.com/lms/lrn_myCourses.do?adminSelectedEntityType=NONE&adminCurrentMode=ROLE_LEARNER&brand=tipsalcohol&userAgent=Mozilla%2F5.0+%28Windows+NT+10.0%3B+Win64%3B+x64%29+AppleWebKit%2F537.36+%28KHTML%2C+like+Gecko%29+Chrome%2F137.0.0.0+Safari%2F537.36+Edg%2F137.0.0.0&currentView=redirect%3A%2Flrn_myCourses.do&locale=en_US&isStoreUser=true,LMS - Learner Mode,2
2025-06-04 19:24:53,https://lms.360training.com/lms/lrn_myCourses.do?adminSelectedEntityType=NONE&adminCurrentMode=ROLE_LEARNER&brand=tipsalcohol&userAgent=Mozilla%2F5.0+%28Windows+NT+10.0%3B+Win64%3B+x64%29+AppleWebKit%2F537.36+%28KHTML%2C+like+Gecko%29+Chrome%2F137.0.0.0+Safari%2F537.36+Edg%2F137.0.0.0&currentView=redirect%3A%2Flrn_myCourses.do&locale=en_US&isStoreUser=true,LMS - Learner Mode,2
2025-06-04 19:24:53,https://lms.360training.com/lms/cameFromStore.do?to=/lrn_myCourses.do&ts=1749065087712&ticket=ST-2223468-ykw7-u7vspAmOdC-lSi033A-tpw-cas.360training.com,LMS - Learner Mode,2
2025-06-04 19:24:53,https://lms.360training.com/lms/login/cas?ticket=ST-2223470-dV4Z1T9ikG6Vva53ya-urKdoMG4-cas.360training.com,LMS - Learner Mode,1
2025-06-04 19:24:53,http://lms.360training.com/lms/cameFromStore.do?to=/lrn_myCourses.do&ts=1749065087712&ticket=ST-2223468-ykw7-u7vspAmOdC-lSi033A-tpw-cas.360training.com,LMS - Learner Mode,1
2025-06-04 19:24:47,https://www.360training.com/AjaxLogonForm?catalogId=10051&langId=-1&storeId=21701&sfDashboard=1&ls360Dashboard=1&ts=1749065087469,Dashboard,1
2025-06-04 19:24:47,https://www.360training.com/AuthorizeLearnerBulkPurchaseCmd?headLogin=1&URL=https%3A%2F%2Fwww.360training.com%2FAjaxLogonForm%3FdeleteIfEmpty%3D*%26previousPage%3Dlogon%26toOrderId%3D.%26updatePrices%3D0%26storeId%3D21701%26reLogonURL%3DLogonForm%26errorViewName%3DAjaxOrderItemDisplayView%26URL%3D%253Cc%253Aout%2Bvalue%253D%2527%253Cc%253Aout%2Bvalue%253D%2527RESTOrderCalculate%253FURL%253Dhttps%253A%252F%252Fwww.360training.com%252F%2526calculationUsageId%253D-1%2526calculationUsageId%253D-2%2526deleteCartCookie%253Dtrue%2526page%253D%2527%252F%253E%2527%252F%253E%26returnPage%3D%253Cc%253Aout%2Bvalue%253D%2527%2527%252F%253E%26calculationUsageId%3D-1%26catalogId%3D10051%26continue%3D1%26createIfEmpty%3D1%26fromOrderId%3D*%26langId%3D-1%26ls360Dashboard%3D1&ticket=ST-2223452-kAlEJvez91SdrAVIMKUlO6EmedI-cas.360training.com,Dashboard,1
2025-06-04 19:24:47,https://www.360training.com/AjaxLogonForm?langId=-1&ls360Dashboard=1&catalogId=10051&storeId=21701&krypto=UJuHA%2B6hY9unc6Tg1TZkr9CgQ599O%2BTjMzdZzYTXHjC3WhrL2wDibZ2pvA2tRWIugail%2ByMPlrhSR%2Fyzaa%2Ft6Pet7Z%2BqvCD%2FuULGzzjRtXpOeK5Qh3PegQI%2FTnV8XwmIp2HT1fr%2FueLL1Uo2NeaRoBvorZpyjyo31HLhnv%2B4afNrcAvsoprd6gs%2FCYEau4rnx49s%2B53Qb03hbAla0N02%2B8OA6PJxq1RE6E%2BSM7Od6kAQkZfBxZSBkugfNAPGBFS3uX2oiOg7DHjGutJs3HKv3qEqAb5MCstoTxJ11yzy0oxFOEt4SpJGaevJXUZm0gdI8arUbGawOwwfoNg6AFFS%2FUfzPGts8c95C6eu5z2CuB2GhDfFTTA0Mjb44S4yBFBezRIJmgTAV5JfSehyHxm5nPXssi0zIWFieIDLyVJF47dNyGOkiGlngo2yRbLlCtd0bc5UtufN7V3jzLsui2VaZqD%2BhehKji7cV9Eu65cnKNxQv47XaLRwn4MvA73InrS0w0YL1tgk9fpyoU0Zkt3KHrHet5O%2BqEQGXnUIuQorGE4wCnWdE7dMy%2B%2FCLzgW88HGcMpGGNehz2RZIE%2BMPSCeUcV8eCCvhhUyWOn%2F81kRfeTEoWRL0lo63uzaNrPDMdQd1NF8bEM%2BNO2ICnrXSt7Jcl4xBQIlZqTjitYoM%2F9QIF1c6knT9Nh%2BHQvf1WqOoEGRCs34zZntQqHRBW4aE8YgFWQ%2BN0wN96Yq7aUgoLlSd3ZAc%2FKyYKE7VKFpdKBtzcCk,Dashboard,1
2025-06-04 19:24:44,https://cas.360training.com/cas/login?_gl=1*yiz8f5*_gcl_au*MTcxOTg2OTc2MC4xNzQ5MDU3MzE0LjE2MDE3Mzk0NjguMTc0OTA2NTAzMS4xNzQ5MDY1MDMx*_ga*OTM1NDkxMzYxLjE3NDkwNTczMTQ.*_ga_XB72E1X9KN*czE3NDkwNjUwMjkkbzIkZzAkdDE3NDkwNjUwMzEkajU4JGwwJGg3ODI0Njc3NzQ.,Login - CAS – Central Authentication Service,1
2025-06-04 19:23:48,https://nam11.safelinks.protection.outlook.com/?url=https%3A%2F%2Fwww.360training.com%2FAjaxLogonForm%3FcatalogId%3D10051%26langId%3D-1%26storeId%3D21701%26sfDashboard%3D1%26ls360Dashboard%3D1%26ts%3D1749056474974&data=05%7C02%7Cfrontdesk%40worthotel.com%7C099d89396e714b7905cd08dda389c215%7Cbba3d172f36a4b5196d9082fda5f220d%7C0%7C0%7C638846534251295688%7CUnknown%7CTWFpbGZsb3d8eyJFbXB0eU1hcGkiOnRydWUsIlYiOiIwLjAuMDAwMCIsIlAiOiJXaW4zMiIsIkFOIjoiTWFpbCIsIldUIjoyfQ%3D%3D%7C0%7C%7C%7C&sdata=MkL9mFm2NEXSA5vrX73ZZG%2F0O4hpeuse12%2FBrdikKMU%3D&reserved=0,Sign Up | Login,1
2025-06-04 19:23:48,https://www.360training.com/AjaxLogonForm?catalogId=10051&langId=-1&storeId=21701&sfDashboard=1&ls360Dashboard=1&ts=1749056474974,Sign Up | Login,1
2025-06-04 18:55:19,https://lms.360training.com/lms/rest/certificate/37525063,37525063,1
2025-06-04 17:38:01,https://player.360training.com/ICPfilesystem/PersistentAssets/671591/1051111/PDF.pdf,PDF.pdf,1
2025-06-04 17:16:33,https://player.360training.com/ICP4/CoursePlayer.aspx?SESSION=bad61776-52ac-4d2e-8b3b-4ad1136111a6&ts=1749057357806#,LCMS Course Player,1
2025-06-04 17:16:16,https://player.360training.com/ICP4/CoursePlayer.aspx?SESSION=bad61776-52ac-4d2e-8b3b-4ad1136111a6&ts=1749057357806,LCMS Course Player,1
2025-06-04 17:16:16,https://lms.360training.com/lms/lrn_launchCourse.do?_csrf=af7bb53e-b780-48db-a979-d0bf465ce78e,LCMS Course Player,1
2025-06-04 17:16:13,https://lms.360training.com/lms/lrn_launchCourse.do?courseId=58F667AE5C8B403AAE079FCCEDF07DAA&learnerEnrollmentId=37525063&method=displayLearnerProfile&lguid=f8c0ad60-5832-4192-8a26-2a93a9274cc3,Course Approval,1
2025-06-04 17:16:06,https://lms.360training.com/lms/lrn_myCourses.do?adminSelectedEntityType=NONE&adminCurrentMode=ROLE_LEARNER&brand=tipsalcohol&userAgent=Mozilla%2F5.0+%28Windows+NT+10.0%3B+Win64%3B+x64%29+AppleWebKit%2F537.36+%28KHTML%2C+like+Gecko%29+Chrome%2F137.0.0.0+Safari%2F537.36+Edg%2F137.0.0.0&currentView=redirect%3A%2Flrn_myCourses.do&locale=en_US&isStoreUser=true#,LMS - Learner Mode,1
2025-06-04 17:16:03,https://lms.360training.com/lms/cameFromStore.do?to=/lrn_myCourses.do&ts=1749057352963&ticket=ST-2206335-WlBO-Lyaesr9KilcG869jh1tJJo-cas.360training.com,LMS - Learner Mode,2
2025-06-04 17:16:03,https://lms.360training.com/lms/login/cas?ticket=ST-2206337-BzhbKpM8C-b9GO0jtHhERchcqEs-cas.360training.com,LMS - Learner Mode,1
2025-06-04 17:16:03,http://lms.360training.com/lms/cameFromStore.do?to=/lrn_myCourses.do&ts=1749057352963&ticket=ST-2206335-WlBO-Lyaesr9KilcG869jh1tJJo-cas.360training.com,LMS - Learner Mode,1
2025-06-04 17:15:52,https://www.360training.com/AjaxLogonForm?catalogId=10051&langId=-1&storeId=21701&sfDashboard=1&ls360Dashboard=1&ts=1749057352714,Dashboard,1
2025-06-04 17:15:52,https://www.360training.com/AuthorizeLearnerBulkPurchaseCmd?headLogin=1&URL=https%3A%2F%2Fwww.360training.com%2FAjaxLogonForm%3FdeleteIfEmpty%3D*%26previousPage%3Dlogon%26toOrderId%3D.%26updatePrices%3D0%26storeId%3D21701%26reLogonURL%3DLogonForm%26errorViewName%3DAjaxOrderItemDisplayView%26URL%3D%253Cc%253Aout%2Bvalue%253D%2527%253Cc%253Aout%2Bvalue%253D%2527RESTOrderCalculate%253FURL%253Dhttps%253A%252F%252Fwww.360training.com%252F%2526calculationUsageId%253D-1%2526calculationUsageId%253D-2%2526deleteCartCookie%253Dtrue%2526page%253D%2527%252F%253E%2527%252F%253E%26returnPage%3D%253Cc%253Aout%2Bvalue%253D%2527%2527%252F%253E%26calculationUsageId%3D-1%26catalogId%3D10051%26continue%3D1%26createIfEmpty%3D1%26fromOrderId%3D*%26langId%3D-1%26ls360Dashboard%3D1&ticket=ST-2206301--Y-PjGVY1KADKBtG6T2UhWkyKCQ-cas.360training.com,Dashboard,1
2025-06-04 17:15:52,https://www.360training.com/AjaxLogonForm?langId=-1&ls360Dashboard=1&catalogId=10051&storeId=21701&krypto=49Wjpj90roH0Mls%2BkHen2eSnumyWAPq%2B9SJvjUWmt35SNFWwOJsLATlsRTSxnXkdfd111l0fxP1GfAD8i7ThL%2BS0DbJZNfPBM2PGhP3y5p%2BK5RzcuFhIIGb22CoqkoItg15wHowsu8Ayhx%2BV9ir3fUHdKMnrAOIkjIVfGabOSio10%2BBULv76T5BK98njmPBQcJpd7Q%2FP2BGPQLqU4mVxHVTjMgGAskKdM1cNB7qK5%2B10Qba4L%2Fy63TIb6KNNOOCtwfGhD5HDvdE%2BvL%2Fiy4akBYH2TZ0dkkDy9L%2BNsh4UQlcJqBGvdbXDLKgPJYlhcOHPmsqA1EQXBFjGYeUBrEiz5ghUjw%2F47%2FfaSOGB3AaMOs8hpURI4xQY4x3YlRE6kJH7hnoPcuXXhXcB8Ir%2FCRlmH%2FEhN1QsO9zYCBryDN%2BjJjcxozXWD%2FiqeYEJ%2FztLy0L2o0Jh90fTrqfpjrPLHWKV%2FGKoXxAFb%2Btu%2Bd287UURs%2BJ7ywXk88xXz1Lp3YE99FItQM80MmLgw3oxgof5NE4I%2F%2BCGFUccrJJi7ua4xV%2BfFYOykoA1c3I%2F5lfAK%2BcZ4B1sN%2FjFE0DCtpWAHaAuBBV2Z4UeG4mTV132kUgAoNrzFdVq5lNhNMyzaLbaL4Vot7VeR5dumUi0ovWDPolZ4BptUcxMIapMuaHBuhKajEstGd%2BWnlMEo93oxcWb3QVcsWmRDoiMA1hlcN1wvO2MKQ6lFsX8m8AIL5%2FoQ%2F1tj1G9JzgMEM0AyGx0MGSX4lSIwH53,Dashboard,1
2025-06-04 17:15:49,https://cas.360training.com/cas/login?_gl=1*145xkfe*_gcl_au*MTcxOTg2OTc2MC4xNzQ5MDU3MzE0LjYzMTg3NDY4OC4xNzQ5MDU3MzI2LjE3NDkwNTczMjY.*_ga*OTM1NDkxMzYxLjE3NDkwNTczMTQ.*_ga_XB72E1X9KN*czE3NDkwNTczMTMkbzEkZzEkdDE3NDkwNTczMjYkajQ3JGwwJGgxNTc1MTU2ODIz,Login - CAS – Central Authentication Service,1
2025-06-04 17:15:10,https://nam11.safelinks.protection.outlook.com/?url=https%3A%2F%2Fwww.360training.com%2FAjaxLogonForm%3FcatalogId%3D10051%26langId%3D-1%26storeId%3D21701%26sfDashboard%3D1%26ls360Dashboard%3D1%26ts%3D1749057109447&data=05%7C02%7Cfrontdesk%40worthotel.com%7C16b2db5864ce4bf5dbb908dda38b3986%7Cbba3d172f36a4b5196d9082fda5f220d%7C0%7C0%7C638846540556475290%7CUnknown%7CTWFpbGZsb3d8eyJFbXB0eU1hcGkiOnRydWUsIlYiOiIwLjAuMDAwMCIsIlAiOiJXaW4zMiIsIkFOIjoiTWFpbCIsIldUIjoyfQ%3D%3D%7C0%7C%7C%7C&sdata=7oivBH%2FEaLg6HZipoeo%2FBtXzgRIG%2Fhuc7N9w8TrRkeg%3D&reserved=0,Sign Up | Login,1
2025-06-04 17:15:10,https://www.360training.com/AjaxLogonForm?catalogId=10051&langId=-1&storeId=21701&sfDashboard=1&ls360Dashboard=1&ts=1749057109447,Sign Up | Login,1
2025-06-04 04:45:23,https://copilot.cloud.microsoft/?fromcode=cmc&redirectid=2E1496D1770F4844A26ADED8037FC6BA&auth=2,,1
2025-06-04 04:45:22,https://copilot.cloud.microsoft/?fromcode=cmc&redirectid=2E1496D1770F4844A26ADED8037FC6BA&login_hint=frontdesk%40worthotel.com&auth=2,Working...,1
2025-06-04 04:45:22,https://login.microsoftonline.com/organizations/oauth2/v2.0/authorize?client_id=4765445b-32c6-49b0-83e6-1d93765276ca&redirect_uri=https%3A%2F%2Fcopilot.cloud.microsoft%2Flandingv2&response_type=code%20id_token&scope=openid%20profile%20https%3A%2F%2Fwww.office.com%2Fv2%2FOfficeHome.All&response_mode=form_post&nonce=638846091219110304.ZTgwY2M4MjItNTY5Ny00MmYwLWIwMmEtNWRhNjdjMmVhZWE3NDYxNWQxNDAtZmIwOS00NWNlLTllODMtYmZkZDI5M2E1MGVi&ui_locales=en-US&mkt=en-US&login_hint=frontdesk%40worthotel.com&msafed=0&client-request-id=369e2065-4d0c-46b8-af2b-cd91f40eb779&state=5b-3foQ6UPfTEKu5Egn-a_sxp2ZjVDCOUVP0bYG2QIDyuznxUGyVPMVayhmhRaAt_1kDjcofSv0bj_G4jfnXraMxtMnONzqDZf-mcEayVtfNIDr5EyG_LheVtwNOJmtKI1sTeVADjT8ZN4tz5aIr_Bt_aM1IRcbQHFcdXyXwNn7869wivYc66mq09wYnjTz_z7lKZ3KXURNtGHk_RK0JYzlRRTRP90ScDzPSpkscm5QPYc4rfmlbGE-gjUE3qUeys0TVGsUhysFyiKC1QxNZsD4y6A3HZUcENcG-iPFvmrJKW2cZt54kB2sr2bweDShfpLKQlKTZiVt7qhLz28KcWfIGbMsvJUYik2-Despkia4BoNBqslkYhKmX81aRok21fxmNWwdfRmWGbBJNKtpsJKNfoJMOGA2D9ezAQ2KAxFJMkz4ZcpZaKUo382GvymqnHgv1a1dtIuf37xrERs33_YP2d0miazn3_KQMAZBvr1sLYesA2m2Ey_tF2vjecz3K&x-client-SKU=ID_NET8_0&x-client-ver=8.5.0.0,Working...,1
2025-06-04 04:45:22,https://login.microsoftonline.com/organizations/oauth2/v2.0/authorize?client_id=4765445b-32c6-49b0-83e6-1d93765276ca&redirect_uri=https%3a%2f%2fcopilot.cloud.microsoft%2flandingv2&response_type=code+id_token&scope=openid+profile+https%3a%2f%2fwww.office.com%2fv2%2fOfficeHome.All&response_mode=form_post&nonce=638846091219110304.ZTgwY2M4MjItNTY5Ny00MmYwLWIwMmEtNWRhNjdjMmVhZWE3NDYxNWQxNDAtZmIwOS00NWNlLTllODMtYmZkZDI5M2E1MGVi&ui_locales=en-US&mkt=en-US&login_hint=frontdesk%40worthotel.com&msafed=0&client-request-id=369e2065-4d0c-46b8-af2b-cd91f40eb779&state=5b-3foQ6UPfTEKu5Egn-a_sxp2ZjVDCOUVP0bYG2QIDyuznxUGyVPMVayhmhRaAt_1kDjcofSv0bj_G4jfnXraMxtMnONzqDZf-mcEayVtfNIDr5EyG_LheVtwNOJmtKI1sTeVADjT8ZN4tz5aIr_Bt_aM1IRcbQHFcdXyXwNn7869wivYc66mq09wYnjTz_z7lKZ3KXURNtGHk_RK0JYzlRRTRP90ScDzPSpkscm5QPYc4rfmlbGE-gjUE3qUeys0TVGsUhysFyiKC1QxNZsD4y6A3HZUcENcG-iPFvmrJKW2cZt54kB2sr2bweDShfpLKQlKTZiVt7qhLz28KcWfIGbMsvJUYik2-Despkia4BoNBqslkYhKmX81aRok21fxmNWwdfRmWGbBJNKtpsJKNfoJMOGA2D9ezAQ2KAxFJMkz4ZcpZaKUo382GvymqnHgv1a1dtIuf37xrERs33_YP2d0miazn3_KQMAZBvr1sLYesA2m2Ey_tF2vjecz3K&x-client-SKU=ID_NET8_0&x-client-ver=8.5.0.0&sso_nonce=AwABEgEAAAADAOz_BQD0_48QhqqKnbKsfJkl5YSGcS3QX6YGRtzCOMljyG7C2xnfLoixs7tDKdB5nwaHCELBR3topZQ_TFwh6Qml16LNWYcgAA&mscrid=369e2065-4d0c-46b8-af2b-cd91f40eb779,Working...,1
2025-06-04 04:45:21,https://copilot.microsoft.com/?q=Learn+a+new+language+basics&showconv=1&sendquery=1&seltone=b&form=M4046Q&OCID=M4046Q&msclkid=c71d436a077b1757590d2b54aad5f848,Redirecting...,1
2025-06-03 22:15:13,https://be.synxis.com/?adult=1&arrive=2025-06-03&chain=10237&child=0&currency=USD&depart=2025-06-04&hotel=27301&level=hotel&locale=en-US&productcurrency=USD&rooms=1&shell=rJACWH&template=rJACWH,The Wort Hotel - Reservations - Room Availability,1
2025-06-03 22:15:07,https://nam11.safelinks.protection.outlook.com/?url=http%3A%2F%2Ftcgms.net%2Ftr%2Fc%2F246046246d4e14ed46g46m46h4de4ff4fx4d946b00%2F1394967&data=05%7C02%7Cinfo%40worthotel.com%7Cf22cb837d8c54fb49f7508dda2ebbe1b%7Cbba3d172f36a4b5196d9082fda5f220d%7C0%7C0%7C638845855594221959%7CUnknown%7CTWFpbGZsb3d8eyJFbXB0eU1hcGkiOnRydWUsIlYiOiIwLjAuMDAwMCIsIlAiOiJXaW4zMiIsIkFOIjoiTWFpbCIsIldUIjoyfQ%3D%3D%7C0%7C%7C%7C&sdata=2oUJRyO2elsYpreT50LeBxusVmM2UlYcLhZ7QK9xwgY%3D&reserved=0,The Wort Hotel - Reservations - Room Availability,1
2025-06-03 22:15:07,http://tcgms.net/tr/c/246046246d4e14ed46g46m46h4de4ff4fx4d946b00/1394967,The Wort Hotel - Reservations - Room Availability,1
2025-06-03 22:15:07,https://tcgms.net/tr/c/246046246d4e14ed46g46m46h4de4ff4fx4d946b00/1394967,The Wort Hotel - Reservations - Room Availability,1
2025-06-03 22:15:07,https://be.synxis.com/?adult=1&arrive=2021-11-24&chain=10237&child=0&currency=USD&depart=2021-11-25&hotel=27301&level=hotel&locale=en-US&rooms=1&shell=rJACWH&template=rJACWH,The Wort Hotel - Reservations - Room Availability,1
2025-06-03 03:17:16,https://idcs-67322d8881824b13b3da16015007f9e2.identity.oraclecloud.com/sso/v1/user/logout?nonce=6ee98330-e044-4ee8-ab7e-aedee8eee854&tenant=hgbucloud01&domain_ocid=ocid1.domain.oc1..aaaaaaaacuigpodhvv6maozhy6he64rmuhkw7ytdcuyelxll4fkpkuod6mxa,Login - OPERA Cloud,1
2025-06-03 03:17:16,https://hu05-ssd-ohs.oracleindustry.com/oamfed/idp/samlv20?SAMLRequest=hVNdb6owGP4rpLsuFPCzERcz5zlE5zEH3Fm8q7RIM2gZLaL%2FfkUl2Vmy7fbN8z5fbzu5PxW5dWSV4lIEwLURsJhIJOXiEIBtvIAjYClNBCW5FCwAZ6bA%2FXSiSJGXeCUPstZ%2F2VvNlLYMk1D41EcoAHUlsCSKKyxIwRTWCY5mTyvs2QiXlUx5boZE64rva83wi1kCHYHiAci0LrHjNE1jN74tq4PjIeQ6L0%2BrKMlYQSAXrauEdVutoe9liVKs0iZmt2JyfimEeo4BGcRdh6aKH76AIweNW3gLuftoqPyxCC0TmQNrbvrjgujLEVoNZUSyGvWhUhTKTBkpkuSMC1orXZ3tRBaOJEXKqMNp6bRiR89UGCpVs%2FDSjQ6Ah7w%2BRAOI%2FBj52B1it78D1nN3ba%2B9djgPAKcw%2Fp3RV6Leyn%2FDlG4y6EW%2FdmVGN2tvBsH13vhCXlkLWRVEfx%2BtnRjW9AI1TWuuz2DaJeM0UXAw9D2PjkYjd%2BT19q6%2F9ylxB8g1T2GYjplnc3rdu2VPclnTNjju9XzHJJ84H1zdLK6Nbjj%2F0aJru58tFoTnM0orphSYLqP4z%2FIxuilcSbtHHxmEqS8UlJ2mhmDXWzePyfEBptl2HD4s6gqm8anZbgq4Gj67yzON%2BYaXr1eyT%2Fvd8L%2BfNH0H&SigAlg=http%3A%2F%2Fwww.w3.org%2F2001%2F04%2Fxmldsig-more%23rsa-sha256&Signature=frhUeaka2rfRxPkcgbHpRZz4dJc6GAt%2FCiuRNNBC5ZiyI4aLg80jSqwOZahq8%2BnZqv0ObMcZVNoOblwRAZoI0PrrELqZ2QfiweWomL2ivaC3hXWnFhiD9Y2yJLZHmsvY6n4A902sr7dBftFPt%2Bryre1XzX0BnBEkiNegrYacdr%2FzuC%2BXm6A%2BiN65PViqkAyAClwZUO%2Bh8Lgo67j52YMYnqLHVTLmhTlx4IgsnOCBytw00wGdmZjqmpxyGw547fKj2S0OEmaW%2B5CUKbFRtCeyD6ULI0VedENiLWtsKrWVsoSBzS%2B058%2FFiW02MfGcMDsP%2B%2FaXxxLE%2F8Dn1oSiymnvCw%3D%3D,Login - OPERA Cloud,1
2025-06-03 03:17:16,https://idcs-67322d8881824b13b3da16015007f9e2.identity.oraclecloud.com/oauth2/v1/authorize?response_mode=form_post&response_type=id_token&scope=openid&IDCS_CG_ENC_VER=v2&state=pgQ2Cw0LHNVNnvot14BhpZvyr02OVr2M5gNXkZ1pUEo&nonce=2DJBOaVwWl2QUHFx0lli6OVxQFNdcPDrAwDoR2FUHEM&IDCS_IS_CLOUDGATE=true&X-HOST-IDENTIFIER-NAME=mtucn1.oraclehospitality.us-ashburn-1.ocs.oraclecloud.com&idcs_app_name=opera-mtucn1prod&policyAppName=opera-mtucn1prod&policyAppTenant=idcs-67322d8881824b13b3da16015007f9e2&idcs_app_resource_url=https%3A%2F%2Fmtucn1.oraclehospitality.us-ashburn-1.ocs.oraclecloud.com%2FOPERA9%2Fopera%2Foperacloud%2F%3FTPLNG%3DE&client_id=opera-mtucn1prod&IDCS_CG_ENC=true&enc=TOS5D-kytcvUAgAAmgIAABAgmgIAAIACAAAQAJCeAZ6oJ4rZ8ElkoO0l3OW4DrHsaOatF13uQvGS2dS3PS2yaICCEwKHXBYHRGGRVmx1i5CG0hMnTJBIbxCecE-Skn87m48LyExQIsnf3HsQ8YxZi11YztsLQkCdRdu5R0yAPOMLk0HJsLBUGLmFYhS456_tc-pGflVhg7HpxYZRIxtN9jiHOAmuogEfjhIBvU6yLhlN8aZ3g4WTQbyLVMRPTKh8smUU56fAO1kKUKNK4NB5D5Cq6KSFjWJK3p5PxM64V1L7H_RaJ1dTcIx1Uw0t9qZ2LkZzuHbnOoNXdTJbn0UcoKLuXAU2dDvhARRBrRi07YLVg5z2dtup4LdG_eRh2fwdXHWRVLgcvFXDcycfUFmhuvxTccuInMRPoWDY8xrwyv767BypzHY2qDFE2bWcFKjZVWaERAynCsHG7fflaByhdH9v62-4uVPisNwpGGsn5pBUzL5k6oYQezBj3pAnG2g3XiDP8MFq2ZXlltvrReW5F4bX82qqCQwnaY-ujYWvXhzGwqima669iwFOobo1v-T5GsSn0Z5lkTGbD56TGp5CbOE72QtTrwotZkNB6xMJIvAdt6tN5AuDQgOPa26weDCo93AtNRGoje7pk3BktdKxq_jUxYMowjbLWjZ_IWbJRnEtSeNw2MxF7xFQ21Xg4cfKYr_iQC0ElQAP1ekRfRNr3Sq78Lhq7TdjlEZ4ZT49XFiAMXjv4a601QrROJMQajBdopszt_akwo-4zSk5srT0_lMxWLQoWVXrOA6AU3F4WA3GUIngPMYD58Yd1fe62w8TvGbA6DmtX2ak_o29GJik42UarwhlC8wpFUzqW1MStFC_terzcBMwxtPMrdtY778KcoZKqqUc9nvd4Na26qU3V0rfTy8BTjzFyPkewur9f-G78M9lPEUT2MX5C58j4yNq9P-oTok05be3jmfu,Login - OPERA Cloud,1
2025-06-03 03:17:16,https://hu05-ssd-ohs.oracleindustry.com/oamfed/idp/samlv20?SAMLRequest=hVPLbtswEPwVgTlTpCS%2FQkQO3BiGjTzq1m4Q9EaTtE2UIlUuFcf9%2BlJ2BKSHuDdiMTM7s7u8uX2rTPKqPGhnS5SlFCXKCie13ZXox3qGRyiBwK3kxllVoqMCdDu%2BAV6Zmk2asLff1e9GQUiikAX21qe0RI23zHHQwCyvFLAg2Gry%2BMDylLLau602schD8HrTBMVeIgl1AqBLtA%2BhZoQcDof0UKTO70hOaUZeHh9WYq8qjrVtTQnVsVo%2Fl9tyAOVDTNlRYsxPG9EeiaCIuOrQEvTuEzgl9LqFt5Crj4bq%2Fw4iOOEMSpbvry%2Fangd%2FibY5g4DN1%2BslXn5drVEyc16o0zZKtOUG4lymcSfa8nDaa%2BsbovF9Q%2FsYQGK3h2ifC6OiWgPBH1PhKuJ4tVWSaFmTNsBrHteyAGjU4jTvUKKc5n1MB5gWa1qwbMiywU%2BUPHcHlLcHtJiWSEusp9lm%2BAuknE3m9zW%2BC0%2Fzb38Gz7W%2B32F0PiF2Evet%2F4qHy7nbSlTdnqBxe0GHIxp3ybQUgAfDIs%2FlaDTKRnlvkxWbQvJsQLN4XsPttcpTLc%2B89%2BzCuEa2wVmvV5CY%2FIZ8cNVd%2BVNsvJgundHimEyMcYc7r3iInyH4RiEyPrP%2B%2FQ7jvw%3D%3D&RelayState=ndLr&SigAlg=http%3A%2F%2Fwww.w3.org%2F2001%2F04%2Fxmldsig-more%23rsa-sha256&Signature=Hj3DXjiv4C4TeFL1dQAoSCGnuxJGpqeWBISHDZiWHYhE%2BFiJLLmDaj1xQDKhtv1CV1czWKQMEhZZMg436eY7AaisTrJ%2FIT7g1mpoSIRwOhYtviMP5fWoNLLUvGjM0QkMNWTDxllpIOtkUTY9S%2B6DNX1IjV5o5lpSMc1ZAoILmXu9U1ZdCfoZp98%2FtG4UHbNiOILWp3mOFZuk52IGPMwvG%2BeSNYH9eFPv%2FQZWCk%2F67nouQxr5g3IrZ5zxUhRfve7gqoMg%2B7Od5X179jEnwfcJs9uot9PmLud4ovMbC7pP5LT60nNIx0YBSJdCuVDB6%2BnN9lSJYHLaLYEnRJLbRkvmhw%3D%3D,Login - OPERA Cloud,1
2025-06-03 03:17:11,https://login.oci.oraclecloud.com/v1/logout?nonce=6ee98330-e044-4ee8-ab7e-aedee8eee854&domain=hgbuiad02prod&domain_ocid=ocid1.domain.oc1..aaaaaaaacuigpodhvv6maozhy6he64rmuhkw7ytdcuyelxll4fkpkuod6mxa&tenant=hgbucloud01&domain_stripe_url=https%3A%2F%2Fidcs-67322d8881824b13b3da16015007f9e2.identity.oraclecloud.com%3A443,Oracle Cloud Infrastructure | Sign Out,1
2025-06-03 03:17:10,https://mtucn1.oraclehospitality.us-ashburn-1.ocs.oraclecloud.com/cloudgate/logout.html?postlogouturl=https://mtucn1.oraclehospitality.us-ashburn-1.ocs.oraclecloud.com/OPERA9/opera/operacloud/?TPLNG=E&TPFLSCRN=Y&_afrRedirect=716867889974508,,1
2025-06-03 03:17:10,https://idcs-67322d8881824b13b3da16015007f9e2.identity.oraclecloud.com/oauth2/v1/userlogout?IDCS_CLIENT_TENANT=idcs-67322d8881824b13b3da16015007f9e2&X-HOST-IDENTIFIER-NAME=mtucn1.oraclehospitality.us-ashburn-1.ocs.oraclecloud.com&IDCS_SESSION_ID=e8aa630b4c0040f29f6403701aa2cb3b%3A8df87a&IDCS_CG_ENC_VER=v2&client_id=opera-mtucn1prod&method=encrypt&IDCS_CG_ENC=true&token=ogHIs4g7MI8ECgAAygkAABAgygkAALAJAAAQANZz5ivv8yyWZdqEATOYIHf-nzmmoyZ_aRy9rgfhi7pCkPvsS9Q9JJqUAVbsaPtXlMAV6-hScBlVxLCD3j8a91Pg_9AEW0bArRDKz8GDcaf6gZXehjqIIF2uWJCQhbIoSobevcYJW8UaMIMPTF7vCk-FTIrwn7YdA4G80KwZCCkzyon1lhzOsG0tU4jAdkRF6-4wEV4qzhRgLhpi9gVb0wMrybZ7CwI0KRhbSZXDtdZbB2vxafTAyru9zbrpoPt_JG9VgT-qa7bdB89MgIn4AtFAksuFoeMcjw1y5Trew9Vfkr6qP9FPWt1akSzFfyjsiU66Bvo-uEurefsaSCw_P3NDLUkLjK5PJxXjLs4nw74iCq9nqQAkhz7Yl9IDYszk9o9xT_r0WNdexFqeoC3CG5LV8XsqYR8CfN03wvQjfh3053HT7FFhZFI8G7uNXUOnd41PAyoDX9NhE8rX7-1j9FN54CIJDDOnF7hZf3ljPPmNR-RIlHZHqVZQFx2e7g2WKx1H96Ml8p1GxceRFQQ2MhXLRNHj_IIR-mRNDvAEK141jV-Z8zwYE8tWVYKeyR3dFxuvfH1GCpSVr43SVc6Cwdp66o-znB63DkzX4S9i22mqbgovvWdU3OTKPnIiQG8xUKW31s_p6YHrBnlFX63idtDe94yfN2FBdy_uxcN8_SvfA9PY3Z6m2O0AEyC3rKwaTYXUK7DwWWGHPQeY1IaD3zX0hoo_egedIVjOZA5p-5Mj6zLiSo-ZrLm1h0rj4_GOxXxeatKZl1ikXnaJqHjME5URaqT24E3vgM3mcjg1n-jDXs5aUwg9IatZmNBkKmafkpeVcW_KkKJJyU_2fVQPxW7qiNLBCzQFCjL1NxofuQTROcWaTdxxYWD6lX3d_cDzds-VtME_AuxEr9uF6M_v81bAn8ixcb7-BAwKVuguTr2kUciEoULk9GHoqa06q4stp2nhOb5qL1_4C8Xr1IL4N9uziJqTTkzTWkDz7nWnJHPjuQZCp3jsGUZ1rv37zsUmwFddSe5tO2QQ8dK41ZxT04zzTTUjDE84BsoyC8Y1bBnbByeDSE9mC4ENxP1vrm_6eF_lHOskmJfKXrpBMjNAYZmv2NuWm_-fVzNzUTGhAixHGfm6q-vkjr2waWntIf5opjwxCstIoI9zWKaP_NXaGyDiUvMMRmBsxDZoYsBhHsLZgqdILeFTC6rdulhfeinW12g9QKQozwn9Wxf6-iJTrN2qyafaAo1FDoWAYW7mP4cF3aVYCVcfK5fRlEyLkY5TXP4B_Vx1b2oHSD8VUU5bQEtz97S4zW36jX1vq2EWte5H2j_hbVBMlwTA1yWgjZlMh-YILKSbLmZKjRrck4RgeMm6mDqsnpk18DzPoQhqioD4QOGATkuTuNKVs4RRSHaUBLxnmplSkgqT51qD7z9QY_2H07lRLPqiWzWscB-kHntH6Eqk8XFYks9jvOqczOCxgCflmi8q6hdmXelvEzsXLcgNZETPkR4ap3IWb8_nxEqDQD1fXYK2dNpQCquRePK3SnmN_88K53Fe9C4R3aYu2mtXPUkZ8EmjRpVMkMJKRIfJRx64HMyibOiHZroY8WRx19BdW9epmDK1GzP4GwVfDFUdQUEC6R4x7lzFYkvLOD7zdcTmRbG7yN9vW0ZU6E3Pv32iz_G20W3PGyoJg5tk6XCjm7MxtC0sVo4DUXp-kjxU79aWA9AgMC0LYZzDetXK6M8dVaHTusNUFc_IZtDmGMxEz7ifDlbNWRKzgqLdn8E3smAZeez_C01JK4_c7G-ArZWiX0hAI1S2jNAcTKXgK-4L85tcpOVywueDJWbFdH7A7QYR3CQXr5c6X20itz0uxcmrbCiTI4dj7dzV7ZWr_oGpQTisTUoaQobqeXaqu6n6txvYR7CE9qsuu80eMZxN-M11G85j7U6jxE87uAe7-Fd0oqzVadH50aLqqQyp11TATj1JgnBIDWDSVOQjiTkbKo2oBTTZdLwPsGPuDLM4Uo8jlEcjb6X1uXu0jF6-KdtI4nes-HXAVyXABW8huDVvCB1ncU7e1BVzj1fvJOWZyICWBzSS9jiut29wHpV5jrsd-NqCrAnvYE0JT0LN2V8Cdb4FP2wVjMiKhsIdJXN7ENsaI-QkO6laGz8fYbdUGdbE4u4kTyo9WCmJ55bHaIx-4rpYNruxDOlRbZTauolg8yUxwqDPpC02PCtHoItLgWWctw0S1tOkpvKy_xFSnh5keNJYi4bbgcljCiVVOoTMsQ7M7AaJ8dld83zJc8ohILO8qdFEJBomj-X2G0CXuahst2UESDWQIdDElOb6MweU3HzG1fZhS3mx7Dc9Hekyns9G8RuMWDzB8E1BXGpbHpyas3KUWq6sJhslQ9QxnvxMjLd-mUKmNYKIKVbuU-HbhEzru6GXWHRr0qRK_yRRpyMcHNGCmMaGkmr6Ir2B5enPDxPi1vZphhbov4E25X9kMc9MJd38DJIjTY4i0MWgXl2vQkKzuZt3Ivwg6frTTZTse2QhoJ3HmUzUNlqLD1Z4U7UVRiixTYIMV0jY5PJNB4aHy4v7Y7LWQtoehNUY4nCHoqKO8HHinPLIDj3hbtTYGWDDPxY_ZOWdilNC01TLpiQPfdp2GhjlyKrO6su1TZIlhIXg6DHDReIPEar-7JieUK7qOyb5qOcorPoyvRlXzyxEcIIUry22kuJ3gORz7NbJk8SOE1f21V5UOlBSTZYdrXmab3Rpl2UsH8ax03SmfodHi1eTurwUo9fVguV5jQoikNbD-R6pIb6UBl6YiWBQ0tfIZmk1H5-a0tq0hS4HkfSYElv_JNNImvha-EJEnqWEFbndP83GOXdvrL9psOmJ5QYYMG9c3eIuXwDQQNRIAVoNa3o588fxqdqOqH9ERnEJG-2ATmD45KpqKwS_764m6zJDmmNLBpLenOEKxVwHGDmiQms7Fp_eA2sm-WtvtZD0pdus-lchqvhanDkKaCnviMF2K204vTMcy47Pw7TJqqJzeucE1pvR6egTBACB7covQQzw_4IMu4wjX23IP7Nm_L-fBZ_wVbnLHs2WU7rP8uOUeteSbgX-vDu-lqS2qnXLjgaHfHSU7E3fEpSGEzT7nWeypejDCwMuxaYG1uXOaINNAsWIxdMhRUL7Pb9KzUTOrw917DDo3dbX9Ah9P5RX5zDaRRpI9VbyAh4oACx8B3euvYLMLfp4YL-PaZX_3z3nIYn6U9e0LT521aZp5zN_CZavmXHyTua0PZMz6BfAYViYJHaYpg9kQ_LMdR8HUkPSCzCoYHWXJzVYDSsoamVnKZ1BaCUgEMCu6dKTh2Lv1rmmUOt8wmInFWH2NQj9wMJz5RCjYVAy8AGcxj4MvSUoMxu0Yuq1LeZQbyaq5UYmaCp7vQ,,1
2025-06-03 03:01:48,https://mtucn1.oraclehospitality.us-ashburn-1.ocs.oraclecloud.com/OPERA9/opera/operacloud/faces/opera-cloud-index/OperaCloud?_afrRedirect=715946147377347&_afrPage=1,OPERA Cloud,1
2025-06-03 03:01:41,https://mtucn1.oraclehospitality.us-ashburn-1.ocs.oraclecloud.com/OPERA9/opera/operacloud/faces/adf.task-flow?adf.tfId=opera-cloud-index&adf.tfDoc=/WEB-INF/taskflows/opera-cloud-index.xml&TPLNG=E&_afrLoop=715939443759999&_afrWindowMode=2&Adf-Window-Id=w11fuimvmdz&_afrFS=16&_afrMT=screen&_afrMFW=1058&_afrMFH=1460&_afrMFDW=960&_afrMFDH=1440&_afrMFC=8&_afrMFCI=0&_afrMFM=0&_afrMFR=172&_afrMFG=0&_afrMFS=0&_afrMFO=1,Initializing Application,1
2025-06-03 03:01:40,https://idcs-67322d8881824b13b3da16015007f9e2.identity.oraclecloud.com/sso/v1/user/callback/login?nonce=07d6323b-a2d3-41af-86af-44855681a7ec,Submit This Form,1
2025-06-03 03:01:40,https://idcs-67322d8881824b13b3da16015007f9e2.identity.oraclecloud.com/oauth2/v1/consent?OCIS_REQ=pgCMEJnigyOiOIt2lUEqeNhRSIwlj5hUttvSl65cl1%2Fuaj%2BrkD%2FRvI7lrQ07jilSJMo5H97EcNlnj63nL7%2Bv0PwWlvTY5PXJrIUKobGaTiCkFFuqoH2SdFbDqiOXFTP%2FGi5ekwoFdIUEzeR9GOkA2%2FIrsI%2BsFda5PFQbJGH7QFwNnxp9U6lzD6cj2PYWvVAJaUcciED2uGEumVcMPGtTa%2FGlhxh2QMrbOmi0sgj61RHWq%2FrSxEyY0TlsJyZLLgHHquZM2RWkJJIb6CELGCJP9YXee6bNIjo0sQN8GU59TelFqiJyeOTJUE%2BTRV1ohGQNOifVw1ffcqtZ74xNlcmBKzqcy1lmroUZWgmOas9f0leHdRoFrsGeoQCHTQd5ezOias1Yoom4l2ZXKk1OtZNHYGlwy5AzvtoaD2VJvHgDm9F5HC0L35l8Cn6Av13mujD%2FvaBLKTSr%2BD3yVIMuwvUiBPxZ5sZjZMf0MNGbUAq4S7ALwVwc%2Bfk9lBYSKTu1Cgj3P%2B6g0fnA2KpDkQaqnIS0%2FMBY60Xem558ivFglWr7XqCon7tG4jutMKUhHBoc5ARk0L7jjK%2BhtbmLAcoRm9VK2vE%2Fz0LFB91mzg5RFHqgnA3F%2BruIMxMW1MiIzATs8c67OlqAr011wUz8rl2wyO1Jvb1eUH7CvLHQsvBZxPI0wLy7LiqS0YgQzLlVQbDFW5C1x9EqFHTjjJ%2BRXvtxVobyNO8M2fh5Sr6MNn3Q22IJpjmVxKD%2Boqi%2BmreIz5iEnxFYVYCbzPCt8VDXg5%2Bv2VcqdyUSvDh12ecgBvfix3C2964pqdsuYCL2jbbe8Ya44XzO2O977M1VOB6i%2FHhJtk1dINX6S5OmWdUY5BSkU0iTB4Y5FNc3tGgEFrfc9%2B%2BXdCh30OHN%2FR6giS%2BX3vanuvr8afFLggLuPQ0zxl1TYWIKFT6olwPcTDBmXl8zojqt1IkmCAX5Mr%2B3B1jxUSmf1%2BL7Cg6ybG%2BWmP0b2KJ0U4TspEQ7uhlVpzejPIXd7OU6XoD25lruYOO66udka7vm9QdzaD8DwoJnuCyaD1GFBOq%2F9hntTsUq%2BPXtpk%2F2%2Fvuq5qrf%2B45SRVyp32X1WrFKLNDKi6cXNAXG6kmYxmDigBG90mqyMaCEvEEc3cjeLF2gaZ1JB%2BHtAnMhUhmNuFeAIAKaYFoTNuDEkAstDPNvwkYG8IQvGm0IHl84esUiq4RLkTJOd4TSJguPaGX%2Bk%2FaSWfT5WJo1FXNTX%2B2xEAZgjady35cwlhIHmOaes%2BT5%2BSPR6w5rTmOqNFd8zb1uKuXpepf%2BYxuV%2BZjZNk59hkEzta9XIEnmcVrPwRM874KCMgBMiBzt8L6M4vCLuPXEc1QKe5QRccHhLSjBlUtUSDS3na6kBHkxNGX94jzxowM0ql4MI5lHkk1tsoIvHsYk2oDfgPWhDLxbY7KhnPKl0%2Fpzlv4B28mW5Bj0l92g2%2FNIF1xyUmRt1bsdVhkh0yqHTB7Jr%2FVthRrjNbKwFmr7IgFvuaRBVlqzZrlOJstc3CmiA13iNiP%2BwyzzjRtDEkOaU26XSJW7iz%2Fnd2kwYP8t4u8r6zMy9KGxzRN6ed%2BibGo0IuJOsQOvAeSSZbIrfu5Z2o8Jr5ywhZENGel8qykqw%2FUteAiAlj3cNTO0KBbpVE5GEfYd6ZMXfTLJ0BK4MLT9px6vCHT66fHeDEWU3B8WI3AbTxqSxP8GYtxS%2B7702CP4mzeK9pLtdObo3y2PXAbNPji1FHJ2OkIpiddriLXaTUQiZ%2FhcHFDQmvgpjS5V9okU3iDg1Q78dcm4VFhBeh16b29UajCD1ZIGT43vqS70kFb%2Fh3XW32YvULuCUw%2FP58nFZ6nXVbtDJ4Cna2CqHmDvNjv1NgTJ%2Be3I%2BOkpTfS%2BEw%2FHXOlNr5qTaKiTO6hnnQkhkbE4KhNKk9dxdiY6kdZYdPxjFx3A6zylmoQLrvwj8PUa8GwmkpdRJ9TcG8RstC94oNr0OcVf27QBuM0bQ3tB7ca1xjV0w%2B%2BjRbCS6xuqPF1%2FZWT%2F0zqN9H4a7zRCbnEFNUjT2Vht%2FtTFEQc2C2t7JIEILJV%2BawO6yk7a8EUIPoYThoLr%2Fq6uPjCaoG52NLk5eRm6ZeqV7Nm%2BqP4MdQ6M7N8%2F12Rvxn0PWAdfx0d2%2BcIdEzeifH9H0dHkOb%2FvqXsVQ7CF%2B1g%2FTKnaxerOwd9Cv2a4Y53El5PQGWkXm1z7wzDc9c7GPZjONdZN%2BiqjzML1vN59e%2FsLxch7NMsIBMdXUw3a8dKDgti33v4QsAFB25msNOQ%2BRXTkvuM8k%2BUA620c%2FkwW2ZOzN9zJ2hBnjcHhEFoBTyr1ATPJBRRhejJAvLDgfdQ9pdquEjIQp%2BCWjTnWjwgKefF8XaT01uwU4oWjviLophMwviwwcR92R6TsyfuaghwTkjaKb3gAkgNloO0jcLGUoCXsTm%2B82lAigx4eoVdMFaho616H6JvvJa%2BzNBVvOIL5AnBpU7vvP3O9LfofBmVTPaYfqUWq%2Bxa4Z9eYveDY5ufwxNmup1%2FU%2FrZn5KSBtoyXPqTxdhHZHLqGDZPVTnE7P5mkro6QhRqsXqhHfPoXLojrDvBHMO82Bd5dwPVegceszNGdqCYBITuNWXGuL12PZVjWtYEzigt4eLBMbxF%2FDDbXPPds35uMy%2F%2F2Zi8gXH97KkBSSIgrrfGu5GafCtaJ8E%2BrTrg55pdvmZ3Z%2FTuYTrJHxldTFyUislrr8%2BIC4dA3hPKDELu%2FMILnEFqA%2BvzrfpBtUQG3%2B%2FPKuaeuw8fhQU%2FvL6sXfEnIMG2C7H2Fb%2BoNvhVX%2B8rwiv9WwIIT6ra2n9wtmkLfq%2F5yLMFF6Agf7fQVmSenOGF%2Fs5N8e8X9ONoiJVewrDw90ot9TP98svBeUgLpiTQ4roKNX%2BgFuthjxTyegvhDfXWjPUvrCstc85VuYwl4uk06i65W3JtEM%2FfW4OdeOXlY%2FDFAdC5o1BEoYy3CbGIUy3eZ9YN%2B6WjxiSuHrgKIdF8couLDFHYwLcFAeY%2FAFzYkUsB8RKz9X8lWUzc0LnIOTZRSlQpkDh0kxLKO1bM8mo4jd8fSqfquJodY3XdbbgM%2B5gC25HM9zPsyNrxHdajdEdbpDsRLxXgGjSWucfiI6DeliCPMu98lgYDUCnghMwdaUSjvcCjgyzPsBRZFpD9Mrrg3qKKWKJCGZH4LynqGlI34MCG%2FclTOqnJXNPuFIig60fWMYvMjC5jMOuK1rIjgzK8l3XgovLdupZlMkcvfQ8Dvl5FYA4qE3rDCiHlakbfM2eG%2FA6hL%2FZO2vPx%2FVmrvDO1oUA%2BhWx0YZ1fLz32WBVPG6Ayizya5qUfgnx5UXNe4KBt%2FmnEN2ZcT%2BjXxiI8wtsdIAvuxxIRkbTHgEuFQa0ava9OT%2B5SHlbt6FKknxRBPPftjGUbO7hVRKlkCP4DCN0EXz3tlbk5EIWVt5K8AJ%2Fjryq75S288gt8%2Bx2NOMu6hapLV%2BykCFiH97s89QwgadaynyeF6DNEMt6SV5fM6%2B3amQJdJF0cmp3Z6PvKf3z0X6bJb%2FpwIZ7k%2BwNy9LLgaAN4ZslmDUn79NTjd17d%2FO3CHs9kQReplAf86%2FdJkXPUWy3%2FAKZTmfl0gAvx5P915QU3j%2FPyP8G2HpABAVOs5JUDIVGhvJGdqpq6weiW%2BEIehmLf8u5qySex9FKLhOR8nRJvmLR2O9iZhhkiaztu5%2BJsUC1mvisdx9fS4xXk%2BBTGLIUm%2FG7fhTgDQPjM1Ilqf%2FlZzMwfJuNrngnuCVZusQMse6Lb21g8%2BfkWAHiqXWe%2F0weRdJu8bRlPx3pCHozcx3WvbWP5ewVUAcHVwcm7rhJxEeF8LorIHrOcjgSGrVgHJwn1yKKXmuEuafWtXF4s18BTIYT51UFfxmibCa8PlzyWmCEjWTM2VC6STd9Ymut9fHaVidfFmstb7AqgPGYJNypy%2BZi9buwY%2FtLIKZbvHU73fqmVcUV4PMlm%2F%2Fs1zprEEbhg8bMm%2FJMSBKS5WQ93TOia%2B1UUKwVBp7M%2FrrM9WHhDhbJGz4Wv6GYqtDIs%2FFQLz%2BsZqb2Ff1uXJ0TliwCy91D2nH0hSFButxwKf3quV6pZKxvdgsG8Ux2CU4mZArzaIcDbQVVK1vV%2FUhSSCxw%7EAIt6UVqGMGWIDQcMSS1Fsv05Bjdy2Sv6z96Xbcm0HXk,Submit This Form,1
2025-06-03 03:01:40,https://login.oci.oraclecloud.com/v2/storeLoginInfo?redirect_uri=aHR0cHM6Ly9pZGNzLTY3MzIyZDg4ODE4MjRiMTNiM2RhMTYwMTUwMDdmOWUyLmlkZW50aXR5Lm9yYWNsZWNsb3VkLmNvbTo0NDMvc3NvL3YxL3VzZXIvY2FsbGJhY2svbG9naW4_bm9uY2U9MDdkNjMyM2ItYTJkMy00MWFmLTg2YWYtNDQ4NTU2ODFhN2Vj&access_info=eyJraWQiOiJTSUdOSU5HX0tFWSIsImFsZyI6IlJTMjU2In0.eyJkb21haW5faWQiOiJvY2lkMS5kb21haW4ub2MxLi5hYWFhYWFhYWN1aWdwb2RodnY2bWFvemh5NmhlNjRybXVoa3c3eXRkY3V5ZWx4bGw0Zmtwa3VvZDZteGEiLCJkb21haW4iOiJoZ2J1aWFkMDJwcm9kIiwiZXhwIjoxNzQ4OTE5NzEwMTIxLCJpYXQiOjE3NDg5MTk3MDAxMjEsImFjY291bnQiOiJoZ2J1Y2xvdWQwMSIsInVzZXJuYW1lIjoiS1NUT0tFUyJ9.K2DXVycPGjGBf4vyBV4ifud_qELcSgl768qzdJk2VuMKVhJm_yx7_pHyjKcoMSEoVc9bPAnFxFza3UfbWT8sgolE9OJNLNa2pIXagmbZXOA-qUqJoN3VHFdpWqCRw8ZUvOma9AdA6KH0eHF3C8l79O23T1bYIVQNZPllZg5bO3EdEBgfoS-uxA5deRMQ_Qi6_ujvCM6RpLHXmiP9kH6wUrFzplXnFLCes8mB0NPBrftdF41mF6R1MaimPKf06zuB3raqQUXftdr5_77biQeBbZkNspuyw6uQIBwix7tG9rWNJO9t8O_lR2gledrCOAmkZTdtOUnXDPodg54J-fBAHg&is_paas_login=true,Submit This Form,1
2025-06-03 03:01:26,https://idcs-67322d8881824b13b3da16015007f9e2.identity.oraclecloud.com/oauth2/v1/authorize?response_mode=form_post&response_type=id_token&scope=openid&IDCS_CG_ENC_VER=v2&state=XxGsYMLuS5kIN4i5lQnAP19kOfx1B4R1AcrGl6uqrhQ&nonce=5QG8dGRQxQNifaysnCnYysrudTclX3zsd4A5YFE1sZU&IDCS_IS_CLOUDGATE=true&X-HOST-IDENTIFIER-NAME=mtucn1.oraclehospitality.us-ashburn-1.ocs.oraclecloud.com&idcs_app_name=opera-mtucn1prod&policyAppName=opera-mtucn1prod&policyAppTenant=idcs-67322d8881824b13b3da16015007f9e2&idcs_app_resource_url=https%3A%2F%2Fmtucn1.oraclehospitality.us-ashburn-1.ocs.oraclecloud.com%2FOPERA9%2Fopera%2Foperacloud%2F%3FTPLNG%3DE&client_id=opera-mtucn1prod&IDCS_CG_ENC=true&enc=QPi4VM_9tTfUAgAAmgIAABAgmgIAAIACAAAQAGSDn4ZZWNR8HQz2GSG2lXPR4J9tMObx0pf9TpsZ2f-5MT5k3DISv0QOn1IvNpnNaPFhfSACDwvAn7CYwDmFrFBLbaCgjKf4m6-uH-zNhDuLf6026YOZiscdS3Y_HjioG75sKkU0k1Yj1kzmd-5Dzjt6eur8O6fb010_xrmXDPFD7Q_cfeVDIWQOrCpdqEyNo-GvK5TaqISQELFo3VqESLvzXysznAK3R572XhGlnsugmwq3FiHPKgqwXJdNJS5-WOiy3r1KHiGHfVLGSP6esa-qyDDab4oIdTRKNMinT3xGue3ooPW-agG2Mst1BTcJe5KwuWVE3qagFRtIMJp9HAfhcHwB-vYcHU4TND1wS5v7oWYD_St9U5xThW-tTMNvqpUtChasex_6P-Nap_wWDMtRyCahuBSWbTiMosLzXETZGxNN3F_-jguOAMwF0tdGqvHB3UGIFWSlFhpw8JryzU3N4IJgW7YY9RL8Y16cF1IsU42KpZWQTRtNaQMJcnjjIWeJvFJnZ5_m-n1Jzah9-p8BUXWWczJlW2JvDARskJUzmQiElNWNijPmRdRg43WWNArtP1Rj-dSWK_PggIn-h9HwctI4mXyZQrT8XKPN2-J1gcvARAy7LOrfyClmdVhDs3XqCmKVRV1Ysk5OK8plUMeSCfxd_wdvcsuWpbS6Zfei3XHlHPPyVzTMvK5UVSC4Rcy6SEu-x1YOE5Vrw1lGOTiritTBfEKShcwDfrtJsjg5bPCqHucKHgr5L_YXo4Ng6IXQ07mPWplLN8ZJeIrlpW1PMFaNYfaHwJKn81sLj8FkBHNpjywJYgfqMjSEGAq_mY6OJ7OBfBnrHhXJD-Be2NFSOUJa1iOZnS4oLtmQXFtD9YvcYt8gBWwwTj7TotZa1kLRUFC_bbVxCF4INE-Ob9hT_VuEoRSEq-U3SjWPIcw3,Login - OPERA Cloud,1
2025-06-03 03:01:26,https://hu05-ssd-ohs.oracleindustry.com/oamfed/idp/samlv20?SAMLRequest=hVPRctowEPwVj%2FJsS7aBEA0mQ0vTMAMNLbST5k1IAqsjS45ODvD3lSGeSR5C3jQ3u3u7d6fR7aHS0Yt0oKwpUJoQFEnDrVBmV6Df67t4iCLwzAimrZEFOkpAt%2BMRsErXdNL40vySz40EHwUhA%2FTQJ6RAjTPUMlBADaskUM%2FparKY0ywhtHZ2q3QoMu%2Bd2jRe0sdAQp0AqAKV3tcU4%2F1%2Bn%2BzzxLodzghJ8eNivuKlrFisTGuKy47V%2BrnclgFI50PKjhJiftiI9HAABcRVhxagdh%2FACSY3LbyFXL01VH86CG%2B51Shavr6%2BKHMe%2FCXa5gwCer9eL%2BPlw2qNojvruDxto0BbpiHMZRp2ogzzp722viEYLxvSjwFEbEsI9hnXMqg14N0x4bbCllVbKbASNW4DvGRhLTOARs5O8%2FYFykjWj8kgJvma5JSkNBs8oehPd0BZe0CzaYGUiOfuL%2Fx76NtqUdY78kyevn3f3B9%2BTtjMxuh8QvQk7lr%2FFfOXc7eVoLo9QcP2vPJHNO6SKcEhHlznWSaGw2E6zHqbNN%2FkgqUDkobzut7eyCxR4sx7zc61bUQbnPZ6OQ7JR%2FiNq%2B7Kf4TGs%2BnSasWP0URru%2F%2FqJPPhM3jXSITHZ9b77zD%2BDw%3D%3D&RelayState=g82G&SigAlg=http%3A%2F%2Fwww.w3.org%2F2001%2F04%2Fxmldsig-more%23rsa-sha256&Signature=DBh4HYjjuJySlPObFRb8ppVJNDtQGFd01tRD%2F7NA83Q04jGCJYBl2yEPGOWl2ecGseeEnRmm3t8v1iRra5r0NFzFIn5qxoiGLrX0Tajw6coDbMdJ2ma%2Bkb1HERLQemAnm8skftxQMolV35cBlPif%2F6gm5LghAFkJ1b25T8nvyR%2FBnvhf1bdkcUBXQdvfLmslOOBEHjwHShYS%2F%2BvETROrxLiGHPAhfHgwC%2BnZwI7L16ZvtoWSBIP%2BvzQedT%2BnREZF4%2ByIjayvoNs9Z92UmHKKIxwcAuEI3uXwjvx%2BH4hJRYRsrXZ%2BtzmrlVvrqmRwXe%2B4ggEh2XB3jNExIxdNnT9uXw%3D%3D,Login - OPERA Cloud,1
2025-06-02 22:54:38,https://idcs-67322d8881824b13b3da16015007f9e2.identity.oraclecloud.com/sso/v1/user/logout?nonce=5880a124-e6b1-4304-8f82-8d184453ef51&tenant=hgbucloud01&domain_ocid=ocid1.domain.oc1..aaaaaaaacuigpodhvv6maozhy6he64rmuhkw7ytdcuyelxll4fkpkuod6mxa,Login - OPERA Cloud,1
2025-06-02 22:54:38,https://hu05-ssd-ohs.oracleindustry.com/oamfed/idp/samlv20?SAMLRequest=hVNbb9owFP4rkfvsxDF3i1CxMTZUGCpQBH0zsQFviQ05DoF%2FPweI1FVq%2B3r0ne927O7jOU28k8xAGR2h0CfIkzo2QuldhF4WQ9xGHliuBU%2BMlhG6SECPvS7wNDmwsdmZ3M7kMZdgPcekgZ0bhEQozzQzHBQwzVMJzMZs3p%2BMGfUJO2RmqxI35NZmapNbyVZuCVUEoCK0t%2FbAgqAoCr%2Bo%2BSbbBZSQMFhNxvN4L1OOlS5dxbLaKg19LssBZGZdzGrF5fxQiNQDB3KIhwotQO0%2BgJOAdEp4CXl4a%2BjwZRHWxCZB3sD1pzS31yOUGuBE9jlpYACBzR6cFI8TqbTIwWYXPzZpYHi6lSJQ4hCUYifqKhwB5HJ07cZGiBLawKSJCV1Qyhp1Vmu%2BIm9ZXZuW1x4NIqQEHk2Hq6To9PfmXMy0xoNQ5%2BN1OwG8xuh2b3Ylz7yhyVJuP49WThzr9gp1TVtlL6hXJVMiBtxs1SgV7XY7bNP6JqxtaoKHTRK6p9DadiT1lbjt3bPHiclFGZzV67XAJe8Gb1zdLf52uqPBlxZDP3xvMeUq6QuRSQDUe5ovpk8%2F5neFG2n16OcO4eobaSHPPUfwfFots9Yknbx8x8%2Bz9fI1hT9Pp1%2FFN8Xt8e%2FRQDb4iaf54Eb2br8a%2FveTev8A&SigAlg=http%3A%2F%2Fwww.w3.org%2F2001%2F04%2Fxmldsig-more%23rsa-sha256&Signature=PdjdqTTDUHK2x324qcYiv9C%2FYVDTHUBvOMIo9hlPPX%2Bgt83NDb6UQbPqsLP7Jnkop6FpAtnzEkjyFPoU4H3rcRjFM4I0DkCz8oWclU1e2uwvg4Affd%2FnAHGmqmj%2BetXkcanKG7wWB8inACBPXwck7ArmqYMjwEaV81qYJvVkKkKhTcfr%2BSkvsxxwISLys18ljWrER4Do5D9tLR8VPfYRZ9wEQOq34Z7I0Sae9TTajZLjHdqmnl5Y4xMzOZug4iM9%2B6vcVIGZCT%2Fd6Zu9GR7swMQRNTaHjMoxa70yUmw7XB%2BYOJmNZ2a9wIZvz%2Bb6yjOkwRom3UxMIHJh8PpuTY0Jkw%3D%3D,Login - OPERA Cloud,1
2025-06-02 22:54:38,https://idcs-67322d8881824b13b3da16015007f9e2.identity.oraclecloud.com/oauth2/v1/authorize?response_mode=form_post&response_type=id_token&scope=openid&IDCS_CG_ENC_VER=v2&state=7lXdPp8nqcUsStcIfLt1XM2sJKIMHF2iORHTdPtGdUE&nonce=fM0rFbUdiBIjfR2f9b2nKgWaEKcjAp86pd6z9ZPC-YU&IDCS_IS_CLOUDGATE=true&X-HOST-IDENTIFIER-NAME=mtucn1.oraclehospitality.us-ashburn-1.ocs.oraclecloud.com&idcs_app_name=opera-mtucn1prod&policyAppName=opera-mtucn1prod&policyAppTenant=idcs-67322d8881824b13b3da16015007f9e2&idcs_app_resource_url=https%3A%2F%2Fmtucn1.oraclehospitality.us-ashburn-1.ocs.oraclecloud.com%2FOPERA9%2Fopera%2Foperacloud%2F%3FTPLNG%3DE&client_id=opera-mtucn1prod&IDCS_CG_ENC=true&enc=QTMd4LWBOebUAgAAmgIAABAgmgIAAIACAAAQAMc4lGWYC1ppepCQmTViZ8BZG3dUmZEwf7iraiCYfCQyCoob_Y1IBO38dqFDkcdac3BYCN3zQQLuMlvyeEAKDiUxiJogYi-TRGYnfBMoTkvPyTKOHMQfLe6_fpdwlfW8cRAMYmGhKynNlXTt8AZW6zRF1m45fDg3s9H-i70Dt842EKH7c5DYP6FxdJVELVbZPkF6u3rCHPDOh9V_MxX11UsH28xHlPLPR_L66XH8CU4AXS4sulzUx4fEX3i0-pDGt5nVLrcCs_pR7zLDfpAom5Z763f8uSE6VcOeQzvy5hpJFBIJwfbA7wGp9VYkv9_nGh-2SIBora12be5M37wWdyDpYtEZs1SV92k4crzsLxscwArtvxIQ7P6SK9-OJ25yjpSpZqibQvCbPfBCBfOLtk7IB-gV0194A1JX1053moxtYtpB8EWAaHxA6ZgalKRZX4gGP_daoPpukbK4k0rA4vG6Nd1ihytxDTJBebYy7r7UBorm_4Ms_KlPAD30ewqlWbMxdxaCmiZ2s1aTbVU0z3eiC5dv7zZ6kVfmRalmMeXNO1HKoDF_P33dGmP6vWazMyGFVSOQJE1Y6jqypqtiO-4kMS7OVtRj2G35HpMRkUmGsdswwr152zGNSDqnm4aKLj6Zeua5F4nIqGBGJOeHv3xKVfG1uWAZzi9UytBXIm1XNqm2lKBhmrZNRFe4hBLPw2byoj-HdrLmWzMSyGdbsjKgoSqkJ04XkPo05TwEaLZGK9_E_wsmqdZn2W_DNTinOF3meyMXTobv8AMv5QhDSNMLl0lZxDSIcZQq0lnet7fFIzItd7MbH6MaJRuyxDMtnYxVOVL1BpTtBjU_M3UFdeRjdqXBJQO1n6-iXHAGMwJJYieL2Wms2VUn_CfPKRV4iQZLEbdU6VCnvJtEF1vyhCUNr50RQq8P3zpru4qSFN6n,Login - OPERA Cloud,1
2025-06-02 22:54:38,https://hu05-ssd-ohs.oracleindustry.com/oamfed/idp/samlv20?SAMLRequest=hVPRbuIwEPyVyH127DihDRahgkO9Q2qvtMCp1zcTG2LJsbmsU8rfnwON1Hso92atZmZndtej2%2FfaRG%2BqAe1sgZKYokjZ0kltdwVar%2B5wjiLwwkphnFUFOipAt%2BMRiNrs%2BaT1lX1Wf1oFPgpCFvj7gNICtY3lToAGbkWtgPuSLycP95zFlO8bt9UmFIX3jd60XvGXQEK9AOgCVd7vOSGHwyE%2BpLFrdoRRmpCXh%2FtlWalaYG07U6XqWZ2fy20FgGp8SNlTQswvG9GMBFBAXPVoCXr3BZwSOuzgHeTqs6H9fwfhXekMihYfr6m258Ffom3OIOA%2FVqsFXjwuVyi6c02pTtso0FYYCHOZhZ1oK%2Fxpr51vCMarlg4wgMSugmBflEYFtRZ8c4xLVxMn6q2SRMs96QK8sbCWOUCr5qd5%2BwIxygaYXmPKVozxQcbT%2FBVFv%2FoDYt0BzWcF0hI%2FpkObrxOLl%2Fj789O6nmavv9eDqTTVE0bnE%2BIn8abzXwt%2FOXdXCarbEzRsz2t%2FROM%2BmZYl4OublDGZ53mSs2yTpJtUiuSaJuG8brZDxWItz7yP7KVxreyC8yxLSUg%2BIp9c9Vf%2BMzSezxbO6PIYTYxxh2%2BNEj58Bt%2B0CpHxmfXvdxj%2FBQ%3D%3D&RelayState=ENhS&SigAlg=http%3A%2F%2Fwww.w3.org%2F2001%2F04%2Fxmldsig-more%23rsa-sha256&Signature=IbynMGS72KLxWwpEMB9FERfhyI3LiYJW2FWaxzqEHVF8NcT%2BcpJqbrDGVamJ0xgETKg1kC1nrhAOhm83gBZDQ2XnxLFakIyAEJRUEPy2OVXJCNTyHIcwxyzmK1WcgIWvbngN29NN24DPwWzuBgSNw028lvESkYbO8uPVPJ%2F6o40%2BmZVw6vJjeDmPFjZl7BqcBf5grenNOoBuvt2hiEWaI0FAxKCRXlKu01nz6j7ZclvqeT1D4H6LBBrnGgF0sgJ5%2FNyoybei71Ov83dOT2rhX9ul7%2FfCreC5gI07hLcDhuqfkz6xmsb7eGVUfksEMFi%2BVyLOHRQH2BliFYABqGJhnw%3D%3D,Login - OPERA Cloud,1
2025-06-02 22:54:33,https://login.oci.oraclecloud.com/v1/logout?nonce=5880a124-e6b1-4304-8f82-8d184453ef51&domain=hgbuiad02prod&domain_ocid=ocid1.domain.oc1..aaaaaaaacuigpodhvv6maozhy6he64rmuhkw7ytdcuyelxll4fkpkuod6mxa&tenant=hgbucloud01&domain_stripe_url=https%3A%2F%2Fidcs-67322d8881824b13b3da16015007f9e2.identity.oraclecloud.com%3A443,Oracle Cloud Infrastructure | Sign Out,1
2025-06-02 22:54:32,https://mtucn1.oraclehospitality.us-ashburn-1.ocs.oraclecloud.com/cloudgate/logout.html?postlogouturl=https://mtucn1.oraclehospitality.us-ashburn-1.ocs.oraclecloud.com/OPERA9/opera/operacloud/?TPLNG=E&TPFLSCRN=Y&_afrRedirect=701109649067030,,1
2025-06-02 22:54:32,https://idcs-67322d8881824b13b3da16015007f9e2.identity.oraclecloud.com/oauth2/v1/userlogout?IDCS_CLIENT_TENANT=idcs-67322d8881824b13b3da16015007f9e2&X-HOST-IDENTIFIER-NAME=mtucn1.oraclehospitality.us-ashburn-1.ocs.oraclecloud.com&IDCS_SESSION_ID=d4a7162fd4d749aeba38b9bd4adf6090%3A8df87a&IDCS_CG_ENC_VER=v2&client_id=opera-mtucn1prod&method=encrypt&IDCS_CG_ENC=true&token=NX_a5IPUuT8ECgAAygkAABAgygkAALAJAAAQALp5dZV97xhBWDYc9UAR-gb61o-xUSwcr6f5TNQFc5vUDgQU7u0gM7VPFGBVKfHUCAESFkJJWu4Fon-JcsepVHPPOdgzGxcQM4ZPp9AqdjsihOtLzH3_s1qYJg2Hl7XPw9GsHtABo1l9Qd15S2t3VitJbaOIWzYtM-M_ZD4PY0gC5u8OT1bg1XAPNqHwjmM2yCAlRIPhBAtZgm-IImgzKW4mXvtlNkpqgVtVW8fWimnXp7T0IXpwKETUK1FjOF2sMeb_DMT-hJurT8KQ-7c_EGALTJ-rM-kiHytjcgcmop89vrGlLJEeVCen2KRwKF_5bVDJiavIA7m4uJoznE1P5jkhnPdNW1OSZofl8uvcpSFmIY7YNfEWpFjmBHKuFpgofbbejflupHQvSKRxV7dwSHOn3Q7fZIMcqayqN_yYawM9N9y0yMKPZmK5n5_qOnG6Xv6DuxnAnEPfaKBH1dezmCfYBjqPeOjRpZ_g5eEE6sLbKxCtjDEZ4emyjbNDJP0gWlMsOBU-qFl69aKUfBMSg2C2_COMiPIDp88JIjqV1_UXMDKRqvz0dAR3oqOF4PzYw4mNUdTt7xXM1sozTwRJxWt2MgFwoI8V8s3BLKC4P2lGvgcVBjjD17d3DjiaKfPsV9XMN81wn5-m5ERxm8k7teCe3c-3wMeElTtEAdo0qlM1lIdlvOQkSADjsniBLvo9IWpMnF9VEjJH-aGAvGnFR07qWrm-Z3dFXnenDC0rEdnwBlfCeUblnCQH4pIg3STlpxPwyITXwzt8KajZhsLHxbrDWw_u__VTB1B7kLXryWimbgcpXEUpFv9li3SQZj0NUunACWrI9-9oWcHVhC4vpMDHnjbtB0cD2Bs6Kgws62pxd2redWviEOcWQbWX7Y18OmPNVOWpuX1yZ3URhnliowRWiX1uGa6OdH_uQQEL9BP64Yq82AeJaX3_h-2V7xhyJBXMdL-qpqfQRHSHDA9ejriM__H992tsGo98MNmIJmo72Un4KO2u6eagDmJqYtS8VUVDik7FlQqroH4XL570hOSeTz6OJ8QVNQ2sxvL4mWrOrAr9WVl-pvtKanBbiNRBPEHqH37rduaoQxwfkWM9w7PSmhfXBLo4EYY-B0sawToKrmgx2EBfaNgl2dcwUJk9PRuJrgYHcNfaHlfUSTVf8jlmbPExWBfMAxrpFLUsIyBiihz7fDb818GzFi5Wg2W4xOAZeMNhIFGuEEx3kEggUwFei83RBsVzphXAGmOHyHtLFMnlXu2QSZnYwpibcbDZlxM8o5nmquw1IdHCWVivFfN1tzHSpNLm0bT-whPUjt6nDnyH836xS2mVrhGWIZ52hsgbw2yGu9VGOThTBC93AuDpSM55zj7OJjbnx7Dfw0hSJXNig_ps6KnrPWKjpjaZJ_b4CYw7iXctEp2OpZJ_xhrF6UYFzVI0w4XlwXz1NwNYbW1BFXQFDgrps7OLBn1wgNqPIRJb3kbxTPp9LadA3FO78LPbesKpy790xJdO1gtWvyjqmDEhDtqH3fBjGI3Wm0AQF5A4sqTyy6dtbuoCuOfLd_06Lx6o45boT18jT055S3PshWNyvBb_49dS_ifXiwPLZrM2FURxK5OMtbupkAD9PElKLfCOOuRR92SmCLhtli0X842DYptjctMt5VfkTQ9bI4WpPQQlabPUsQMcVB3lt_PtTN8VxRB30UIeR3h8ryRD7uFFrPQZgXigbf2rlqUu5HeizRpkOV9B89TAVRXBeVeLR2rQDvQ9tl0h0bk9xQDVhl533ZZ2pLhC5mqClWcve8aEt1HgxrPGZGQKtVI_Ci644lixsKuazkuEyLBNvTdXYR5m2CNPMUSJD3dUJCSn-X0QvlmPFHNqFgnWElURI43tU5L4mm2LrdEL4oBuRn42IY3Vq3uSpCQatLTEkIvEGNc3N2Zao3hnxzMyGP_s2dMuX3XY5PYzRVYG6BR0-OPuoVPhm4TzqSKH3K3BFn1BBol90Hu4R34Q_5Oc0f3ZvZYKAtTzbVeEcXCV_WJ1kqdaPcaIc-ovg3ALs5rQeSfcoN_7XjKa_xTyKYt8r8_61pkNYWgSJbbOu8xPoTpm7HT1gq8MQkS3bMMwzgfAptJ0W02HcJ0EN0DQIo-nGrW719A4VSUM7JvQOQVXzzvn_lD2O8xb9VSh6CAeG12gCmOg29CHv6atWcTyPHazY64hcGWAE_qLBYbT8Kshp-0-bycbZdWWTbtDenWwFM3QMPy198QqVtEGMpE59i9FESD071jVE69s1J4RCpP8cWbxKQLTHNUO_iVRTx9n4Egt-fbQVkiQt_ZSp5AJt8iOZTLJmh_KR82HCwK8oRUQTT5CZbwx_Bf_r-rrZvqYNoXMA5TSOgqyVW4K7SlTnMqIAxtAT8axTlHmKY07ZKknt6K8VjwbXhFhNoTyESPmEs5Mtj-RFG5DUD61c2WaQYehcg0bu9yygFDJwOr4uqM_zPUHXpwnYxY8O0jT04IdTzQCWwJFy7I1TJ_RiBlUK3e0omDPYaCoCbgYS7oTITzPW0jHBIOnJH0_Cs2fZ3GkmpVvSmqtYuez_-08VspEOtXnpfV9mOxj4N2Usi0Z99IX57FBisnTrVfsvUzmaiIMale7B9j3Dkyc6b0i7dTZ-Qn1NGJ_jQMf3NUcvtdfSk_0cD7sjOaWCD4pp1xa-FccyNJnJ5hEi3LOzsgV0bIODPYb1Kjp611A8MaTfnlJNGJOirmM5ztKsb7z0JhPGm-tvNLaIz3rE3p_Zjhmy1dZiuMT_2U4ZyyplzFqdQjGQBG3WGeQrfMh1uGPMO-OGAvxglXKdF8in20QlCRdgQLpEPwjsztdA1uiF_ZBC0ezXizvEiJYk-u2-ffGH6JcHI9hE_-OTUmsDddcTX1Z_vBKOZYdYaO-2tfNLHyzPkhdAu89oHH84lUS2qCoP59Q9A5gBX7er6ymNMiBqpE-aG7kSmoNFt1UgpQFfKjZ1j6viDNlGljd1lPYpS2XALCaFDXKOqFYaGX-eN5u51VExMlURJ_PtqFx495VCsAupJbnZfIi_Fyaxp5bMpO5h_zBq0jhctIusNBvTdlrEYLeVn1DwDqKke5PPLQXnzo9hbKibS-aUhzh6Psw7Ima0k7xvVLKLNXaAERglh-zffob0KrWSCPM4PlKAppUz0I3mSFp9EEt88jucsq4mzn2UhmhZbUPI0GJHvKBwMP2qHivm1_X5nVtcB76fzhD8kHiwQnPLwDnn-uzCmv1Xp5QagAVZWEVcahXz7bRSwAPlvGs5DjDZlNi6Bu2VetB8GlLiVljogoMB_4q7HzVLmzGdGloc2n_7v6mlGvrC8vuDZs0gNE4M6RbWyVN2x0DclgZEek6NB3-vyUbivAlNoCFsan2dJWxV14X-Q,,1
2025-06-02 22:25:40,https://mtucn1.oraclehospitality.us-ashburn-1.ocs.oraclecloud.com/OPERA9/opera/operacloud/faces/opera-cloud-index/OperaCloud?_afrRedirect=699377868441587&_afrPage=1,OPERA Cloud,1
2025-06-02 22:25:34,https://mtucn1.oraclehospitality.us-ashburn-1.ocs.oraclecloud.com/OPERA9/opera/operacloud/faces/adf.task-flow?adf.tfId=opera-cloud-index&adf.tfDoc=/WEB-INF/taskflows/opera-cloud-index.xml&_afrLoop=699371419727437&_afrWindowMode=2&Adf-Window-Id=w499cmm0x7&_afrFS=16&_afrMT=screen&_afrMFW=1058&_afrMFH=1460&_afrMFDW=960&_afrMFDH=1440&_afrMFC=8&_afrMFCI=0&_afrMFM=0&_afrMFR=172&_afrMFG=0&_afrMFS=0&_afrMFO=1,Initializing Application,1
2025-06-02 22:25:32,https://idcs-67322d8881824b13b3da16015007f9e2.identity.oraclecloud.com/sso/v1/user/callback/login?nonce=d490cb8a-f568-4ba6-8121-4ceed2556af4,Submit This Form,1
2025-06-02 22:25:32,https://idcs-67322d8881824b13b3da16015007f9e2.identity.oraclecloud.com/oauth2/v1/consent?OCIS_REQ=P2RhPtJ2HZa44SgfK38wekc506z3pCMlCH9K0jwcWdFCU4OS3J%2FkXdxN7xnXpof8SlRNGJWVlVrj%2BLiLD2z9Bs68gYdpg8k2cdPe8o7Vzq2%2FL127U%2B4PVulrVeuRHTM%2BMAYdlYKK%2BBMjCpBThGatwmSJGm2GXpVcny8KWDpsZk25KKpdiI4tRXZo62nJdmHO6lMubsYDiGloUyo7Mi9bhHP7O8UUXtvvIWOTAFLlbacO0GWBUVOf5TrtUFEwncpObFFFiKkVlbQIeHqMAEG%2BXSkpBsArITdmTg65W0yqffkeIRjasKay2LNxKSwv2pGD7zudL%2BKxvbWNx0lELy9VhmOGDyuBJNSfSnKIBf2AMzLtqo5NzaPFOI%2BLJ3rXXrxfPT9bAlaKKti4UIiioCQEQbfCylFBIN%2B3yBGd%2FJyPAlZwZotr8xNRwsQ5COSVheYFvsVXUmUdlO1NxoUSIa1RFTmMcbiw4Gqg%2BseRM7FjAn1gqc8%2B7bg%2BMjQtBqbAGqdtpoXhR96iBY82SREmH99lTif2gMS29BcsjOWBc%2BNt5tpbdpQjCMpgwbYfzhcK3OAysgEPVb7TdQkNnQvwkPsIDaPZIcG2bSupO%2F8ZNOyz63H0sbkhKNtY0lQbI4zlIK2wndwOntut3P2o%2FYn3fnUFABBsF2hf5JvndibkYMY5yj45p22%2F0wnuE5%2FA9e%2FMXf%2FJp2ZZIn1wKv9lO2Xm0RqH%2BR1Hv4yGH24pu7QL%2BNoyp3jU4mpB%2F9d9FtfwcKZ5TG9atwe0KzGX0LOrZ1QPMmG%2Bk%2B6VeM4DjsGVQcetoDpVVVIK2BSOYINJa8QtPy%2BGsNScShrL2LBhe5ouEEJafb1gOuLZdm41anNDh4AJtGm3pb%2FZrgdbxT%2FNDMktgtaAxpdVHAREIU0oduXf0nOITc%2F1PmyZAIicQD1tKGcpmmvGOj9GO7VMP78oKUq0PIvvC0mjQ%2BbXElW4SBLMiLKEnFOmDnnay3Cva3KSQqur%2BFIvN2jVSHyDfT%2F9c1kMqMXWSX3LhbLFgjCylSYOELVQ36zjaL5XzQUhg2jpA7G1Xt8wUlOYxNct2f3QaAC7aK%2BhZX1GHbqvEdQNQM9fmNCrzERklidiXHe7S77G3WdCpXPLRzxmwy1qlgCPePRXCJ6eJwRVpI4H0kNOo8ldlSauWR32FQmI3HgZgqBN3vCeUV8UknYrXjcKTYozmTbFJmLPYT0usXHGXxdDHn5qxKG4OtFyul2aaIrMFcFXssjuQ%2F%2BBbllxa26C%2BK4wWcj0A9biWslbVojSuQFkQdvh5QTIjW7v07N38gH%2F%2FJHpDoQ%2BM1Dyx9phNSdWg4ImB2ZCDT5tM432UAXzFrP0JBNXFkny3%2BOoejvmIEdHpR56kFX12kt3U5EU8aWkzuG0E1UOosasqP8n8ohi4zY62bxN0wou1PfmfkFJpsY6suMdWIJyRf9Xc4ZNhoySRByiOP%2FPPsyD%2FSHr%2FA0KJBJ9XOqoXxyKjQceffBARnMc7GyKPkyNmZkrETvfuiUQmAJpNCI8g%2BPq04oHvKtwuyiQqGEgRDPY2gL%2BTJFTzML7SCnOWG82ZQgMZkmrXkZMW9zI2ZhV2wNg67rTEIXQdHvht5X4GiQGv2eogPC0d8P7hMFVW4a9eqUCrj%2BK%2FATxv7IWGF4IP1RmKX8xSWXu8qxqsFnO0nPtxHd5ln29rXozw7XZoTlkbjCw6wJf1Msqq%2FDF%2Bz%2BF7dukV0ylwM%2FOau%2Bp0bEoD%2BkErlU%2FWmfSNspWdX8Io9KZ48u5wYMnNVmrPPQ6T8LjJtegCLfJDr3DuOsNARFdkjshMOroIrKC%2BqJXLWR%2BE%2BZ9yaYfrx46I7v8h1aEGivXMvk29DaUuxfXBzzpJcJrSsQ1roQyTC6eZWgmyPqEhPTrsQhjop7YO%2F39PH651BEFCc9ncH5KBQs%2BVAYzj6trq0ZAk1Pzf9nmWtbXwl8UHY43%2FQSPjzPtldHG5eNgDpf7QUs9tSm1FC94eMLx3YW6kIKPz4vyuWVuqhvqBXYatb5bsfqpUBFMraZL4eXAwZhwQ0ONdOGQgyaTC66r5vpW6B9e8cFuGdVSyc77DNr3LQ92jFmFXjWIVLXSVjcjlMGT1p6fm8x%2F2RF8ccQ%2B0wju5iUnrkrjYMCnmiFuk8yxUGwdZWFoASB8y%2BfuKXjsOCD2Cx2pILlDIEWQFfp3ELYUCzHe9m%2BX%2FSJ4lE4DU4IpLd7xCvET3b67y6YGUBzeoqSVKWdkAQPDnEF83yz%2FyvF5D0pSIOLkmUayTPLYBViUEWDp1alW4hrzaxyPm4et54xqg6UR%2FnUW5QyzEsBxpYVfrQWp9yMUE46k%2BL0ejAUXu345xbv%2Fv7pYocwMQoWSjuxcd8WJuR4Epkt6Y7a6REL%2FFd8ZVaCKHuGs4KXM7CLj3sMQzr6QLiopvNHH6iQxzB8RskLqL%2F%2FHi719PHlOXXk3dCMasWb%2FJyDQlHhiaOOxeqp7SgVA9307TIiHgQZzhdcVc5kmF8%2FPAYbZ0ZZ5uwtjILtB2CRfo0IVAGBJJGnAJID1pmac0CRWo26XCcH59h3kPJh5EW%2BcfundU7Q66WgJw16PKRCfisAu0Euy0Y18t61CCmfHVUk0MKx7QxwLpefoZMmGZGdhcgSuiZ6Mm7%2BC%2FqeLhlTnt0%2F9XQvvhknzE80%2BDO4y2CvnE3d2rsHj8r3ZxdTDmfPcyyA1qLGNGeIw4kEBAVkdphKP5fHSa5VrcbOUEQUhdiuPnBc42c%2BQ%2FI5aZg39x4NNku2lFMsGP9uyzIN860QiKskyP1oYv1cNl%2FNyzRokCHf6Dda2ksTcRHlmycERh8sSEz7kFxMxov3jL0ROstOcmwWVwWurjCxNTm3goZue6P73t90QQ0g%2BwjHyzbCjVJJJiAYlGRVXB64qKJr6ObXWqgi0H57zVXE1lVB73ejNKhtOg%2FLnZxJSu8yKwPQwYgyFB2jSRpqgBHz5IBg9jVSNhnBaabPiUEbqp0o4T%2F8a3ycfa4KGhKwdbkDnzyFhPGYJVyEHRSP7FEOGSzGeFYzibI6rD5cNjFVS0%2FV2PYWVnzbVReOqLhkVFpiU7RMAi9mRONnsWPUS6CNxDrTmwLrcqTo0miZq0K%2FPhQkXD9vvT2HoONlv%2Fkny8UhDfkiRQ1jCDrCRbKi4auJORzZDSLv4ouOawGzF2H82muhR%2F0iEnJuYfoB4mzKcvMT4642kfrEj0HRVUEFlDl%2FsQ2Au9Dw%2BjZPDuZWhPAiePgUk2ECqWeUwlEKwn0lwAaJ%2B6DCeX2vTVkBVrzW5PwiioRDu2G%2BRTPI92xq3Z6zBoY4bXpqYCk3uAiTUz8hnX8x822wf%2B5Z2IEtD46fFfLXtneS7LGYy1i68HrCYq15skKpB6wCZynagIUmupjM9nFA89nrHjwDIpX7zBVJp%2FJQzBWiOLI3nGYTqPYyS37lDjMBYQjwBZrIdO6rjDhiBxi8rZmI%2BranT7xb28b0ugFRX%2F6H1bKo6a9sQPQeuQIlqkA56NJ2G4MIpZc%2BTYGEUQYjdodDJ5%2F2Lt1U%2BDoGAP9ENbERAHDTIAJyFfrHckbD3VYH3AouonzhB7KhT2YV9LoXFmsDgkpxG%2Fb7HVjLkII5mzYfruGtkBkD6MAm92fhUQcVgYfJdJv2JrM1PT1%2BuPqrR%2Fm3avuk9lUaC3lPK5wWut5ywIlXOEmaOVHrK%2B8uNME8ESr6%2FmbnVdmnP4%2BBosM8DroS4D31%2B%2FKlJMeMl42L0Qro7nUOlkedQCJd%2BEEmz%2BhkO3iVUaQY4tKlWhk6NhnCg%2BykaK2QdD7Pem%2BmzhkKLvH9dlLA%2B7pUhQZKAQV4c0LxvLoTrRcBjkuwlStpCq9%2BW%2FBPJeIiSefAEgsz5XJTQwXtHx9tDPgZUky2Nd7Ng%2FvfiP8uj50oExfqVMbt7zNY1TjEdDTCfA%2FCYwyS2nx%2BwDQPWURLYG5kREkXlEGFCVfPAzRYQVRpjhCmEAHeRqYGomPp4g2icn0JX4rf2Jr65Snv2l799ZM7L49Lk6WpikSmAbLVvifgmqCkOmDsrV%2BYmrYyLIJBrEkM1hfJRvMhlXeLuKeEq4CS17yFR9nUrXvO6k0ZVe65qDzFxHolRBusppp7pMHPpLZecSlCIm%2FWjXYZ8syD9j5Egv4hrDXJT4OqblQnwSi%2BnWtxl2QzYu23RKSJHzX4EYjszR56dm09qA56vBVbsi0G6lJTq2MqZwSqvLkcVD7Y%7EF8U0LobR0zt%2FsVy6aKvsoOJ9YliZHzAZtCOHrKIeK30,Submit This Form,1
2025-06-02 22:25:31,https://login.oci.oraclecloud.com/v2/storeLoginInfo?redirect_uri=aHR0cHM6Ly9pZGNzLTY3MzIyZDg4ODE4MjRiMTNiM2RhMTYwMTUwMDdmOWUyLmlkZW50aXR5Lm9yYWNsZWNsb3VkLmNvbTo0NDMvc3NvL3YxL3VzZXIvY2FsbGJhY2svbG9naW4_bm9uY2U9ZDQ5MGNiOGEtZjU2OC00YmE2LTgxMjEtNGNlZWQyNTU2YWY0&access_info=eyJraWQiOiJTSUdOSU5HX0tFWSIsImFsZyI6IlJTMjU2In0.eyJkb21haW5faWQiOiJvY2lkMS5kb21haW4ub2MxLi5hYWFhYWFhYWN1aWdwb2RodnY2bWFvemh5NmhlNjRybXVoa3c3eXRkY3V5ZWx4bGw0Zmtwa3VvZDZteGEiLCJkb21haW4iOiJoZ2J1aWFkMDJwcm9kIiwiZXhwIjoxNzQ4OTAzMTQxODc2LCJpYXQiOjE3NDg5MDMxMzE4NzYsImFjY291bnQiOiJoZ2J1Y2xvdWQwMSIsInVzZXJuYW1lIjoiS1NUT0tFUyJ9.MMh1sLQjggFuvPWbTxHQDPzJjfqzL4SEqkPCpSzFfixMimtJG97mix_LjkudaEO9SYlhEbpNGGe7es8sBkL0-sT-RaJbaVpwdlX3QYZle4GdVysXqszErXjFwVaqc1gOjadG_UpWc-3QVxsokSBMDBpPTQiGqa2jI5yCFJKral-FTdaFAn73nQPEta6lQk3UxVkzY4D_80iQBS2SJ70S3Ix_sHtpLl5I4S-jYCIOzXqEUaBdYj2r4XPB1FTC3KPkbjOL9LMMDBYRfNzBF5_oh_I6fs0rSFf0mu7TifUoHqEqBdKLGdTNhdBU1Nt7Pj-CPoaQbSjG70nuRVp0eVzh6A&is_paas_login=true,Submit This Form,1
2025-06-02 22:25:29,https://idcs-67322d8881824b13b3da16015007f9e2.identity.oraclecloud.com/oauth2/v1/authorize?response_mode=form_post&response_type=id_token&scope=openid&IDCS_CG_ENC_VER=v2&state=jk1_aHicilxNpwmWOcP5LuL6zKGLXeS8sGccKwd7agU&nonce=xhcwlo6R5O6oSkVH-uOar92M81HOv3iNLmZDRxYkXpM&IDCS_IS_CLOUDGATE=true&X-HOST-IDENTIFIER-NAME=mtucn1.oraclehospitality.us-ashburn-1.ocs.oraclecloud.com&idcs_app_name=opera-mtucn1prod&policyAppName=opera-mtucn1prod&policyAppTenant=idcs-67322d8881824b13b3da16015007f9e2&idcs_app_resource_url=https%3A%2F%2Fmtucn1.oraclehospitality.us-ashburn-1.ocs.oraclecloud.com%2FOPERA9%2Fopera%2Foperacloud%2Ffaces%2Fopera-cloud-index%2FOperaCloud&client_id=opera-mtucn1prod&IDCS_CG_ENC=true&enc=N6sqQiBs2LDwAgAAtgIAABAgtgIAAJwCAAAQALhPUeVToQywaRiXgELAOHPG4fvUvhqyMNfo8k1WkwxEmIh65AVh5Fo0uPsYeDfFmG6d_JKqnvC1uG9NU63J0YU2mT3Xsi_CpgHLM-d0V0Zf0IJBlJzJLFgEVbJHZXYw3zRrFp_vBGKjFI_Eh5zWQygVq63Sf0v3HjBZZgUtqspl0XXv0Tx5Tefufu2-fDuQaN7xUo63XoURwmi0vdz6Lmj1P0StYtjkfHMMrz-jeUXzVKLno6m--WvGSYox150duSqt1YV88c_sGDVaZP9emZ4CUWNth3bpTcirEIppW_pU7SH-m21EAo4oZu7nSMXgXGEm1pEEGDTM1F-vkJMR3Hs6zGVUbJ5Hqo6iPM2deeIf-KqdFztP0V7fHYz4PPZ1Tkf-PaM1YdbmNFRizVVka4xw8nAHMY2-iK4PbPVpNlhO9eFARD1miHtOd55ldl1McVv23m9s0i3H8B2FnC2J2r5iwbyOreVb-b3ny1PXmYMiDzsazZZ53vVlGTdGbU-829I34AH_nkOPCUrrZVCRC6ZgMGPULT47cV98ik70tbLe1W1WcvpJNGimf0g0hEdDeik2IBdIzSlqgdUxuwbUvWrjuU6Tostr4S0MOAJJCUVMrEdrugb9shkpRiyed9fjcLw_9XWGkFKyQy_oq2xkfZDG01Ryv4j7EuDeiQAzjDvQKX7ulI9CVq1XzbzoFAwdeM8OOb2JwhJjK7UiAqAMeCQpPBmWRk5RjIcQhYPeI4ylhaWP2aZVWimFaX7Lu06QmMmILm0Bo1FIXgeZp30pm0XwaJF8MZdhfJiMpJF_Pa3xELb_HbvZJyHtX7ZBFjKAocIYJbdmMb0K13yPXnzB4zluZecPkXQ_OmwHv7Q-qpmFjjbNDZp1swyORufqO294WEOZxW_mMLnM2rkF0gYtb4mBaZFmm0oztBvVZASnQL7NvrOp_BbDWN2GkfasE6uZshF1vvo7cCEETtmjlw,Login - OPERA Cloud,1
2025-06-02 22:25:29,https://hu05-ssd-ohs.oracleindustry.com/oamfed/idp/samlv20?SAMLRequest=hVNdb%2BIwEPwrkfuc2DEfBYtQQRE6JHqgwlVc30xswJJjp16nNPfrz4FG6j2Ue7NWM7Mzu%2BvRw0eho3fpQFmToTQhKJImt0KZY4Z%2BbefxAEXguRFcWyMzVEtAD%2BMR8EKXbFL5k3mWb5UEHwUhA%2ByjR0iGKmeY5aCAGV5IYD5nm8nTktGEsNLZg9KhyL13al95yXaBhFoBUBk6eV8yjM%2Fnc3LuJNYdMSUkxbun5SY%2FyYLHyjSmctmyGj%2B323IA6XxI2VJCzG8bkS4OoIC4a9EC1PEbOMFk2MAbyN1XQ%2BV%2FB%2BFtbjWK1p%2BvqTLXwd%2Bi7a8gYD%2B223W8Xm22KJpbl8vLNjJ04BrCXGZhJ8pwf9lr4xuC8VNFejGAiO0Jgn2eaxnUKvCuTnJbYMuLgxRYiRI3Ad5pWMsCoJKLy7x9hiihvZj0Y0K3lDLaY3T4iqKX9oBoc0CLWYaUiF9rvlr%2Bud%2B9lNO34vm3ns5X8WM9d8slidH1hNhF3DX%2BC%2B5v524qQfVwgYbteeVrNG6TKZFD3L%2FvUCoGg0E6oN192tl3BE%2F7JA3ndX8YSpooceV9Zs%2B1rUQTnHW7HRySj%2FAXV%2B2V%2FwyNF7O11Sqvo4nW9vzoJPfhM3hXSYTHV9a%2F32H8Fw%3D%3D&RelayState=jBup&SigAlg=http%3A%2F%2Fwww.w3.org%2F2001%2F04%2Fxmldsig-more%23rsa-sha256&Signature=T2745bvn7EqIdlgUnTc%2F5zSSdKi5bAxSOvOqpUulGqqRIBNWKeazqEZPBmm4IxjZzXlLAORDwVhSiS3xQYJSciA4Y2VTlXblVbVLds0eaiCCVTsP6J3rI%2Bv7gjIW660s6d4I3t3RpL2nByqJs7avOMqD4GcsER6NweRIbtUlXmeP7lO3pbmthY2naEmi9rqmrJDk5611A5Q4NDplbtcgQ3eZdBFnBArLrArJSHLFd1kNrZiUCTFYFHoeam4rpCq4JtSBQSqNhA4XLLOcF7vE5qcTMn3Jz6i7HPCPeYOeghPpwWPEJV%2B40MV7bq%2BfcGgXyT7mDP82jFfx%2FzFzbaqvmg%3D%3D,Login - OPERA Cloud,1
2025-06-02 22:07:45,https://idcs-67322d8881824b13b3da16015007f9e2.identity.oraclecloud.com/sso/v1/user/logout?nonce=331ea808-7a9f-4f15-988b-f7c996fbb3cb&tenant=hgbucloud01&domain_ocid=ocid1.domain.oc1..aaaaaaaacuigpodhvv6maozhy6he64rmuhkw7ytdcuyelxll4fkpkuod6mxa,Login - OPERA Cloud,1
2025-06-02 22:07:45,https://hu05-ssd-ohs.oracleindustry.com/oamfed/idp/samlv20?SAMLRequest=hVPbbuIwEP2VyH124jhcgkWokKAqBborQku7byZ2wNokTjNOgb9fB4jUrdT2dXTm3MYe3h7zzHmXFShdRMh3CXJkkWihil2EntZ3OEQOGF4InulCRugkAd2OhsDzrGQLvdO1Wcm3WoJxLFMB7NglJEJ1VTDNQQEreC6BmYTF4%2BWCUZewstKpyuyQG1OpbW0ke7FLqCUAFaG9MSXzvMPh4B4CV1c7jxLiey%2FLRZzsZc6xKhpXiWy3GkPfy3IAWRkbs12xOb8UIh3PgizipkULULsv4MQjgwbeQG4%2BGip%2FLMLoRGfImdj%2BVMHN%2BQiNBliRfU26GEBgvQcrxZNMqkLUYKqTm%2Bjc0zxPpfCUKL1G7J3aCmcAtZyduzERooR2MelhQteUMtJnneAPcp7ba9Pm2rNJhJTA3X45qNf1gCdB6pf5ZjPPM6ymeM5DjC73ZmfyyrnTVc7N99GaiWVNz1DbtFHmhEZtMiUSwL1%2BQKkIw9APaWfrB9tAcL9HfPsU%2BulAUleJy941e5LpWjTBWacTeDb50Pvg6mrx0erOJj9a9F3%2Fs8Wcq2wsRCUB0Gger3%2FNp%2FFV4ULaPvrYImx9s0LI48gSqC7g%2BuG1twvS3m88XuFlPO09bF7Dt%2BnpmZDt6X61h7%2F3TxeyT%2Fvt8L%2BfNPoH&SigAlg=http%3A%2F%2Fwww.w3.org%2F2001%2F04%2Fxmldsig-more%23rsa-sha256&Signature=KiO4ILY7p2%2FgEtJdO%2FgBisxet2I0G9PS89sQ0%2BZpD4ZePGimfc18rzlEVryxijHnNBm9SFGQz8Dzc6H3XOpyIQlNW54uySjYaUK%2BPDkaumwe2Q3eK3Eb%2BErkeBG3qhmCfijmvu2%2BYKH%2F%2FOsBYyRoBP%2FOwEp3qMY5DGb8vSi3HX%2FPiE0rm1niLfCZBQCj8k44W21qU1t4DLPATOVqLnkAKAuZEDkkZ5fzLANgJysdlD%2BCjswITAJJohwSQPzAGYiRI1VhXUCoas%2B6V%2FTvG%2B7wsQ4L%2BJC7Uoqb3A%2BP7clTI3QgcV662L6fG2DEAX0kMDLI6mpQhB6vLM%2F0DqBFspk88w%3D%3D,Login - OPERA Cloud,1
2025-06-02 22:07:45,https://idcs-67322d8881824b13b3da16015007f9e2.identity.oraclecloud.com/oauth2/v1/authorize?response_mode=form_post&response_type=id_token&scope=openid&IDCS_CG_ENC_VER=v2&state=wPgCXZg-LoCS_Y48JJnyanLB9zA7JULlFNZ3HrDA550&nonce=wgPGf9fjNIxlAhMiSeKOFqsqL6hmdVM2a5E7_Rld-ik&IDCS_IS_CLOUDGATE=true&X-HOST-IDENTIFIER-NAME=mtucn1.oraclehospitality.us-ashburn-1.ocs.oraclecloud.com&idcs_app_name=opera-mtucn1prod&policyAppName=opera-mtucn1prod&policyAppTenant=idcs-67322d8881824b13b3da16015007f9e2&idcs_app_resource_url=https%3A%2F%2Fmtucn1.oraclehospitality.us-ashburn-1.ocs.oraclecloud.com%2FOPERA9%2Fopera%2Foperacloud%2F%3FTPLNG%3DE&client_id=opera-mtucn1prod&IDCS_CG_ENC=true&enc=RTKspN72BSbUAgAAmgIAABAgmgIAAIACAAAQAMo6aL6CybD_AiqZkgdp8AziZsXcMXLWtJtx7K0KxGEMgr6CpXG0GPhNH39ylKDVgHO56qDRWwIR8JxZTnrmEKFdbjh2-zOHxI5oRRn_J9QSpzj7F0xMTLyzh3kBfDxvYEoMc-Y5Do_I-u2uXpSV07iVWsebTmODkcMcGKii6RGyJsK1NU0SF5tpSSU98M1O1Ajb9zi7qDHjlaojbYpUnrig6GOwbUwg3X3nWUT-AdBqlGpdVcWrEixsbIgBh-_sYljEIsL61gPrwUib1g2jPWLOQDN2oWLAv5WPx3-ZZJzlZl4tHCiOAPR9dYEiUUCEZrhpULmDccglegw3MZSH47ynKsa-HlJDxLWEf7z5n8mkSF7r9_6aeOdjtdLuV6QYq0x15y_GROEqd8sEfGMOcFgTNzOmjcT_N9GlUsgYNFnAzxv5qf0uF-QJ47TTPcnu2y3DPuzVdXWQbeoksBnNQ0JlrvegUBk0OikrQhIHuCwqRxDCJ4ngrr-8OQgSnTWP1ewFRccAVF-vkXOSo7rDFVyui1pwz7aTPIm4_yVeWow71mH--NnMaUflq16NemaCgEn28xuZoHPieC_CZAAVnVaY3qU6XF163GGcE0LmVxcyoGl7J-W5osSP46IC-zOV27lYfOklveTLxkjLfxMLd32GF5AlhZc2rRAfl0YHvqXumbpSeQOOx4bG4zfkWPuLKrFoQLEfPPRshWUmK7xKLAEVZWViS69fucky2Ibf6dQ8kj3cT9FrFN8uSaVJ_8p9CHTwQep6oPdadj3xggfeB7_JITfjWmLknox22n0jSbDWp2ijzRgVl1fwAvErL61MvwzPGuNzYTt78oZaYyguvweL2Au8otC9VH31oKL2cfYbMeLOOMxb9i1mwJ3WZsdAzhtXQO5NnpDdpBZwDwO48k3mPONFmd4237Bz_4pNEsI1,Login - OPERA Cloud,1
2025-06-02 22:07:45,https://hu05-ssd-ohs.oracleindustry.com/oamfed/idp/samlv20?SAMLRequest=hVNdb%2BIwEPwrkfvs2HH4qkWoaBE6pLaHDtqr7s3YBnxybC7rkPLvz4FG6j2Ue7NWM7Mzu%2Bvx3Xtpk6OuwHhXoCylKNFOemXcrkAv6zkeoQSCcEpY73SBThrQ3WQMorQHPq3D3v3Qf2oNIYlCDvh7n9IC1ZXjXoAB7kSpgQfJV9OnR85Syg%2BV3xobiyKEymzqoPlbJKFOAEyB9iEcOCFN06RNnvpqRxilGXl7elzJvS4FNq41JXXHav1cbysAdBViyo4SY37ZiPZIBEXETYdWYHZfwCmhty28hdx8NnT47yCCl96iZPnxujfuMvhrtM0FBPzber3Ey%2B%2BrNUrmvpL6vI0CbYWFOJdZ3IlxIpz32vqGaHxf0z4GUNjvIdoX0uqoVkOoTqn0JfGi3GpFjDqQNsCRxbUsAGq9OM87FIhR1sd0gClbM8bpkPf6v1Dy2h0Qaw9oMSuQUbj86V%2FxvN%2FMTs8v5fwoxP2DyI%2FNRv%2FeYXQ5IX4Wr1r%2FpQjXc7eVqLo9Q%2BP2ggknNOmSGSUBD4Y5Y2o0GmUj1ttk%2BSZXIhvQLJ7XcHurWWrUhfeRXVpfqzY47%2FVyEpOPySdX3ZU%2Fx8aL2dJbI0%2FJ1FrfPFRahPgZQlVrRCYX1r%2FfYfIX&RelayState=g1MA&SigAlg=http%3A%2F%2Fwww.w3.org%2F2001%2F04%2Fxmldsig-more%23rsa-sha256&Signature=HqtpX0zH2goWD8iPKk7o9hL6JKFFxvIQS7uYCaOtCIjqCzOINaa60yyA56jcU4tjHkbZXp5Uf2Sgd58qPttJdkkj4PtPlSEnbLD7bBton%2FEvsXAxCiZLSsZoaaeWdF90KB3gqseK0V%2F6059YElvRlp3DTUHtWjiCxwkhT51RyHNWd4jXQgBzyJog8eg7uTyzFzvZwFzixqNPQOeT7V1QWdW1Gx9UcmDN6Mqx4xNjGhbB6OrH1%2FNg5sAg%2BIpAZJTCZ3qoX6ciFoMVbo%2FoecdUm44keYyvNz2%2FpBIT34tnxlJuDTWT7QkqHFm%2FwG50DIYXJAMYRgJoxY2FfEerzzujbA%3D%3D,Login - OPERA Cloud,1
2025-06-02 22:07:40,https://login.oci.oraclecloud.com/v1/logout?nonce=331ea808-7a9f-4f15-988b-f7c996fbb3cb&domain=hgbuiad02prod&domain_ocid=ocid1.domain.oc1..aaaaaaaacuigpodhvv6maozhy6he64rmuhkw7ytdcuyelxll4fkpkuod6mxa&tenant=hgbucloud01&domain_stripe_url=https%3A%2F%2Fidcs-67322d8881824b13b3da16015007f9e2.identity.oraclecloud.com%3A443,Oracle Cloud Infrastructure | Sign Out,1
2025-06-02 22:07:39,https://mtucn1.oraclehospitality.us-ashburn-1.ocs.oraclecloud.com/cloudgate/logout.html?postlogouturl=https://mtucn1.oraclehospitality.us-ashburn-1.ocs.oraclecloud.com/OPERA9/opera/operacloud/?TPLNG=E&TPFLSCRN=Y&_afrRedirect=957652427777493,,1
2025-06-02 22:07:39,https://idcs-67322d8881824b13b3da16015007f9e2.identity.oraclecloud.com/oauth2/v1/userlogout?IDCS_CLIENT_TENANT=idcs-67322d8881824b13b3da16015007f9e2&X-HOST-IDENTIFIER-NAME=mtucn1.oraclehospitality.us-ashburn-1.ocs.oraclecloud.com&IDCS_SESSION_ID=5ad9be12d94442f4bf9dfc4fb870c1ec%3A8df87a&IDCS_CG_ENC_VER=v2&client_id=opera-mtucn1prod&method=encrypt&IDCS_CG_ENC=true&token=a2f_1qZItwEECgAAygkAABAgygkAALAJAAAQAL4FYUrA6OJOqdRAEJelrrzL78GXBaGeLPvv0F2SmHrZS-8IYxR62muDyax79boqw4MDhpWrtTxUI7A0E3iirl3E6BzOWqGYg-pxzjGm13PgcROvUaqCFc_-A-g0Sbiq0PSkK0WiDaGOpgavF-5vDJaCVPT-sW8yrSGZt3yWcaJxM7oe9v9XB4aoXCL4g8HgHTWzMY9MlrgJ996SVq82J708ccgoJQ3scukTg0GKQ9p88owDpn8aqjNo0hpnQS5tOigauhniKjrItD74_c1-U6TWqZ9tyusGTr-WPFPmoFokCYob0nlnA6ihNLxLmlUm4bxwG5glOPFVJhiIVdkZIrcXuViUc9efM-T8koarGv7MFBUCFzAiQMFdYNt2YNO2Biqv6mRE9G6chUKh88_FHNtZBQ2ORQMizPRKfJY_4-JTRdzREI6WJYwW7JFUJDGocfgZXFt5RVcgrVcka8l7hVuAJcd4JrejaWrYMoHNO493sBNoDu9ifeiy578XCwZGAPI0UFd26khtrpdHevyyQcz8Wb5so1qBQZ9FhsERK7VDbfQSSBLY2BwSc_IinEQ7Y0z6HUXSvbRErgqUywDsXT2mP8mrRAuiN0MB7woELvQSwPdwPPr4ijkP7P04FK7spH8aCzvZu_GXZE_5WE-cZcECqpfvQngJvrEOOrpm2T83GzutddEyakKYG7HCnHNhTmHwhQKG5yahJsKC1X90AY_kZahjxu4KappFofbpTdtvvUPyUBzIQ4G5SdwPg0YJfSFG5_fS2Hsf1yJIq3dpl-KeIfnHNPKekFEL7rVr6JgmrJEATJqFow64cfd2fE-kqjUQ56jiSW3YLtHgzuIuLykmYg93JG7PYzJT59Sttd2rE9tBKK5_bOP_Dx2tTAGGGtC0jMnnk2d_IG-pNdc_i3OpZXOk3p1x-R_V5uSzTnL1kNqLpj3jgZkYK53SvkJuZtalEYannWclp5Vy1fcohFCCmVML6xBoUMIJr4fFmhS0aXvWcOlaYo5CdZSNaaDjHzYX0PI_WXfNpsm2uJbyHyeAi-vPvY0zY1dfFGkPvrt8BAI4BO86Qf09LyPF6qP33K5YW9NEiYVvQ8GgHnecE-gLVXzkXx1veo1alDAl4IqWCWWYUU65aDUjlaQYeH6cqHx36fmpbnfAkfqCTE3DwIPojNwH3Z83VB7Gbly_ojRKCAVVDtR9CdoqBAC93bBBI4nhDcYjzCfbtZZFvETSNp3nuqsog6XerIufluUipcrBoqoe6N3giof_ijdUcZEOTLy2Zv3zTSoeKzRd8PbNc2ZHZFcB9yyn11th7R_vUnGmSOD1vpEBzDl7__prz2l4yNHPks9H-wOLLZdu3OuHqFLpqWpdcaq-dV-twlDMHq2nDEcFsrgYakbGMLlEZQdWBnag0mT4Cvzl8auxSMWv-OY-L_cq7GEUwMrj4s5ICv8NmMXCwhwH18sK--GKJONXRSbiapJW6gPbvw-JWDdAoaCoSjyzuqd3AxofAxOCGlfzBDF9DMPCp0jVjVxbx--UeNobGoAChVU2hW_J-lRFa9Q2bceXNAg8iDBhMGV1y8kpT9PZo4DQn64itDvZFOem3qqh50WCtPpn1OAp_KvQXacuWeZYV7mUXRCho4qCI-ndEYODtsKvBys3v9TrJc8K20Es0v5vr0FF6plpqDDymP1LbdUZRUjuMFIE8akbxUEvPquMlw_Np8bIvN8FjwskKHP1rrlIDtsCOSxm4vIi52rpdIu8QSy3j3msGlD2k1WwvofgytsG2ZteDoVXNqWQeHDClqSG9NUQqEnDMLY4tg64X6gP5LlwLkv_ptC6AtJlf1eLB7eLezPsqEvao5IvbohabYq2iM9HXb_umPBvkejCDi93YXFPoevDJdsXuWJzY4JTUojCPcOrf2CEl2PdUz_jcJhEC1k411XrW8qzgU2Ibj8otMKfW_rEF_0336LnpfA2ALH4e_wP75rLFGbXX7t1bMgVgasSSrY9PKaoMJ-QyZIFlazhrDsJxPirMl7CDhy8vMCAsVLXA0W4z35IEuBjQzS9yqIOq47jgzg_lyHrHLYmmXOpHnludZZZzeX5mhD9ieE3QKB3VcGu8T7ScxUBssK0PDpvVbbSlA4Yn7GAPCbMFmVXcpSonHwEyq0a_AnKpjQY_aHQD2IHNnTf3bjk_GDIkTLO0QOZostDdE18iaDnIUMIO9kPf8GODK9XPbapbCJalLspx6wGaqy2ApBQjb6i2V7btZAOqFTj6bCIQraU2ToyvpSBryHctKYDgfpt1tTSRreBp27a1ecZ9v8Xqzs_DAa_cqMnaEZQlBYo5FNez8NHpUDXRqlo_yO1VDRW2npPknbygugbm-lZT3kDiD-pcqaafZTlDwhvLEwCuRzZybihXiJDt4U-jXVZQ-Nj4glmht-cHHwpHVDCo0xlczffEIqJpUYIvg82ejsObnAv-ggCgyazZ4Xr63GQUIrc7nJ3EK4oz_gon0hxIi63aJkIGsQabC7f_oDfeDwqSnUvu61eFhavQrf_QV6coFgk4u92dZI9MJnPKR3t90AWUzl7HbPp1hzbIxk4x7J7cWQiw4oczeRVdJRVCY_S1o7jTqXWtME1nsfpB-TNV53eI5frlbzXTfmHIwpU-EvZSSz4f5aVocnsP9hdno_5vBnzrNNxr0RQzIg0HXPY6eunWhIMi40YYlJkq_Zhe9KfuYXJL-AO7ABua2wOd1z-S-kDeph_kJRtf2-1zyNbqcucx58OlwV66qvU75qtNd5W8_SK9Kn_6VEZR5fd7bp-Tx4ojlzf6drngIjR8xNADgwFP1X59tt9HOxFhfnCcWfYVJakjqZNHcckNDLxeRxPB754tmmGBUHF79H0zr4oUjyf4FBSl7kbxylAnNZfwmXHLHUBICc_ZpemnDL526WWlER1KLcin2mMkSKr5aBLHYMKSiB0O-v3Cxglr30lzhxClXkRS8HiM5KVoISxKsv7pqnWIfdpOim_l88DGFnYd4-cM2YUKSqjLz9yfLXjIupUwLZwgWp94qb2DPfhN3p4pwv_9Dz7XKWVM6SlOensnUOTRiXcA4HnZhAMPARJ76DcEGsbXUe8cHq3xz1Tr0FcQWPBmmGx7QvhCEEFtDMe7mKVN27bAsZqCNVp6TDwORRnXKFGWDCbis7R469cOoKhH9viN0oILfJhy2pd_G4aBohwOijrPfNCXCBc_UVkE79vl9Vn3rTw-uPySJr752xWuQNY7WdkIhKQulriSkc84ZBDXbhB8l6sY0VbZ2ndnl-O1-tatgSWZvrGCkhC-EsVJhytxOR8pjOQkVs_sac4z74M4pjgHHfAXY1J8Gc8aIBDuSFwjEAX8pg-cH7Mz0DUtKsaIUvAD6SqLlW4E-hOXg,,1
2025-06-02 21:36:27,https://mtucn1.oraclehospitality.us-ashburn-1.ocs.oraclecloud.com/OPERA9/opera/operacloud/faces/opera-cloud-index/OperaCloud?_afrRedirect=955780327556862&_afrPage=1,OPERA Cloud,1
2025-06-02 21:36:19,https://mtucn1.oraclehospitality.us-ashburn-1.ocs.oraclecloud.com/OPERA9/opera/operacloud/faces/adf.task-flow?adf.tfId=opera-cloud-index&adf.tfDoc=/WEB-INF/taskflows/opera-cloud-index.xml&_afrLoop=955772786196470&_afrWindowMode=2&Adf-Window-Id=w48qu5b62a&_afrFS=16&_afrMT=screen&_afrMFW=1058&_afrMFH=1460&_afrMFDW=960&_afrMFDH=1440&_afrMFC=8&_afrMFCI=0&_afrMFM=0&_afrMFR=172&_afrMFG=0&_afrMFS=0&_afrMFO=1,Initializing Application,1
2025-06-02 21:36:17,https://idcs-67322d8881824b13b3da16015007f9e2.identity.oraclecloud.com/sso/v1/user/callback/login?nonce=44eca416-0994-47f7-ae0b-423b4374214b,Submit This Form,1
2025-06-02 21:36:17,https://idcs-67322d8881824b13b3da16015007f9e2.identity.oraclecloud.com/oauth2/v1/consent?OCIS_REQ=FTjeiN%2FNs2C3luyRvkD5rvtovX%2F%2Fr2lIfwxRX56%2FNfC5BaLqGeZfVxjEjVdrY9bV0rvKbjQJkxP6KjSbLtNVEZGAGN53Lfxj5TTAQSvigSMcXlzW1nlFMKrNMt7jMbdDNG1udIxo4G8ZwPOf5OePjXmz5rGffSr435KfuKy79hwb8bDJCLjps9nh%2BEWeda%2F%2ByIJfM3PfW5UHm5oH2A46fFBnVU3e2Nh0QuOiQlDbkWwivvyxHFOEaakKR1zX%2FgEqAtGCNP0Kh7S6z53qIwaau0SLk9vXUjr85d9jzfft6z14IWCDG4Qwx4FBnqMgAFPrBzWY%2FaOU8om2UmlM9UUedrymL1JEnn6B1mvddiuSvuKPWqv7cem5gKw3nk5Bp%2FJ08nplJfytTO6kWpk9EWFXTjQYBsJTgz4b8Alotl07gcV2Y0zKAlcMuic3LtzMM2Apl9J%2Fw51tXrweKmT%2BM4kgH4oqA%2BKcQVRpfo0gNx60w1VI7RnqUbtpzSGIyu6Mgav%2BcK3TLrlIGIJ2vbTW0vyBWMKYVEgc4ep8xer4oJT4apSyLBDtUVFXTuHCVlYhTXRxLl8junEh44W%2B%2FjPMvsvVm%2Bt2zp7J14LXRmf56zkRlf0SuvEnhD9ow%2Fm3%2FuGK5VGdqBSgkLtf9aPqd6l7m67Rmc93Z2463OVB1h%2Bb3%2BZnE43pUlysMhHru3%2Bnmj%2FhaF6C6xb5Won9e84nZJmutDfANhMWSEFke5e74JcLu86BTwC5YxIg19Y3GloD%2F3ercJiowlLeOSxRaBNJBYrdCE28v4bcQUUnOHgQ8VJFaZPGrMfROSR07J6%2BC%2BI3yrOMzLBgrbw65CRVnamXdoGsN5HIDkaaRubSI%2BgBo25EpvBIW6rj08cpIJRgiF8zTK1Cb2IcB%2FPs0ki5remygWqyZf951TvwJ7mGd97pNN0trXusZiKh%2FtmBEOY7cgd9Go8zvwHkXOLCQca7d8CTURr%2Bpc3n6NxxfiUhDKFSj2cznasxmC8r1%2Fg0AlP8ySGhp%2FNCb5vAAZv9JWM9o5b%2BK8F9V81vQeAMPNbvoWvnPGRbty8v3tjI3pEfjZFnemLnisTQPARpv69k6CpG%2BEylldhlRvA3Mb7YV3apyzFwYk8nOTX7Nuj20Ue4AOV0G100PT1gdLAnRFBKR66JDaEpqNEMf2WGXL%2FhLtCHh6z7Z7yCEWWHjmQ%2FXRM3JmrTOaG%2BK%2Bbk3VKMPnHNLtG6JLOI7c3VMJOc00U8L7rT8fES0XbVCFnX0EzXBwWgsAi0%2B%2FUh37qOCb5AHgnCMsYhvikjGnFrKk8IwQVn7YP890AeEzf4OiAYqR7%2FC3a4yhaqkyleBqOAm4usd4%2F9iqIe9WykONZ0th7O%2BTBmxq08mJH9%2B0dPN1bx45aAiqDOvzaFcXBQny5ojCwXt9ER0ZrshhP%2BAh8cycoHw%2Bcnw1nJu3%2B02E6YH%2FUIMNje4f6lpMCgiaf15P6SL403a44lTHWkH2RFCsNX%2Fr3fhPd5WTqpohkTJ1DNhwEEERMA3qHk9Q0%2FmSZlqHgOj1z0Z4S%2FcU%2B9q3TBQi5BWsVnuTeVphW1dHbbpiq80r0Tq6MYZt77KiFob5VUSSSqxsc9AIz%2Bpn3dX9%2BqznqXYrWo1VflOtZ1HVRRlotClSIV1pXTTq204F9wZ2oMl%2Fk4mM5hImvU%2F003MxhZPXjn0DDsASXrUcCVTH2i3CDTQzkf9SNGRiJ5w6i%2B%2BaLMje9G%2FsMAMBzjGx83LWc1pnoJVtioJEJnATANEtOnoj8yjLqQ6oOlAAMWEHlA%2BX1kCvTLq2in4s6BYremZjtqcRVoRHWiimTaAXjGciHLKvLVEzC%2FXasCFSqdaIFU0oOb07IT6d%2FB9NdIAVzcHZaj5xgZ0jbVu6QPJV9muQFfBv1x3LftLhK%2B2gfUzLx8p5IMnPvm0QqoDan551D%2BHFTdL6gXOe3R59dcAKv1Pf8W5uYA0kob5FiFa%2B5uzXnf%2F5XWF22XUSSPcn7m1a8GjI%2FqT0oVKTor1%2BJiMcJ8DKtkmKPxLqUgyx9tJBUSOkWAuraCwnR6TkpPWCYLfqA49QxUw%2BifT50xg9nNo%2FAptbUUhQ%2BX1zHw3YZAkD8gXuN14eFzr%2F2j5nXgCuEVUwxxFhflipM9i5uJpV02j4bFSX%2FXwi60NWXZ45Uy4PHI8iKOjiYwlGfjKBesBlc5cmTUk22bGMwqfkv5bsxqE8HNsQwAM6tXQZwqv4KTlDHaJB%2FF%2FPMrbfvXEu0qNHX6Fr16TyALgbjz0iSpxQNHj%2F2ioqxTH8xgFHjgLXCO0Yxj9GcTbiiM9gxUmHj23jljHd%2B4tGzkZRUbc1q6wYaEEKIRaRi4OPa7RqUl%2BOUU1q%2BplIooiue1Ul4mLPySzsaDUzEHv9i5h4Way%2FfRL7VFQPNsxTigom32HeuczHcqlFcwjlLx85Y26yiJN6Ogbxm459%2BQN87qHasj69RxaRsNcQ372yFXyevVNaZELSeyvM%2BfxLergS53aOJcmCcLwk9a2FTcDV6RNFEEYGuq8ENviCyCT1X0jfyW6xEnPrnL1ZJI3UmCevShs7fOGHxD4tkToRhHOjWCzOJPKVeASsqS39TjeQTSpHm9l3E%2FKqlfJFmd5icL9YMYgqePewCzZWd71Mqcz96hij4CyIOfCWjrufOvjTz3GHJb1OEDKGeawJwlwYf4jEpoT7unjWz15ArKO6%2FwWcHpEpKs9XnIhV6USG35U3y9MGe4%2BY94ChK4Z5VjtDRqNJfsP2SzA5b59a5vPGIqdan8eiME37g%2FbvK5VqOc0DvbZlhoKSVfBXwtO%2BIhruSJFm%2BZfSWYmA0dutJ50FSIXERxK4br0Rh1ek1IxYa9hUrXZAGfSM%2BuVIPSuO5OyqP9S8PvOV6e%2FNP78rJf%2FQX9QO9yLXP0yuf%2Fr4oBfWnTD0JvOCuw7U3MVV3Ue6cH0XHOZf8TPJFMaHfAC3i0awoKJSO9bT6rySlPUrQ69pBLfDgKLAecQuUO0kU%2F2bZnkC3uD3fj2aF73rNF1KZZU3AIhPy5hS4Zx2JOczah57hYPpvEpMrNNOui5BFwrYLZ43y2%2B8zhJwqrtY4SSc4SkA44PKzrBuQy3MEtNCYD%2Bf2pMQV7R8RqFoC%2B1YdjnE82wFFamo9ZaM%2FY9Ha40B6xPzZPkGczqtRY%2FFAIHnAVdmOO%2F5ZVXVP2DvuQbEeWpEUxVumdVOoA8RkQHwD08ji8p245jahv7XWnTepVN9ONza2oy2%2FpAj9U9F8795dqIS5plGGY9ENRXEkFXRYoyQl7PxFQp38mvckU5exXh6vyr%2F3V1Us1Se25KxqTR0BdIf%2FEtbGLlTPbRe2%2F9wPlN%2Bi%2BlpDE8MbULG4sJLKB%2Bwm0v3KCBM8Aw3iUpfocYWegonMwKajH4D8mCfQXMqk7%2FOYX9PLze20ybGNjUDonaQIhzXh5tInEM8PegV1j2ZeNuaaJzXSLco%2F2pGiYrINR9z2awhnrExsHhoFCPYjyrWukJh9Uqf5oBreL8rociBAoLjzogzwexouaZNL8xpvlhMBU20Q8L7xGigKqEWEGZnKoY11bHvyPFVFJIb1BDXMeqzYXEFxNoGXYyaJGXHKC6f%2B9rHVeGtRECa5Z37kd9iDiyQQ6CsLltGH%2FAFGgBdUaHUaXYmSHquQcccuM%2B53m8Sp%2BJMUjlagmiBU3S0f9wL2ANufc5dVsEAWDHHbjSHbuUhdLGbu7zzIqdpRRwDvSFkyr%2FEvjnCK6Rye0NKkte7XRuNCKJc6NqfIF1UZppxUd%2FJ1YPd6TywZX6HTGXNiggojTAvYEWTLAcZFQy%2BY7HEGRWzZQLNaaXdvjx9t%2BNHiTSaCIfpGto1tDDgrROxRCzhH5FhvFpF%2BIZYAOdvknlqiKu0l50KkaSAgqKbL7fLZswk4HLTOSue1bh5XYFSkyJEkvB1nTx4CZtSnixnax3lJF%2FwWXnpIdXgbUz5N9qxGzbkZ%2Ba%2BVfQEc59cvZoYl88hgT3G%2BNFT6%2BHawwdHlhrrwr6Mn4OkT4fwR3TVMDw9JENbzGddnA0hIZ9Fzo27IpN5Pv0e4pl%2F39q%2BrujT0YJOjCjz5VqVbMkrWZb3RUJ4X7ATC7iqRkiCbEi%2F8PN2sCIk4nV6N0yuxv5DzKKnyNB9CS8LUWpRO7HA1GLe1Kb0D%2BmWJRXO%2FO9f824l8AzShrNbpCyYf7oTRMG%2BrgydjPNzrViLvhDDUQ0e%2BwMFFriaM%7EptUNyVUXZbH3ooSi7JkndXb2g5y7A03Jagif3CzgC2I,Submit This Form,1
2025-06-02 21:36:16,https://login.oci.oraclecloud.com/v2/storeLoginInfo?redirect_uri=aHR0cHM6Ly9pZGNzLTY3MzIyZDg4ODE4MjRiMTNiM2RhMTYwMTUwMDdmOWUyLmlkZW50aXR5Lm9yYWNsZWNsb3VkLmNvbTo0NDMvc3NvL3YxL3VzZXIvY2FsbGJhY2svbG9naW4_bm9uY2U9NDRlY2E0MTYtMDk5NC00N2Y3LWFlMGItNDIzYjQzNzQyMTRi&access_info=eyJraWQiOiJTSUdOSU5HX0tFWSIsImFsZyI6IlJTMjU2In0.eyJkb21haW5faWQiOiJvY2lkMS5kb21haW4ub2MxLi5hYWFhYWFhYWN1aWdwb2RodnY2bWFvemh5NmhlNjRybXVoa3c3eXRkY3V5ZWx4bGw0Zmtwa3VvZDZteGEiLCJkb21haW4iOiJoZ2J1aWFkMDJwcm9kIiwiZXhwIjoxNzQ4OTAwMTg2ODM1LCJpYXQiOjE3NDg5MDAxNzY4MzUsImFjY291bnQiOiJoZ2J1Y2xvdWQwMSIsInVzZXJuYW1lIjoiS1NUT0tFUyJ9.PNI_Pd6hBLJPuUW0MPXZwtsxGBrSYFI_XndT-jcTAlg0rRgh0viNbZQHvbsuClQ-mgzKr_zPa1L2yukTLVwywmoNGVSKTA57b7zUumtStmOXIhQsylFu_YsN_2bR8G6MUwFjsAySo17Y5x0R_vHhmBrPqr5ujqjE-so7BVBBrIt9xkMAJWvpfEbAvFCnzktJ7VpiFJcKs4SjM6BpemncDcQSXIIVmpc-6zjxA43PUJzwx3eQayPncfKaRA0m8A7wA_5NBH_UnSZnGXYITB9Idpn2CcA6B_aodRbzdvbmQ9ckJqQNqP0aWJwp_V4DBj3Fl_lj5gAQFsaUz4y3d93Gww&is_paas_login=true,Submit This Form,1
2025-06-02 21:36:14,https://idcs-67322d8881824b13b3da16015007f9e2.identity.oraclecloud.com/oauth2/v1/authorize?response_mode=form_post&response_type=id_token&scope=openid&IDCS_CG_ENC_VER=v2&state=lPL1sQonYjAgjZcFl3fH9A9dclBp6n-K6IF3crmHTsM&nonce=ZO03EcRwydBz4icMrg3eYae9dglcZNseFRkI9ZBHBnE&IDCS_IS_CLOUDGATE=true&X-HOST-IDENTIFIER-NAME=mtucn1.oraclehospitality.us-ashburn-1.ocs.oraclecloud.com&idcs_app_name=opera-mtucn1prod&policyAppName=opera-mtucn1prod&policyAppTenant=idcs-67322d8881824b13b3da16015007f9e2&idcs_app_resource_url=https%3A%2F%2Fmtucn1.oraclehospitality.us-ashburn-1.ocs.oraclecloud.com%2FOPERA9%2Fopera%2Foperacloud%2Ffaces%2Fopera-cloud-index%2FOperaCloud&client_id=opera-mtucn1prod&IDCS_CG_ENC=true&enc=yv8O-O9G8TzwAgAAtgIAABAgtgIAAJwCAAAQAM7XyyFbR0MMiuTFORxOdkGeFwgvoKTtYBrrCLZ3Itp9peETtZxdkkrarNicU86MEE7FM6tIQywMXXjqoxxxFoMBZZtoNr2UzJJg2uct77UI7ZTYJgMJW8gTlMi5fyEgxkN6fEdGGXdpI4aSOH5Zad0xeeZJrW_h_4D5BJQiR_bcYyhjwK-95M-zEKs6IuscfMEpt26siWvWR7dEagVEgmqFVOqSqr2TNluuRytzjrVhoAd6ehWjhGhUgIUw-tXo92yXIEmdTIq5UHfKQnt2XiySehjfVlB7Fc6YlBM0SBhfo3exZ_uXTvXB3akriHpDO9B__avQa0ZCuiCsHiYuHCznz1itOlcLVvirKAPcXi6uNZ5RpJH2SzyGAmZebJ9CmU1Dsj8CWrWeqxLS1K7ZgAs0QXyDZOxh7YgFCgUc7GxFrDYFW0b6MUUCkiPHkf2ZeB5RwfLatVj_ytIYtMLGxWJINusFEwAgbbvQ11n25bu5DBzQgoaIty5UgF_gUtu12qV5VjDi2SWcmeCZLASgnLGjR6tRzvDmSOD79ucNYtMdprV32rJFpljxBgA9keOfIev1fsycPd0f8G3y-a58Xnj18AiXdmzAzLVWsnxsqkgyKi3Uw0BKkV5OlqZ0gt-MQ0_-gJdIVRJCGESTdQbCvVuyDoyaIt9Z--ZmM1LOFKjBYgZBBhe4-LMW-dyLPhlvt-gtlmSY68rm7UtEGHH0OC5jWMh0TISuAezHYBYttuJnKf-k4z9lFvT-dzYX81dnXZTHjFth0TlI-S3GqS6nLCLQGCJaTZeG1f5JkeRJZPUNbf74hZMY9Px_NhGrs26uIr21oT9YSbupAa0Wr9zuSpNDpA7GJUdyEi224_DeqkeL4SheqtHB3_yyDgYo31MmuMVxE2TxCMNxb_mrvlwNs3HH74oB8vojErmngWEFNZ6XjEoGn2EXzc4rlAkM-oU80SRwRyzGXNDKRpMCPA,Login - OPERA Cloud,1
2025-06-02 21:36:14,https://hu05-ssd-ohs.oracleindustry.com/oamfed/idp/samlv20?SAMLRequest=hVPRbuIwEPyVyH127DhAwSJU9BBXpPaKDu6E7s3YDlhKbOp1oPz9OdBIvYdyb9ZqZnZmdz1%2BeK%2Br5Kg9GGcLlKUUJdpKp4zdFejXeo6HKIEgrBKVs7pAZw3oYTIGUVcHPm3C3v7Ub42GkEQhC%2Fy9T2mBGm%2B5E2CAW1Fr4EHy1fTlmbOU8oN3paliUYTgzbYJmm8iCXUCYAq0D%2BHACTmdTukpT53fEUZpRjYvzyu517XAxrampO5YrZ%2FbbQWA9iGm7Cgx5peNaI9EUETcdWgFZvcFnBI6auEt5O6zocN%2FBxGcdBVKlh%2BvR2Ovg79F215BwJ%2FW6yVevq7WKJk7L%2FVlGwUqRQVxLrO4E2NFuOy19Q3R%2BL6hfQygsNtDtC9kpaNaA8GfU%2Blq4kRdakWMOpA2wJHFtSwAGr24zDsUiFHWx3SAKVuzjOcDnvX%2BoOR3d0CsPaDFrEBG4dHmbeFxLWbZbhW%2Bbx63%2FWNZz%2FHr8klidD0hfhH3rf9ahNu520pULS%2FQuL1gwhlNumRGScCD%2B5wxNRwOsyHrbbN8myuRDWgWz%2Bu%2BHGmWGnXlfWSXlWtUG5z3ejmJycfkk6vuyn%2FExovZ0lVGnpNpVbnTN69FiJ8h%2BEYjMrmy%2Fv0Ok78%3D&RelayState=aTTK&SigAlg=http%3A%2F%2Fwww.w3.org%2F2001%2F04%2Fxmldsig-more%23rsa-sha256&Signature=LEAxQd1lAviW5qnrT%2BiV7Al0YnYTF%2FnOvbsw6MEJE1aN5M3FypWjEY6DDjxHHqkNgF3Mi6bTtYgQzrhYKqJ0Lg4DOX2dHiQq0Rrs2G9DkuENWJ5Oy2yqi5RSpgM0avhqPncUF9UuzvrghzI57Q2M%2BypdPK9Qbo8VF4lfZHtg%2BK2yzHWzOld8gZo2fWR5gH6IzdApdgvHkb%2BYprOZvpOJzEqbVBT2OLNzmzPpUHfCFoO%2FEaJeT0I2oBPhd%2BW4qC4gnVemNtJjlMrvDcoHnldecZItNJyOQyS7yX%2Be%2Bk2NIZvnELjZnk0lVJ1guaDjAsHiZkzG3CsTOaLCjJ6KFAw62w%3D%3D,Login - OPERA Cloud,1
2025-06-02 19:56:02,https://idcs-67322d8881824b13b3da16015007f9e2.identity.oraclecloud.com/sso/v1/user/logout?nonce=7c24eafa-8769-4945-ab32-64bce43d77ae&tenant=hgbucloud01&domain_ocid=ocid1.domain.oc1..aaaaaaaacuigpodhvv6maozhy6he64rmuhkw7ytdcuyelxll4fkpkuod6mxa,Login - OPERA Cloud,1
2025-06-02 19:56:02,https://hu05-ssd-ohs.oracleindustry.com/oamfed/idp/samlv20?SAMLRequest=hVNbb9owFP4rkfucxDaXJhahYmJsqNBKDSt0byZ2wFNi0xyHy379HCBSV6nt69F3vtuxB3fHsvD2sgJldIJIgJEndWaE0psE%2FVpM%2FAh5YLkWvDBaJugkAd0NB8DLYsdmZmNq%2ByRfawnWc0wa2LGHcYLqSjPDQQHTvJTAbMbS0XzGaIDZrjK5KtyQW1updW0lW7kl1BKAStDW2h0Lw8PhEBw6gak2IcWYhKv5LM22suS%2B0o2rTLZbjaHPZTmArKyL2a64nB8K4W7oQA5x06IFqM0HcBziuIE3kJu3hnZfFmFNZgrkjV1%2FSnN7PkKjAU5kW%2BOeDyB8swUnxbNCKi1qsNUpyEwZGl7mUoRK7MJGbE9dhVOAWk7P3dgEUUx7Pu77mC5IzHp9hslv5D2316bNtafjBCnhz%2BMf5cgex5N8K%2FLRcn0o%2ByuZ7rNi8uKjy73ZmbzyJqYquf08WjNxrPkZ6pq2yp7QsE2mRAZ%2B%2F7ZDqYiiiES0uyaddUdw0sfEPYXbPJY0UOKyd82eFaYWTXDW7XZCl3wQvnF1tfjgdKfjLy2SgLy3WHJVjISoJAAa3qeLx%2Fvv6VXhQto%2B%2BtQhXH1TLeRx6AieX3X6p0fGKqKPf%2BOnh9kSVwtHveRpNvK%2FRfuXeP2TdE8Xsnf77fC%2FnzT8Bw%3D%3D&SigAlg=http%3A%2F%2Fwww.w3.org%2F2001%2F04%2Fxmldsig-more%23rsa-sha256&Signature=U3%2FeOP9tCykwOiBtkua0Gl2kWk3LGycIwEiPuqLUnMi9WMaegFESKzlSw%2B%2BuktanY%2B4gI1MYxVV42v%2BJWVrzi0e%2FMcGBHwfGU6W63Rx1C3e9pXnq77YfFWpnIA6aKlNQwazbHvOQPUW9sBTlIiG31vpiWKd6GbMVsg0AZSNDW2OJoE%2BJ%2FnUvUB%2BwEhtShdrOmukCmUM1b%2BNbbzv7YiqqBiyCD1z5S0M15cDnhr%2BL4fCZehnSmb%2BwCMyj8VydxmGMaDBDv7NS82n6aocFfxh2O9G5s4tvkGam0LHlkn0f9qCnWp21hVDJLVsoQ%2FKV8s0iFTQvtSUyhOAZBPNop2OUvw%3D%3D,Login - OPERA Cloud,1
2025-06-02 19:56:02,https://idcs-67322d8881824b13b3da16015007f9e2.identity.oraclecloud.com/oauth2/v1/authorize?response_mode=form_post&response_type=id_token&scope=openid&IDCS_CG_ENC_VER=v2&state=MVrM2ficaUP8LAKAoARvf2P5D1563GNkf92X-CDRonQ&nonce=pIpqeZRj8oMj44MZsYGc0S8kVtPMQRRTwDeS51L4neI&IDCS_IS_CLOUDGATE=true&X-HOST-IDENTIFIER-NAME=mtucn1.oraclehospitality.us-ashburn-1.ocs.oraclecloud.com&idcs_app_name=opera-mtucn1prod&policyAppName=opera-mtucn1prod&policyAppTenant=idcs-67322d8881824b13b3da16015007f9e2&idcs_app_resource_url=https%3A%2F%2Fmtucn1.oraclehospitality.us-ashburn-1.ocs.oraclecloud.com%2FOPERA9%2Fopera%2Foperacloud%2F%3FTPLNG%3DE&client_id=opera-mtucn1prod&IDCS_CG_ENC=true&enc=A5AM8ZhZMcLUAgAAmgIAABAgmgIAAIACAAAQAIVyP8sCvF8OhnxvIy4OnFor1aTbZ40u84EF33qnMvY5PyEUargUBfEtT-hkDeq_EIg0JHD8tsRcoBlEWC61st6IYXax7DJSHn9GVZteHjTlFSaDWh8FmIeVn5hZ2rEaj4tVMN7gS0CkeJS5z0UJLL87TljGAN1Z4UPlnCrg19cmbm0hpLVcwyQTkIKyj1cpTEW-lgkdi4FOolDg1su5yNbI6AG1DT5Ll1IqeMuAvI7D5kIjDa5ykqcrGPyRP3HIzW3rNWtAur3mUjFDTDxR85VHmgHma2kil3GqTR3iEYVSwDvd77IyBns5Mrv85PKN4vs61RnkxPoz1m1VjhNU3--bDtFK_JEbCHrOv0OD__qC93Gv-qVLiNHFHoBIRbSlgJ3vqtNxHv7tPojmEWoZXDffnqOcTDM91p2PTVLS0rp8X3a_bNj6Kt85EcgWr8PODSM9Ga9rG14VkrTWxlsn_cWW-UerVpvTT9G_QuV1ZwMYhuyCrcNuW21Q3_jI8knR7j4hIE7INpXLtrBTJ0A068nSgJLYeavV4r6PURqFtexXqyTeXy4xC3IHlABBcZOZPWagTrMHgLFder88nQRvKNnPPUeZssRgIMxknaMAAMqHtsA2ZFtf0Mn6_RZleSt0GxzkIRUI_OjmxdvZ83bx5kmX0ITwIwHpw8E9kcHuiy3V9ecj0BFkoyZh5vNwy9idKjmIQbi2xZljARFy2dQAF4RwL-JpV4mBGFTqJwGxES45f4pQaZ6A-7zgR8MqQtHICZlr_XGKWZDnU9KDlWgHW-CFKd_iWaVsIoAm7D-QYNvyvITcniGzeSGuN-IARTufZ7CkFi7d-_oQDjYYh97IPHe_PJqru5wQ47ZU_0CQhaj5r5TNxmODHFqJwEGiBVoyAManLucc0wl-7mNQKWgpoRtvqBhsLrCTvzCz81K5r_f9,Login - OPERA Cloud,1
2025-06-02 19:56:02,https://hu05-ssd-ohs.oracleindustry.com/oamfed/idp/samlv20?SAMLRequest=hVNdb9owFP0rkfvs2HGAgkWoWFlXpLIyPia0NxM74Cmxs1yHlH8%2FBxqpeyh7s67OOfece6%2FHD29FHpxUBdqaBEUhRYEyqZXaHBK03TzhIQrACSNFbo1K0FkBepiMQRR5yae1O5qV%2BlMrcIEXMsDf%2BpQmqK4MtwI0cCMKBdylfD1dvHAWUl5WNtO5LwrnKr2vneI7T0KdAOgEHZ0rOSFN04RNHNrqQBilEdktXtbpURUCa9OaSlXHav3cbisAVOV8yo7iY37aiPaIB3nEXYeWoA%2BfwCmhoxbeQu4%2BGir%2FOwhnU5ujYPn%2B%2BqLNdfC3aPsrCPjzZrPEy9f1BgVPtkrVZRsJykQOfi4zvxNthLvstfUN3vixpn0MILE9grcv0lx5tRpcdQ5TWxArikxJomVJ2gAn5tcyB6jV%2FDJvlyBGWR%2FTAaZsE414f8Ap%2B4WCn90BsfaA5rMEaYm%2F4cWPx%2BZ3uYcV3UWv22z2jHen6Wr7dYvR9YT4Rbxq%2FRfC3c7dVrxqdoH67TntzmjSJdMyBTy4jxmTw%2BEwGrLePor3sRTRgEb%2BvO6zkWKhllfee%2FY0t7Vsg%2FNeLyY%2B%2BZh8cNVd%2BXffeD5b2lyn52Ca57Z5rJRw%2FjO4qlaITK6sf7%2FD5C8%3D&RelayState=4oIw&SigAlg=http%3A%2F%2Fwww.w3.org%2F2001%2F04%2Fxmldsig-more%23rsa-sha256&Signature=ZpNtbzBlLADZmmNPwxet4d8GcD2pky7gjfwbm3A17jjtN0tJN9qGS7gvt7TEeTC8uUAiVOyNE3q8gud13IrWhYMXN9m7nJlAwb4UK%2BPmTw9IPzfvlivNU%2F%2Fe%2FQTUSgcV7QsBxwo%2B%2Fvq1a0V%2FT%2B51TzHBoDIKQC21QZtXLAgv3xzayuFp4FL5HeCCIoMaPaFmJF%2FqoJ7V7q3xFaiOvEeKrPQMJ9O6dU5hfZeTC4XfTkZGpAJO3eAictWC%2FuhaoWjR2g%2ByhHhnXScIpIXAxbEgzCpmqPhZGhY89NyFLQg37c%2BDt5QtpxJxTdYiSGxf0A8nyX2ZgQmzMqO5f9Qk1qFl9Q%3D%3D,Login - OPERA Cloud,1
2025-06-02 19:55:58,https://login.oci.oraclecloud.com/v1/logout?nonce=7c24eafa-8769-4945-ab32-64bce43d77ae&domain=hgbuiad02prod&domain_ocid=ocid1.domain.oc1..aaaaaaaacuigpodhvv6maozhy6he64rmuhkw7ytdcuyelxll4fkpkuod6mxa&tenant=hgbucloud01&domain_stripe_url=https%3A%2F%2Fidcs-67322d8881824b13b3da16015007f9e2.identity.oraclecloud.com%3A443,Oracle Cloud Infrastructure | Sign Out,1
2025-06-02 19:55:57,https://mtucn1.oraclehospitality.us-ashburn-1.ocs.oraclecloud.com/cloudgate/logout.html?postlogouturl=https://mtucn1.oraclehospitality.us-ashburn-1.ocs.oraclecloud.com/OPERA9/opera/operacloud/?TPLNG=E&TPFLSCRN=Y&_afrRedirect=387743987237210,,1
2025-06-02 19:55:57,https://idcs-67322d8881824b13b3da16015007f9e2.identity.oraclecloud.com/oauth2/v1/userlogout?IDCS_CLIENT_TENANT=idcs-67322d8881824b13b3da16015007f9e2&X-HOST-IDENTIFIER-NAME=mtucn1.oraclehospitality.us-ashburn-1.ocs.oraclecloud.com&IDCS_SESSION_ID=da6913461c2c41759c01d8a0b1920812%3A8df87a&IDCS_CG_ENC_VER=v2&client_id=opera-mtucn1prod&method=encrypt&IDCS_CG_ENC=true&token=T83Sw_wNZd0ECgAAygkAABAgygkAALAJAAAQAP2ScPMDvGq-IYG57YXHpRcfr6uPQLVOpV0eQ6t4l_v1hRg2IlRmBdVfvLcjab4zCgTQSHScqgZUEEgLw2OuKgLh3MrlLHpJR-a7lhR9QELh1gaUPVeS7aPKnq1qCWtz9zoBNxe-p8DsKfFIF6vLRYSuszoCCq0iXwrDGP9CiTi2g0QzUJPNnkBMDSJth62Sgc87xnaN9VQxIAO1ZIdWVKy6CR16u0VHvw7MhRU1zZ2LJkLjhAYrlLYBT54zoEn59O22p-6_Sq9gSrnjg4M7UtBSrU36S_s2w2vVlo4m9vrkXYjUNvcNr7OCKb3d1bRIvaevCKUUAykGq92Vsv4gCSx1hcQvVDbL5su81andPTQvl4Nr1igsdh3JI0bUqtmS8IEtDWXwHGg_K61sorIohDcDlEci7RxlEmyjUvrQ7ti-gWCIUAtJ5mZI3Oz_qMkZ5d5O0OXkSkBK5r7UXTfeP56uQzqjlIBTRcSTutAffzlvDQBQYfg3gq-7ABRA3x1OoQIxQ9kV-DSHfZRjaRt2YaKqnLXMqLIlwL5cVQhvfrnU7gptz97mK7dn9ZxOK9GTSeYeydW5hCEKt9tzWCZa5D1VLZoKSi7udiYm2GXEfwHK4ZNMc_5kOVuDo4o1vKywvAhruDjy-F747T7xnTgTYfnTT2Ru2AKcwDMp4tKwpaFP7kr22ga2tD5CAYVEpSlPh7hHl-M6SldOh1ymWmSkzx6UyqGhTyANNm6axWeze-gRGrlj8QOqXtfjwm8QvB4xBoq1ln93-um0-0SCWhIiuQCmUOY2yOEj5QG-i__U2JzwMFJ07MHQqGHiVeFv-wr1agM9CFrVGzKAXsa15JIl-YlydYIOv2GDGJerPW4_is14T1046UmumKPZ2OTkkcYKl06oi_xDqbcD7BFcl9IskZ7wvKU94ZP7dsjNtPUUCd229X5RmygWyKOKJpqNaBsxMcrqe1_GgJ13LiDEENDWJDXPboynANFGjuZxmO0U6xb_2qhoxwP1fBVcy8CD797w5dPVxBX0gLIwW_jYgzPGUR0qMuAb3BMutMHGJDDqldfft3AuKOyeOSgRQbLv9lSswSamKIKmutgqwCtT-bkRXGIkTPrHtXSpIJ4w5Dn7nX8Fz4EhuLZyd2IaNQ8hcu7LaITEvE-FxRuNTOgg4XmmuZScQ_Esezk-cp4IFs1x0xhNXMxFS325ZN5xmRyQxc9p04heENGs143eBTJKS8gJdMkmoZnETtuqZy91hb2EPjnbt9Iorh1yqM59WG36DrjwbXNMYznABITeVVefFqHwR5ETWUft53d4aiw1HlKhRFyq5ttTaS95lVRISIx0porhRIFehZUk4SRtvH0vptNmutaS3T770xqFoCI3NlJ_yvJbJaRcoNOk_ggpAvpQWM8u85AbXbENo3fm5v-NpIoyTnyPmKWMn_ss9GXTXrAyoEi0jFRPdeU0wT4-MFT49X9ygEqI1pB-nku6LJVXdLBWUQq3Q90Fw6kyDX8GY43kDQpOAJVtTndWj2yWKuppckv4aMPFrSUQU-gviea8rVxTZWF1OefNw76ODmY7aIFnIJauuGRKk0V-nYvJ2EtCNOupG4GnFgw2HpOvjUtjHY7y51xOCq__ew6B0yi3WgT630wq0MWl35FlW3KtgsqtzeaUweK4d5YS28NlyYTwpyvjecrlDj2Vd-Km_5XHX0gA6o8ZkscAkcmqFf3TBsimqFcAbkxmYx74s_F29-KJayd0YvZDGhHo2WPAie2JCISA2v6t-Xn03MTGDqWk7ioxCuhDYYbAYRe1g11LEdEVn6sxq8niX7lWQ9cI3TZctcjerQ2vPv9glQbuHGF1Q-xN8FZ-3HWIUsbOlqwmTxVaK8jH7s60q8mdnbkUB-uwgu_Z2PC06M42j398KbJMsvio33DtZXZEoc5B8J2jgSTnW08hyCLikeDs6emVWEHB8BURA6fdOVojnUw69UVwtSmDAnk3cJNPnDaT7Lc5aSmAVDmWM_Y5EtBOo8WWlaP_IFbDW7vyLUdoL98WBsArBwRLenTirYh6QlVM32U1lpiduguXAYWKanjRG5rBlMNFs3CEvt-_-J1Ch8kQUhAZIYj2Cqotk4dpmgLF-_cE1Aav7YSrYQ6p-q-BaWjaF2cdC02dBsBouwiMalyA5jzV1beNFOtw6pfyfKD2bCwb5ujzUElentwCUdsRUn9-vyJ71UlHWBH6AQjgjTv4mqjfR4KZPWYlEkbCKeYT9Tx-BRfb8t2oYmQmDEok65ruBM83knA7VaUMAKSV8Vrl7kVpoVcT89UmLPWhP52NRLBSmyQ3IatpTDUFmYl-vAmnNNNebvlEeRC-NwS1_zCxnZPg1KRKhI-e_YlIIQE0oNyoIxiVy13p5eGPqF5yjzWu4GFoaJpgPy2QqJyFbg_AWrzyP4WJTLVcCd1cNNByG4NBgYfYUuqWwlUTIRpz63ltR-3FMa5JL_fQ3AFiRTBPHK3iQuI5j0nNap3WLxy21AefM2xv_N7M-MCeWvWrtN2jT1eeopWU1c5oZyTi3_MSEbeLKdtOwx_LN_MOH7HGNTfOPQrGyj1InAKoLCHk05sFITVasedu1WAeDRsTiVjKDmKquzCS1EcuwdAGU28kVDD9iiIjLiO0OAgmYQSQB1JhvFPMAxI73qdMsnv76WnRoT8ijgECmCipuhviAynjP19BKMYOiqN6UsZORKJFU96BdXorlrOztNtpbwSmd8KaesjfNiKgIZYDbl6Ihkn8WANxdMcZGtQiH7EwpiGkJ_Dc7QCYFxK0C53k4oGpKH23QqfytTF0zYeYOGLDLBvcU1ZmaLbbYbunX8f78OYEoWfy2nk3yloAGcMqQyQNsi2TG9CqSSlygjciJf47vpBJaCgE2klTq4re7EjRcdQENGLrIYD__bHrV0F-ti7hmApshHhL6Xg99cld7tzXZh7uTgeMpNnNIoSe743znx5Q4tW9HWebojvA_NEPMpsJLHyOEfrUpddI9159wXnhwXk74XDW97Zedm5hYbtytA-FjpH08Bm64IO5tbXJPVaAae3TWbxKP2G6_j9xqVUoxca_8QPXG9ZSmENhMFDIF1Ims2UhBCZkYpo030D0-ZRlT6g3Xb9r5aKL7qgOdstIdFKv6OpQ8Qb8nzjfx7ns-_UxPLsLTu4cbqplLA-JViHwA_Ysejfr0dpT0a3Ch7edCOmdw-6qfRn_Iq8y5ZEaMFsDD2jGpvY0SEIDNv_keNEGVKab-yrMiibARfoSOASpvTNRM4muzE_vwHc_oTEa_O59FcS_V_UmyOHjZ7xBT9om3Op6XKPXiRgymwPS_xx3V3mj7a2OMT9uUwwEGdDY2FpYzm2exvkjOPL2vHO7Q6LAeKGV0kFDkJT45jynCA,,1
2025-06-02 19:36:34,https://mtucn1.oraclehospitality.us-ashburn-1.ocs.oraclecloud.com/OPERA9/opera/operacloud/faces/opera-cloud-index/OperaCloud?_afrRedirect=386582097826551&_afrPage=1,OPERA Cloud,1
2025-06-02 19:36:28,https://mtucn1.oraclehospitality.us-ashburn-1.ocs.oraclecloud.com/OPERA9/opera/operacloud/faces/adf.task-flow?adf.tfId=opera-cloud-index&adf.tfDoc=/WEB-INF/taskflows/opera-cloud-index.xml&_afrLoop=386575460704235&_afrWindowMode=2&Adf-Window-Id=w153ozg8q&_afrFS=16&_afrMT=screen&_afrMFW=1058&_afrMFH=1460&_afrMFDW=960&_afrMFDH=1440&_afrMFC=8&_afrMFCI=0&_afrMFM=0&_afrMFR=172&_afrMFG=0&_afrMFS=0&_afrMFO=1,Initializing Application,1
2025-06-02 19:36:26,https://idcs-67322d8881824b13b3da16015007f9e2.identity.oraclecloud.com/sso/v1/user/callback/login?nonce=243562a0-537b-4183-a203-6453677714d6,Submit This Form,1
2025-06-02 19:36:26,https://idcs-67322d8881824b13b3da16015007f9e2.identity.oraclecloud.com/oauth2/v1/consent?OCIS_REQ=bvEEnFgk8M7OJU0sz6JufxmW3Ph7J0t3xVlWJT8WLZcZGRjFk2ID%2Fa%2FEs3Bl%2BTc%2FVSZ4wu3sFWHJ3i1zZoK427Iiwt%2Bz0PuUCZ1S2kNNE5NMko6%2BxFJSUJDw06wiwaZwa%2FlWTAmX647iwn4Eymhi0W9C%2FsmJ0byo8%2BBSJ9anYzK7hAUr%2BYigh5AnrlnRlAMUiU5GuE9xgvX5f%2Bx6g4EK70%2FP1vdYnPYWS2zUOdaO6w5WWUuEuh5fhf7J0aedlm91MBljM1sbTkdTc8ivW9004HNZKeV%2F11kOqEohYyl2myCSbZWw1urU6N5b7V9Igm8e0H0SC0gvl1AT7HGsp0o1T6SF3z4GECj67AKJtQ4yJM43%2FtaZyTT2sjDmbunwUseQm9MyKVSXVMb2488DknvY%2Fb3PqCiYt5zYqwOlOyM1%2FZNWMM86%2FiA2FaJis07xttDUDEak%2Ftre8dvBKOeEobFTMu8QPH%2BJvRZE5foEI5005zsy40joqalwDnDpiCByjv%2B739XQ6EKMRFhr8f42fidTwjfUqfeZkKtVAbiTNWQxi73hq%2Bk9QsJajv9uvo2lSb2ZJmED9lRSkCshzOuePS%2FEq1lzyI9jKBOAeSkPoVPf5rwo6FiLbnEh1PZ%2FsFJgFBiCVGCBVn%2B4mCWn9IvJESMZEwzhLCcsz5YeXolnAGIoeLaH%2F99bbMvjvDoNEaqFRrVB9NwX8SOJlGdKJUSyy%2BY4C%2B%2BPUb9xa16sDXAEYEed1gXFx8oy9hffwGcIBTFVH0l4PEhnmVm0VZPRsxUUG7d6EpMr6hmtbkTCIhWABDVKwW4LiIaeLvOUWc4GUOOEKx0V3CzknHl%2Ftus6HZpNGaxB4xhIHkHNsdl%2BM%2BeWd55ZNO36knIviV%2Fh%2BahENU%2FsCm6NVFFGa3fR2RqziYzOjkpbOgxdxqAthLijgaAt0EqcLEUodNQVUaDEaknWz10Dus0mLbzTvnweqTTqpYPAYpkPeJlcgaA0WO2xsfCvpy%2F1rsQQwheFpQYCFEFCX%2B8JhGwleGluva0C0HCcZP1T2mxkFQZBoEF7bVZPZk7V91w%2BbOUBlf7aE5ra%2FWHWkgtaK4Cd0HpzqI%2B9IHLBJ3M5HWNfsKm0cBjelJOvgQDx%2FD%2B1ZD%2Fn9BnCuOrJcbWxiuoJ5VFw%2B01VUP31EZm2pXmPQC9nE47lLBs71GtLC17UEW4ZVLAxFE41H%2FRV2GQzKq9Vm43EZTE3MXpeks72ZTIuyNnOTvTYzCOJrnCrwGV1MB7TZEuKinCi2WLCSjWvx%2BF5OBiHzL%2Fv4GpmNNLKzHJK372kLRq1JwzLWbIBYVOlInRvIADX9LIA7pzWdOnrZcQrqiuHoVR%2FcTEe%2B6VBwh4qE65qASn5M3EkdmwePOw1lvQGam2Wlonz8uBlktNLbidjenF2pawBnEkNVheN7kDOM6uSiNKlyKSjE%2BRei%2FLrRSLrJQ4jmNVBdvPNfLi9vXVTgWcmnFYD4Wuf%2F2myme8%2B9RNv0EMVDP6JPDF4DyMUp83EDeU0BJmNgNRYnbYhhmHYoocJvIh6A3xlOk2B37sOynDGOjxjRLDz3AatwGcVp1Ybv7uwbkWFrjoHtePrTwLIUPawoAoW6%2FMvIX3%2B8kH8ZFtpzTuDP3SVTT5cldOO%2FOAfv2dWzBMpq3PPzlHocRTMSo8hA7bL11iAxjSvJdOAcgNZHkb1kCqye5pGMov5qVsR845tZRK9fHzWC0PfcvhMlfu%2FiCQwUoSGa2mkKDkoPY2WPyYWYtN%2B%2BK7FJKYOASiihRU2w%2FIvKxcD0pXYpKV4QHxjgae8WIBgnlMYYN6osv6GRAirTjM4V71EULV8D%2Ff%2B9zsChVIRN3%2B%2FjZ2Yim1rWOlZJc%2FCL7qxmxbUKKPqemuqYCSlbXDmzCNZwgd6tymTwej82%2FxqiOm5JSycWAZwVQTeFu24wgIXrsMWL4g6z7Ye%2Bot0YwLGMCGO95Gs0lJA5DWCOPJ74kMVmqGx7e2pnJ8pLqitCOcgbDewSD83SF1HdD2bFL9DIi71eeyGJP9AQqeZERyOgNYKxgzB6hkzykY9Mfe8oVPCpV5n4Djm5IPqFZfq9ujk%2FoJz2V3e%2B0tSQAREEm0lIB%2BRuHeGFlMN0Eg4oxyU8gsYyaVCxHRJIQA5hgK6fUnhiSO8NGRkwAfg4B0VJTiQRORs7rfmyJ7%2FVURPtmeCprX9BgctYkSyesA%2B6xhAreSFuQtWTybdG9INOMOlOLmz%2BZ9xMfvzrJPFqGx5mkZxK2wzASV96EE%2BItSgjSnFsviKTBvDGp4tG9RXkA4uEFvIIZ8%2FMGqsV2fzYBGGIKXnkoY55zvBDe2R8I0kbmgASzxe%2FRbUSHzD45dV%2B50lpOgbx%2F4FgOPN6NIfddWk6Fri2Tj2S%2BzOVvKP8%2BnKIRIaLiH%2Fi60Fs3NFED2uB%2FjEAZ5GVxShjokytP%2BpySKng4Rv%2FU%2B2UaJ7Ky%2FC7rwI7fyxHYnxncXcqCOHfIboJos%2BGnZfGavqIdwcPu8MExEG20RrwhlMWbnnDW05xDY5YjBP3jSWGqDwJ4lQIRpAn0jT2XFEWaBv6Rb965uC%2FCWcAHwoHm%2F7HluXr4L0tlPNyNbCO9EMrgHYcD8ECHADx5a1EroSuEpGOSvNushrz%2BzPNZ%2F3oHp%2BZy%2F%2FhD0Tvfb1Py2XRGZY6OrwRiWOjgTdEAStIkVDFY0XhSnAyIP6Tij7cvF%2B9fQ%2FF7%2B2LY51XqwrWB9YJ4aWOKsSHzeBTzqZg%2FG%2Bxc0DCGaqQpQH%2FKRn%2BMlxbU03n1hy3nLu88C7b9OrCQpfXhuS07xVarN9PHwg06s8NaYZ5TP5vHd7ZxSF9yrlWxiH8h%2Fw7mu8rbOOALFwSYyfnuOouYaVDu4SqRBYPgUAPbuuERUfI8J%2B1bLPZx49z%2B6i2Szk7D%2FaL3%2Fma%2Fm8O9jTjwZ8twPccGQ7lszNIq00a0vwCdrJtbNpNJ5pnWT324HT8BDuuZZMnAtZoNDmdGRQfPuVvjKP9nxR3NGINkeYImmN7zjqcl3xOc2NJDolCAiKNdeC%2B4ZAESPKgOqBNgyU6KbVGeBoRu8I3nNxJbFvoGpeo09%2FsWfMha9u2rDzl%2FEzU27bpcMI5npvGb1WOYpjIFqyrknd9yhFJ%2Bk20Fzowx3%2FzWv3sOlzZdyujC1v%2BuhiL8ozV%2FjJCifTysyLEov1ZQBmB%2BWwfleoCaxx2QZv%2FKD2quPKNiGT2hSrm7K5%2BayIDjLWDXRSCAY7Y2gyqGuruI8GfeOHjy9po5l%2Bd47J4z5Fcfkti3VzSmKOLVWx%2FleicSZ1Ju5%2FCI91U18IidB9T7%2B%2Bdu%2BoQqGbYHpxpZsQWlzoTiA8kfjY63PLfzF5QXqh8R0JlRyS9Q7cx74nA6a1or5gXGECm1mIzfi%2Bn7wY42OY6b9RGzDFq4HRYVQizWpaEBzhZneDu%2FeCHmYZ0547SVThegeB3V7lUuUkt0XMJECwORfFP9mmeFDbkFksqp7ds6SHJTRXuIBetyVtfVsYhVK3V9tWmh3YmOqFysrnLy1B4SN6%2F%2BE4S%2FcKbW7mF8Q3xKHkGbf1qygVqvz3ZEpsB41Flqs8y0KscjMDuDyqL6oi%2BHGTymAYwsrxlDA5%2B6Rd6%2FULCyYk3G1VB9prrgNJjAbaMR4dvKUvxNrb7Zi%2FNtc6jhvYpivwTnnfxbJKd%2BaGGEpcSOQ2IKu40i6H3aqhwg8jlihbwo4lOsjO6T7PKL01PrMIDakAadb4P5gk0F9E1USwfkPOcoCS2GtvVOw2U9MGScUPE8j4o%2BWQ59xnaAQDrtuU%2BTRGQ3tD0vj74MJ1qWQCsG7yRUgh8rfJzuf5hXJ1%2BcXLhXVpA%2FZWq5JzuGZ5CBSft%2FNT4BWMeehTIQ0NXRobbDj6hhEV1sXWMiBG92K7iEqcTFix9kbEb9Sri4ko8TqxuYm0umwqIp7vQMLIHnGzlglgKDTs%2FdTpYtDKuT%2BgwXnBysuDT80XYVASoURg3BDie7qQOIUYN5agknA26hMLlWV%2BZ%2FdpJZNDuAlLHSat6YS3T2Rr%2FauPWgD1buBLiz0vW73vQ6uaOA%2FelSR%2B7f%2B9kSfdFB345jFPSAR%2Fnq42Km2KgyYweEJss09Qtm2jawgvuiQDTFXJo%2Bx2tm6W4ti2JJpx925a0%2FOC0CKeLl7n2KIVCVtBBWmUgiJlxE4U8orUOSnFiT5YisX6%2FoZMirPPPHCIKwut%2BaqcoUJSbXLxXkv3dUmj%2BmEixdQ%7EvK9%2FVYq9q0RknzjHkNdl15zc03FrphMZ8qjbia8VukA,Submit This Form,1
2025-06-02 19:36:25,https://login.oci.oraclecloud.com/v2/storeLoginInfo?redirect_uri=aHR0cHM6Ly9pZGNzLTY3MzIyZDg4ODE4MjRiMTNiM2RhMTYwMTUwMDdmOWUyLmlkZW50aXR5Lm9yYWNsZWNsb3VkLmNvbTo0NDMvc3NvL3YxL3VzZXIvY2FsbGJhY2svbG9naW4_bm9uY2U9MjQzNTYyYTAtNTM3Yi00MTgzLWEyMDMtNjQ1MzY3NzcxNGQ2&access_info=eyJraWQiOiJTSUdOSU5HX0tFWSIsImFsZyI6IlJTMjU2In0.eyJkb21haW5faWQiOiJvY2lkMS5kb21haW4ub2MxLi5hYWFhYWFhYWN1aWdwb2RodnY2bWFvemh5NmhlNjRybXVoa3c3eXRkY3V5ZWx4bGw0Zmtwa3VvZDZteGEiLCJkb21haW4iOiJoZ2J1aWFkMDJwcm9kIiwiZXhwIjoxNzQ4ODkyOTk1Nzc1LCJpYXQiOjE3NDg4OTI5ODU3NzUsImFjY291bnQiOiJoZ2J1Y2xvdWQwMSIsInVzZXJuYW1lIjoiS1NUT0tFUyJ9.dmoOvDwwbRGQkkaWRxJo1kr467iixrjW5UyhI6ZMMvKGizbesE4-36JNBR53y-Gbt3hfp8jXdpRUtlJYcn3Wf7gezGJHH7QUjxWqcmIQfze1oKxfR6uC7xPqEM3Gz_T2IxHnSI0FAPn3b1__jVxtvJ9HV6vAdQytWW_r0Yhemzf0kHP9BFcGtUy6ZzA-zQDlzrOfHisUQKq3R-ubTQ3dMNQD922pLpv8q-UMngRM7jZUbgcYEm7YbF775pA9CbKWrzR78Y-6sTUcWj-m9qP7txC2lEIsx-igNICalmHDtAQZdjG-tZOkYrd-0befhe8FpX0lGJQBUucfu5LfDjowQw&is_paas_login=true,Submit This Form,1
2025-06-02 19:36:23,https://idcs-67322d8881824b13b3da16015007f9e2.identity.oraclecloud.com/oauth2/v1/authorize?response_mode=form_post&response_type=id_token&scope=openid&IDCS_CG_ENC_VER=v2&state=lfo_n7GujmDeas3glnzOCiooIqk1HhPyMpb80OY7CAw&nonce=h4CLyB6QYpCrI653L0Ut5xEXBYtMU5isei1IhadZBGo&IDCS_IS_CLOUDGATE=true&X-HOST-IDENTIFIER-NAME=mtucn1.oraclehospitality.us-ashburn-1.ocs.oraclecloud.com&idcs_app_name=opera-mtucn1prod&policyAppName=opera-mtucn1prod&policyAppTenant=idcs-67322d8881824b13b3da16015007f9e2&idcs_app_resource_url=https%3A%2F%2Fmtucn1.oraclehospitality.us-ashburn-1.ocs.oraclecloud.com%2FOPERA9%2Fopera%2Foperacloud%2Ffaces%2Fopera-cloud-index%2FOperaCloud&client_id=opera-mtucn1prod&IDCS_CG_ENC=true&enc=XJcgMoto5CfwAgAAtgIAABAgtgIAAJwCAAAQAHqp6rNqaQNd5tINxF3QJLtFhF4x1rcptT1Skq9lZgK-Cn44v--1pqQRMybvumi53AxLzUk6kFErh1wqwwyPDTN3xZabtjOMkplIWEsm3MF6CDr_EThivPWcu0msNScm3wV8CVlBFsVvvMsNQtb7v_tya_jnJWyx0HI2fDbMSASYQrZJcq6fx0rDTMoKDP5G8PW_ACmSnzE6dLOvvJZOAqPYk9Krn3NHEeY6qjlIUo0q_TDnTRTGRPWSL-FlpqAQ1DQz0TrsdAL3NS6XcqNMlkSWOxVGTv_xl7j0SLNmmslEqvz9sLK_7rHEn1ZCD5-UYeunHPUN8yQjhabFaFy0lzkT9T5hJEe35ou80Q6cusfu_J3mkinY4zgH7X-wE9MtLTwOmaLBXvSIxJmfFKT1ZBwjspc3f4ym68P0NHypptPyCCKD_DfgP-1Lvi7YHhG5Ho_LOjPmokmrScDzbcOy3Jh8lVVQPcA5x3RwdR3P2C6NlZtxY2ljeW5p0Qvj7Yq1owryAA2aFI4Co8aHCLiYlcQHi48mHaEaLoFWuCzN8sqD5nAHqSQYzJ8lXz4GMbBn6PwvpQW0Ij1NfYt0GSuvBjqTt-B06PTyvYffc8rRWkd_ZJnoahzkMl4xXi0HiNUolO7BlvPysFH2udghQBJAAKuDP9uyMzX91NjS7x9tv3w0RhXUdvDed0qTVWuRRJm_buiFED55crDsRsa5Rl0I6GSj-kK9tjlPG5CzKORGtCQFhULSPglKjIo3g7xnlXaakbxJi9PLjWoXo7Tii6FDKiOOhgzQuPv3G3_QtZjjKLrOwo2HdJ518CQMDdDUlOsPNEUkGZFaRsTwzOWD6-bdVgPmnbKNtcxsq4VwV3euokJz-1ke45gUZLNLPhqwpZzTnJO4YtkkW0dPHeCQ_YhBs1jkJCAl2TwR831MebdQi0bcQMHEa3xoT05zyucc3vtzt0Zy8jbNGNgTXE9_1Q,Login - OPERA Cloud,1
2025-06-02 19:36:23,https://hu05-ssd-ohs.oracleindustry.com/oamfed/idp/samlv20?SAMLRequest=hVPRjtowEPyVyPfs2HGAA4twotBTkbiWllx16puxDVhybJp1DujX14GLdH04%2BmatZnZnZtfjh1Nlk1ddg%2FGuQFlKUaKd9Mq4XYGey0c8RAkE4ZSw3ukCnTWgh8kYRGUPfNqEvfuhfzcaQhIbOeCnPqUFamrHvQAD3IlKAw%2BSr6dPS85Syg%2B13xobiyKE2myaoPlLJKGuAZgC7UM4cEKOx2N6zFNf7wijNCMvT8u13OtKYONaUVJ3rFbP7bECQNchuuwo0eaHg2iPRFBE3HVoBWb3AZwSOmrhLeTuvaDDf4MIXnqLktXb65Nx1%2BBv0TZXEPAvZbnCq2%2FrEiWPvpb6so0CbYWFmMs87sQ4ES57bXVDFL5vaB8DKOz3EOULaXXs1kCoz6n0FfGi2mpFjDqQ1sAri2tZADR6cck7FIhR1sd0gCkrsxHPB5zlv1Dyszsg1h7QYl4go%2FDcTvvL2WKWfXblnxiKWTLZe1YnPPuO0fWE%2BKV53eqvRLjtu63ErtsLNG4vmHBGk86ZURLw4D5nTA2Hw2zIepss3%2BRKZAOaxfO63440S4268t68S%2Bsb1RrnvV5OovMxeaequ%2FKvcfBivvLWyHMytdYfZ7UWIX6GUDcakcmV9e93mPwF&RelayState=zviG&SigAlg=http%3A%2F%2Fwww.w3.org%2F2001%2F04%2Fxmldsig-more%23rsa-sha256&Signature=IifJAYU%2BY5%2F3lqgNjjBVdfXMVxlGq60SGgosfCTEG72fDfd9On1pZG7JsfQulz0MZruKhD3df9zMrVEQZGbBMFH25ekaefrog5MgXzMSvQl9sG4XfKlhr54%2Byb3MkdNr96SEAYGpA5PN0c%2FqzVb3Xj%2FQgD%2F8mQSJ1b5nnyXktnyKO834q80QxZQhvqbU7gJuxgDrzounRO9ZVQGSmtieroWFz4p7iNi1pw6sRFvPMxt%2BxmCQRTNASFqT3r1KC%2FNQbvNzR1ENNkKyT%2FotNeAnL0%2BH2Zeac6ib9zt6PDIJiEEKXR7cSsHB1MtK%2FoIgZD2YQzjWbs1xS143XF1reKPerQ%3D%3D,Login - OPERA Cloud,1
2025-06-02 18:54:51,https://idcs-67322d8881824b13b3da16015007f9e2.identity.oraclecloud.com/sso/v1/user/logout?nonce=024c8fd6-e9b5-458c-8ec7-741220760867&tenant=hgbucloud01&domain_ocid=ocid1.domain.oc1..aaaaaaaacuigpodhvv6maozhy6he64rmuhkw7ytdcuyelxll4fkpkuod6mxa,Login - OPERA Cloud,1
2025-06-02 18:54:51,https://hu05-ssd-ohs.oracleindustry.com/oamfed/idp/samlv20?SAMLRequest=hVNbb9owFP4rkfvsxAmXBotQsbJ2DMoqAh3bm4kNuEts6uNw2a%2BfA0TqKrV9PfrOdzt29%2BZQ5N5OGJBaJSj0CfKEyjSXap2g%2BewOx8gDyxRnuVYiQUcB6KbXBVbkWzrWa13aqXgpBVjPMSmghxYhCSqNopqBBKpYIYDajKb9hzGNfEK3Rq9k7obMWiOXpRV04ZZQTQAyQRtrtzQI9vu9v2%2F42qyDiJAwWDyM02wjCoalqlxlot6qDH0sywCEsS5mveJyvitEmoEDOcRVjeYg1%2B%2FASUA6FbyCXL02tP20CKsznSNv4PqTitnTESoNcCKbkrQwAMd6A06KZbmQipdgzdHPdBFoVqwEDyTfBpXYLnIVDgFKMTx1YxMUkaiFSRuTaBbGtNWkzc5v5D3V146qaw8HCZIcjyadv3P%2B5dviHo9v1dRudve3gnRWWPUxOt%2BbnsiNd6dNwezH0aqJY12doK5pK%2B0R9epkkmeA29eNKOJxHIdx1FyGjWWDs7BNQvcUrlcdEfmSn%2Fcu2bNcl7wKTpvNRuCSd4NXri4WJ053OPjUYuiHby0WTOZ9zo0AQL1ROvsx%2BppeFM6k9aNPHcLVN1RcHHqOYPKyxE%2B%2FYPIzJDNI%2B%2F3Hx6nZmXXZeo4PfzDD3%2Bfz54Ln%2BZnszX49%2FO8n9f4B&SigAlg=http%3A%2F%2Fwww.w3.org%2F2001%2F04%2Fxmldsig-more%23rsa-sha256&Signature=agsAfNaz2yIalo8eGPrQN9RSPNnfN%2FKrSIkotA0z0agCaYDae3NTJwRCJlK5BvFRh0b1fl9vW1%2FaBl6eV6dVWsdqwVVhOL8Yu0tZgGev35XApiNMCwshfwBYGgzQaWk1WLM%2BAhzhS2XYFh7atJWWlqn3VQKlBrJC5%2B2LLWhU48jVeviGpkrBeIqLRel5j7YIOfV5f%2FBk6GimAUniQJGFvmYHfGTiaDFKWIDms4T4agfSUjkVRl2zF20qqVTKPQHMcyrt2oKGMx5tcJCN8KJ%2FnE7bqa%2FwQdzRiv0SxDV2z3B4JlnIrz3riOWxmSDHEFzTt%2Fej3KWCDdsTAH8zspqRIQ%3D%3D,Login - OPERA Cloud,1
2025-06-02 18:54:51,https://idcs-67322d8881824b13b3da16015007f9e2.identity.oraclecloud.com/oauth2/v1/authorize?response_mode=form_post&response_type=id_token&scope=openid&IDCS_CG_ENC_VER=v2&state=LwhXivYRufrLQsPVJ_RzJzSe8fceiOQQyTe3GDREUeM&nonce=m1PQ7YzrgeEzxDxAxlcFjPwhJVpn_TKOGyQIq60hbeQ&IDCS_IS_CLOUDGATE=true&X-HOST-IDENTIFIER-NAME=mtucn1.oraclehospitality.us-ashburn-1.ocs.oraclecloud.com&idcs_app_name=opera-mtucn1prod&policyAppName=opera-mtucn1prod&policyAppTenant=idcs-67322d8881824b13b3da16015007f9e2&idcs_app_resource_url=https%3A%2F%2Fmtucn1.oraclehospitality.us-ashburn-1.ocs.oraclecloud.com%2FOPERA9%2Fopera%2Foperacloud%2F%3FTPLNG%3DE&client_id=opera-mtucn1prod&IDCS_CG_ENC=true&enc=J93XfQ-iJ7_UAgAAmgIAABAgmgIAAIACAAAQAOs7baOrgQQi6yJGV94127rHk2Wuw_lFwztg4Q3YncMpmIZPpcZoCP2FReGRWHGt0iAjkZIgNokZSQCiXUgGnSX1Z051sRJtg2RYXZIOi9kGakx9WgVWhuriTdXV6f8CPSf6xEM0LI_PwfaBZJ-0w9ulUj-XaA1VpXLZSIQweBztukdleQ9Oc3dSTs4Z5AGkcNpX0-ZF_LoHjJN7F_aFbA_cqCmUFCpBdLWep6341Gm6V2za_yLVwo0V1EwWnScNAG5VNHnPo2wd9bIiNvK4VsCrLVDAuPuq9sBvaFrGu-O-Yt_CyTsvaUJkIwiVjugRvDlcjU4LYVnlfedkhv_7a1zlYgrwCNBR1HiKJ4anV8o4OFbeXqCmblWFZG9-A2FoPO8e53TvE1XRADFt8Dgl3WIwDzYTnKiGXPzGCiIZyBxZofetWVr_7bJbFvSd-CEZpp6lAGNYjizJVVz2SrxVKqqZ76r6d6WyVVjT4_pj0j4gr89O6aI7ZV575qQcDk2HDuQApSZTT3whxeMars5SNgoKiTxfVYgvvK_a8kANc0Q6fEOAWMiZ28xhU7nnu8ZWJpfnQo8sCIQ11yCVN2K4iN0baiTJqZE0w9E6N4M5-wWWArBJZy0wZMEBE6Xd2bDsdXjTO1EYEmRJco_5SZbimzNb1STabZpEqef-6Ei4CvfYq2ey27uezT05XTA4qbcmWQPTNw2Fvi0Cw6wBjNR82kH99Zvs7k-ynL4NY64hSddNn9Wz5-3eHQozFScCvyh4y2TSt2gyRd7I-zCAQ9xrXXaKQb_snl5GEIyCwACXaC3-arzWtqKXttYrdyFynNWkcO2v1XqwvHoV5nISfJHjaoJV7z0s97AcxG962O4XIdqNDfV8-etUhwc5JAbyyMq4bvD4u4gxMMQFhttenZNhXYCvTIzHZvCuuL30cZ2LUpfY,Login - OPERA Cloud,1
2025-06-02 18:54:51,https://hu05-ssd-ohs.oracleindustry.com/oamfed/idp/samlv20?SAMLRequest=hVPRbhoxEPyVk%2FN8Z58PyMXiiGgpClVIaKEV6puxDVjy2dTrC6FfXx%2FkpPQh9M1azczO7K6H96%2B1SV6UB%2B1shfKMoERZ4aS2uwr9WE3TEiUQuJXcOKsqdFKA7kdD4LU5sHET9va7%2Bt0oCEkUssBe%2B4RUqPGWOQ4amOW1AhYEW47nj4xmhB2822oTizwErzdNUGwdSagTAF2hfQgHhvHxeMyOReb8DlNCcryePy7FXtU81bY1JVTHav1cb8sBlA8xZUeJMT9sRHo4giLipkNL0LsP4ASTuxbeQm7eGzr8dxDBCWdQsnh7fdL2MvhrtM0FBOxhtVqki%2BflCiVT54U6b6NCW24gzmUSd6ItD%2Be9tr4hGt83pJ8CyNTtIdrnwqio1kDwp0y4Gjteb5XEWh5wG%2BCFxrXMABo1O887VIgS2k%2FJICV0lZes32P9%2FBdKfnYHRNsDmk0qpGVq6J9c59%2Bk%2BfK1eW6mT8V6M3%2B43ZlCuRRdToidxX3rv%2Bbheu62ElW3Z2jcXtDhhEZdMi0FpIPbglJZlmVe0t4mLzaF5PmA5PG8brd3imZaXnhv2YVxjWyDs16vwDH5EL9z1V35U2w8myyc0eKUjI1xx89e8RA%2FQ%2FCNQnh0Yf37HUZ%2FAQ%3D%3D&RelayState=US4J&SigAlg=http%3A%2F%2Fwww.w3.org%2F2001%2F04%2Fxmldsig-more%23rsa-sha256&Signature=DgywMd%2BSBHfwOH70nb1bTXwjSWnKsclcygkbUYHZpuHWxguMVvHSvgbyYm51jURQj5lUy5aVlgSCS%2Bo9c%2Bqw7Us34Kj24rWTf3PBVFyuEuiQDK09EYw6Vk79HZjqa52hwkKjka4TxaF9d5FT1zvlkPhLqu3vIGyX20CChEWL6gVcrQJ%2BGd7LTEVWTEPS2bdvgPlONfRYzgOPJkerUxIdY2APv%2BQ1P8khlClMzxZe0ZGxzMQL6CTI5rwkxJaOOVehbqyAKPpUn2MLdvx0r%2Bb5A%2BIF0wSaZX0g4m6oAFyLOz%2FvMwT975dv8SIdyIkYBcD%2Bu94WP8qYttYRizXk2GQZVA%3D%3D,Login - OPERA Cloud,1
2025-06-02 18:54:46,https://login.oci.oraclecloud.com/v1/logout?nonce=024c8fd6-e9b5-458c-8ec7-741220760867&domain=hgbuiad02prod&domain_ocid=ocid1.domain.oc1..aaaaaaaacuigpodhvv6maozhy6he64rmuhkw7ytdcuyelxll4fkpkuod6mxa&tenant=hgbucloud01&domain_stripe_url=https%3A%2F%2Fidcs-67322d8881824b13b3da16015007f9e2.identity.oraclecloud.com%3A443,Oracle Cloud Infrastructure | Sign Out,1
2025-06-02 18:54:45,https://mtucn1.oraclehospitality.us-ashburn-1.ocs.oraclecloud.com/cloudgate/logout.html?postlogouturl=https://mtucn1.oraclehospitality.us-ashburn-1.ocs.oraclecloud.com/OPERA9/opera/operacloud/?TPLNG=E&TPFLSCRN=Y&_afrRedirect=167973716694023,,1
2025-06-02 18:54:45,https://idcs-67322d8881824b13b3da16015007f9e2.identity.oraclecloud.com/oauth2/v1/userlogout?IDCS_CLIENT_TENANT=idcs-67322d8881824b13b3da16015007f9e2&X-HOST-IDENTIFIER-NAME=mtucn1.oraclehospitality.us-ashburn-1.ocs.oraclecloud.com&IDCS_SESSION_ID=545c07c197a64c81ba2e6eb1ff851aed%3A8df87a&IDCS_CG_ENC_VER=v2&client_id=opera-mtucn1prod&method=encrypt&IDCS_CG_ENC=true&token=t0VvDHIiGz4ECgAAygkAABAgygkAALAJAAAQAC2dQg9JupvXV2JwKyNIAonOWwAGUOqHnvAYn7XFNd0M-2C36ocRuAqYg-sY-R-X6zqrwNVfK0abIBIpIu5Pgu9feB11Ibjw1tmGFSX3ddTageMMPbNb8DAalyt5zScn0_bHQxfVUH0BwF-wwOhlN5wPKlUdNBYwHKNey9tJV_0pJrz0Q2xhLMCEEtYmVsXmvAa7o1o43BC13W0jvrKuSJRN0vDdbHgrOglR92Ra-g2r0hyJ7phiHR8yqDwGUulMlZimljzNOrdhLT_cxP9ENCSL8wUBBZ-oNU90Zcl8XBdggiNhrqaLaM2ZU_9nA26XG-iwz67RO7e8jNa1I2fnrBR8xF_DnPDsxe1bWq2oIpmP0CUT9vSh0dC37s55DkqCblvlA_yMcH3tD8UDzk3SKCcijylaxOXD0JHJ5Z4asV3cwz5kpwRq0PlfhZZC12pifDicEcmb6MyXyb1aYM876F05B1guoOWdoEX8vM2ANERQTN_ZDUDzNhQ4GSE9y_qG6rAJz5PeiTnE0ZDcOhM-UpVzmvpH8za-wggD6ttALCu6zcQGaGpbu_CXFNHq82Nz3ZsYWCT8j2Dml5W84lya65BwpT0xaoKH4T71_sDfwEWpanDtRJmGkNjyD4x8AQduk8CfbhCG7exw_uNwlG4Gt9cK0anoO3C7rBeVXXm9khgbTx2vrcS397jQFJPk2jkQps-joBYk68TUdhb1TnN8AYTgxicLpNAiABi-HPGzDDbAst6ot-bkO-MArKfXSxkotf1vKj-n2iRtTp9aK_z69-yEqaSiVH9klCG0z6m-CBwBD7WPdRa7miUiPdrXNaFwrOexWg6PD7Tn3SR64ODfArzwDt0IMK-0ZrJGrER8twcxiEUvi5KJkkM1Is8v4zfUjjwC3yaM_SQVRnHwgGHuMy3Ej0V1bjqUsDIxD3z4kp5QqNIKsVDoVScSCT8QJYVA1MZGLR_NEeTqGp2Q3pvi3J-P5z5L7IGQZ8HMgLVb9UZ7nNO6uXG6v97xFp6LJdK63o27RqfqsrGriKh9Hz-OQYncyyMlgrqCvm00B3j8yrzwMBGPUvz-pnLfF9KRZpFJ2zIam2Y3ZwFxbdGFLQV6fpwF9tvaIYfzOItE3VjNgbgIKur9nsdxtc3SmmVdh6jgBYHNxPdTE7LWxtRlTwMZBdvloCqnk8ILPNsPREh_E6IilPnY019rsU71mhUcN1cLQR5wSeiJ-PRBwOCOb3doxGb5A64vYIL03FMonPyPAAfYM33Vv0Gwk3c8GFsyrRLw6UqTXCWFdrevpMWuOA16NF_EziDSUzx003dFUUDigzq3ti0zPViJ0JUjD07uRdh-7Fvmsw5BafOwp94gCy-wY5OYYMRzMulA8-7Hib8ZIs8N01HsnrZRn4BJrFb2fXtUukAHzOPY11o-XgknW2kkYOlBR8T6Va6WDRyQTVAu8EvOc1mEZ_kT-73ag3brTpbqJVTVx5X3sVeylncgMjEFYl8B74BoslW8NpAFNX62JPZ1rwXG9a7j_GmnLTj0oOn1r12N7zip3FfH08hWrf8dHr4BG0xzZaMwDJWGlXdFBW93wDkmuKlBlb478O6q4HprCYMbCqYo-Ied0mIqKLRH9dqc2d9lTxhOmJ0gWYGEVsPwwITNkp9QnzjIIbgA4tTQzM9dokUAe5vYT4LksfRtsvlM3OLvUIgTMY_WUJU0XMz8uQ2sE6BfhibAwVS2b5VAz4BmxxFdRT_58wLlY85iquJyIdCJv68CJaSBgD_IjPizczx21_Toy1Qy6VgTtxfRP9vMr_Zi49SzApFBA2jcn3j7Tzb26AM2J8T0rCXR0xbksQZXeyDYDYXCdH9kC8LAhxaakBrQ_a46F59GplEiZKoHUG2mbkj1Iq6_8oZ9VgFXMvK1bbM4ONotKLDeLzn_978Tudx_k7sbE24gGmNap-jNRL-XSX-yXjae10OxuxgIZO--DuDdyWx3y-iCYZWu6-hvJ-nZE7Svv1Lxa3KDSme4Zf0DFiEfHLGqUGYbew9sqWj1C8pQvoXVWg9OqwtFQ1-4izg6ppW_MEBpor_gehYIaK1CvC4Te500Oetbtc3sb4FbMJyYsTVZCIz-aX878WoHc-q5GcXqKKo5YTbPveflLMgIiNPISs8NA8PjxHfB9ILsE30eJ_IJ8a3EVVaQfbGv1CpqP8PDqE0QIx38XrO02_4C3BLhXdXJKzBFk3mGCHQPcAsU15Rv9mb9nuFnITMLmRL19YflEkaK7vPr0Ej2SATisZ8nPRHxdX5WA20Z8DD4mgLem5GjefauEdApYd6t8kgK3GnVr7xaQxeNgMzXAs_GIKpXDNYsZPzGbA6F6-1upOYVghkReKRz9nQakzy60ZebJM-A4FmcyHIUAdCo4YIVi1j2bc7R9YqriCu0KOev-JEs67paUv2QrsvASSVLdKE0fWbGO95mlOaLGY4E7vB1OsyHJ_WiJ-kf-AI6CwQMpyTGJKtm2J8ehfZttZ6jQs9rlNa9DHlmQKMTtg0faXOX3YgD-npfCwDD2EeFAmj6gIDVe9Z5szIumNY-7XjyxC7MIwu-Rdf_G53m-U44oSY9rsWNOi0jQic2hLVwqc62K3ZBhiLNXoTM8bBDLHGscoPr1AgTh_Dkgu7SbmIpHsE_a-1BwwNArlET-Wod9nhO67EYc6t8taB1h4q1oyxIfFEdrCTg0je-Wpz2kPjj2BVbkQMDPgaQN1b2__ac7X9j8r7CJlCCAIqz1XMyVPjDF0x_GJI02S1CpFpsGT1CH4q9GwcZMNMPoHyY8iK-rJ46xVSaPUHi1FvYEbECZVxWu_GqsmZn7oTPYvfJ0LN-dK8Aq50OcvKbE1-L2NvRUeZgFAk5FxqkyWg7JIkjR3A0yom0hXVtahBaqojtL85gIdEVDaL9WTv06IWl9Xf-9mcEOufcJfvKqw-sDvn5nhDFYFHD5b9ljRzTatLxXwxTtrXvK1t8zsgdSqh9ERntXmb1bK69HGwwdxwq1kLYtjfm5AXE965HI9jSEwIXZOvw_qvPYqa4zqQubia-kp9JVvMk4ex0wtna5_dR80GvUCsI_PQlfaJanUlC80rZBdT7XB-Oep52MhI62EAF6UnxLG87dpKQuBmS1zcY_EbCHbCvBAZvroA0XJEty1Ze4SBTMs7ixTuRnFwB-slgRVTrkobk_pu8vGfjDoBsGfWmL3GZKKEfPs4ST3yA_zLyOUlsjocmp9i4nJC5VsY7wTzPbDwYWnNNdCp-nNV3GFS5xCrujNUwC6T1EZ6yFvnRHEL5AdhwjsmWa9L990IwksTm-a5sZnVCet6BBDgOjO9hi_IYGfnNZpJFUvqCaOsihY7Mm--2I0l0s-Rqf_JtiVdVw9Vm8IcxMNv1D86xwwy3Mw,,1
2025-06-02 18:39:22,https://mtucn1.oraclehospitality.us-ashburn-1.ocs.oraclecloud.com/OPERA9/opera/operacloud/faces/opera-cloud-index/OperaCloud?_afrRedirect=167051028210653&_afrPage=1,OPERA Cloud,1
2025-06-02 18:39:16,https://mtucn1.oraclehospitality.us-ashburn-1.ocs.oraclecloud.com/OPERA9/opera/operacloud/faces/adf.task-flow?adf.tfId=opera-cloud-index&adf.tfDoc=/WEB-INF/taskflows/opera-cloud-index.xml&TPLNG=E&_afrLoop=167044252464797&_afrWindowMode=2&Adf-Window-Id=zxt3weu7d&_afrFS=16&_afrMT=screen&_afrMFW=1058&_afrMFH=1460&_afrMFDW=960&_afrMFDH=1440&_afrMFC=8&_afrMFCI=0&_afrMFM=0&_afrMFR=172&_afrMFG=0&_afrMFS=0&_afrMFO=1,Initializing Application,1
2025-06-02 18:39:14,https://idcs-67322d8881824b13b3da16015007f9e2.identity.oraclecloud.com/sso/v1/user/callback/login?nonce=c2bdd6b0-f51e-4dda-8af8-3bc64e8ff5bd,Submit This Form,1
2025-06-02 18:39:14,https://idcs-67322d8881824b13b3da16015007f9e2.identity.oraclecloud.com/oauth2/v1/consent?OCIS_REQ=fz6HEftXBv%2BPwB3lmg1cdOflYD%2Fvit6HEjv2zFgukdyFfuchdDUthTcm8Eq%2By3T%2FKo9i9bsij1WQl6jOA%2BVhKFaojX6wfWt53ZIss%2BCHe8KXI7pAWnNAmlGfF%2FMnSaFSL%2BBjMRxIuaN7VI76o%2FvXn4zLIBvG2Cm9iWvRTZeF9D7dKlfiB8Lp%2FclpiTGFYq4TvhXRl%2F3K9uKdFIr%2B%2FiOwfcCmmelXlrXf2ZLK6Tsz96gEzwztGW%2BYl12nJG6mY3c44iQMd5RviLpiMP6ej191yGszSqrQwFVdnDOimxditErXD2IVH%2FQKIY%2BwUMoXtQfs16t6ebD%2BrM3c3echWf1tyoJeRflpvhGgfjtFMejnQEq45t9F5svVMI6LPflw5XnDqu2K4rhJfpNcvD1nb4epd1IG4x%2BpoXFq9xOC01qH7BTLJITXwq7aQSO3Q40o%2Bjd%2BBVNvVocxlI%2BJQMjCKwFSzbfdcfHrHJXV%2Bo2427bZgZRxKUQP5Xau2bVwt6VrOlHOgv1SEhz4Fl9rKeKqCPUkBJ6ElfvhkZLVzzM5YHP%2FZxxPTehlcQshckJxwB%2B7UN%2FPraMiyC7g4m7FdEoMNm9%2BsRvzejbxjtA8znCIQki2ybsj8G9l0axFadFYfywuOcqYk5wQVvXVhikEhK1mCotlMGVgElBf5AU913KQ3u%2FC0Qg0Lv336%2B79K6UUG9Unqre%2Fj2FIBNz3MUs%2BUfOQ1c%2FKX5fbGM7VyMeH7SnnEPONJ3PLivMSImbMOkaIBk8yoi4knNFfm0mk2WYf%2B71KSDMbh5NvLwmplMuMzgbwr7LCj8pKRlKYVmDDcrMzZjJ%2BBB8%2FyagQks7psqQ0t7jZ4im%2FsERjq7LEg5byAiW9Ld28ENAEbuPO4NAk%2BuRvSbJ%2B8kMusI5nPyCbto7FT4%2F2oSXt9fLjBKRDt%2FxguJiyGNGXztDslRDbQCPzycIcEwbSqyp1d2ri2bf869EEIodEioQq%2BOkS60AdzxL8b%2BQWpYKnkRf%2Bf0vGWTHesiU0yTevXft58ATkLBc47PQm2kypNkduKnE8VfTwT2bXjEczELywg9DKzMHwt1eIIiYRrD5M%2B%2FYaeDBcSptrsnCBg3LQnopCnrSvoDKTW4%2Ftsffch%2FA%2BGZYrtZguQNwoIVNlwsBC8d8JC%2FD%2FVcaXWDot5B0SOtPCy7VM9IgwtzlcuO%2B6dphGMWHFx7Vx%2BJDQia%2F8aJTBwl84Jsf7UpCimyf2zU4sgVltvSceCmsS1sLINqEXhqPN4ThteOdTwkLptu7wZxqspEN7dTOHUJH%2BXyv%2B6UHObTiI638GIeEOUhmfGocxDfQnZlM5l8LkIjAubMdLFtVxuzDKE3AeQYHLi69pPWEvt5jFUiMddu2G%2BI6Pit6p7xw5SZcLpUgLUw%2FGzrF8GMSs8i3abqh4UGuKNO5QWnNfrf3%2BxTMLOFIehw2cHoMR1%2BG7OSLH2Tc2un9xbEd%2FtKCmY4NDYhzgTMQuDusBC4R8CyPV0AK6y3HkqPJovr1HUOk61%2BhQBkysKroD63YraMINWOoAIWBuSzvmu8OIoRC7QaoLr4y%2Fgf8A%2B%2B8mqqtFPpbNGWcm0hJzBSq15FfpDDH5gfUAzgIz6ioclb6%2FNunQl%2F%2Bf8L0oTORGKr6fD2qtrswQUFfsoptotCSDEDoVFonlxD1Z1OApjFLihykoW59Gz1qmPKZa%2FHm%2Fzz%2F6E2QUGD2SY7oPHMPBcchhJqOiXSJuYejlAYyCmIj0HE8vo3qT6odnQDfVan%2BH6helNrlk10mgfc1Z3k2ZjKNTiqvTwHHjf2GLX9X1gdWwThJfhIsFkvP9%2BmGvRuhqcD3rtgW0zfgM768RYjjJlT%2F46Vuyun4lIDuIyNcNQCPgrqVuYFI7xBfbesxuqVx6MzbgJrw3Uuh%2BhxxuHa1Dg7%2B7fSXmxt%2B6d%2BCXVsjyYhiYnWRyDm0aKA3cqWg7xBCNbZ06VEp8G6t7dT4SvM0vKBSwYFu4MtFLlOAFc%2F6CCSYw9pS0wkkaAfNtfRTKed7YpeFoELULHAmbNA%2BA%2BQqBQb9VYZY9iGjxo0qvfKDoXo4v06zUE17BeCvs3xjG3SRhKqSZp0yPM1aknxJGEqSJQyu%2B%2F9poD5jlauz%2F%2F4LyrbzfSlqzf1PGNFBiG0slNTGIjJ6K1Bb0cviLmBrTJJ%2BdJBCi%2Ftx09UMXJrcNdZ5XUZPgD7aWQbgWZyXW1GTbx1iJFQDwvJMlBY9U0Uj%2BFsuUDsO8w9KOPwUATtJnoj1D%2FCCuRxHwrpFUtIKfb8udsUi%2BnngAYSYgMcYSsYfSkjXznevqP60%2FNoLnkKpagtc9IEHUuTdoAhijI1doPzprHZ1ee5b0Pq5aNgi5vC7MDjjshhXtIIpdgJFZT520bXZLEyauSNwQ%2FuSzdnHA2%2BQzmk6KBJGPzR8FoD4M4JipF45R47LGCtgL8pBhf1TRepuUBz2F6%2FLMOBT7e54hGxl2eK9W3w%2BrmTSwiddzwIvOARpOpwR9QhOboPkY5hBcczct6okfw9th6%2F96SNyVKdU1xrHk%2BQnM2zg0S6mojOY3T54C1z0G8EJtX5ouxcsc3aPJ1mROkArZKrw8RE3DtvhFCkd9ql7yo9ltQh9O5o1ZmkUqSoHuSWa2VQicmlCXD9qaQrLuGicwGB3AOx5D%2BgbcICw6VW0MwJ%2BELLnkTrg%2FIRtABil3%2FpRkMlRSiXCrCbDjXchfExM7BxW3RzI%2B4u2RvjBHtelM51Ti8Bg16%2BXV1Xco85Qm1upoHMvJGhE21Re4zBOGLsZXptecj6JlO%2FrgCHj90KCyJO%2FfVL%2BpCuAGf%2FExgFwWuwwflQisK6A7VtTRS1rQUMguMAPpjgEB3R1cLQnDkIvvJSfa4LRlJREwsp9POcklaKk8B2MmR6%2FSb3Pmwm4s8F%2FoUJOv1gXyTOTpxbYTQG8pRpjhXz2I9rkOpOTLdDZZUmjYOiIBnczoujv4ucR9ipJHX5SNGzHQ9y%2BX3gxXrTX0TJ2nP3rM3HVMEk0ZCWxkqjqxq60TOuGhTMNaXhk9KhhPl3xjySfFJWA3PrslBxa250%2F8T%2B%2F%2F8Sd0mOr0Kmq2YTEPMV1gbqSexbEzVefdSOjlS4FtUfX5hCLYlq9gW%2Fjv4j2LaQ9Aw%2B1LKAvHun6DtxRmboUD5wWX%2FodhUrslThwZjGfwYk06lbSHw8O8EXa7Oi4yKOzEYSvJCEDvTORdSwKqhQIT0iIfm1E0GOCetsIMcB7x4i9BK9657yvcNhxiG6RdpsaKszHyMQ2CaU57hjTavCTQFQbCcWRVcfk%2FIFRAIhPh6S6NQGJt2Fa%2Fb%2BpnIIkDU%2Fqrf49F5UR42TG9%2FhW%2FKvPGe9fVAVhVGmVDsx%2BPf1InejZXZcW2Ur2hlJUGjGJhi2jdCi7q%2FyluPUSe1eNPc839IxAxYyPnYDDuH7usSShCt9j%2FKdQxoT0k8jdJwhI1%2FiY0vYNSd7p2xSTQUWexrX5VlvbhNQBGY1d9krmdhlK60dXN9XIErL3z4AKMd2KnFejKit5A8mQHtvtc1EYMLfMj4aNzO80zbe7rAoDt2cYdXm6bT3FrOQSE5mLaNvHNIYlcrzC7wP%2BoNQveTkktvsosXiDvERbhvjHtI4vMIA17WYmYLZ9hRI7%2Fmz71z1PypBr7fqX2yDpPhiVeWdYSBwJgnjbg9JN6%2Bt6Y6hubKWT%2BBxnOcQBeqtFNW4H5h6bpOztqjbgCGrxnY%2BSwCs65CS%2F98jmI9HHWnmwmSvtSAtMSTOq%2FN%2BYMa1XQ71ykOgTD5y3arepHM0y2AUm1%2ByqxXja75E6YQo90xnpaZe%2F%2FFQyQGHlu6NzK9Z%2F7SZsttlSJ3llm9CwotldmMEzuS7arRuqSUoFbiakSxxD8zWoRgOvmqNc0Icomje0iInpiFx7k4bTuUDV3cBE63Kv3w3hTwXFsvhudQyq6PuHO2ZQZhaLyaiJlgTPiygr0BaKn%2FhQFvsk9zFjP1WaHzWY7MceKEFg2%2FYPyv25BPNpnk597jC9FEmKsKS%2BxJCOTdBI1CXg5FA1bGjW81PvFb1JoTlYrCLrehreTePD4DtV3638iln5lAN3OSKqJZcQ6XyDhdqMlMg9JtGTJAoPuCn%2Fho1UyTJEHvj1e2vc6pFm8jPNAGBKu8ONm4w%7EC2Zsp4e9mL8gl03u1u0fyElqRq33dC81%2F70QDfrLyBE,Submit This Form,1
2025-06-02 18:39:14,https://login.oci.oraclecloud.com/v2/storeLoginInfo?redirect_uri=aHR0cHM6Ly9pZGNzLTY3MzIyZDg4ODE4MjRiMTNiM2RhMTYwMTUwMDdmOWUyLmlkZW50aXR5Lm9yYWNsZWNsb3VkLmNvbTo0NDMvc3NvL3YxL3VzZXIvY2FsbGJhY2svbG9naW4_bm9uY2U9YzJiZGQ2YjAtZjUxZS00ZGRhLThhZjgtM2JjNjRlOGZmNWJk&access_info=eyJraWQiOiJTSUdOSU5HX0tFWSIsImFsZyI6IlJTMjU2In0.eyJkb21haW5faWQiOiJvY2lkMS5kb21haW4ub2MxLi5hYWFhYWFhYWN1aWdwb2RodnY2bWFvemh5NmhlNjRybXVoa3c3eXRkY3V5ZWx4bGw0Zmtwa3VvZDZteGEiLCJkb21haW4iOiJoZ2J1aWFkMDJwcm9kIiwiZXhwIjoxNzQ4ODg5NTYzODk0LCJpYXQiOjE3NDg4ODk1NTM4OTQsImFjY291bnQiOiJoZ2J1Y2xvdWQwMSIsInVzZXJuYW1lIjoiS1NUT0tFUyJ9.JtvXvVMta1uuDCcKFxxD8sCZOLDiXnpaNLxMIcUa25K_V1WBHKIvO1BDOvqeEdQ0jPwGjd1FolqMQVKp0tFQbzFOX_pJpx91HCqec_JkZwy9C2_xgDjOXxWHmkwqaY3SOLuE3sSsFmltRG4HolBT8RP7UhygWHPHscp_cX4ZIxyFTK1PXwpNYe9jt4esjuwfjcS2suTFpXawkQyb95KwYSkLjce0VU5EXpSwSMN6wCBINCTnuc_BTUNBWGW3i3nWSWBGQFa-ACITZyQwlxmmy6zMTw24bAz_djVLZQ8pIzHjxcCcFhj_7SYJIOxyn416buoHhcRQXWxP5SD4ZKqClg&is_paas_login=true,Submit This Form,1
2025-06-02 18:39:09,https://idcs-67322d8881824b13b3da16015007f9e2.identity.oraclecloud.com/oauth2/v1/authorize?response_mode=form_post&response_type=id_token&scope=openid&IDCS_CG_ENC_VER=v2&state=HufHRZNPz50I_6GE1c7aOx-WmyczNKPa4T5uTn76Jd4&nonce=0IYTqHKNP9_chPbaVITu2E-KCKkIoeYDa_yxvMqeBM0&IDCS_IS_CLOUDGATE=true&X-HOST-IDENTIFIER-NAME=mtucn1.oraclehospitality.us-ashburn-1.ocs.oraclecloud.com&idcs_app_name=opera-mtucn1prod&policyAppName=opera-mtucn1prod&policyAppTenant=idcs-67322d8881824b13b3da16015007f9e2&idcs_app_resource_url=https%3A%2F%2Fmtucn1.oraclehospitality.us-ashburn-1.ocs.oraclecloud.com%2FOPERA9%2Fopera%2Foperacloud%2F%3FTPLNG%3DE&client_id=opera-mtucn1prod&IDCS_CG_ENC=true&enc=miT0dxDNYALUAgAAmgIAABAgmgIAAIACAAAQAM0WA7umdHd0s_Lc9Wo8FyyOltXKN9uUqnF5tzWQ_D1fEr8and87qtRHn73ANlkEjR2xK0r8VQuJRlfzQ6n3w6XvIlcw47ISRzyy977IbLk4cqeTMb5nprEm8vRDWzaacVK8VRWG17h-2JtS2li4qKjAy0yxANciTNLDVYFPL4I20Jb35I1Qmxt9UHYh6wgPl9wT937x3vRlteS5unhrEFBkysdgvUZzlkTMv91P3DSXJKrsVBSug_7YYu6Ce8SYV6Fpup5MYr_l_NumbsccqO_kYOldzlLzJUgQG5s5lFtpW0bnT-R1uEh8i_CVPWDePKEuFRja3lD0FnkDnLMLipPr75YBpoeCiZZibIV8hhsxhARuZlSPAo3rtZol7plzsKXXwwfgk9FUV7W26FZ9X6_Vbf0z-34pPpC8ICnOdIrLX2iYoYnLVL9oArKskXhH8hSKQTtlp57pCAciwIrZRpd3jC0J6T0k2uYXUHmSvQzYARzHLnJFVfxJuUxNMxJ_IcmBukUSK9TnMX2drDEAfwvosFcp_qrKfXbE6V5l9PKej9M-d8um759lB4nnm3vQSrEt45DuzAjt2dkZSm2W2FQQz1Bxtv2iti2F5uWMpU7sBW6JPmHKCbCDAEXv6RBHSpL2u34RFkAd2F84YEVAAdY3M2NwEhbMPIP0Na02CY1_lKCvR16_c7qITZ0x4jnVMEc6BqjpTrDKnc0uIaR4RcRC5giqlSzRHGXizPk0MAl2PhG14Pd-gyHxhARIIjE-52s-iA42-DnZCCTJJU8fQCNQ6U4Um2xPpG_vd190MidNtJof7m8vvV94or6i7CCMDJKcM19RIEqWxmOnGRr7DWIABzJ8OecfzQPAvLvqvtDwMssUSzLEY-zozD3II9-ieC5-pFWv1xXcVw9HucjhiFacRxcDlkaXlASSWeFI08fp,Login - OPERA Cloud,1
2025-06-02 18:39:09,https://hu05-ssd-ohs.oracleindustry.com/oamfed/idp/samlv20?SAMLRequest=hVPRctowEPwVj%2FIsS7aBGA0mQ0OZ0gkNDbST9k1IMii1Jccnx%2BHvK0M8kz6Evmludvd2706Tm9eyCF5UDdqaDEUhRYEywkpt9hn6sV3gFAXguJG8sEZl6KgA3UwnwMuiYrPGHcyDem4UuMALGWCvQ0oz1NSGWQ4amOGlAuYE28xWdywOKatqm%2BvCF7lztd41TrFHT0K9AOgMHZyrGCFt24ZtEtp6T2JKI%2FK4utuIgyo51qYzJVTP6vxcbssBVO18yp7iY37YiA6IB3nEVY%2BWoPcfwCmh4w7eQa7eG6r%2BOwhnhS1QsH57fdLmPPhLtN0ZBOzLdrvG6%2FvNFgULWwt12kaGcl6An8vc70Qb7k577XyDN35o6BADSGwP4O1zUSiv1oCrj6GwJbG8zJUkWlakC%2FAS%2B7UsARq1PM3bZSim8RDTEabxNkpZMmZ0%2FBsFP%2FsDirsDWs4zpCWWf9qHCH%2F9%2FOu7aJ7vV4unCvPbpzaPZIrR%2BYTYSbzu%2FJfcXc7dVbxqfoL67TntjmjaJ9NSAB5dJ3Es0zSN0niwi5JdInk0opE%2Fr%2Bt8rOJQyzPvLbsobCO74GwwSIhPPiHvXPVX%2Fs03Xs7XttDiGMyKwra3teLOfwZXNwqR6Zn173eY%2FgU%3D&RelayState=ZIO3&SigAlg=http%3A%2F%2Fwww.w3.org%2F2001%2F04%2Fxmldsig-more%23rsa-sha256&Signature=ZYWEBVqqHBJGouQ5CgzgZPFnqLe2MuriMuZQLGZarQKLQEbY56E1ErGLPTefhc1wnMbjHw97acCamQ%2FzGYfRCa9OlJ4JEM5%2FRtJ5u6pYlL9WXIhtuReLIslZuLi%2Fkuk%2Fj0jYbJf1E%2FLhCpIa%2Fdq%2BgbBVSMwKIO4hSsp98imnJHP6mWxElv3DT1UVQJZjAahK5787eixZp0gUaf3u4pznvt74a59I3BEBJtVihRIMoLO0UdzZmr%2B6cTgjPgDiK3v3EZq6%2ByPAVODd7pTv%2FN7kHw%2FriJxtqtdC5k7PY2y9FTRWG9XVhOGGjNTqGYPtLH%2FyEPhcO3rtYqCBefk7Nx%2Bu1w%3D%3D,Login - OPERA Cloud,1
2025-06-02 14:27:15,https://www.msn.com/en-us/news/politics/white-house-may-jazz-up-trump-s-briefings-as-he-doesn-t-like-reading/ar-AA1FT4g7?ocid=winp2fpswipe&cvid=94f30c7c75604e28b865301ed0aabc1b&ei=10,White House may ‘jazz up’ Trump’s briefings as he ‘doesn’t like reading’,1
2025-06-02 01:48:07,https://idcs-67322d8881824b13b3da16015007f9e2.identity.oraclecloud.com/sso/v1/user/logout?nonce=630b4f7e-57b1-45a4-83c0-a75e8d707564&tenant=hgbucloud01&domain_ocid=ocid1.domain.oc1..aaaaaaaacuigpodhvv6maozhy6he64rmuhkw7ytdcuyelxll4fkpkuod6mxa,Login - OPERA Cloud,1
2025-06-02 01:48:07,https://hu05-ssd-ohs.oracleindustry.com/oamfed/idp/samlv20?SAMLRequest=hVPbbuIwEP2VyH1O4pgAqUWokCiQLWyqhVYVbyY24G5i04zTwN%2BvA0TqVmr7OjpzbmMP7o5F7ryLEqRWMQo8jByhMs2l2sXoaTVxI%2BSAYYqzXCsRo5MAdDccACvyA53rna7MH%2FFWCTCOZVJAj12MY1SVimoGEqhihQBqMrocLeaUeJgeSr2VuR0yY0q5qYygL3YJtQQgY7Q35kB9v65rr%2B54utz5BOPAf1nMl9leFMyVqnGViXarMfS9LAMQpbEx2xWb80shHPoWZBE3LZqD3H0Bxz6%2BbeAN5OajocOPRRid6Rw5Y9ufVMycj9BogBXZV7jrAnBX78FKsSwXUvEKTHnyMl34mhVbwX3JD34j9k5shQlAJZJzNyZGBJOui3suJisc0DCiuL9GznN7bdJcOxnHSHK3%2FxpV6a4v%2Fk4XbJSmZbC%2Bf%2BNEs0dRu%2Bhyb3omL52JLgtmvo%2FWTCzr9gy1TRtpTmjYJpM8A7fX7xDCoygKIhJugs6mw1nQw4F9Cv3trSCe5Je9a%2FYs1xVvgtMw7Pg2%2BcD%2F4Opq8bfVTcY%2FWgy84LPFgsl8xHkpANDwYblKH%2B6XV4ULafvolxZh60sUF8ehJZit91P86iZVQHRPQ5hq7k7ScTLj48epWXTn4a%2BUzI71hezTfjv87ycN%2FwE%3D&SigAlg=http%3A%2F%2Fwww.w3.org%2F2001%2F04%2Fxmldsig-more%23rsa-sha256&Signature=ACXwRqlsb%2B%2F7k2%2BqmRf%2FgETrDib4UrzufjXeXQCfReOCzUT4HjYlcBAWAwr%2BZniqY85sjqbMHgz6EQz0awnz0gH%2F9qrmFEynbR86duRzwujHF9D0%2B5l4L09gchx14I6qGlRUTl8mQ5ByqRI2SOkL76ySGa0YRYfRjfo1pXZdmqS0tH%2BO%2BF%2Bs4KDOgwz7m4QtpR8uFBay3gF378I3Aut03xDpwUO2iooTvIvqkwuDe5k4RurKbOQMSfz1idmGtZ5UjQA%2Fmg7T5huGRe6gAZyKyuocyq7qwFy9XmvIwVs4o9zRTTIdENPM6C6kS4B0NQwCjJUFt0QsZh5KZbBfx%2Fua2A%3D%3D,Login - OPERA Cloud,1
2025-06-02 01:48:07,https://idcs-67322d8881824b13b3da16015007f9e2.identity.oraclecloud.com/oauth2/v1/authorize?response_mode=form_post&response_type=id_token&scope=openid&IDCS_CG_ENC_VER=v2&state=2b2PLf4RJJ_fetaK3Elud5iRCmdLUVSP7AIpYk2q0vw&nonce=Zc_eXt-ryC5SJHm7gZ3gHVUOsZv4U7ApQ48FqZqcfNM&IDCS_IS_CLOUDGATE=true&X-HOST-IDENTIFIER-NAME=mtucn1.oraclehospitality.us-ashburn-1.ocs.oraclecloud.com&idcs_app_name=opera-mtucn1prod&policyAppName=opera-mtucn1prod&policyAppTenant=idcs-67322d8881824b13b3da16015007f9e2&idcs_app_resource_url=https%3A%2F%2Fmtucn1.oraclehospitality.us-ashburn-1.ocs.oraclecloud.com%2FOPERA9%2Fopera%2Foperacloud%2F%3FTPLNG%3DE&client_id=opera-mtucn1prod&IDCS_CG_ENC=true&enc=jjxrj8P34UvUAgAAmgIAABAgmgIAAIACAAAQABkvO4fWA44s-5ryzQwD1JTUBIj5STZiFIpVDcBtnKhpfvw7Lrk-veGRtrxkjxpNLDNFwaGLowptKgRHRFT_NyI_orgvX4r6ooNv_cTFymq5JjLzXKIZ-8yU8KV9Ta8jN5S2dPuro3NPp7QCNmLKRx7lmkQqdWUjVo5X-T-jcrIBLLhLeWBkO4Ci-c60pt7M7ONx_51WGDsZAAFFuQO3zWivTboKoB39DB-actA8nmXZ2VqJqI0oDySgPIEzhGkhc9jK-J_ODgnYuXrdwWRQ9xEj829_aWyeJShUWkL0ZF_XA3KhHiswsbrRH8NDd48TCKYDLi-kUDXWYuWTu5VC-cYhUCOjPwiiv6jQq_JzFPGE0IQoBLe4Ku-gUCAO45Nhh9FPct9p8DJxEYV-r9klcgTAvJLigcJNpRznQu4Qv10Z8chPpVW958DBwN6y2lFjjgueF7cHk1ObyldzGzsoQ_okJLhY7LrEZTWjOuYMmuC9Ufc32-oVVV5E8uITWK9sZjES2VAT_jy3RSDKFYkCa2M1UyybyUzsPcDuWU3T6_8Y4FoY9si7rhpTF8uiMIJV0EluuvmB0hF4MSuC9JQYx_kkea0qmMkWB5CFUSmfAp7MbMbCP_KjoQsDMv7trvMLhEB9xuL1oazOO5Ct6SC9_vO8cgtRNBpASkcrWPutjiOU4OfdPCLzh6eXD1bFfu1cLpGm-sHhK9GV5IDjSIwqN0s_9OKUSYSlhFU4fO3qAEVzyY4DItl1t4d7-WU4WSqNxN7gDzHDo3VQacG7XTpq4pLMAjfbxJ17mtxYim7pxlaAi9PNpEAlIXWBXrLFeWrutz5PX6CRyq6rw8PGO3vrFzbAhGHCa_AxEXPfPrzCV8AM-DA0mjmtVhG-4rugdK5CNOd3q4ZY0M78y7cfgbwtQNqLnRA2au5Z1n5XrNOKqm-C,Login - OPERA Cloud,1
2025-06-02 01:48:07,https://hu05-ssd-ohs.oracleindustry.com/oamfed/idp/samlv20?SAMLRequest=hVPRbtowFP2VyH1O7IRAg0Wo2Fg1tLKxQSfUN2M7YC2xqa%2FTkH79HGik7qHszbo659xz7r2e3J2qMniRFpTROYojggKpuRFK73P0uLkPMxSAY1qw0miZo1YCuptOgFXlkc5qd9C%2F5HMtwQVeSAM9DQnJUW01NQwUUM0qCdRxup4tH2gSEXq0plClLzLnrNrVTtKtJ6FeAFSODs4dKcZN00TNIDJ2jxNCYrxdPqz5QVYsVLozxWXP6vxcb8sApHU%2BZU%2FxMT9sRFLsQR5x06MFqP0HcILJuIN3kJv3ho7%2FHYQz3JQoWL29Pil9Gfw12u4CAvp1s1mFqx%2FrDQrujeXyvI0cFawEP5e534nSzJ332vkGb%2FxQk2EIIEJzAG%2Bf8VJ6tRqcbSNuKmxYVUiBlTjiLsBL4teyAKjl4jxvl6OEJMOQjEKSbEhM04yS7AkFv%2FsDSroDWsxzpETIi8dvr4y0yyrbfklfx09%2FntPTT9bOqixElxOiZ3Hb%2Ba%2BYu567q3jV4gz123PKtWjaJ1OCQzi6HSSJyLIszpJ0Fw92A8HiEYn9ed0WY5lESlx4b9l5aWrRBadpOsA%2B%2BQS%2Fc9Vf%2BXffeDFfmVLxNpiVpWk%2BW8mc%2FwzO1hLh6YX173eY%2FgU%3D&RelayState=S4f1&SigAlg=http%3A%2F%2Fwww.w3.org%2F2001%2F04%2Fxmldsig-more%23rsa-sha256&Signature=YX462PmWsRVzOOLtzNrZxAG8bOL%2F38jzLPVWeWXQxyFa6CB8I8UXagNn6Sgt9XCavJiQK%2FX8nNDK0V1K6Nbbhk0PQunu9k4q0BeZGiOxAJkygOsxYhcrLq1CN67Jd2CaTD%2BwbTZtfqXgt7KHnmOu1eebrUn8p8hh2nuCtXY8TDOlRRuuvAZ1%2FiZPi0hadg0CKsLn8RDPlTkwjds%2FYWU0fCvuCnRWh1IK0LkfCGOTftEpvSESSFw2H75nFqhcPjMMoDwKB9k2Glvm8a6Hjb0oQJ6X5a5J5Bp7vhHFlMRGDUn5bOdRkxSQbK86TyunPA3pU04pNdYwxDArdoZSprN7bw%3D%3D,Login - OPERA Cloud,1
2025-06-02 01:48:02,https://login.oci.oraclecloud.com/v1/logout?nonce=630b4f7e-57b1-45a4-83c0-a75e8d707564&domain=hgbuiad02prod&domain_ocid=ocid1.domain.oc1..aaaaaaaacuigpodhvv6maozhy6he64rmuhkw7ytdcuyelxll4fkpkuod6mxa&tenant=hgbucloud01&domain_stripe_url=https%3A%2F%2Fidcs-67322d8881824b13b3da16015007f9e2.identity.oraclecloud.com%3A443,Oracle Cloud Infrastructure | Sign Out,1
2025-06-02 01:48:02,https://mtucn1.oraclehospitality.us-ashburn-1.ocs.oraclecloud.com/cloudgate/logout.html?postlogouturl=https://mtucn1.oraclehospitality.us-ashburn-1.ocs.oraclecloud.com/OPERA9/opera/operacloud/?TPLNG=E&TPFLSCRN=Y&_afrRedirect=408964870980998,,1
2025-06-02 01:48:02,https://idcs-67322d8881824b13b3da16015007f9e2.identity.oraclecloud.com/oauth2/v1/userlogout?IDCS_CLIENT_TENANT=idcs-67322d8881824b13b3da16015007f9e2&X-HOST-IDENTIFIER-NAME=mtucn1.oraclehospitality.us-ashburn-1.ocs.oraclecloud.com&IDCS_SESSION_ID=ca81e1648d104f38baeec396fbd9ad7a%3A8df87a&IDCS_CG_ENC_VER=v2&client_id=opera-mtucn1prod&method=encrypt&IDCS_CG_ENC=true&token=RZI0poLMe-QECgAAygkAABAgygkAALAJAAAQANdaeNUlLdj8aShs0FWqGUopIFbik9eBevhGwwRdJALkEyvHM_YHPvq1mF-l6uoaak69VHZoEncwY-Wj7o0ryPniFYPfRS13BIVYvAbebhmchRNmz99mdlSLFJAEODGdRLRc5qXya1IfY3loX1RVL8z8ZjzpgjVrLVU997WOm2UnIE8zViiCEFsnJJwk0qb_1zMWfap8lx8csWRLcUjPmCS7kMKVHJ8YjYIv_FSEzrhoTFbIKNpmsBUlTWepEqkkLDw8Apg_uhn4QF6mGwb9Snk-OdDX-kkpAemg-gWYXzIg8lv4sBJ5nWgdyIrOuKJJUzTjul42M7CK-8AsC_nT52NqL0IJJCJJkvaCICUGoOrwyEEnlIOKRwuZztcNG-lr5NuxdyIPzJ6AzTq8GcUwx-8CvU3XzsVehV-e3sV9qV8IDjnA9yO_BAUPfnVOJvmzX64CcGr8agJJYMYObDRxk-sK38KzZM6-y8XrmiibvWQZoq4BHXc-PpOMv13xm6RzkChAH7f94djgCMPzSm1uKiCwkppq-kFoz-9f_J3-hsFLhil6UlSG9Mag2yT3pdu5pN9G_QdS2ETTxIFhrRB4pcStKzpBlyI_YmlO39dkAfM1aDeQ8Jk-mpGTP2tTL_MNN8aaE3U0I4mb56TdyX70kUX9D4pYL9qL9hOEDwrpMRjrkrUT_2IEBgPac5HEaTvEmgopbxGDtXqj0eEJxcVsiD9ttKQ6qSaoG-o8r7RQ4qND258yM2dbaONBFhYTzxO9VgHIkVVAocUcZl78ZZ3gFA3WIQDpsGfqxRAnJsD_zB6pNNmQ-aBlOL1fYwqDcdC08hUpv_7Tfy_rwvnzz7OHyjsL-S4-yktGYdtc-VufIPehRfrYiOuXONN4Urp8Upy8P_nnONuJi829TGDKRoJXTRJMhtIrQXD5-Zqd9GaNZMk83JHAYjeFgjCbTcUxH5u0vuA1rDCBT-X9ZRD1Cx0asbQ-9xtLjPLkeDZrhPSmKr_BSp7ds7On9UwRRBTC-ViVwGx7DaYe0JpA-jj0pRadc-zLtwyV-Ee6g-09dBvW3z_w7dtoMs_I1_ZN64-12Qx-A_h-X9zUlj8F9y7kmu6I4z2TjZ5QdBMG5_EHMsaNkFZcUKFcTkrK8mTREJnLrNg9lefz7saOnaCIIDmcbL4k60wVxw1fswDfZRMRoUSJNUwXXASa6zW7-PsX6-6_JRzOvSDmlrVfTr5gUt81OoHjDSmgMFhnx_k5MZtxfBk2BIluHoNPPC_zLAAUjZ4KaopdaFZLglXgEy7hDJFz2Ekv-hMCGi2f6J-xw7I4I7h7XpbcBTC6SijGPXU6zB4k_WaxMkV22PQON0R-lmNQ14Zs4j3Gi-1QWjWGl1pDw2vVMtDJV7tmzjub8-_Z8VtH_Qlz8vpr0jl1w3fw41365FvDopbG45S1AkxOzQu4yx8-_gHUrr8BZcTe8vpQIRr9K8YujQlRrgDyrhtH8b4bXJDJrjOq7EyB0NKYWcJvi_ngyrfyOuOMVMsOCfuKMx4dHlBy612_0ew28kS6M4n-fAMarJTfE9RpV3ZPodtomJUFrDfxCFeWEFbShIvyY_HDlVjEyqYTJC_WP9Wx0bysHUwC_DZhZ9LHz2TWz5rk-y2-d10Ey4RpBF3RVt-DoQkmXfAoh-4Yle-L_nDt1viTdd4nMSQ1uwcggNH1qB0a2I0ehnh0_WBaNc585nTVwS3hPEx5x32k2kcJZkvbl8I0kc1Dkxckqxw2b5OheLU5OO69HGJ3RGBnLzf9UM0wTkXb7xtKUBDObvGHe-dnS2z9VzM4-U22tlbJr6JuItr0sHjdXW5CAIy4oWOM_HsF8YdVacqWxd3Lxc6NtPqdvHRJ5bDXTJrKK1Mifs6JVN1gefr18oMGWTE_wr6jZjCtcQkdrrBPAgW9ylncLPfa_HBMCEsOE-VdNstu8nvCvUbsOMFrNTkkYBXCdwOKkUeZtRgIRbtZcm_-bgKWpoT1vB33o76L1GGjpuLJWxiEv5lybZBGVKQmi7H4Kmmz_TVMriLYE8vLmgPGgekYlizvM_QfKPkh5eOzEHSSNWCwXdWHZrn7yKKublgnOsZECrfGPF_dL0HylayKAYzYwBJ6OMs2FCy47ANfUZtMklKyZr2Fb-BXvK5hRWGrUAs8ydfFacNHijBiJx4uyhE3NF3y62OOGBUtTz0m8QLNU-OywewN3hNZfNn--j9J-idicRW5wka02PKT_xsbwDpircokXUkQfNf3fH0BDSTCDhKIb5NeEQvQyPHhX_ZT1IPuzJDShoNgWC86wxifbfopEPfyeRdNbJcMrZFP0rf9st2KUDlkgnQc2Ya3QoYItrD7jcIKNy2rj3docCjfyMMtZbY5axn5MTTMx2tSg99ougr-6SpR8thgILMT6yheTx0Hw_QB7CIvCGDswTectbrRt4UPTtCZ1hZKm3TF7mT20WTQwn4LFwpcO3__VcU3kgzER_HiWEnAKBUFHXevMRGNLkqowSdb16Xts60L0nCzujqKcmaSNOUQaY6bz7z3CDZhrhr7uKtnGLXLYHzJ0NH_oq-AWcisGwNhtuc11qLe6_V-YxCqGlgzqtTYRI6ixliNHlwPkxxEbyOXuxbzRAOMSfefXI3FV-gWJnLCGKZanjbdqfC7Y1Fxs8UecKAGC41PtcoiUtruSMPA1y1wSWI_DQSgdqP77u1Q7D0pxx1Ypp_Vk6FFU-IOlGQDwx350GBR1R7JNPLju4NK5V8mx25rNPY4lH76MHJUTqf9lWRFcGJk9TSbAroCQR8nn6EqqeBE_yYZ4uHdAb-ZDtEzM4gzOU1dHWHTBS4sFXpFq2zBGcMZpwFRSDiB-z9bLPYdAgAEPIlvFxlxi_vKi_iejhf4gqXOci8Rzp5-fKi4d8vckC78LEITJBPqT5NJWhmxo1bYrrG9u60SnrtWGbXJ7NcwPhMrablfACHumpikovyAA8BFUYaiWyekJwSPAeHGrfkdQcBwA3cIIg-ydbDhbZaXACvwY346oHkt699ohoTqiNbalWmgc1A1Y0sS_knS_LS2J6_r7rcj0rcgNrf_OKDJFKtiHUe7FiDOQMs2nGNCDaA_Gvln_ZMJuOKRKQhik2QbeCCP7skLZ7jAk5Jqa6zqNizUSIjVV8EtwIufFXFqdS69AAWKyZbno5dzWiNcaOKDz1SGXeK5_6cFbsyHmMYb8yv7nyvNr5ol6jdW2c2W_7Ge21SAm3Fffj9DMub19ArkOUV0JaQh7eMuCcnT27XwfI9z2o2EcF3AMlBf9fXMIr32iG2ljfQf_93i8J2M1QiXniWU0XNkLaDLG15VGWtaxZWORgZX-_odfkzGI8wbqA0NVRCkeF6mDO4b4qYh0UWxf1lA9xHYsueqrg,,1
2025-06-02 01:31:49,https://mtucn1.oraclehospitality.us-ashburn-1.ocs.oraclecloud.com/OPERA9/opera/operacloud/faces/opera-cloud-index/OperaCloud?_afrRedirect=407993058725591&_afrPage=1,OPERA Cloud,1
2025-06-02 01:31:44,https://mtucn1.oraclehospitality.us-ashburn-1.ocs.oraclecloud.com/OPERA9/opera/operacloud/faces/adf.task-flow?adf.tfId=opera-cloud-index&adf.tfDoc=/WEB-INF/taskflows/opera-cloud-index.xml&TPLNG=E&_afrLoop=407987526253061&_afrWindowMode=2&Adf-Window-Id=r2sxte1bg&_afrFS=16&_afrMT=screen&_afrMFW=1058&_afrMFH=1460&_afrMFDW=960&_afrMFDH=1440&_afrMFC=8&_afrMFCI=0&_afrMFM=0&_afrMFR=172&_afrMFG=0&_afrMFS=0&_afrMFO=1,Initializing Application,1
2025-06-02 01:31:43,https://idcs-67322d8881824b13b3da16015007f9e2.identity.oraclecloud.com/sso/v1/user/callback/login?nonce=c5bde219-0cb7-4c07-b33e-22819cf5be12,Submit This Form,1
2025-06-02 01:31:43,https://idcs-67322d8881824b13b3da16015007f9e2.identity.oraclecloud.com/oauth2/v1/consent?OCIS_REQ=lgvSE4bSBbjQ7ijXM2gNmsP%2FNybs9F1eN8Dwo0n9EgxpKrEzCl%2FnMWfuY4t%2FhjoWnS12bzZdUKcleDUl4EDrKxlYcaAv8MSj7cQnJ7qED8b0O%2BADq4T9gHuFaXDh%2Bv8dUGN6%2B6W%2FBSC%2BLw4sqD7%2BuLMMQ%2BkUE1yJvsgA%2B2NLwDeEqvhVvCG3uKVh9yaWlL0OjQJWFrgAA8L0MGsHPrFetzwy3W9dWlbWoVrR2caoWlwv%2FEJ3%2BfWy2AnunhMUQ4OkQa3wgpJEK7%2BrRk0vtM2sfgMAFbhwcNW%2BQBJixI5Xrx1F1zMYLWjK4oQyIbu6lv7D%2FndcQA5I4fCJD3fTJ%2FPuT6y88SsMbxBFSZu64WWCmdXj4JZ76cCgT%2BFHpCmhQIYpgrZuaDfUvHQUCEpx4gluaYsRIM6CmdH6Hisas0zpxLyy2pcpRtyno94A3JawbI4tkMWYcFUEejnxVq1KEs3gOl0I3%2FV28ltnlgZS2QDKXZTcprTDdaayDHpN0Mg4HbKlg0bTSQ4AcvafGFi%2FaGXCcbBy6sdjzio04bK3M4zQUb%2Fw8EGs63NkHY%2FL%2BkBxseC%2BwBWhchaywQ5wIiFaddsO4PMoVWuWbfdsUem%2BQn3sAd8kdsaDDdgg6A5G3CTcGQDn2gvCBkqhFJtdp7WCsE%2FqUpcDyb7LStegpoXZCYdm8ziTei42r%2BfORWXSv0b4uhuJxJtXEuykCOXbK2%2F831LO7gb%2FYUlnYORskswcnrdJ7UuznuBOb0w%2BGPOVwAIAl3%2BdYmpAntTF7UbejEaFsYRNpNE1IIA8CBbgggQ6y5VhIYDRKaDEtP%2FL6pXLA8LGMhTMczgHTYVo5XApmk%2FL86f%2FWTD6slTrNhIgL6zMCuV5HnwzlrEnrnPsBat84dBr4qHpDR42g6yDW00kPsK6qq1B3vC%2Ferv5O2qdH5O2mrVnJwFpq2PhDhAN14DFfc5LUuzRfitG%2BPxYmyt2RKiNkAkw5GEQVFpq4YZqfayEE5pDkjyxW2fv08j5NGo012PUz9CspVJbXCYeZb9n8nApfJn03wFjOlsVkWYjS7Wh1fP54UbA634nG2bd1RyqjtlSJRIOZ1N62PevNAJ624IPp8Sdw2%2FpvSpZXnTjaXG5bnJerJ4VdOS3XoOKdPL2PXq9Wn93AwCr5MlbgdOtL6phlqCyIuOlC6vLy2oF8XAIsbQFolv9GaCJFySlgO2hWE8p%2FGYNdH8Aw2A4HPhj9wi8D6DEOZuWYJYnbqxZ3JblMNbuvqX9%2Fcp0USXLSnCspCldoPkttP0P8pUb6puR84Q0sJdWFV02WYhg%2F4%2BpuSZsACpCO1sIO8fChcDpcZ%2FQ8VMi%2FnTNSF3hMg3jFS%2FbSZCF4s6ygTc98CJLbtXuCTh8AB1B%2BMtHKrnCd%2F8wz4xCkIC8mYbBBPt9c71fqbHUEPkHx5eqqMGx9ATYOgUoOVsj6VeO%2Fubg%2BMZn32J0RnB1%2B4i6Qk0aik3i%2FLfraSpLiYafI5%2BCRV%2FifTQCqNOzx22k%2Fa2RDNfgMkNKY88E5GIMi9zC3LRZa6KOvCCOgW85Wd4SbK15C337vtiAHemry5qa1Vd1OhB40zFQRZOYqhorxa%2B6U%2FlcDXab76P0QgkYglFd3E8aHuqvpNgcwMmRSJMGoHvNi%2FXKqFDB30SroHraVgjM0mmn1cbOYBS1m28bedmtU5C46OSIXqnbe9ZbiNBCx3K%2F1%2BgyTl86f6X9h7LlaEg2FlJpbBJKhlWtzB8ltgWP%2Bgli0q5dVPTezdxJsg1n1P4HXVyCP4Wj805ErIJlyA9qGM5jASap4guDh%2BI0GoPP9RN2OPALRw5VEGw%2B53w5A3hWMn3Ig6jUuiLg%2FcX5zfLU9Kn0869WJiQDQpw%2FtADuyU6N2gIjkJ33y1ZJBhwGmMt05uo5aN%2ByuWp2j5Wx6waxkOo%2BWtL%2BFKbmz0mDznMJc7qIjVC9YdnANq91Bcq8M9H3KTidtSpUHzvJBEZJUr4qnAFxPcurTE%2FbiLej%2FypqqIWruB%2B7zMF9tvRfTMBWo1S1aixGNsKEPQ%2B1EPryUy1hs8erldTLveGxLLGfkAyiQv7o5iZdep2Z9karj7Q81dVjRIb5YLpl899G1%2BQgc0iYAx%2FGbj0OOo0zw76cwhZIO%2BVzy2BMzcozJ7Prbo5sfSjGz724jryVGeq%2B8fdk%2Fr1MyHYba%2BvXJox3CBNVwuA%2Fhd0nsNo3gqJ%2BG6C%2BfYzGJLpr7yXOixf9QFSuKicJwKGgvTx48JHh7xjuHyECvMtHca5lrKlQu3pqJAIoTZfkn5Euq0fduRLJsX8sq3V9YtOHUnEqkZYjlzr2POyqpwvzn1oesdohXN7zjvIhVlyVk%2BIDfgyKJbDHYtsQ183Zxhgyzaw%2FeT2GRdM89X9q04xrHd5rcz9UMIfp%2B98QK5fB%2F5Tb9SrHGHMVVB4Jh9sPQlMwjvGCFXqUMuf%2B5IEgzXarMmy0DIVDQfOetKG3TL6xqMra2dPa3csLN%2FzAwl5jkS6SQda9zOFuY5dPmH81nph49YRo9HZHqGpps2J72HHQ6l9mhiofGXH7f2zDhn6w5BA1SEI%2F9QfBtghNo6yAA%2FsEsrYmzm8ZjGkA0qLiw%2Fxuba2YTHwK1%2FpswsYs0jhHdmE256B2efIhvbCYEWtOYlseFlbv08%2FzCnYbrX5nhbU%2B92%2B7TKcOIS1UurgMzN1G2%2BYfgtso94xTzlrBxqAa0EZ43xUwI3CHgo0dbNGLioHm5nsEgxXF5BnYYtFWMfBekZs0XBxcxTVWmK2rSHU4jHKcn3HHg0YIlV40WSn3jetuDuzkjSpJxhyQR3Q7uH1JESS33tFojTl2bGOh3TRjGhEi%2FAaFfABIBVY9HUM2Iqht5CdW1qx3wzVOmS2P9Up1sWIOnfwykMupdZNUe%2BiYlwgX95glYMStH%2BsHTPmWdNyjKRB0R9C9eKpc14SARpO8fv3RnBk3y%2FrwcfnR0hiFqpp0QK%2F%2BpKv4S4bKigfMAxS2esDpzpjo9LYOFNTBr75tVJKUBPmSCFawxRRCBYMnIt6%2Frnxy%2F0nPGyEYHatwKp%2B9jA%2F9d%2BSQTQI8Idkd35Ps7EEL0HJm0fZR6asnPlc7fxW9SK8Ygm%2BWy3RyQxnjHxbWgFqevlg4EN3x7lG5kyIrW9SfswjVc4iikwGjJ3tTdVKWU%2F22t5RyiWeCpqk03J1hF81ZPGkO5WeemHWgMq1UrqEuw8btuh2ZvgFISXl2wAGExgd1ZHJvVrlLdwj3AEXiTAozI4fFWgFQS0hbXosUp0DhyQ%2FfoKi%2FKCGNkz86iMCRMaFHXD2gB84%2Fg7OfWE1G5NkqnKvj0p6nfoOTUtRkxgQClwlhfYk%2FWCe0dtZYYKcwpYEzDS97AToKWsrKso6eeV8G6rlTdWxtrhr2GquadqYSpTjH%2BWyoHAN82h1z7M39P1BOyigLD4AcYMKsG1d5Q1Rmy9A0R%2Fn9UnRVbjG3arwD%2FWRLTKtNQEaMx4Ksb3B4m%2B5RNF7wjKW7yfer3jpFDHlHqQN6UsiETD4XzGUx3hu9M5P41Yvyh9XsvUi1ZCTKei1ozjARTsk1UHdgpvTyy%2BdFgVnEuWmU2ZkkraWn8Ygchg3gw6v0V4GvQE5eym99LBUvam4Mh2pJZ28cypfh4VXgLbMoUnx17ZBMYjxY7lo4sPM2ZV4nslha8tfEpeBLiaq7U8SWmH5SVaeUx9qxCiE4%2FlMuToRi30rmCyo%2Bd229RMIQeeIcx%2BSODHTLFgYpK8rNR8bUpqxPD145OSOyFQPCaDR8QHFMQPEBVq%2BOvSLlc1oK4VG0raEFDK43YkAmK6XINCIxZOYYI6CfbsnOm9ztzAjSrfgc7Y3QXBNWDa4FX4%2BJM%2BbMBhLzgO19dPMGGcteGjC0NjrNnfi3u0oVeJzBjPa62ODFgqrbWJSLxhGBtcab2h%2B3AwAHfQkMThptzwqhJZSqGMlPaezUQ6J5oaAXxIlXBq%2B17CPSi%2FDM%2FBQOuFVEDAL1u4fjldvoZfDZdanoNQ85wVtGeZeQCN7S%2FTScNnG09ZVvTR93XkLa%2B3fOlxOx9S0rlYohhRC1QtNeV2OvNp8%2BscF4sn%2FF1XLn2mYe3LtDwRUTH4jBJOkrXli2T1BPnjtyuzv6AthDkxO3VHXaKg%7E1ZZbpAZgCycxwZkNBCh8mIiMznXD5xOL45f4PwPDEiI,Submit This Form,1
2025-06-02 01:31:42,https://login.oci.oraclecloud.com/v2/storeLoginInfo?redirect_uri=aHR0cHM6Ly9pZGNzLTY3MzIyZDg4ODE4MjRiMTNiM2RhMTYwMTUwMDdmOWUyLmlkZW50aXR5Lm9yYWNsZWNsb3VkLmNvbTo0NDMvc3NvL3YxL3VzZXIvY2FsbGJhY2svbG9naW4_bm9uY2U9YzViZGUyMTktMGNiNy00YzA3LWIzM2UtMjI4MTljZjViZTEy&access_info=eyJraWQiOiJTSUdOSU5HX0tFWSIsImFsZyI6IlJTMjU2In0.eyJkb21haW5faWQiOiJvY2lkMS5kb21haW4ub2MxLi5hYWFhYWFhYWN1aWdwb2RodnY2bWFvemh5NmhlNjRybXVoa3c3eXRkY3V5ZWx4bGw0Zmtwa3VvZDZteGEiLCJkb21haW4iOiJoZ2J1aWFkMDJwcm9kIiwiZXhwIjoxNzQ4ODI3OTEzNDM0LCJpYXQiOjE3NDg4Mjc5MDM0MzQsImFjY291bnQiOiJoZ2J1Y2xvdWQwMSIsInVzZXJuYW1lIjoiS1NUT0tFUyJ9.IhbWQ6ZmovCTVJM5KzH5rMOVtosE5d6MpEMXBzYM1gQSJNKoGt6jlC9dShXo0iMhS9w-4_uv_xD0Fop_IHGHB-YwovVUlNwr_UMhm72YOf39kQRx8fKkSEIaceS3Zc-om2KbNJIksrzlLDnav6dBLTzsFjBdcePA_zsgzqllI60_NkSTtQMnwtkU9pWzQhYiZvKtltoAPIWLaDxvORG1vZsX1h1wAFRI46_r7SsKamZfcGX1m8oErsThY-Zufhnvor-YLhuMR7NE2UilCxL9GBQgFRjBXsq0iIaUK6fd0yx9QbG1l-DO_2JWVKB74Dj60TylCxE1fb591Kh1-y_Q9g&is_paas_login=true,Submit This Form,1
2025-06-02 01:31:24,https://idcs-67322d8881824b13b3da16015007f9e2.identity.oraclecloud.com/oauth2/v1/authorize?response_mode=form_post&response_type=id_token&scope=openid&IDCS_CG_ENC_VER=v2&state=MrE1D0OFLlp6m1OMEoMM4cFM5cjUDW0yaFO2JjQhe_E&nonce=B5aRI80HxbKOc6RKKyR6kHNo5Gbhozt26oCXuAQuUsE&IDCS_IS_CLOUDGATE=true&X-HOST-IDENTIFIER-NAME=mtucn1.oraclehospitality.us-ashburn-1.ocs.oraclecloud.com&idcs_app_name=opera-mtucn1prod&policyAppName=opera-mtucn1prod&policyAppTenant=idcs-67322d8881824b13b3da16015007f9e2&idcs_app_resource_url=https%3A%2F%2Fmtucn1.oraclehospitality.us-ashburn-1.ocs.oraclecloud.com%2FOPERA9%2Fopera%2Foperacloud%2F%3FTPLNG%3DE&client_id=opera-mtucn1prod&IDCS_CG_ENC=true&enc=Sx5Q_AO9bx7UAgAAmgIAABAgmgIAAIACAAAQALcJV5emTjDZ03nm0xzf36TgALZ1U1wp5Kxg-cAeqff6-WQffW6wCOG1bTXW5AGjmVAMB5Sn9-PObb15tnILSzECrogL0_EzGm-wXxilUIy5r-uKKDhfTD3dTQ_Ph6wJ4skXRZ6YGhTG00wvwGJm9jlU_i6cXbxJeH3sgtzJbnTNGuhqEYOW2JE3CR3vuTbLJjbI-nTNxBW7M7us7E8dH6qiSpUAzMu9Y4fpYNBt0BUuWrkLrcwosu6C_I7ZXrHtBCMvjmAvn1y4K0ccVdiKQURNzRvva_urUHZKJZl2ssoJNST3pGEomjiVz5B58Mw_O41tM4omXgSXrnyoJHAkTnZJZMG2nIik8obOMghjOlTtbm9IwNWC1gVhxJSSVanld0fCkvM4RgKhsfqC23LZOp3HIi-5tZ2z8v2QeIuxAeq3OawT2xmn37l-Vpwk-exfZawGB2W9zrRZrJjcXmH908YRC2b9zzSVLiY5FvBDA2kEdj3OWbFtAqgE1XUBIhGDa3b91dzPPkGbWglHnTArNBS25fHCqsVQavPQO8kwWGJJt6th7f1LwbAjccadix6aEvckP8Gy3Ldikz9LbM-MRmlFwJtdLGKWdeiWyA63cX_woiiwwkfWV2bZsmeoLnyFQ-Hpj3ba1XTFAEw0doIqLTzvxb7AM9ADfYBbwAdz6hkOjANfN8dO2bDCKPqBKnMfw4dSt7p_h5g-YVSq8FitGEFulC0ENzgeftGheMrhakxoo2Ltiz2Gys2w7UA-w7JooKsUGRetmrmwi1u4hLN8qQkVGfpsgSNxvRdIINcaPr0qFMnZVaEjWY5RKyjEhoyGflk4pJFmkdNrp7Hh8S9AD46wxhwpsLjkztHXOL0vUlhIyKhsEEDxfg4yc7ylJXfGWlgfapa9asNDsApPJDYPRawYbUMzed9-HvzBUZM5nEpG,Login - OPERA Cloud,1
2025-06-02 01:31:24,https://hu05-ssd-ohs.oracleindustry.com/oamfed/idp/samlv20?SAMLRequest=hVPRbuIwEPyVyH1O7DhAwSJU3KGqSLSHCneCezO2AUuJHbxOae7rz4FG6j2Ue7NWM7Mzu%2Bvxw3tZRG%2FKgbYmR2lCUKSMsFKbQ45%2Brh%2FjIYrAcyN5YY3KUaMAPUzGwMuiYtPaH82rOtUKfBSEDLD3PiE5qp1hloMGZnipgHnBVtPnBaMJYZWze12EIvfe6V3tFdsEEuoEQOfo6H3FMD6fz8k5S6w7YEpIijfPi5U4qpLH2rSmhOpYrZ%2FbbTmAcj6k7Cgh5peNSA8HUEDcdWgJ%2BvAFnGAyauEt5O6zoeq%2Fg%2FBW2AJFy4%2FXN22ug79F211BwJ7W62W8%2FLFao%2BjROqEu28jRnhcQ5jILO9GG%2B8teW98QjB9r0o8BZGyPEOxzUaigVoN3TSJsiS0v90piLSvcBnijYS1zgFrNL%2FP2OaKE9mMyiAldk5RlKaP93yj61R0QbQ9oPsuRlvETOfWq3aaRzZ9797IVm3ix3Q5eT24EMbqeELuIu9Z%2Fyf3t3G0lqO4v0LA9r32DJl0yLQXEg%2FuMUjkcDtMh7e3SbJdJng5IGs7rfj9SNNHyyvvILgpbyzY46%2FUyHJKP8SdX3ZW%2FhMbz2dIWWjTRtCjs%2BbtT3IfP4F2tEJ5cWf9%2Bh8lf&RelayState=Wy5-&SigAlg=http%3A%2F%2Fwww.w3.org%2F2001%2F04%2Fxmldsig-more%23rsa-sha256&Signature=B4pE%2BynDg8yV4TkNSCGHy4%2BDlguvaAZUSsQP7jZMKmApIZY7Qx6Xvaqz5a84HJE9cll66oKShWkJKpksc2WVEs34caYDS%2BcWSMq7jWFQA1XyTC1OxKvRfABZAD%2FUPA2A4bf1m6SMTkqL2mE%2BhrFz09s3BXMSc6198ac6N3T9aJHeaBRQu6gDGEWekdLvNh7kECNkOn%2F8T4u5bF%2FEHTtbhs4xfNvlqE2Qm%2BIbyFdPCpIwIWo71eQZ8Xz5l4kMR9YPMPe97Dbp4y8rK7X5Lo8Tt4VgxCQVdwSDzeJCIlUhf%2BRF3e%2BbOPB974hPKSsQxjmSUM02YkSTi7zYnSK%2B5FPUQw%3D%3D,Login - OPERA Cloud,1
2025-06-01 23:49:44,https://idcs-67322d8881824b13b3da16015007f9e2.identity.oraclecloud.com/sso/v1/user/logout?nonce=f3fd2985-9021-4cb1-af59-c8e4fe545160&tenant=hgbucloud01&domain_ocid=ocid1.domain.oc1..aaaaaaaacuigpodhvv6maozhy6he64rmuhkw7ytdcuyelxll4fkpkuod6mxa,Login - OPERA Cloud,1
2025-06-01 23:49:44,https://hu05-ssd-ohs.oracleindustry.com/oamfed/idp/samlv20?SAMLRequest=hVPbbuIwEP2VyH1O4lygwSJUbCnaFCi7BSq6byY2wSKxsxmnwN%2BvA0TqVmr7OjpzbmP3745Fbr3xCoSSMfIcjCwuU8WEzGK0Wo7tCFmgqWQ0V5LH6MQB3Q36QIu8JFOVqVo%2F8781B20ZJgnk2ME4RnUliaIggEhacCA6JYvhbEp8B5OyUluRmyHVuhKbWnOyNkuoJQARo53WJXHdw%2BHgHAJHVZnrY%2By569l0ke54QW0hG1cpb7caQ1%2FLUgBeaROzXTE5PxXCoWtABnHTohmI7BM4dnGvgTeQm%2FeGym%2BL0CpVObJGpj8hqT4fodEAI7KrcccGYLbagZGiac6FZDXo6uSkqnAVLbacuYKVbiP25psKE4CaJ%2BdudIx87Hds3LWxt%2FQDEvZIGP5B1kt7bb%2B5djKKkWD2qDdazdk9pD%2Fz5euw%2BxKsj6f95OHH4%2BvMRpd7kzN5ZY1VVVD9dbRmYli3Z6hpWgt9QoM2mWAp2N3bwPdZFEVe5IcbL9gEjHpd7JmncLvtcd8R7LJ3zZ7mqmZNcJMicE3yvvvO1dXik9FNRt9a9Bzvo8WCinzIWMUB0GCyWM4nD4urwoW0ffQLgzD1JZLx48AQdOl9Nn8%2B9crH7LBJQns%2FZr%2F2QTDWcxb9Xq7mj5OhWHXG9oXsw347%2FO8nDf4B&SigAlg=http%3A%2F%2Fwww.w3.org%2F2001%2F04%2Fxmldsig-more%23rsa-sha256&Signature=FOuYlKTmCGThX2JaAlmRu4ZLjxA39nki8GG4ww8aSvOhUG3XnvydFOIgMvV7X2GXMh03TqbjMA%2Bau3F9MoniQ0G9bgbFykKqT6Q8EtA%2F%2Bcl%2BcueptxtPwVk0yESzprXFFyF8LJHis5aVDKlfydHXHLTnSVHbu0JWyrXl7Nd5clg9Suz2ujG5oMN1SYD0%2BzNtitLRfOB0rrkpKSjMy1aPAlRVqCKJJX60jBtq%2BYUSuHLJzuOKfBC%2BdPI9hAfh0FnI8TULewDCElSD5iH8ZTEv529emgfKbdEs9QqMFcdja73%2Fpblv2mF1nMO4Ye1mSbl2R%2FzP%2BntIdTkZRlng1MSRCw%3D%3D,Login - OPERA Cloud,1
2025-06-01 23:49:44,https://idcs-67322d8881824b13b3da16015007f9e2.identity.oraclecloud.com/oauth2/v1/authorize?response_mode=form_post&response_type=id_token&scope=openid&IDCS_CG_ENC_VER=v2&state=nNxIFMzjm3NCpapwK-vyw98CXj6S-l4RJgOsgf3mq-4&nonce=Kc2ytyxEmotqRAUbhAcSXW0qiIxM6r1kguSszhanptQ&IDCS_IS_CLOUDGATE=true&X-HOST-IDENTIFIER-NAME=mtucn1.oraclehospitality.us-ashburn-1.ocs.oraclecloud.com&idcs_app_name=opera-mtucn1prod&policyAppName=opera-mtucn1prod&policyAppTenant=idcs-67322d8881824b13b3da16015007f9e2&idcs_app_resource_url=https%3A%2F%2Fmtucn1.oraclehospitality.us-ashburn-1.ocs.oraclecloud.com%2FOPERA9%2Fopera%2Foperacloud%2F%3FTPLNG%3DE&client_id=opera-mtucn1prod&IDCS_CG_ENC=true&enc=_WCE3EvDC0DUAgAAmgIAABAgmgIAAIACAAAQANcXxekB5olY4br1xIkErvKesVoYCwE8BcOKWpCzs_zRUTg83IQ0sYgpu1A3rx8oxcoVEPb9dY5Dt37cS9XMqgPjqtTWXMiSeZOH66T8xidR11z0MUXJDqeCJyVm2pM96PDvsTbAY1kIJqTM-pt3YG5XGOTdswJ7UqvTE-QiscjO-f8Zijo69on0KwNpdcfX6XODOKh2XNeYK7JpmpcLrWjEY2fR8eYRKlTWbcxHlfUiUYtV75ezVPchZS7-WKJwkI6-N8SW0A1cq4Vl48xS_Xgndu48eFDeGE-RTTAI4BNN6UzBqFe0ARvZXxJtZXzT-H10zJwy5KHZXrPYMH6iyTwNbdlxiMhAjqA49GVRw-4jc88yWlPItTF1gcs-Hk8tmu5U35sEcHhIO_daPMd7ggjAHhIUpANuiyzbWIz2rTG9ZJIBiBlae6uefo2RFALKC6uh2QIyOavAVVjEF8eMR5uUIfG8YvwYSzcz-2_rmqklSXO8vMb-HbODV7QV2tOlPO1wjSuPeLaOpXDHZ-x3XdHNnGauwSw2aOhwhgZg37OFB7GvbaYO2OpGypj7FTXVYfmC_bguSmPKRu5uoVN4Z1wJtQ_PK0dTXVmt2qLwzQKo_v2euCIwxaL6o-vHgxDhsfpOzKz6gDlM6oZJ-tFf_gmAKUBW5FzIQIs5nQPDjzverCLbS80gI8PN_oO06UdcpjVShQ3nMC04g0CAJ2J4dbfCciWl4tdZftKMVwI6xdV2f_xIam3q8qXZuJSDtXBQYxrtKIpQBNoFleDIE4c5NE4qlllEV767FrYJvGxyZ2nsWSLOffypTBpNTkPG2nUOBRT1fYy53vjAy3fYedhVG6PgYiZ6Zc1k1veVpXHrJO91mNtFufCqF3mj_yQNBmBRSiOwGD6Z3DnIFrA6yBL6X4fJ0g5t5jqUlr-bCN6jmu_K,Login - OPERA Cloud,1
2025-06-01 23:49:44,https://hu05-ssd-ohs.oracleindustry.com/oamfed/idp/samlv20?SAMLRequest=hVNdj9owEPwrke85sfMBBxbhREGoqe56tNAW9c3YBiw5NvU6l%2BPf14GLdH04%2BmatZmZndteTh9daRy%2FSgbKmRGlCUCQNt0KZQ4l%2BbJbxCEXgmRFMWyNLdJaAHqYTYLU%2B0Vnjj%2Ba7%2FNNI8FEQMkBfB4SUqHGGWgYKqGG1BOo5Xc%2BeHmmWEHpydq90KDLvndo1XtJtIKFeAFSJjt6fKMZt2yZtnlh3wBkhKd4%2BPa75UdYsVqYzxWXP6vzcbssApPMhZU8JMT9sRAocQAFx16MFqMMHcILJuIN3kLv3hk7%2FHYS33GoUrd5en5S5Dv4WbXcFAf282azi1fN6g6KldVxetlGiPdMQ5rIIO1GG%2BcteO98QjB8bMogBRGyPEOwzrmVQa8C7c8JtjS2r91JgJU64C%2FCShbVUAI2sLvP2JcpINojJMCbpJstpMabF4DeKfvYHlHUHVC1KpET8DMW3dj5esMrNvpC0%2BjWyZrmt55rPYnQ9IXoRd53%2FmvnbubtKUN1foGF7XvkzmvbJlOAQD%2B%2FzLBOj0SgdZcUuzXe5YOmQpOG87vdjmSVKXHlv2bm2jeiC06LIcUg%2Bwe9c9Vf%2BNTSuFiurFT9HM61tO3eS%2BfAZvGskwtMr69%2FvMP0L&RelayState=urdx&SigAlg=http%3A%2F%2Fwww.w3.org%2F2001%2F04%2Fxmldsig-more%23rsa-sha256&Signature=gRh9Xo8NHnnwfE6KPEjEwMamwtKoFYNPt4PmAJyA8rQhkCPwKhqM1A9JKuepWGWy6Ivim728XbiICKGu%2FafslpDuEK6oZBtCpieEE9oHb3X1BnTZwgC%2BlOHbIq0D7lxLiN2Z5szIpMSuKXNG1MX25M070e3WJF5MZ3tipQN49tWAkWwu9sx63VqQ%2FUqS98foThADVf%2BTmtWq%2BuvrgOmJgGKdg%2B7SBAREpuwVSWZ%2B4FSfeMOue2C%2Bt0F5nFxNp9JPG%2BEDvmtzvzzl0mdSzE4hvSDifDlKZNIvUriQ3Kf5KWu050U3T1oIPun4DcFGG4oT19l%2BETK2J1%2BZDfbKmJTTIw%3D%3D,Login - OPERA Cloud,1
2025-06-01 23:49:40,https://login.oci.oraclecloud.com/v1/logout?nonce=f3fd2985-9021-4cb1-af59-c8e4fe545160&domain=hgbuiad02prod&domain_ocid=ocid1.domain.oc1..aaaaaaaacuigpodhvv6maozhy6he64rmuhkw7ytdcuyelxll4fkpkuod6mxa&tenant=hgbucloud01&domain_stripe_url=https%3A%2F%2Fidcs-67322d8881824b13b3da16015007f9e2.identity.oraclecloud.com%3A443,Oracle Cloud Infrastructure | Sign Out,1
2025-06-01 23:49:39,https://mtucn1.oraclehospitality.us-ashburn-1.ocs.oraclecloud.com/cloudgate/logout.html?postlogouturl=https://mtucn1.oraclehospitality.us-ashburn-1.ocs.oraclecloud.com/OPERA9/opera/operacloud/?TPLNG=E&TPFLSCRN=Y&_afrRedirect=315367164823876,,1
2025-06-01 23:49:39,https://idcs-67322d8881824b13b3da16015007f9e2.identity.oraclecloud.com/oauth2/v1/userlogout?IDCS_CLIENT_TENANT=idcs-67322d8881824b13b3da16015007f9e2&X-HOST-IDENTIFIER-NAME=mtucn1.oraclehospitality.us-ashburn-1.ocs.oraclecloud.com&IDCS_SESSION_ID=af43a16152af486f85e9946441a5a712%3A8df87a&IDCS_CG_ENC_VER=v2&client_id=opera-mtucn1prod&method=encrypt&IDCS_CG_ENC=true&token=oxc0RPN5oM8ECgAAygkAABAgygkAALAJAAAQAM1I8nnY8RmEZW_IK6gmr15WoCtKNjm81yXbRM8f60i-j-ZTbNzrSpK7c9e5iRNl31Qcmrq8EvWODLm2oUSK1-RRdZE0IsIpuvI4bLZaF00LQVTrDPKoe0cNNeg6nzjIgKQvZ5bzkB169M_tX2iSL7weaA7dC0wPpimcAbbtzBtt4BQp_YhPtDLEYXWTQCb8PoK4z7giK-SXw3snV1QrfaAFf_TRvJaT-jjIjaP2g09c8r709QaZqlyYEwSEKOZxb5G2jQNMoi8JXXLtA_ZDwbBaBojs6_2yqbh5riic_qVjeKe2WP1aIO36hsilo0JvOSpYlFHJe6xO28LUKuB1rLPQT7S6LbR5lHvIXZQ6U1U13HYjx9_etkhRsuINFSZl3DrZzSQGshZRSYAfTS4q7skysUkAcxuznx2amxrWH5BVSyRInm7MM05vmbIvdHJ3vlBUJE_SChmhOgPaszgvOebTq_Ix6L2r7YV1SndiDfF6_a-EjqW3iVQrNreW3I9br6_ZH4zoSOJYxLSOm9L2zDP2O2wqffNor5nWQeB0rOGHWgg-fbwdtypHhRqWklhovQZzlULb1NTuXPSW55DX7DCkvxC3mojLpSXs7pIUvdcwxbyjT8jsczCEauzKsjkz-l2JFGpNVsc4tiW2Va5gbyS_3bg7b_cxBb2M4h75tZ5U1vduxHF-zR2jgWdlqFlQD7yBabQ6W980gIztHzm81bbvs35ZPt2s0Wgh5gvJpg47NlIwAlEIXftsRLfEN60CDUJs_F0hniY1Z4r3oLSl3VSM3Eb6HhtxfGQJYfXRxzDXnl2AY2UiWcfCW7YlC7o55QurphuMMwRzfpAFk9nzpITUuHTMAhc6-8D0My-TqvryLbVzzwKUoplQJz7Bnr1_tz87diuOLSqQdr7RQfIOKCoFuHAA4lrqkoUtawGgN7Xu8ULvToYxoZTZmlo_jjxDbEcGw1owCPFevnGXGy2nAzAW6WtsZZ-lIgugLkkBmBJSzRSEbnfIcPWNEvz0xFD-ZuQoxh8Cc6zEQP7asJYLy7y4e9F5tiAb5VfitB-0ZhxctfldLqblkRNPt642Sr1QpZu3qEqn_mgpM3-vHJ3SrnPhsI9enpvzNsET_DTNK0rQEL3oAqGA8K8fO8-pjsi70b7slVtVZIpAfV7EshWvY2OEx5zEBF7QNtBJLJBktWJ5tYu19b0srRxX4UOkdooGBlGPyLZ2wK_FaO4JToDSwxl7N7fDkeyV-F7iDvBPrgnqkGUl2se1B_P01I7dAlWrOL5ut-s47zjlIfvpnsTwNDxtE_JHGgpBrdZf7VyPXfHKRLGNBWFrgU9Pznm5WVspcyyGDe63622zklBaRWUpB6MC89L56SUcSmHsdjPdSFjfPCg4aB7Yvbo-J3WIihjkjdQ4Q6cP3et_8a15gLZJg0L-6aDUtvoaeYYbeeZn9SahnmH_HKSCqVFP9ZJsFJGgIQk8ibUO88-e9FhizyVbWSqfBIcLy7pfoPXTpF-ZgaKVkABivp2ezMyHFa7W6PQjX8WndeURjNvwOBIRnlwzxhQemHLmy0VpjuhmxbQqGEW6Bth_F-VMKuWSr_xnjqWb7XmO9SeO9krqAmT2BNMZcWh16QbCAZ2zRFPZ3UlNx7zeaJPL1lPa1qkyMHH5BTr2DNK0JDKn9m0mQe5Nis_K3js4M4-XIkzk22gGmchWxVLLx67Z3eCVKwH5CR8R2mtudM9cT1SJfuMXTNGUcrU5cs0j9NMLSHOfHP6sGymhV0QVgizP37xM6_t1T8pwQ2UUwFxAK6ykelcmTsc3g1FUKvcN7SXKQyso2gB0AKL_YQRyjJJEVQ3n--d2sGITRGMCcGKN0niIFilcQA0_ExIBJuBpYusFeOfX3g9XzqzCIPtQ-erC7bv8p6oCJPEXPTCYqZIYexLJgo6PeXs-jmCY_PaXhOTHYtDYYrEP40l_PF0KN3lAOWVSPtMQUREpULrmCllNmy0PaudGlK3fu4Bd1a4BJ0ImS4fd1zEuQ4IlVTw3XXYYvsvF54793TAZcEQ5BmGT6QYZIaLlxqp5MCTX6TbJI2mJh_eVRVWPO9NySDbNR7z9diDDaU1qOsOoRyRLn1Piz5geNfnFvxsX7do8kBAlSjGm3uVPe3RZJd0nmAdAbyZIb-yqC7BZT-SJbptwThrPJJ508WMWSPAiUxASMtMsIgBYUxtBpC7nGsd87BqLaLhW4wKEW0-fFw_RyNnDeEnIu7iaY06umIL7VbiCPnfxyy4TbDLCPUudw0qOCPdwkLuQqb9rop1OxmFAN9QAsYAJY9vdkivCUzPaxZuc4xBIfKoMIKQqO5dexLB-SIdYg_r9xxJOSyQTCFUzGpGT6AGGewMiR7rPb1XWDhRr_WjLANLnfr1yBf42kVOeqBSWvQ1cT9cXvuNZdUjFNuKkx-ZOoTDKjE05OkY9HQIc0cFPRbDXLmrWatK7B3ootpQRqAAwDWn00HQ-gC5miRYNjUkdTVIKICe4XqbY9RdKk1nmL4MINxIDWFp37K5cQ9iCH8g4LeH7j3aLV5KG5NU2h_7f8mh-ySbGRBrPww8Lfb-9BrJiX_Yo-aQqhZUl07Vatp5p-K5aarJe_nQbwEslI1PJoVKejj2wnTfw8JE-LtAWtkSkRTf3HnPt426fQVmmMdlT5rx8mbJdRErouYFOE621ML6Xna1p90E1YW6l94XHs1et5EvYhEANFvcuCwrOXxH6VGVI5IId1p1oxnuoK_H-6CJES_TplZ6fOC21Jo0QNczdXpoZVDh7mAxZDmYr4W2NDCoPdkuqgPa51V6U1sgzTdrh08PIjECYGgC93uu8XaHBcC8CCb12gXjm8dreCltmFdBEiUXrUFx--vxGN8TJwNCmXfkrHeyf1gKCUSkK_SfK4fc2yB0V9fiJabMQq4XeSrSj5MtqIvGvPB7kWrsGoXRXFC4aoRRy0G5TAg2uiSyup7FIrYXI6Ky6chfYApAJCMB2LEB5RY66Hlr2TvscMJLsve15kSodipQXadnHSyqPM_O6ffuokcrTMNU8rZbo9zlo2b8-Xb-hKL0-mbMp5cjmeL7_pwkPcsvEjOSEr9QDnQk3N1ZsdO3Xw_qHDNSgK4TQdbdJQ9jaNK6xBk1U5bVN3eTdz5dejeRrat9LpO08I6DxEw1QjYf34K4hNumjElEw9Z0DyvB7v43Vr1Gzcv8eRitrXrR0DkzdtIiJCKCjxOnc-axuidujDwZNZbMX5eooVNTdk-1ERMEFBWkLsoGVR7FlwhvxEmrhqIgfeV7OZjx99UWm-0sozcbF35Yw9qKb5l5Mb5m4ZS0gi3ufMNgOErjGy9cIjF41UjIhOL9tDMZTtGKixQax4x45x45yV5popIVg3JxPKA0LlA,,1
2025-06-01 23:32:27,https://mtucn1.oraclehospitality.us-ashburn-1.ocs.oraclecloud.com/OPERA9/opera/operacloud/faces/opera-cloud-index/OperaCloud?_afrRedirect=314335433623513&_afrPage=1,OPERA Cloud,1
2025-06-01 23:32:20,https://mtucn1.oraclehospitality.us-ashburn-1.ocs.oraclecloud.com/OPERA9/opera/operacloud/faces/adf.task-flow?adf.tfId=opera-cloud-index&adf.tfDoc=/WEB-INF/taskflows/opera-cloud-index.xml&TPLNG=E&_afrLoop=314328954095566&_afrWindowMode=2&Adf-Window-Id=cy48ny02d&_afrFS=16&_afrMT=screen&_afrMFW=1058&_afrMFH=1460&_afrMFDW=960&_afrMFDH=1440&_afrMFC=8&_afrMFCI=0&_afrMFM=0&_afrMFR=172&_afrMFG=0&_afrMFS=0&_afrMFO=1,Initializing Application,1
2025-06-01 23:32:19,https://idcs-67322d8881824b13b3da16015007f9e2.identity.oraclecloud.com/sso/v1/user/callback/login?nonce=f8c52481-8070-4627-ad72-9e3fd7840008,Submit This Form,1
2025-06-01 23:32:19,https://idcs-67322d8881824b13b3da16015007f9e2.identity.oraclecloud.com/oauth2/v1/consent?OCIS_REQ=psKBh8le48Zsk5vaLMj13ops5NLo%2BWSWK6Gx1U1EIHtuhS5oEEWT6G3VR0BJRjevL%2B4vQD3x7FUNQGpisKiLOHZnVkPI1hbGbj1JZp4irRO8d%2BEfuLs67OYpdD0F%2BXTXn3bFBUFjQHHZoZ5LQtO7d%2Fw8PmXKx%2Fkv8QW7aUZZsZagUkuf3Qx2rtxd0WRFc5B0wF6%2F4ezLuAIUnvyBAG5WAkuEf0iexmuac6y%2B3Pdshc4nJIaMogA8xWEeqYJw5LXUQ5otkhNQ%2F8OWFIJwZ5pFVxy7Ete1tc4GnrwErZTbHS5zbx0zW1dyUOdWuCwGN9xreW9WjqZOpQoTk810WcOY6FtYAb%2BZNNt%2B5HXaAjB5k2vR%2BhPX0JTbb0LFhAlaRlWm24woENacaO70SDeFLW%2F6a3CSF3DfdBEvrCTFVVXSCDTGF%2FVjZB62bitsr6RvkBiXQ6qf%2BkjszTxNxVbuRU9vDvpa2Za2q5b%2FC0faGSQleYDcpKbgHMp66XlWmHPE4xvTNMd107WaYaNaX1gI04W49pLW82TT6JBq2kTt5khwTuSrdoA3WleIrwcjRKgzcPgCIXGsi2VwSwmquiyLo9FXcBszCAbG48P6zE%2Bwf%2BQRAa8gNVLeX4dBxW31EHyXoEOkpJ%2B5Uw0L77mxpuT2DjFqD9htaTStcUvzYknmBvYOIRwlPi8oUcHZxMJwyrhSFH0smSSo9Ot5RIRJpOPe8rNpwQ%2Bh4xEXyjULmih%2FOYJJLWZefkv6yxiYdrwIZ67gMTSWx%2BYvwB%2F5qG7foP%2FAbikvFdal3lAxEQJjIrUbTLzX%2B76qlo8I9twMch9Y9MSRi3G5UOQsu4tKkkz%2BUY7BvRPWhhIvoQ9FdJasWCP1XEiCW%2FCbmzcAZXT27aSv9qP8vtTmZ2LWu%2F3coj9CyBOKxCktDW5A%2BpvQmQgyKbrj39ZxS5j%2FIcsDl6WA8nx8fzzMjWqXnfk9bQg7u583pQPWvXWRMhO5Cb3QVx5taE98Jlk4YOEMdzBV0J5fKYmuooMVLVpecDK2oiCtaTczK7wmUSteSwf7Uh%2BCucdrKfq9JAaFr%2Bn%2BGL2vOQgWQWMKs%2FeDA%2BgghGXrsVz9UeV9%2BluQxF2Q7keFoTfxuO7TL%2B%2Fst0gl4j73ucbtzcYLIWi9iN3njYm5lQqyxb0oVmdzRvpZg%2Fi3VorC8KkezQGouTEP4%2BRDXMtN7XGyl8b0mmqhpZ2KGYX%2BKNNkMHnn1KE3xzfjudlXQfg6fKubZYRmhVAbGyj3Xju9q1yWmfidt64mJlMggF3UP7WDiXsvQTS8NIiIaXJEJfkFxZVW6EXUg9vuambWwHThTMfGoda%2B55fjQ0xweabxL161LW8%2BYDIBuhYgnVOs1Wr0L7YwvTgY9Xc%2FmDgtoC8cvKnFO8foaN8nvcQwaNn%2FdfSUeZJgexMwV2JG0Q%2BkUmlK%2FMh11DAKWkFCbWoTRxREhV6FORXCTfPaS4%2BUkRbuhKg729ncoDNrXBnNgSiNAoz8cB6DKL9XKnFGnI92ylFo%2BGAzjdg5nZrAX83wLrBhzdkeog3ZvfdpFwRwjUEcz5wRzB4dGUhzTCfLn4eF7t4aj%2FIMM4yWP8sHmuQEoLtmObtPZzUOE7kOUk49hD00Ux3zXb2ya%2BrBtwJ%2FSrHIlA7k90CezOoupvcko7OMIat3RPV%2FdUdmKIFuBCHvssaNSYL%2Fb%2Bidwe7BUviW94wmBLa%2FXUkq%2B%2FB5T1LAJhpRQ3fZR8ELXklRbXuqwuCqERiwIenjus1x94gksggAM%2BdXvsPxmFT9VJTszyKYJr0LxF4AjU9MQRJ1Y%2ByBql6Ct4r6SE1a2s%2B5Sq9M8cp9XC5JcxQkH50cgVPL8uiDhZ8pmgYfg5KIE%2F9eVL71GOVsu3%2Fv7OlX9Q0yQiyRx0JZDYqO75try6tw%2BBUYcStmPXv9d28IVZmHERMP5lQPHR8l%2BCiZk5oNGuFO1bw5hbj4x%2FUDmJTT%2F99a2qLzgX4BVnV6UrXoxD9KF4V5OHhIUD4PkeSXgNORXPAWSofQA9LDiUV79UggXCrTTSFvWyLJnndwus77vnI6oASjpyBOTLkjhDaWt2FjXgv93DFzBQlTKrl%2BCMVebW0Jq91X%2Bkwmt%2Baoi3siFLXpMv%2BRfM%2B8egCQXMkNr4utw7wY2fWotfw4VvczhcdF%2F%2FcYMD%2BFhE9W%2Bj2igxBEdPcJMpv5X%2FWhowi6dMY54SXOJOx1JLxjempJGGfuVoydy8e%2Fwow0vcn1oes4m2pAxi1ODMD3tLgI7U0AKBrwt4FhHj2e5iByoh6K8Jjml2%2Fe2T8j8xX2or4dTp32kpZkV0xRvKXlMgNRdRVGU0%2FDaggcqHDppYCB7pw1FGhwg4qwGo%2FCtjH9%2BmAyhAC8pqtPUWxa3nxNOl2bWtdaW6pt6tO%2BrCjytHhnWDmgLLN9ROADHYUCLMQHyNVWaarqzNPE0Zdz45Qb9%2Fz7u6f%2B5s8JRieG4Qtht7M86LSFVYg1E0aDkoF1s3fVY3srXEESccXgEX5qsthPG5x9BhfkYDGrIvugLlWN2EBhDQUcyVGA6ZDiy4GeYfggBJjHtjPIDapC2jlCHa0WEuFOIWr8Cx%2Fde%2BJL%2FxMt3oEPdWxgpnOe1%2FwThdNF%2By0ZNN1s2CgvMyXv9VjeWW%2BfsU63H8ge7EeduLVJy4bpIOih8AWaQ3kfIdf0%2FSnbtTAEGPddDrPBS82LJJVsdjdQgElCl5AKZZM0TN8eOGj8vyoI6r1fqu6mb0Th%2BzESnFqyCNuwAFFZ2z4%2Baq%2Bu8ZsBLgDcrU%2FC3Dp6bLm1XNN7pAA3atgg0HIS5vQzLFA%2B1IL%2FYtrBvVxIXn3d1yxkKtjiVZiGVgCViUiknV64vQ%2BsSpeMwXS5duVoSnh42Z2sPDwBPCOMjgz7xpXA90p9n50AHqkRgQ3B9p%2FCmwMRafekbC%2FiYFmEQ0f6tPqebzT8N%2FG2lcovyUuXT5UZ%2FxPZDFkMud3%2BaBs4usmPrNCRfzB%2BGeliX1p5cE2UGMeCfvre04QF97jaOM3d9tcRwz4HUIcwN8%2B3Sto2k1NJcXhmMyjiN0%2FNqN2ieT18cdlDu819q%2Fs%2FggMD9sjABpf2tJrMhlSZayY41t3Fsxd6qVZDeW4kT5hd8aisKPdR%2B2ygrNkAU1QKutLPnTz9hFOZpG6mNys9rlZ4IV7RlMqVnnMN%2BleHW8BrCFjHWTmrdz4PfR%2FcreGj04Q1X7AA%2BNJGhjQtN0b5HhMHT%2FDY1j11SKral8eyVPLRODHjxRqJW7W5aTMu3iX2JK%2FID6Graq4l3rd5JBMOzXtiSCOikLMHrUy3udEw%2B3nU1cmQ6KEWJaCE4bUQYKtlRFdrdw0O9YtB3N1px1QnqvJP5dnGyHBIU3GkvZcS%2BwB5XpdPem7kypjul%2FmhkRlA5dSN0AdAiR64nym4O3tumP7ldWMqI8Deo2j86Az%2FsRwJJMwKTU%2FBU521ZU9H1Cv5UT3Q%2BS%2F0bk7IDvHv5ScNUjUfrktSxeNzf80%2Fb9ijpP0RsMISmrG%2FLrrb4%2BLjYUbUkNtLoBlj6t2h6EBfgnsxWi90NoHQo00H%2BC%2BBAmBDWTu5pe8DOuGyWGh326X0YUPAThQ8yCr8oAu0WpMn1wjnxzp13Y02oO8KnElHefl6vPanWjeCZCoyS0YNiezaiaTHIw%2Bi15Y4HV7wgNK4Dm7ie7aUvBqZc%2BBx5eBNa3coKRt8ezIDuE7fyw4zhj2AN%2FZ8rT%2Figpkc900CStOD%2FOEyzX%2BC9lxHg3XDPDqXycnehkLNiSNolYUEo6w3lnVOIDlFUoVOC6ybHrA5N4lvzmEP7n18LrUNO2yiU62VIyftbT6QmRtmuOWVmopqGgpXsoeA5yzAd%2Bbed8FSk0vnfZBkQggAHVllKlZnj9A28d4FlCE0v5sMdpJIrd8PxKE2zJEMpo4S3wGu%2F1Na0qULr7Z28nFJhDevY%2BjWrBP2k5SjjVv5qoFW4%2BDDsBxxjblm0193P7w8lexVdo6MxtQ3Tl5hy16kdndVh3lylXz0DuXv5A7u2C9g0GhTQceznRG1iRiL3jnPspRPCSQ%2FGl2iVZMJb10ck5%2Fk4b7cjT3r2cGCFlPxnVjJ1vOAsaEwq9LrYyPgLxYOLCjA2CK5b60xK3G5JMZfSjUU1VTYMg%7EZUZPo7tPjf%2BCn2sX3e7ZuYkHt8A0kAb4dbgH7hB49Qk,Submit This Form,1
2025-06-01 23:32:18,https://login.oci.oraclecloud.com/v2/storeLoginInfo?redirect_uri=aHR0cHM6Ly9pZGNzLTY3MzIyZDg4ODE4MjRiMTNiM2RhMTYwMTUwMDdmOWUyLmlkZW50aXR5Lm9yYWNsZWNsb3VkLmNvbTo0NDMvc3NvL3YxL3VzZXIvY2FsbGJhY2svbG9naW4_bm9uY2U9ZjhjNTI0ODEtODA3MC00NjI3LWFkNzItOWUzZmQ3ODQwMDA4&access_info=eyJraWQiOiJTSUdOSU5HX0tFWSIsImFsZyI6IlJTMjU2In0.eyJkb21haW5faWQiOiJvY2lkMS5kb21haW4ub2MxLi5hYWFhYWFhYWN1aWdwb2RodnY2bWFvemh5NmhlNjRybXVoa3c3eXRkY3V5ZWx4bGw0Zmtwa3VvZDZteGEiLCJkb21haW4iOiJoZ2J1aWFkMDJwcm9kIiwiZXhwIjoxNzQ4ODIwNzQ5ODMzLCJpYXQiOjE3NDg4MjA3Mzk4MzMsImFjY291bnQiOiJoZ2J1Y2xvdWQwMSIsInVzZXJuYW1lIjoiS1NUT0tFUyJ9.fSMGEXFQWJG_ElGlXFGa0KN8C5JIRdD2PlIDwRy4WsIPwuUW4iryDpbpcU1v3VNOJiZOBgsNJuCdiKMu8qmqHh2o4HidFzphpcjoSvXkxZ8f3qSEAh1JT6i29hGairtn-9nN2OpQfCIZFdm61qolmMl6TC2Abk8pkq0MLj3KpNpvWLOfDZtMSft07Egs2GVDNgYobXNZwlZ6rQK7kJfgvnLVTxi3YNy4YziWJrA6TpPMNY4irurk6oY8MxkccSn99fkpmDae3nw9i1bAcZoUeiOhCQ7DVMK7Mf0dbu2YJ0ZRXCQxyukfBNlv2f6upFpSyt2pTRWHVqSjqZwspCZLQA&is_paas_login=true,Submit This Form,1
2025-06-01 23:32:16,https://idcs-67322d8881824b13b3da16015007f9e2.identity.oraclecloud.com/oauth2/v1/authorize?response_mode=form_post&response_type=id_token&scope=openid&IDCS_CG_ENC_VER=v2&state=Ui7PP-yiHqruwo95ae3Duc6rdC78bIFbnkaPX1RyVBA&nonce=jd0jCmPagV2b9hsFqw0p0MrOrYz-yva_WMgXN1bbqKA&IDCS_IS_CLOUDGATE=true&X-HOST-IDENTIFIER-NAME=mtucn1.oraclehospitality.us-ashburn-1.ocs.oraclecloud.com&idcs_app_name=opera-mtucn1prod&policyAppName=opera-mtucn1prod&policyAppTenant=idcs-67322d8881824b13b3da16015007f9e2&idcs_app_resource_url=https%3A%2F%2Fmtucn1.oraclehospitality.us-ashburn-1.ocs.oraclecloud.com%2FOPERA9%2Fopera%2Foperacloud%2F%3FTPLNG%3DE&client_id=opera-mtucn1prod&IDCS_CG_ENC=true&enc=wBWAwVxaNrPUAgAAmgIAABAgmgIAAIACAAAQADhX2MNnGKi9Ao4oVWMZeDUE_umL9qW6lMvdVemrMQyLZdmlG2Ww5lwZkZnWecQdfp-6Jrnzu18yIwDd5_kfNT00j9hG73opsiBTyAufWJP4Qc11O2szKl2pWLFpUPG5KYLXTF6lgtkmPAj56kqVx6ptA8ETKSRbvxOtMnQT3kM7nCwGQfXtlCLB88oSPY-4wI1dgau9Yi0UtapxHIY1BFju2ff5T4So-hculW5WDW420tHz_ocZ0PNsezjyA8F22pNI4PwrzUv004K2qfhL_BqTHeJXvlsN71WQJzh5ZTqU_8BwBOY9-5tBGMK27ksVtJsBBC3OP3QKG2S6u6-CrUcSqmaLVq1_m5b68ni0IFzTK7lGVJf3M4u9eroQB3LJh0OxK4c1D-lN9w42gkxKCGD0KSSr12-YmfGVK3IMfwv-sXL5ULuhiMvHSlsJrQvmZaQlbOMOaShYtyxhkC4902Vb9ZaDRSNTQP7q9kFG7YiWxBK0hgQFwLTjwk4LnwmRCWzawiOgK8_uwvBY_AX6VzI9jqXUiw8WYOsrbX4dxonfskhQvYbIpXvcbV7dyy2pJEuDHzKJkurpRfMmDzlyRwDrymmoJwpFIMOR92YRW8y0tbHu8VxwnAN3EWpaiwXuwNE07DPuIxB8k4SKREba42UKCVBv96UDsgRFrY8QLVRFfohq2IAAtA0YtFQrQ6tC3fiiv5tjwIYRF-V_TtIqXzTpDgslt1RtMG6zB1KnZMlymKmXh13poOF99H-d_Z8u5oC6IOfp6PeEiWOaEqKqFpElmqZOWhkCaRS3pLInC7i99NvfsXWn76UFFykVaU2OAPTdYdVff7fj7RJWJHKmp5uXkK_2AEmy6YhRMCs4hXkTXXAOQ0cIf-S1j8yOD8NcMmWSue_foC9dCFVTLQJa6Zbb2zbS5vFyWaWeIAbnbWul,Login - OPERA Cloud,1
2025-06-01 23:32:16,https://hu05-ssd-ohs.oracleindustry.com/oamfed/idp/samlv20?SAMLRequest=hVNdj9owEPwrke85sePwkbMIJ67oWqSjRYUi1DfHdsCqY9Oscxz99XXgIl0fjr5Zq5nZmd315OG1NtGLakA7W6A0IShSVjip7b5APzZPcY4i8NxKbpxVBTorQA%2FTCfDaHNms9Qf7Xf1uFfgoCFlgr0NCCtQ2ljkOGpjltQLmBVvPls%2BMJoQdG1dpE4rc%2B0aXrVdsF0ioFwBdoIP3R4bx6XRKTlnimj2mhKR4t3xei4OqeaxtZ0qontX5ud2WA6jGh5Q9JcT8sBEZ4AAKiLseLUHvP4ATTO47eAe5e2%2Fo%2BN9BeCecQdHq7fWo7XXwt2jlFQTsy2azilff1hsUPblGqMs2ClRxA2Eu87ATbbm%2F7LXzDcH4oSXDGEDG7gDBPhdGBbUWfHNOhKux43WlJNbyiLsALzSsZQHQqsVl3r5AlNBhTEYxSTc0Yxllaf4TRdv%2BgGh3QIt5gbSMc1pmj%2BNSV%2FnW7D7%2FGfhW%2FNrOxDIeQ4yuJ8Qu4k3nv%2Bb%2Bdu6uElSrCzRsz2t%2FRtM%2BmZYC4tE4o1TmeZ7mdFCmWZlJno5IGs5rXN0rmmh55b1lF8a1sgvOBoMMh%2BQT%2FM5Vf%2BVfQ%2BPFfOWMFudoZow7fWoU9%2BEz%2BKZVCE%2BvrH%2B%2Fw%2FQv&RelayState=NEtT&SigAlg=http%3A%2F%2Fwww.w3.org%2F2001%2F04%2Fxmldsig-more%23rsa-sha256&Signature=RZFGHlV0%2Bh4uetUC9EW%2FvV%2Bw70H%2BseMpCp7tZyE2DnEvwKPHaQ9L%2F3KictH5NWwPhynWSRN1AT%2F1pqgpPoLcWo17iQ2u22Vj6JwXoDPfpQ2iIXWyHSVwbAxE7lJe5mh%2B0rmH0LSsLzREuTdq0Y2NntK%2FWdbnSb2fvqfM94JeO8d8vlvRYlRS5e0uZFhC6FFYvi9r24u4vJeon9Y5d5N8eO%2BNmOh%2F%2BaTG41p2WxYBc86fUFkfEWCxut6Vq73v1c6tEq7qnm1%2BgSG1XkDjWQNuiE%2BzDKABPM39G1mBdmkooWJbchOjbsQAzkBDuNuU%2F9kD%2B2%2BBs271kviuUa9nQb%2FwKw%3D%3D,Login - OPERA Cloud,1
2025-06-01 21:59:16,https://mtucn1.oraclehospitality.us-ashburn-1.ocs.oraclecloud.com/cloudgate/logout.html?postlogouturl=https://mtucn1.oraclehospitality.us-ashburn-1.ocs.oraclecloud.com/OPERA9/opera/operacloud/?TPLNG=E,,1
2025-06-01 21:59:16,https://idcs-67322d8881824b13b3da16015007f9e2.identity.oraclecloud.com/oauth2/v1/userlogout?IDCS_CLIENT_TENANT=idcs-67322d8881824b13b3da16015007f9e2&X-HOST-IDENTIFIER-NAME=mtucn1.oraclehospitality.us-ashburn-1.ocs.oraclecloud.com&IDCS_CG_ENC_VER=v2&client_id=opera-mtucn1prod&method=encrypt&IDCS_CG_ENC=true&token=kJSh-qFKHTEfAQAA5QAAABAg5QAAAMsAAAAQAPpwWLVL8_bdV_p5kFJoFOHxclcx6AML_AAPDCtsmwCFeNcx5WlqMXrmjHf41tJdVZtU-IhTsOGc5KTpZH-kvdSBgpuKWAuAmn5nu-br7mqVDPN9nRS9tln-6Ma-DbR0RyyfsJxGhOzl2y_QjsuP5pmR7S-AEXfboE8gE2tThmfZoQ2Zd3xtanLCni2xuEeYykGLTiIuX2owq98CxfSE0wtLh_OdNIkVbKPNpVSKp1LL6O81PGF5J9IeHF_FQMeytlvxTn7uwBkyHS6UFVR2XmLQciVuXZxqmZrIhjMjNRorPUY6LBsq1RyO_-OEY5o8tHHpvmGXcHpQdjk9ZkfqYABQUMX76pKshmzWHQ,,1
2025-06-01 21:59:16,https://idcs-67322d8881824b13b3da16015007f9e2.identity.oraclecloud.com/oauth2/v1/authorize?response_mode=form_post&response_type=id_token&scope=openid&IDCS_CG_ENC=true&IDCS_CG_ENC_VER=v2&state=NoEq-ikznTAMrjUsnd_HAf_Q_P8IRpAfXESKBHTIrzc&nonce=Rd101Fz80ee6jQaimhUQsPrRzbntCn2k_6YmuZLeoVQ&IDCS_IS_CLOUDGATE=true&X-HOST-IDENTIFIER-NAME=idcs-67322d8881824b13b3da16015007f9e2.identity.oraclecloud.com&idcs_app_resource_url=https%3a//idcs-67322d8881824b13b3da16015007f9e2.identity.oraclecloud.com%3a443/ui/v1/myconsole&client_id=idcscloudgate&IDCS_CLIENT_TENANT=idcs-oracle&enc=6S4cuQJaxVC9AgAAgwIAABAggwIAAGkCAAAQABIXE_gle8fxeRyKRRefYPip-NwDQsZlKbFAdz5BUt-vjGWpGRjpaLeC-JwYDROltWCioUBQTevcFp63fPykb50yHuK6GSw5uZnjEdUEQzlny2v92tR_kuWeUkR8SZ-wkj2IwWLmcOq7Utpz6BP3eD8Tg4iJdidv7mEJ-a-6m7jO__Xz_AzhuFGDl00n79IntGuvoGiVXLO-HmcMq9ApfDqh4F4knRO1Qp_Xi7ANfUQBVoqnatV9FUrHc9AdVc3emLZ-AlrdIxqbKuno_hIytwah81sLX8BCFAqTBts76qtH4F4j4RPrp12ZpKIjbEBGz7jFCrRxvILzr0W2W2ljKPt-HwYDADHM3d84ZZI3XNk-gEVRAN_nt3LZK45hoIutofm-g7jz1pw_qfRNkHPyMjRhTAdr0mEZbYan6HT-UoBg4ITE8ywaVE7Mlc527omsSCSPcmsNp0PS293__u2HxYISruqfF0ObH7IU4wZIaUPe4iuOkmOGVmBGIqXQr1JS4Gtp5GBwFi90wCRQg6VT6DNRmO65Jdgszn69OF3kIFiT0Iy4DayzXAeLc9O2KrfGDdiLzSSLAy-FMnWTJoaOueO2LYf4OZD1mTjzfgvTtUYssFfrT_JVJdegKv3mogYsEt4Zg3zVAcPdn0Fdaui3cNh3pgmpUXIS0TSE2CitbXxyER0XJjZeAcN8sv-Wluh_00sZTqDq47Oi833C5PD25Y9dNGsULPdk3zjxgRPWp_YZliaDR6cr-cgWOLjRZM3XcieRHNf0jV5AJwytrgS7TWqr9gmtl54R2j2tlvojjjauVHhlw3pYkL5AgHx8zLHx5Y2D5ObMEzFiUDZeOtGh8w1WLetf41J-mI_gJbVIdLfb-GfxVFwdexORqpg5nUdmdunSUU1ltHMVeQ,,1
2025-06-01 21:58:52,https://idcs-67322d8881824b13b3da16015007f9e2.identity.oraclecloud.com/sso/v1/user/logout?nonce=59f27a88-5716-40dd-a258-7e79ad269ecb&tenant=hgbucloud01&domain_ocid=ocid1.domain.oc1..aaaaaaaacuigpodhvv6maozhy6he64rmuhkw7ytdcuyelxll4fkpkuod6mxa,Login - OPERA Cloud,1
2025-06-01 21:58:52,https://hu05-ssd-ohs.oracleindustry.com/oamfed/idp/samlv20?SAMLRequest=hVPbbuIwEP2VyH1O4hhCwSJUVSkSgi7qBkq3byZ2gncTO5txuH39OkCkbqW2r6Mz5zb28O5Q5M5OVCC1ilDgYeQIlWguVRah1XLi9pEDhinOcq1EhI4C0N1oCKzISzrXma7NT%2FG3FmAcy6SAHkKMI1RXimoGEqhihQBqEhrfP80p8TAtK53K3A6ZMZXc1EbQV7uEWgKQEdoaU1Lf3%2B%2F33r7j6SrzCcaB%2F%2Fo0j5OtKJgrVeMqEe1WY%2BhrWQYgKmNjtis256dCuOtbkEXctGgOMvsEjn08aOAN5Oa9ofLbIoxOdI6cse1PKmbOR2g0wIpsaxy6ANzVW7BSLMmFVLwGUx29RBe%2BZkUquC956TdiO2IrnALUYnruxkSIYBK6uOfiYEkCGvZpSN6Q89JemzTXno4jJLkb%2FBrnvx8JvKmshD%2BzRV0Z0wkfepP02UWXe9MzeeVMdFUw83W0ZmJZ0zPUNm2kOaJRm0zyBNzebYcQ3u%2F3gz7pboLOpsNZ0MOBfQq36UAQT%2FLL3jV7kuuaN8Fpt9vxbfKh%2F87V1eIPqzsdf2sx8IKPFgsm83vOKwGARrN4uZg9xleFC2n76GOLsPVNFReHkSWopmW6zuIdqR9CPEjMKV%2BvwpfJKZzMl%2B5isFuT7Pi8Sk4Xsg%2F77fC%2FnzT6Bw%3D%3D&SigAlg=http%3A%2F%2Fwww.w3.org%2F2001%2F04%2Fxmldsig-more%23rsa-sha256&Signature=WfAuTGjDCeTmGwkabCjnlvJtAXMy4M41gnt%2FJHduFRpoCPpq1sf%2BVv2jR5ktHjy8auqjtAO0KXaMh75142f6rXPWzFRA8ggNv1cWGO0idlIPhdQMnhhzNP7fHKqIByzBT%2Ft7TXFThjhHh1Lz2fVV9JRyzNAM9mfFe4%2BtG8ojT%2Fira6DnxsAqEdAZPAf5AcQcAd%2BvwA1dFxBuj8xCKchwDctNE%2BwrgXAFZzm2IyInIY8tYCbyfZdjDHg8VJufs7gOO2zj%2BlgPlx3AAS%2FJAr5sCclZ1RQN%2F3n%2FzqI%2BJZKtL7igvJFRxn%2FmAdl0eCIZL2K0k2S58HXfASZMSVrBtVDZCQ%3D%3D,Login - OPERA Cloud,1
2025-06-01 21:58:52,https://idcs-67322d8881824b13b3da16015007f9e2.identity.oraclecloud.com/oauth2/v1/authorize?response_mode=form_post&response_type=id_token&scope=openid&IDCS_CG_ENC_VER=v2&state=boZhQme64RSq-H5Yemc0U_90JLrBI_hqY5Mt0SfdJRo&nonce=-oXlrePHMzduxyLizt124hMzYIaUPs-HO12G4kDuBvc&IDCS_IS_CLOUDGATE=true&X-HOST-IDENTIFIER-NAME=mtucn1.oraclehospitality.us-ashburn-1.ocs.oraclecloud.com&idcs_app_name=opera-mtucn1prod&policyAppName=opera-mtucn1prod&policyAppTenant=idcs-67322d8881824b13b3da16015007f9e2&idcs_app_resource_url=https%3A%2F%2Fmtucn1.oraclehospitality.us-ashburn-1.ocs.oraclecloud.com%2FOPERA9%2Fopera%2Foperacloud%2F%3FTPLNG%3DE&client_id=opera-mtucn1prod&IDCS_CG_ENC=true&enc=PpUvo7Ylw6TUAgAAmgIAABAgmgIAAIACAAAQAI6cCbVX-eNo10f3XNMya9DaUnbbfHukNVSpdJESFUlvEfYPqayELvwBvmGfz_636bLKgn6QGioQjFikj1tWMaDY6LplL5MRW-FUnynXQIKLCVVIw5J0bsMJTczcJXqsPM4xlthjtr7Cih8b70WTm4PfLTMAX7GX92nCZGW9Q_DQN4xtMW_Ahznj6w8wFoTar03h2YX2y-hh2VwoS8Gx0OhwLBHyjWO9hy9alzxu-7m9YUVDkVS64jj3S5rL1mPTaA51qFKB93S9Z8XJGVz2G82IC1gF10epVueJc8RaeQn5Bqw9PvaiH0eGn8nufTTVN9ANJNUAhEWrOYk94nGOgkMDbqLKwIoHHcN94t7KB0Q1AXd3zjM80LNHWMv-1ZQ19meJyx9FUYb25riECBkt50WQqbaNF04TR6bVoWoCtUmNYSe1-AEckOiYiPeNpd6nsD47SuBlyuLQtkOnW-mcx0OUnlH3w1Mwl2NHp10hE3Nh2HVxgbtYeEB0746wPoFu71vIzlU1pAyTBgCPVpd6K8ENhIAHnOyRbwjgCo4yI3GPhv7Kar5bTOmMIBjlm-jjms2g0xjMrc0zLgPkadOnoIK0avHTdwW0fyPUxfyZHGwMJnFzXnIazgRkTCrc9G_1leJyHycowCfBmRB91gdyk0pSkDtzsl5eoEBHjNnMy0_8QM7Mygo1iojfrMFOUN0QGrH6FYlZQJMwedTY2l2qDjr71liW6TYoUzTyvwQMPhj8LfwTFADO5EN6nqugMyE0_gxmfAhe3pUIt1QOv6o-XEkleEO5IolvrP9HJXDNrzkL3iI9ZJOPuGwMTzYO8u07Hy_OcLpoNKiB2Lb1oK3o6kQqP9MJnZ74BXynSW4WrF5UAYnb_9i9YVQyxbs9fry0qwyynoZ6EMzeJeQsr_swgds_cX_OSp8nvUBH6SI8PHS_,Login - OPERA Cloud,1
2025-06-01 21:58:52,https://hu05-ssd-ohs.oracleindustry.com/oamfed/idp/samlv20?SAMLRequest=hVPRjtowEPyVyPec2EmACxbhREtPpYIWHVyF%2BmZsQywlNvU6Af7%2BnHCRrg9H36zVzOzM7nrydKnKoJEWlNE5iiOCAqm5EUofc%2FS6fQ4zFIBjWrDSaJmjqwT0NJ0Aq8oTndWu0C%2Fyby3BBV5IA70MCclRbTU1DBRQzSoJ1HG6ma2WNIkIPVlzUKUvMues2tdO0p0noV4AVI4K504U4%2FP5HJ3TyNgjTgiJ8W613PBCVixUujXFZc9q%2FdxvywCkdT5lT%2FExP21EBtiDPOKhRwtQx0%2FgBJNxC28hDx8Nnf47CGe4KVGwfn99Ufo2%2BHu0%2FQ0E9Pt2uw7XvzZbFDwby2W3jRwdWAl%2BLnO%2FE6WZ6%2Fba%2BgZvvKjJMAQQoSnA22e8lF6tBmevETcVNqw6SIGVOOE2QJP4tSwAarno5u1ylJBkGJJRSOJtEtNhRofpHxT87g8oaQ9oMc%2BREiGH3XiTLlc%2FNuS1erk2jeKX5ptlRTMI0e2EaCduW%2F8Vc%2FdztxWveuigfntOuSua9smU4BCOHtMkEVmWxVky2MfpPhUsHpHYn9fjYSyTSIkb7z07L00t2uB0MEixTz7BH1z1V%2F7TN17M16ZU%2FBrMytKcv1rJnP8MztYS4emN9e93mL4B&RelayState=KEz-&SigAlg=http%3A%2F%2Fwww.w3.org%2F2001%2F04%2Fxmldsig-more%23rsa-sha256&Signature=cC%2FS94NgaqZg1dD9%2FEntB55yPvKpYyQQhrAqai%2FyFpDipv3Son1%2BG74hYE0CiTqxUfyfMTjXz%2BLItGH0I5An25hvxG2yVSMT7gjq%2FKQem3sEc5e8xt16dMDnxh1oppLeB2grF0w%2FOc0HqwlB9g2l9oYH6GDzuEt8%2F942koZRLT9XjbT0PdSEkECfl%2BDMCNcK%2F%2F8eJmnTPkBnDHFIlX8kVBflxvi%2FoCaOdTE7S%2BRMp0dHiz5pRItIavFSu0dBZ7keLOmljcOYNOHkL1mu%2FOTujj3NfPAXtbp7gxHUjCsocrV5JhqQwP9wW3TcLVTSLDAVLI3VJTWBxvte1S2A3Lu7Hg%3D%3D,Login - OPERA Cloud,1
2025-06-01 21:58:48,https://login.oci.oraclecloud.com/v1/logout?nonce=59f27a88-5716-40dd-a258-7e79ad269ecb&domain=hgbuiad02prod&domain_ocid=ocid1.domain.oc1..aaaaaaaacuigpodhvv6maozhy6he64rmuhkw7ytdcuyelxll4fkpkuod6mxa&tenant=hgbucloud01&domain_stripe_url=https%3A%2F%2Fidcs-67322d8881824b13b3da16015007f9e2.identity.oraclecloud.com%3A443,Oracle Cloud Infrastructure | Sign Out,1
2025-06-01 21:58:47,https://mtucn1.oraclehospitality.us-ashburn-1.ocs.oraclecloud.com/cloudgate/logout.html?postlogouturl=https://mtucn1.oraclehospitality.us-ashburn-1.ocs.oraclecloud.com/OPERA9/opera/operacloud/?TPLNG=E&TPFLSCRN=Y&_afrRedirect=222270739223694,,1
2025-06-01 21:58:47,https://idcs-67322d8881824b13b3da16015007f9e2.identity.oraclecloud.com/oauth2/v1/userlogout?IDCS_CLIENT_TENANT=idcs-67322d8881824b13b3da16015007f9e2&X-HOST-IDENTIFIER-NAME=mtucn1.oraclehospitality.us-ashburn-1.ocs.oraclecloud.com&IDCS_SESSION_ID=2911867b0f944547a25137cb39cc2ca8%3A8df87a&IDCS_CG_ENC_VER=v2&client_id=opera-mtucn1prod&method=encrypt&IDCS_CG_ENC=true&token=D6yp23fIBnQECgAAygkAABAgygkAALAJAAAQAMhF1rhX90987Cax6ntcxlZEL1kVHYcWXaZ8MlB1F-XOjtw0hYt3QwqBLxjGoreVUXhYzrRzBNku5orrn46ymaTzEz9Mm8sdBmODYKIXLc9Cneavp3hhsJ_O-6eRT3RWKtL5Lls4F8UsgyHcEwV1LSKK7dit5M4pHsbsr5s_5KvLGE77TNOIRb1i3VpM2DRZFeiO42ePhQBBxWTXk2zifTde0B4D-KgZQCiXTS0uGP4bAS95PUH2cxBsHB0ScHC5bNb80LO61oOacyZVpyNJGfUkxtcOWAq-vqgeIGAYbwsfQ2zUJC3QCmXm0ITlhR6J73vgt4MsSO3slKaUnh8GMaX8lxypEINxU6w9c_j_RTlQAx4vlR0rFRud2aO137GZrgkVAqPkS-9XRvLNd_0HZJKLIJt9k3DDdhNpZdiYB5lcaLOYPJGREnRrcQuAHKuud5yqT1XGRXrxpFzOdRd1WPCnATOpbn1-5YW3KEDsPkCEXsHo1x2uOJVf5W7o77T2pe_v0TAzPW4UbUbMk70FC6aym26uEne7Qa2zCiVnaFMRcLPhtC75FX4edgU5WhqXDoZGmwdtkL-1Uu4KOgm3igETNvOBhp5Jq2gLcGoxX2VvpalxvvY08k3R2gk13tvIV9LSYZlVOeoDgQ9QoK8-GuL7vfM0NXaI4AK83NsIEymC1yahL2J8oXYnbJBEAG3WB6D0aXeCqmIgFI6jQj9lSj1Eiz877u0qxq9T-U_aylAlSTxgb8DXybgL40IXycyIH5EJU-3IIBg45HzFR3XV0-jXdinUHRpt_lP8tNUm61nsSwsdpYa-aVwOXrvCo4gv4cTGI-JsyvOZOJ49Y0Hjz4MF8VgSdLBFdCOqkI3lcLIwrejp5jjn_an_xYcHpw3eGmNcNcpYr8xX1Sd29rgTpUJsKIuPcqn1arLSy7Jq6HglpWGwbztuWw3i4D-gkTO0Ls0MQ4gXDzqGWqFVfFKA-Qi8YA8pdcS5qcJjArWeYxRNzVmejVmabpFBBAWJ6ikZR342y3UrcX0iBqtWvY8s4wooRv952IECSZA2d_uPBXJOQp6546geaLktaYGhArr3BTqxvGEJXisLDXC3DOPnK40nJKN84JpEKXRvFNRfu15PhHZHPfpeKz7yzJnxg2noAKSdrfg-gne9aA8kksxBh8kWDJnlacnnTTSrOPGrIlwxP8EMzl4Qe3CQ1TCFQTD9M4MKoHR0CET6g_n8s82Rbr6a-FX9-_fNdCL1ZPV79fsn4wgKLbh8FuO7vb0Oxb1npMDPzqYRZWO3xbWNRWA3G-46JkmVHPuLBxCgx-LLwEWH2mfpIYq1QieQBExGkkH8YwlPuBNHIrm_xR_BsPFtsiAEDW5V4rPW_fnxjn62dzgi1ecg_HpdzeeJ6tdFjOuQ8aMSxBgGrbzjL2W0L1Fsi7K4nPT1cFJgwtWZDg612SqVgpBrfh8xnBtTgP_kiw_E38DVJlHa1ZctSqgxV46disFybBZ09fdGx6rXkuB_g29768iElv-cUE7zFMaYfbaJFtE1Y3IbwrNawiEos_VaVaEHPt81FpjkZgr-UHveAdztgXahwXsS4b3IscTQ_XLwH0MqOfdHRiJmXyP22i6MxG-1AsuSZQRHbC-M5FgRBAXmEzAs4CBoxMXGLFEGBREAroe6FT_p6n39jjJe2uf82QQ5L_y7HTiXcvT0-MlmSZY5eNF7-6xb923BJ5zZnlzO1OOf2WaIKopE4WkPpjMN8hAgp_9MQpqyxRaeJKSa3Xecs4kCNRHdII-RHiQrdSeUQSKxVVtgb0nMFJJ_lbpBhWWtgo-_EEe48ZraujVbEx73UqHGuKZ_70iq4J2efqp3PguFuuWuzoNp1tHiLZPSFDzGdi0IV-rHQ08wm523MXbJJat2SWObdMmkyWrL70RxjXNFt5E9PTulzH7UlBhvHvfQ4Y3oPfhARUufm9hKmPSMkD4wTrH2xOh50kGLyfubb687CXKJZkXi8eEHesvyv2E9Xhk8k8LAEf3W6K_DfpLYZTvrVHaHGfstzjrhzKGrKszkrWKXUbUhyy4ngYbhodxgO4QaWPqFfew3xJ6Jnv2jZcZcCslv4q4iKX7m24CHkGrEkkAWdUb7RpElvbQUx1Oy8LkWU7Sn8XKzTl-GWhzyxUzx5otWmYj8REk1O1txC9RGmz_8fvFjOxsuVQNny8tcUJZsdyGjSUsfnClnVaTmUjqS30n8K0n9Ml5tre1jnfXpT3kPuvAYkIInZNFFpSMU0tIDgpgoyJrMqJCJpiN8iHfkRAjahy_WBOYM1PhT0hS0FIeTAzKpn9QAVg99YSAKdNgP23LjgDMxLG8fRos6Qn1QiTqZ8zG0GEHjIuXETsYKRhRpZ-TvqFwy8_n4Cj1aIWJDgwZ8iIeWzpRPaEH3O-jKm7S1oWRhH4gIVLsNGqefMaZVM2CxjOVtaBHPeicf4RWUSJiqEHbyPFjUUdnMDAR2kJ3oozwKzPWa3Mnge6qKRfeiDIQ70a2PsP8kmkcdk1KHA8_oJKbc8bnvJggzKQvvHW8Pv5C-T7TDLA5WLBAszhBWbsqyTwkLTWZBaTPvBEzEC0iGAawGa_5TogArPReW4dLL0XpaQBfPhd4DODEFfXthbSpcLwqn_dy9iNO-k7SwR3aO-ZP52XB6x0yDjbF3xGM8AESSctqjUikOpWLvIfWYJtNcFDxxp4vI1av9t4TDLtZ6vmmy08NuSt9LEhC_xGgLA9hyk252UkevSriusQ7Rqz0L3lrJDgLyVfYQGr7Sg0nhznZobJYK7BiR5mw75-xdpC4YvudmIMmxils04ASoVzRRqgspRhRJzrUomeSgpyOdVvN2Ason7-4to17VytqxT8HdUHmUDKmyg-cKtCnKHaHaXundij0z3yiW8wtFmRJX9CStKoYSSHDePy8-RJHwSpUuxKTE386vlglo-UmubVbTtXBr4XL9isJVKXeCiYk9H8CJhil8cAtKONDHqwhDDE8a5Rl76XVG6pzvuKW_L0-zw9-V1rf4NpmG3aW4flouKoYoJHKsE3hjusmPyvweZ53FQKiPBRgzA0z_gXZUH0tjXbt9qUxgMtnQxcKHfx3nB4acNBFmzGcwve_2doqv2rDNGh4ooaIeBOkWBoP2_NGhP_qAy6hogn2NCZedT-Qo25-xfhtSy-somuelowOyleUCxHXE8vnvi6TiOij2KIlz-y0LhvEgV4bdwETrrhkbZlMBifMhAVVc46rjTUmk3zPpGUQEDdlbslnQCXxJ-2ZNtErv4qtAALAiymXg1vMElemDSQs6mOPomMqiAh9ZwglEdu_NQODpTwQjVEe8n1nauWna19Xs0BeXTxsFlFQlnPGeK1xUBEcEEaeKH-gGwRyt0XSrt4Jk8A,,1
2025-06-01 21:42:08,https://mtucn1.oraclehospitality.us-ashburn-1.ocs.oraclecloud.com/OPERA9/opera/operacloud/faces/opera-cloud-index/OperaCloud?_afrRedirect=221271885320460&_afrPage=3,OPERA Cloud,1
2025-06-01 21:42:08,https://mtucn1.oraclehospitality.us-ashburn-1.ocs.oraclecloud.com/OPERA9/opera/operacloud/faces/adf.task-flow?TPLNG=E&adf.tfDoc=%2FWEB-INF%2Ftaskflows%2Fopera-cloud-index.xml&adf.tfId=opera-cloud-index,Initializing Application,2
2025-06-01 21:42:07,https://mtucn1.oraclehospitality.us-ashburn-1.ocs.oraclecloud.com/OPERA9/opera/operacloud/faces/adf.task-flow?adf.tfId=opera-cloud-index&adf.tfDoc=/WEB-INF/taskflows/opera-cloud-index.xml&TPLNG=E&_afrLoop=221271212799798&_afrWindowMode=2&Adf-Window-Id=w1dro7cpl7q&_afrFS=16&_afrMT=screen&_afrMFW=952&_afrMFH=1314&_afrMFDW=960&_afrMFDH=1440&_afrMFC=8&_afrMFCI=0&_afrMFM=0&_afrMFR=192&_afrMFG=0&_afrMFS=0&_afrMFO=1,Initializing Application,1
2025-06-01 21:42:07,https://mtucn1.oraclehospitality.us-ashburn-1.ocs.oraclecloud.com/OPERA9/opera/operacloud/faces/adf.task-flow?TPLNG=E&adf.tfDoc=%2FWEB-INF%2Ftaskflows%2Fopera-cloud-index.xml&adf.tfId=opera-cloud-index&_afrRedirect=221271420652607,Initializing Application,1
2025-06-01 21:41:55,https://mtucn1.oraclehospitality.us-ashburn-1.ocs.oraclecloud.com/OPERA9/opera/operacloud/faces/adf.task-flow?adf.tfId=opera-cloud-index&adf.tfDoc=/WEB-INF/taskflows/opera-cloud-index.xml&TPLNG=E&_afrLoop=221259374372211&_afrWindowMode=2&Adf-Window-Id=em73uvjwq&_afrFS=16&_afrMT=screen&_afrMFW=1058&_afrMFH=1460&_afrMFDW=960&_afrMFDH=1440&_afrMFC=8&_afrMFCI=0&_afrMFM=0&_afrMFR=172&_afrMFG=0&_afrMFS=0&_afrMFO=1,Initializing Application,1
2025-06-01 21:41:55,https://mtucn1.oraclehospitality.us-ashburn-1.ocs.oraclecloud.com/OPERA9/opera/operacloud/faces/adf.task-flow?TPLNG=E&adf.tfDoc=%2FWEB-INF%2Ftaskflows%2Fopera-cloud-index.xml&adf.tfId=opera-cloud-index&_afrRedirect=221259635439708,Initializing Application,1
2025-06-01 21:41:33,https://mtucn1.oraclehospitality.us-ashburn-1.ocs.oraclecloud.com/OPERA9/opera/operacloud/faces/opera-cloud-index/OperaCloud?_afrRedirect=221237576854033&_afrPage=1,OPERA Cloud,1
2025-06-01 21:35:14,https://mtucn1.oraclehospitality.us-ashburn-1.ocs.oraclecloud.com/OPERA9/opera/operacloud/faces/adf.task-flow?adf.tfId=opera-cloud-index&adf.tfDoc=/WEB-INF/taskflows/opera-cloud-index.xml&TPLNG=E&_afrLoop=220858655558323&_afrWindowMode=2&Adf-Window-Id=w11vh38yxv3&_afrFS=16&_afrMT=screen&_afrMFW=1058&_afrMFH=1460&_afrMFDW=960&_afrMFDH=1440&_afrMFC=8&_afrMFCI=0&_afrMFM=0&_afrMFR=172&_afrMFG=0&_afrMFS=0&_afrMFO=1,Initializing Application,1
2025-06-01 21:35:13,https://idcs-67322d8881824b13b3da16015007f9e2.identity.oraclecloud.com/sso/v1/user/callback/login?nonce=ec5e78b0-3b9f-40cf-a594-aeddead28120,Submit This Form,1
2025-06-01 21:35:13,https://idcs-67322d8881824b13b3da16015007f9e2.identity.oraclecloud.com/oauth2/v1/consent?OCIS_REQ=Z0VChrR4pZzO963j6SQ9wDciK8Od%2FraWs067TDdUOodQ5j2bdLPvBJAQNlmfu%2BylLQ2JB2qDN%2Bb1Iaesv6BkKzt7ZEcmg%2F6xCbcMNEw5Ahk1dt2AmeArJ8W2DR6d3Xr646KCYC0dUH%2FnTbzG8GcLby5XSWGvm9sUxAVPiFgDngGsTU21GN62hFTp4FieQ0kNbWrh9pEStGjrVcV4We2PTY8VcoBLKoyeVep90ADXoj2NbvV720WArHPJ0JedYBE%2B9Mo%2FelD6OgVxcgMMwq2fUxSS2kkV0BGq1xIozegLZPQJZCJp3UmJiIWaOUiUWzqsqX7f6khHGp%2FtSFyFMYp%2BBsphCzn0X41ZQf7ZjdYWBk0t%2B8ViPhYlOVgArj4J3qElGOxJgJgpOiHwt7St%2BNVCtp7Afwmnha0I6uHle3fCcY8hY2UUPtbKGVm9n2utGjPh1zlC841pesfdfJ4MyGdBJmyQBvE0IeNEqxk8NOzHsNH6g5xH9jZqZND1usmwd9egL0F2CcqZinHyJLgQWivsEW2PUHYA87YZfmvd%2BQ9lzlZLR3ZKH8zCaEvrGyK6%2FuDOTQNZocNdxI6LRBrXlhK8dRcH0inDt0TsQZXyry91lp8PRgXrDhGwtdSz5xdzH9pAU57TV0HHNCCK8ywLZiHhm3JT8TOU3WKA2UdwaC0CjUI4vGw%2BpCALAV0IixFpylFbQ1xrz4gfyN7q1CDBx10vBgYGyLUp9HrxOJFHmfbE%2F5m%2BBeeJaHRr3LmcL%2BM0yNZ57ZbCW%2FI1Um41SUy4sWr7BCHU7ad31XGMaJIKrkT8ddZwmlYCWMJKQDwCGO%2FaCPtXPTJmCfVcjxYeyTr%2BZ1AHjMX09FN944jC5ueFSzJfEw4S9zUtBGcaZPBOet638h%2BBYve%2Fptzg%2B0eZ37rWg3AaE8T4lK6bvpWLAvdybiOCviD43MewWQSrDR0ue2IdkASU7bHg9WuCRwVYbGV7jzI%2FvM5q4vz%2FBTgbE0AeXVWKTMAJvviT%2FMQxp7TuapCvzcKnka%2FExWjZud%2FJG1hGQ8rT2%2FI37sieJslRGgxbfofUWX2uTr7eqMNfv1UxMhSoiYtCBNqKClPJmIYr5v5JpJQb%2F3R5W%2FQw4ecmMo%2B0Tm18fIi%2F4Hs5XjOeD9kQDC5psxjWFypN30JsIKMXNX61Xy3aRyxlDWAWi8h4gMRYGM3lkQ9Qb7VFxSFerTr9YcSDJiX907rFUrPfFLldmEwiiOmQnfUKwFseKP82S5YaPR4aVUjbaZxlru8XnWP3CeHvErpZbXb01%2FDL%2FdktGrTTbxny5cPJ1O23blESUiCOWrHPp%2BGFfng9brufgtCkoUrGFvd%2B1%2FFNgw9D2U%2BRRgONTyQzWTw0LeFov2q0JSD20RUnpcXqkKvZJp666h0Ezz6tOExNSuSNLRfiCP5nzQ%2FVy74GtXpsR8tH8Nm3fvucEvLNkwrpSTBxfCf9KMuSkFt1GWSpoP8ntaKKhNEQRvmqw41kI%2FKOs99GAeV6pUOBS6u6vozsSLrb47mQ7KfYLP%2F6gYSHjF4q5AuCeJ73ZfABv9zKfMeF0WRJULZYZPqJsS9FDiVCXOOybFdOAx1dfL27iNquTCBf8P%2B94RqdJPUGBHYcG9JdmuawpcqVE%2FjoQgFw7a1apS1dOY54pMqHSbt%2BfDdBLy1DILvj85J5TAbSIik2%2BiQD1uczUVQtIUGkoNQvkPeZ6rtPXUl3Q8BzjiCHn9aWR5Kl3fVDB4ECpXToAPz1dJrL0E4SDHbxLsQeEEu8G3BFI3XriRCL%2BKtM%2FD%2BuihKMckjiRy6TuIHgFDu1nfNvSCDS%2B%2FFOSZcPYxDgahnFK6I0CfommF1yQ2UsOVhBe1TiSPsBGEm4zE1WGSQkHhtBKQ4bgEDkeRQUx%2FwhwXOvcGbJePvEG3kRQYBBJKLzVXgjba7EjWo%2B7mP6K%2BZn8MOs8Y76Pxf7KKOz8y3zzd%2BTugGZBWC1XfeyRMjw%2BK1AYTcayITBz94O%2F9yuHlYzmjuQAIbDqaURlNFuq8joqEtKVXh1TrFJN%2B0o9EIZdgr3wvy65VIJXxzeeK%2BZP%2BH1xR0OTS7xT6fVKbzq2DX2a5ZzJ10GszOq7q1XDOaZyFviQH3esY3K9Uum2%2FIlx5wKElnGa7lz%2FU%2FNdZVGBEZFIVmPhGsCEbLRtKj6Pgh0Ci4RwIoJsZYt4FRf1V37f7XZeD8oH4VqoQiuPevYfsveSaP0d6bjyckSrUQuF58f%2Fqq3Vdc5NA%2Bw%2FPlz%2BMLv7wdC2VQqCohLQer867wArzvnlx9qUbuKVdqr%2BJ8Hy0NyY%2FhuyWAtaQuvKRnS98%2BMPbQA4IuoqeRn%2FHEavHkuRB9zWuC4PA08Dq6nyIFAfxlk4%2FyEKFck5Vzh2OE4Ha%2BjWiG4MXD1TnUcOdN9MBl4Ie%2BLaugoXGY9q%2FxggiK6yc5l2SM9uPf7gClEpjbA7UKXkDuHK0TW3qPlTrPkrfAepXEkIbZ5RIjcNgztX2Noa8G8%2FSqTYgOcCmcy%2B%2BZG18wfdcSY4lzpXValcRjWirpgzZZqrDDowEAKBjcrcO%2FgFm6Qmfq2Wk4X1GwELt%2FDkwe5NzyAxQJu86jHtIteSXlXfYXbQlKAbaIYP3wPugZMSfk4lU0SA%2Bm5uj%2B6IItMIJKGVfeDClu%2F4Wt%2B5hDgiUwlgIsgXN3Qh0fFpRLvFww0tSX%2FVuLptqeV3j4zk72VZO3bTRwsTjERuz66KnDoh2tZu6IFUbQqhiR20G4d%2BUCLeIjm8gw1y8yj1yb12atMzpsR1Y%2BlLGENBmtCSbuq%2FPZsK%2F599OJkvxSrDsZtVK09y1i1cN8OTZMHj9LDyC%2BsYDlb%2FfSSHVcQE%2F8Q5F890D6mtpv84rRmZCZageUBO2etR7S%2BJOxDppKQdfBu%2F00rV%2Fmg4WHBg9SOjM9iHqGB0PNKuqGq3sxgbbAC%2BndXOwnEhqT21WGCJLbVL4The80u%2Ftj6elyPmfPtME4lzZpjpEOZcahx83qOYEWXpDB5gipB3O66xpohDvQJJqv0nCzIvr%2B%2Faq1gJLp21DHUC8W1OfL2Mf73Wq5FN5TK7XztA5Xz3KOLqjFVH1y8znKj%2BKsx3UiNBgl1I1PtlSjo3K0lM7iWSM2t9S4HSknyRctBBlTTNUTZJZgxaG5xqyVZLseMmK3Z2l9pzHgOAw4xCrs%2FO7SiKCQLj4kYL%2FqkzCkQrPdmhT2mkX76WreXL2QlEBPZmQuUtGUhzmEDT1jHCrTZbxDwmFEo4igps2ab3zq5I31kQMLXG616WAH9Ypkx3ROebNG%2BJHPmtwUVwIqSjBkUQ0y9VKL2DXx%2FahDJwz9LM77hRmaC5Uz%2BK7FTOu5JoQ9zFWnq1k0k1%2FZ6YbHibdT6y4NqC9fXdVVDzLQw75Yq6nrpzrQvIFRC3U%2Bf1cdIyUHRysxx7FlbFt1uONzmolXijyURtnl5iq%2Fv0Q9fDbR8%2BV%2F3sBtxIcX5bINbD5s7syRlcazeIjQ7J4smHYeQQ8hj6CrR5ZEX7L34GxbohqH%2FuD26AivpwK1qMmxmvB%2FFTUc%2F5Wqh%2BNWnA2ihxOH%2FG8DX1HIMzRiyV5Y4UsAgAVb72%2BX5zvuATolL1m0vB4UbIJczpwIc9JISiZQX6WGVGLfiTxpSG%2BTEstMSNMevxBn15J0aEAIr21iLp%2Fr9frPt%2BswmdNAd1scOiPit2N%2Bx5PBM7Yw3zZdF4h7DfTJPMSQvz9EzqT8xMYmaofMt6trGKFOWp9m0ZYt4iP6HgJxuo20pS25O80QvjUPtGWR0R4cagjq3nBHUTwguv7EWkvHQigoAc11YDG3Pbexm%2FC0Q9zPlNmf%2BvRbxZ4ZeyO4ic5P7MPU7hBYzIxCYBxyXxf3H0WTDQNO0LWjHGwAnkdT7eP6dsIhhz69IwmDqeBk9uaTE2kUpTYXSdYuQokks7pu45WHgPrL8F49qhAwUWIerA52mMEPaFxEn4CJ9hzWE2B7Us9FW1w4J3uYnZC9BZ58%2FabTqPkoF50B893o5%2BrWVQ1Pa375BIjco6%2FePkoPyNHRVESoYAVy5kO3adQL0SWJR08ylec1AUZjRJ%2BRDhwXEON8rnQCunCTsJNrYhMJEMpZb6%2BwSiL09fOKgIJF3fFVZhqk8c3TvKO6HSdR9LQ%7EsGIZFLanLVgwNYLUJiLRLtn%2Bare9rFJm81vLXsi5ctE,Submit This Form,1
2025-06-01 21:35:12,https://login.oci.oraclecloud.com/v2/storeLoginInfo?redirect_uri=aHR0cHM6Ly9pZGNzLTY3MzIyZDg4ODE4MjRiMTNiM2RhMTYwMTUwMDdmOWUyLmlkZW50aXR5Lm9yYWNsZWNsb3VkLmNvbTo0NDMvc3NvL3YxL3VzZXIvY2FsbGJhY2svbG9naW4_bm9uY2U9ZWM1ZTc4YjAtM2I5Zi00MGNmLWE1OTQtYWVkZGVhZDI4MTIw&access_info=eyJraWQiOiJTSUdOSU5HX0tFWSIsImFsZyI6IlJTMjU2In0.eyJkb21haW5faWQiOiJvY2lkMS5kb21haW4ub2MxLi5hYWFhYWFhYWN1aWdwb2RodnY2bWFvemh5NmhlNjRybXVoa3c3eXRkY3V5ZWx4bGw0Zmtwa3VvZDZteGEiLCJkb21haW4iOiJoZ2J1aWFkMDJwcm9kIiwiZXhwIjoxNzQ4ODEzNzIzMzUyLCJpYXQiOjE3NDg4MTM3MTMzNTIsImFjY291bnQiOiJoZ2J1Y2xvdWQwMSIsInVzZXJuYW1lIjoiS1NUT0tFUyJ9.eb1jRMg91JgUJPBPcJG5lrpEP5uBFskSaZA4LFtn6_BUIXEvWElfSOu6Pdbk5kX1pktESStyqVKr3tr2qDTyYPybGjkn78bCjSRh_ymJZI9xiCTeC0j_Ac82jWAgnOT5T0PtCc2BOb5kSdsUTdb2NKPjYt_agDCLIsCweKi-qTlOk9K6b8TXhjzk7FsBoADmSHAN7fOZVDJRyaT87Hp6VL9k3yEz_MQNo5JGbOpU46Ip_HcKnkOjtd4JDQ35KEucFvv7OM9dn8Z_tOCLiNG5FMw2kcHujQZ1jMVJezZGBFOH4F5ucaApDCVO8pZ8Bo2k0K-sAjyHz9u2o4kCmeIYDw&is_paas_login=true,Submit This Form,1
2025-06-01 21:34:41,https://idcs-67322d8881824b13b3da16015007f9e2.identity.oraclecloud.com/oauth2/v1/authorize?response_mode=form_post&response_type=id_token&scope=openid&IDCS_CG_ENC_VER=v2&state=t1RUhtfmifbfvagHoZRjTTjK3faVBWNXV5ApKAsF6bE&nonce=Lq-zFZp4Bt1I78HwqaKqz9lnCpypWSh6e_esdmiy7RA&IDCS_IS_CLOUDGATE=true&X-HOST-IDENTIFIER-NAME=mtucn1.oraclehospitality.us-ashburn-1.ocs.oraclecloud.com&idcs_app_name=opera-mtucn1prod&policyAppName=opera-mtucn1prod&policyAppTenant=idcs-67322d8881824b13b3da16015007f9e2&idcs_app_resource_url=https%3A%2F%2Fmtucn1.oraclehospitality.us-ashburn-1.ocs.oraclecloud.com%2FOPERA9%2Fopera%2Foperacloud%2F%3FTPLNG%3DE&client_id=opera-mtucn1prod&IDCS_CG_ENC=true&enc=hK17E1hVuM7UAgAAmgIAABAgmgIAAIACAAAQAOi4CDSp8LSeKWe8s0xU0XQQWLWY7l63qgE37Xg4LdogGpRcWrfwuwMKmtw3pYWbk1bJB8u6I9_cLH421o-Wmq9KJefWLiTzc-q2cu5b-BiuY_BaAP86FTQTZkr0BlOEx-1kas7I3sT4FS3cSbKhJUR3dhDcPiBMr9yWE_4J5DvEaS1OcL6Mh87dIlWJN9b3TbgRhtrN9k_W-7SXI5r91T1nt0tQb5fQiOS1myQrWb4Ks4Uyri3XKGrFNUYJWWUHqA6pPS8VBADNwYYsQs8WbHJ6VybTRvjzsJ23t12yBxQ2BfRblEJbTtgVfcJHo9DITQHTfanogAtm9Hlh2UTJMic7xGIlCCigiAENwh7Jlgjy0kp4cB0ayxkxRp9MmkW0gCywNWLJ1vQ3M0M_r96U-_pNBqNO8ML4Nww6drvaDRCX2QUXWlk0jWv_-P1T2gWsYTC5P-W6TKPj9q9bDs1EVO5xb4KG6E5IN1jf-pMPafg0rp8gMoci2EqAm1AQy3WewRsRgBYMBIDsPAwx9mtnxn59A8rNY3NzrwoYW4dAmHqhF71cqV7a47f7z6mbKpVIooTXbPfMQ1l-eBLpeP3ZyHBMLCeTqbRE11d-7uYriJJEG0aWeMi1YfmiLgLm9brxHl_m9YU4vckNN6kv697UVhXiNrh6MHhV_KHfxyViURfn0D3hhbbucOFVQtqgXge9mtXD6_g5ZPT_I6q2hd8ptawynwqcdTCq8Bb-XYttj3ISETPLC6LzZrn86nxW0Gc2j_zaMx0xcVvUATJtYLyFkIcGTgRRNryoIn_vtifa90Pox2Q0LT_Aw3x7vWusqzGa9cJUMrtZEqFCu5WjJ7xryHqows5T_BWtcK_KVY9V28R3kl4T0sI3DJvxkXLBx41F-w6ojIfB8KJxB9b2eY1RtWG6zt9sh-BjlKLzAVVKX-aU,Login - OPERA Cloud,1
2025-06-01 21:34:41,https://hu05-ssd-ohs.oracleindustry.com/oamfed/idp/samlv20?SAMLRequest=hVPRctowEPwVj%2FJsS7INcTSYDC3DlDakTKGdtG%2FCkkGtLbk6GeK%2FjwzxTPoQ%2Bqa52d3bvTtN7p%2FrKjhKC8roHNGIoEDqwgil9zn6vl2EGQrAcS14ZbTMUScB3U8nwOuqYbPWHfQ3%2BbeV4AIvpIE9jwjJUWs1MxwUMM1rCcwVbDNbPbA4IqyxplSVL3LnrNq1TrInT0KDAKgcHZxrGMan0yk6JZGxexwTQvHT6mFTHGTNQ6V7U4UcWL2f6205gLTOpxwoPua7jUiKPcgjbga0ALV%2FB04wuevhPeTmraHmv4NwpjAVCtavrw9KXwZ%2Fjba7gIB92m7X4frrZouChbGFPG8jRyWvwM9l7neiNHfnvfa%2BwRs%2FtGQUAojQHMDb50UlvVoLznZRYWpseF1KgZVocB%2FgGPu1LAFauTzP2%2BUoJvEoJOOQ0G1MWZKylP5CwY%2FhgOL%2BgJbzHCkR%2Flwcx9R%2B2TXZis4%2F%2Fy73wi3%2BZMI%2BdrMQXU6IncVt77%2Fm7nruvuJVyzPUb88p16HpkEyJAsLxbRLHIssymsXpjia7RHA6JtSf1215J%2BNIiQvvNXtRmVb0wVmaJtgnn%2BA3roYrf%2FSNl%2FO1qVTRBbOqMqePVnLnP4OzrUR4emH9%2Bx2mLw%3D%3D&RelayState=rE0J&SigAlg=http%3A%2F%2Fwww.w3.org%2F2001%2F04%2Fxmldsig-more%23rsa-sha256&Signature=FVicCe9K0yLdqrkuWcPeA8laQl%2Fy%2B8IoW%2Br7WPa2ZdNivDAXukg1vQvGjf2J0hgxhLXpyFmPRqq%2F2W%2F%2BgRI8T8dAoFNkr6zyfh%2F7wwZ6r1RTcnQpBccf5iu%2Fbs%2FK8bP%2B2AJjp7%2Bxzc0nV5RO82nt%2Bj1WI%2Bgmz2up2FwmnHTBl%2BPuuIapiRZbDmmfqpQ0MbcdyRuLfEqZq5Yzhbne1u4C7OtuohjQV3ZL3ubxI%2BxD%2BG%2BBIZ3kNwV5vx%2B61GzCTCSmPEm9fOf%2BdOu23lWKmbGisekbSbHzMHN9pZNU3jxdozl3Em9ldYWED6NSfHFKuUcnAwCvwPzCmTG%2B48I%2Fk3mfCw%3D%3D,Login - OPERA Cloud,1
2025-06-01 19:14:42,https://idcs-67322d8881824b13b3da16015007f9e2.identity.oraclecloud.com/sso/v1/user/logout?nonce=d9adbf61-3961-432f-a394-e6f41ee8df27&tenant=hgbucloud01&domain_ocid=ocid1.domain.oc1..aaaaaaaacuigpodhvv6maozhy6he64rmuhkw7ytdcuyelxll4fkpkuod6mxa,Login - OPERA Cloud,1
2025-06-01 19:14:42,https://hu05-ssd-ohs.oracleindustry.com/oamfed/idp/samlv20?SAMLRequest=hVPvb6IwGP5XSPcZKAUdNuKyBb1jOi85vZvuW6VFGqH1aBnqX7%2BikuyWbPv65nmfX287vDuUhfXKKsWliIDnQGAxkUrKxTYCf5YTOwSW0kRQUkjBInBkCtyNhoqUxR7P5FbW%2Bjf7VzOlLcMkFD70IIxAXQksieIKC1IyhXWKF%2FdPM4wciPeVzHhhhkTrim9qzfDKLIGOQPEI5Frvses2TeM0viOrrYsg9NzV02yR5qwkNhetq5R1W62hr2WJUqzSJma3YnJ%2BKgQD14AM4qZDU8W3n8ChCwctvIXcvDe0%2F7YILVNZACs2%2FXFB9PkIrYYyInkNe7ZS1Ja5MlIkLRgXtFa6OjqpLF1JyoxRl9O924q9IlNholTNknM3OgIIop4N%2Bzb0lt4AewEOvBdg%2Fe2ujdprJ3EEOLWzip2mhS0eXmgSrp6XbId%2BpCQe%2F1zvbHC5Nz6TV9ZEViXRX0drJy3rGWqa1lwfwahLxmmq7P6tjxANw9ALUbDx%2FI1PideHnnkKt9mAIYfTy941e1rImrbBcRD4rkk%2BdN%2B5ulqcG90k%2Ftai53gfLZaEF%2FeUVkwpMJoulr%2Bm48VV4ULaPfqFQZj6EkHZYWQINmGRPS7RHE52zSkgTe6Xj%2FFg93DKfXseP6N1zx%2Bvy2xyIfuw3w3%2F%2B0mjNw%3D%3D&SigAlg=http%3A%2F%2Fwww.w3.org%2F2001%2F04%2Fxmldsig-more%23rsa-sha256&Signature=FmhmF8ALDuW3qOlM3LcpSNwqUgoGn7eO3KqPxnnxhVK4iINJUzVVH%2B4LY3KDznoK8t7AhRsg4sbQ7dEaMbaDthIvP1H2AFnXVfBJQxV1QRfWRPHWOB8u1qaRMDJ7Gw5wxm84QV7URW1DAF%2FCZ1A2ro4MWVBERVL190X91ESYEP9O3uWHn0DvQ3GWRarDLCWUdxFQKLLvWzZ0XbKVm3gvx0QRonsIK2oIWtYfLr1EPNhbhDtpA2eActE8P7Z6RsCGDsQoduf8gfW3WJH%2Bgn%2F6bj0XL4RiTPSPBrVn5Q5rO73ohQc8RVjsv%2BAzHvHGibSoouKUJN1pPl%2FbAi%2FE1pmkxw%3D%3D,Login - OPERA Cloud,1
2025-06-01 19:14:42,https://idcs-67322d8881824b13b3da16015007f9e2.identity.oraclecloud.com/oauth2/v1/authorize?response_mode=form_post&response_type=id_token&scope=openid&IDCS_CG_ENC_VER=v2&state=UkumYR1tqF7YyhdF_h4jHdzeKyyIJxMLFJ6szlTQ4gg&nonce=d4K11Rj56yiIvnBqStBZaAiwkiMPEeu1aRbb9tPWCBI&IDCS_IS_CLOUDGATE=true&X-HOST-IDENTIFIER-NAME=mtucn1.oraclehospitality.us-ashburn-1.ocs.oraclecloud.com&idcs_app_name=opera-mtucn1prod&policyAppName=opera-mtucn1prod&policyAppTenant=idcs-67322d8881824b13b3da16015007f9e2&idcs_app_resource_url=https%3A%2F%2Fmtucn1.oraclehospitality.us-ashburn-1.ocs.oraclecloud.com%2FOPERA9%2Fopera%2Foperacloud%2F%3FTPLNG%3DE&client_id=opera-mtucn1prod&IDCS_CG_ENC=true&enc=wn-5b0_XElzUAgAAmgIAABAgmgIAAIACAAAQANfQJW-WeOaw2Q3hfkTqpDe68GS-4j8BeTa6YHmFUPXLl7Ra0S4PN-C4M93ISfJQzrRyulkzUE1O4Q3ckglRnC7XQZcZ7ITfDYs3n-EzG0BvXQajQ5lkszfe1Kmdg1pmlcuweCLSYot8sjL_gsZdar4De6lesRHdoDijeU5Bk9nI4ZsLWe_NsWQYnb3pqDXXZTG7jMiPKEL5ouz87CYM9lnPaY2R3VNMr0B89OtHy659BBrF13lzCCR4kPk8Cfo0UxNhaUdDMUuoKdw4PGPN6vehHsNvtJ2MuLjZwkZ6TfQ3qfURO5iCcLbG50solleBGTWd1xRUxiEHamOkNi6xG-r8OmZKQBVrfAnqffDwfhnQSDRFRKoROyj3wZm6sCsINo_c1qHz_ykVx_DzuenES_Kj2owjgt4gbVrRC2dUgxNQhx8dwYSqZJSX9Ovw2s3NAep0Nr0ZQJv2Gc893LbMFjE6PAdFj1iifu_gqyW945T6xYgeKGWd1lDTtOFztlr2BGksjDnxW275FGgQayR4vyctc1C4CRFYLlMwjh2NfvJG6gKUiVJYUVCTc649-i0QuapdaReDmGi3BK9g30-qkc2JgMuG9bwgv5oGCLVTDCZOxHxZiXRXsmAKhyM7ofMczRUHJqkC2iYIwo0uA1l42jcxNXyF_4KMliftmIhBBiM94SdR6UOE8iGL_2UQ0ogkPLczQ6aTuwkkYfsBgRvnyTBpoc7pgOjkcO2jzCLZeNEWmRGCpntn8H_IgLLm-VBbnTQ0utGUH1bsoAFNf3Q9n8nBmBhgrDCUMySQB4NY5Zj43h8SjjpEVltCvA4GZb-58ep8NHuVheQ9-4CJkyWArCwsly8rSYqosoLHsmy_7LImpMjlVjISxN4v7RYl3tXBnsHw438EVo2h3mT7h37a7X27y6j4TNNvR5z-rThkHxqR,Login - OPERA Cloud,1
2025-06-01 19:14:42,https://hu05-ssd-ohs.oracleindustry.com/oamfed/idp/samlv20?SAMLRequest=hVNdb%2BIwEPwrkfvs2PmAgkWo6KGqSKWHjvRU3ZuxDfE1sTmvU%2BDfnwON1Hso92atZmZndteTu2NTR%2B%2FKgbamQElMUaSMsFKbXYFeygc8QhF4biSvrVEFOilAd9MJ8Kbes1nrK%2FND%2FWkV%2BCgIGWDHAaUFap1hloMGZnijgHnB1rPlE0tjyvbObnUditx7pzetV%2Bw1kFAvALpAlfd7RsjhcIgPWWzdjqSUJuR1%2BbQWlWo41qYzJVTP6vxcb8sBlPMhZU8JMb9sRHMSQAFx06Ml6N0XcErouIN3kJvPhvb%2FHYS3wtYoWn287rW5DP4abXMBAXssyxVefV%2BXKHqwTqjzNgq05TWEuczDTrTh%2FrzXzjcE41VLBxhAYltBsM9FrYJaC96dYmEbYnmzVZJouSddgPc0rGUB0KrFed6%2BQClNB5gOMU3KZMySnOXZLxT97A8o7Q5oMS%2BQltgtk%2BVz%2BZaN1PJeVKvsiLOX329ugB8tRpcTYmdx1%2FlvuL%2Beu6sE1e0ZGrbntT%2BhaZ9MSwF4eJulqRyNRskozTdJtskkT4Y0Ced1ux2rNNbywvvILmrbyi44y%2FOMhOQT8slVf%2BXPofFivrK1FqdoVtf28M0p7sNn8K5ViEwvrH%2B%2Fw%2FQv&RelayState=WIHa&SigAlg=http%3A%2F%2Fwww.w3.org%2F2001%2F04%2Fxmldsig-more%23rsa-sha256&Signature=JmN3yXOplHKfFUWyMZ1e%2FDyNJzOj2Z0zG%2FmRFF8BTsrufXt7KtxHG%2FSzbJwO1ib%2BVtL1LV7qzNPFGx4XpL2%2FwCyBeH%2F4k7km1VW8zbsQ2Cxs603KfNDLCUSWoXSEW9Zkp7tjPsatGXwUe2QT3np%2B%2FfAbw4fkpHwMktPRYo1yxz%2FJ2pw0Ef3oppD2Dzahh81llH9ZsiJ33RIATAU%2BPwqe66Gz2HpIj9IW4ryol%2BevN5ccPcQ%2Bc1kP4riaURWzlDYe%2B55d7iScmDAJ0T7pkuQ6nTG0HI08ww3hzt%2BMCa1yqnbunWyTukUEaP4U%2FEjEblupKUbxdp7iM0EZQcHkwn9SJA%3D%3D,Login - OPERA Cloud,1
2025-06-01 19:14:37,https://login.oci.oraclecloud.com/v1/logout?nonce=d9adbf61-3961-432f-a394-e6f41ee8df27&domain=hgbuiad02prod&domain_ocid=ocid1.domain.oc1..aaaaaaaacuigpodhvv6maozhy6he64rmuhkw7ytdcuyelxll4fkpkuod6mxa&tenant=hgbucloud01&domain_stripe_url=https%3A%2F%2Fidcs-67322d8881824b13b3da16015007f9e2.identity.oraclecloud.com%3A443,Oracle Cloud Infrastructure | Sign Out,1
2025-06-01 19:14:37,https://mtucn1.oraclehospitality.us-ashburn-1.ocs.oraclecloud.com/cloudgate/logout.html?postlogouturl=https://mtucn1.oraclehospitality.us-ashburn-1.ocs.oraclecloud.com/OPERA9/opera/operacloud/?TPLNG=E&TPFLSCRN=Y&_afrRedirect=817652775240101,,1
2025-06-01 19:14:37,https://idcs-67322d8881824b13b3da16015007f9e2.identity.oraclecloud.com/oauth2/v1/userlogout?IDCS_CLIENT_TENANT=idcs-67322d8881824b13b3da16015007f9e2&X-HOST-IDENTIFIER-NAME=mtucn1.oraclehospitality.us-ashburn-1.ocs.oraclecloud.com&IDCS_SESSION_ID=c9380a4b61124e89a225b55d561f273e%3A8df87a&IDCS_CG_ENC_VER=v2&client_id=opera-mtucn1prod&method=encrypt&IDCS_CG_ENC=true&token=K4UemGgxzbYECgAAygkAABAgygkAALAJAAAQAFCE525GICPXmPZSe24BOZ81gu8qdDL5qpdFlf4z_Jgc6gGmo3zcARRYLX-Q4EogWeqNBtNFYbY0XeviVeA5H1fRT2ThAggEuEGVlhUPHFZubmR3ptTlG7lmVPaN_9ZatobQEhvb33b0o7TYwFTaDKSzxJGYH8ZZllhTODkPdVe9bcxo_vkXhxxNlXY4cARZGOEseOGUMBIiTvDooW3Yjcmj-j6ZI6VRG-_ITix_cXun9OXR9HX3dNQNXDNVn14HZrGoKA3PW1GpomcowT_xT9_sH6D-PQPu6U-BcIzPYjGZDPlSVFkSRRJHyxqlk7ghxvfRSF03HxH0SpjccW-xEJ3vEH3AQus4rIBj4KfSHjyi6iJmVUTztArZEeYjdVBVd14fXCqtp1WU0MIBMvMZ4ReaxgPyywKd5oM1dwsnqIEaanlGCcufrEWnHZR3hBDh0Cv8y1jRleMbgFFuTCL6Jpwm8QJzZNmoN001HP712XO6kv-S4SIxGVSHYQ4C9oy4u78m6ZJVT5csKtULrK6Z2ZD0cMRxPHYyPMaPjJZ0FIQHaWaaUGVTLU7-3b1QV-QN8oYr0yHoVWsYwK9kCdHsRNs_sNMFxOP8shbG1hobFUdxxeDgel8Bz04N2QWJpAbmfdelJPFy6rX01ZGZiaYEq0my5UTBQznu6ZH_k5hhYV5dHJxme_CE93RKbKbBez2LAD0Pe1qrb_p1Waoy0mcGPd892pKYimjHyWGdz6WBnoKw3yhZLR3Gndy3k38VADO1VIauIL0YDMb_S34sFC7OWMZcQtWopVsioWjMj0hMC3CvX_jwvxBuxrWGc4LbzYUrLI-SVuOjEQhHIrD3MjSbsYYXXZlxYi6WqLOimAYk-3zEWtRuDIXBtHbipMeaICF76NaL-jWu6N7wERv9ajFn2c4l_Jb0Z2g66BthpRQ-BnyGh-2rv0owyZQ-N0mwu2wwzs0zdDU_ytEg-Qy5RJrYwteO96haO1d5xheFL8lCOCSDIc97ttRfnWqGnZPUeq3X6GvWGuRUauMAU7yvXLJuLfCgx4d8YnOrheGMvxGpoarjYGYGa5VQqI6n-1BMZd6Xf8fpNpeKO4gd4Js8LT41x7mkN4mtHEtztxfcgGPPttpVEUCItyGhFCvNszi91bDpEqXpM1Aoai5IlGS6CRMU_lXL18UHiMHQz36qWQfZhecpdgMaLGaS0kyh346YQlJ4gBkVITQEjdoqnG445KR3xb7zG7fjveU_TWpwucShUIah0FStYrVsW5Ifpwb64vgTXi1w0zsX702OeVHAZM8aNzkiSH1NEY9NSqL4XWYOXBfo-qzhqg2B6deh_ge22CnwSl1mUZ4gpdl4xpmxHKV5pxUuJvqnyP9lCDYcMUt6frO23f0XoGLpAExrsfFSspPabz5IfJ1FDCfqX9ESdoQtHQwY2kRfBfrQyVWSRDEap1FKSZ12m5fw-kd-P7Zos-haHkW2sAhTjjInL_cYwIPwgefUw2MxRVnX1nYX1fvTtoRY_YWwIB_xmiQ7ZdxFBTIS3LtFg-BommlhBWI0_XuyjUCLSIkiOXqRMOY3HES2xhuzRDCPm3DeZGh7Dilegk2wzCGrF3umG8cHmzr_yFyIEddcHbfD8_J_nclCznpM4q2jC8BPdJ2JeZ5UgAjlkos5WVe6zWec7XnyXM_bUxEs2nb1FKTA1snd5Uf_oERNJvX7cGmmyDw2-n5-Mj6hsAEl61aB3MRhErW58Hrt6kY5WYS0GB4l2mep22VCtLT-h4NFHX_2dSNOON-2zZby2CqP_p1_8AIV4LLC8bcNW0IB4InrcAk0cCBNXlV8rbE1H-_D8UuuuRV8XEkaPRleSUhdX07sCYMsUhR79FUIANXcaJUZARzOA-LwBslwBJn7mdPMnugxDQnomPmmF9BOQyMyUbRsxY8YWhNauPu9O4vHwZnNfrTViOFthIFGdybONhGudd7K6ib1l5eO7SnhuUp69W0bGk2nkAo-eySNAN2MYa00tPZ5fCfIypYuwIFqfHwqoynYFes5Ate5BNzspzKd2rgGaRZ5lk9HZ_cDju3H8pKleZ-RFjTyeRjT6UVKSvnp7QMYpmJJo7ry0R7D_BdKfgLF85WK--nb4F-AoNR0XqcnaEKIziXmIpcOXDa2wQbJNg0reKwjN7gCB-KLOMMOPe_1_JTwWLOKyaybKB3lNah3FSAF9Hj7zm0rfK_LHsqDWuGYY2CSFhy688E0xyVlvITOakLSFe7DK8qnPi6v8Wap2Sr54zeDBtSJQFzqWESQ3DXS_Gr295Y7e57ytpaay0ZACo1GHJN-A2WZHd6y4Lgy9F_WazsoXRo1OXVxebSyi0isola1XDMUVzxh00dqCmjDeIl24Q0GHuEdkiF_DnxSJqVJZ_lEa63GEXhwMTkeBxNwg3gP1daj-n3cl85WwAwdRBHyy3qp1NijIqgE4mdt9g2h2t6yxqc6Jg2Zpn_z0ultKzHOU_YJnY-SQ5wL10YUFouLPl60drfPBTaiJ1ThS6247D2_GBnB3XTqxOCGAzRoz2UELR2yOO4ifh5FlqOq4486ieHemQX0GDR08UQMOhMBVK7FtWsEC84b6_LUdLlhtUg-l_eJv6hwVDVytImCrxvnhNzLaA_OoGNPFXCJcYHxZb2g3fhvcqQ5lhzfeFOzQG9BlOCmfKq9_5ZKIWkI9voo2dqhsFi32jasr5ypM-myDuk0gABnV2QXUuogTruJrF9t75NKUeF6CsUwR_k6I3dQWoh2IzppbWdZAawmDS9l-YnURXPwj-_H0i9hDthGqFl9z5iHIyh6Gx6TOq-yfnA3_5Uqk3sIFARDyPH-VNb6icjy-nn0oWHdylWR2g6Am8UBtXoGoPaC1Dk7oyZSGQdzRUxSO2o47peRty7v2_9QOak_ZRqDa_Dbl2NU4l422W_DsHNk2P-QU7MPiHZEkiS5eRa2bwmXsZq_74KzWE9jHWrSm_vqxt6n-a6iToMgobv9hwiHOGuoDyENjfe4UQzTDHrjHPe_SnXIPiJIn7xgFftfAsHYNKbKtd30zztYznIbaTkB6Hu7q8r_N7nre3-2PW3tUetPTkKbxLV-SfTnHL597zazAjA93tx7iL5iWA3N0XOyfJRQyaugpKZtI86Dc5h1eb0N-Bo3OWUOek_XK8TNMoA09h-NPz9vCkLTNAlHOtNxNhVsTZT3XE00dTlZmLhh7eGIo5BdE9dLGaEdm2xdjw8dpmWxQrQdcz6LaVnRYBXOLhYh9F2cSREgauAJTUUTBJPioETsGIMSAc8Vt9DZvqVaDXHuaGl0zBxw1WWN9ra0GXhdSoWKR7lc0IrQldpC2-HzgbIzGo_2-KAdvNnVKw3wcqFO12jh9NGJqdoNqaSzPCJGqyqX5Q,,1
2025-06-01 18:59:14,https://mtucn1.oraclehospitality.us-ashburn-1.ocs.oraclecloud.com/OPERA9/opera/operacloud/faces/opera-cloud-index/OperaCloud?_afrRedirect=816730460975039&_afrPage=1,OPERA Cloud,1
2025-06-01 18:59:08,https://mtucn1.oraclehospitality.us-ashburn-1.ocs.oraclecloud.com/OPERA9/opera/operacloud/faces/adf.task-flow?adf.tfId=opera-cloud-index&adf.tfDoc=/WEB-INF/taskflows/opera-cloud-index.xml&_afrLoop=816724474293499&_afrWindowMode=2&Adf-Window-Id=w195w9ril2d&_afrFS=16&_afrMT=screen&_afrMFW=1058&_afrMFH=1460&_afrMFDW=960&_afrMFDH=1440&_afrMFC=8&_afrMFCI=0&_afrMFM=0&_afrMFR=172&_afrMFG=0&_afrMFS=0&_afrMFO=1,Initializing Application,1
2025-06-01 18:59:06,https://idcs-67322d8881824b13b3da16015007f9e2.identity.oraclecloud.com/sso/v1/user/callback/login?nonce=9015fff2-96e9-49c5-99b6-65df3efa57f3,Submit This Form,1
2025-06-01 18:59:06,https://idcs-67322d8881824b13b3da16015007f9e2.identity.oraclecloud.com/oauth2/v1/consent?OCIS_REQ=wO8lYvSueEXLbEYMbXzj6m4cwy%2FkW4b2DBLJVsgMBJI%2BVxp12EQRsH3qQz1cAfrLpqsZiqjXt4mMptJTxHNcm3TDNjn6zkoli6OYhwIkxz2pimtaL%2Ff7Wu2iCB66HRh4DNAOMxM89fB6%2FJh5lF1Y4J3Sp1urpM5eCJt26TrePU4dy8g3%2BSqnu1mFxlSROXY4Lu5MQWiCmlAnUU%2Fc1Hoj%2BpMHjFHV7c9rd7lUJ5qoxa%2BEFNc%2BKp8MECC7kdRhLV39dnXn9zV2%2BDmql6dir8Sm6VmXQVB7mGFwoC%2FIN4xeU6Lv32Hvsd78FDmVcFmDJXBIGJLwz%2Bk45ZEh3uFYPegThpEjzUYoR39AxD32AiLWZceYRnFd8AgDPQC%2BHdhgGCNrnJtQc546FE4vid7H4lti8JKNMhBhIFaeDw34%2FQv4t0R%2FRU6nkBalr5ZIqMM7qR%2BT9DcAh95PEc6t32BUwtHugj962TWinFQ1Cwoa0UZlAZOKUiv2kS2JWlBM4yf0jXQmgCVwphNEnyZi8ERLXYkEuHX9ne5UXcleEExQGmnTyCFqkvjcoY42mlPePNmtbbedUP1pd8DgHMdRVXXMj69YKCq%2FLtFSKfRrnZsPwCy%2BFmFgu40bWjcdR0X78K6jgNonJ1X8m%2FHyPzPpRMsPFAeOhOlNAx71kZakq0yYb5yUMKiCHvERq9ds%2FTvcsRTH%2BtVQiEfGlUTHrXkNSxoyB3ohRwYSF5H%2FtjBHOtrAOzRHh5ydOiZAgfeov2MLlXtO%2BW%2FwvaQZq4DuEyBJ%2FE%2Bg%2B5gMwIUG0m8rHwX2p1djyuYKyH5hJrLQZsdLR3uJbQ0ncW7v%2B5eIbZdI7MB2wZ62cf1ccXuolznLEI5YmsbqNWOIFMMUtudaE55SX5OhO2j4lEcrJZDbYsSzbueghmb1niW5SG7ktnxQ8uUvRuYEgmU6%2FWkug1Aum1V20eYuGhXPsBhxLyYl%2Ftk%2FTMI87b3dasuUpHxqYEN6t6XTJp8SGuYIttX3hfV69fs5zqmKVVkYPNpLAjly%2FT1ai5Aldw9MNSk3%2FK7IXOm1GOqm2w%2B9Q28M8UFiYFpMixsyoGpIgHEslOQ7608DhDV9CoWJ%2FBBzvV%2B5vydq9Hwo4zk03SDs5tM54qpUcjCbHd%2FJcahYQx2Arz5Gu3aPNSumrNHV5Kv7G75MjgQXsqSmU3Ya1LZ4aiNIGVnlwwHAGKt%2FS5EehywcmiN2lflVmA84raozHsx8XjaydPK2%2BGDzm8kJkgScrpqu7O%2B9UmvshghBpVul7aA2I7pD4mE2FwqAdwX%2BolGNbemX0GepYu7zp7g05yzQgZ8nISLEqxD5rFWSB490QBO1cM%2BQs%2BTsyw3PwZ73cO6qzkBGcO59lGF4ZV4L8NqraRCXfbvfXd1Z8QDebbnRGu%2FmiPU6AkT0D9Tligi4VVDWujppkX2FBX5O14NZc7DnPe1RTb4vz0dC5OLYyUI46LLahiUrW%2BijYrR4XY9cK6E8MhBO6GMIcIjtB%2FsUMz9gflBjzg3N8WqkJL%2BjN2Qg488%2FasoGR%2B5zhGujCFisd1Jt2LQAoZPclrpD%2BhWMD%2B0YNvmRw%2Fassz2%2Bmlw%2Fkb5hAgnmyGNlCBfg5XVqjhXCSbhTbq3R1DKjH1eUfKj0aD56kbZq6fE1XbwGH7DWxQN3%2BDi8BTSFUZz1os42s%2BuAhrFIbx3R0WsonnS9LdJrb1WX8DbDq96icaGWhW2O2k3n03Lb9ct1zbk2%2FpcMlg%2FT6sFGMipow8EfZHbu4X5zr1uojTvj3i8uB5HqEHUuln%2BAn0KURh%2BZZuGdlhdhE6v%2BSRNXyX3CJb3i1Hb8cSO%2BYVjVW%2FFhArO3xXcjfjQMRd2i0DAdCjUZvxObCgIg2WtUpKl9vjYeabEcZWqRF%2F7QkfHxflXxM9m9KUbFtcia73VS4OdhYusU8OUVmxngVwBK69ZItQAIib%2BmLhjVYJ4ZJXOzsfLg8GRVxVxrBZFi7f9%2FAWWfKQ73lO8jkpwh9S6Y3donlP7BDRe1jOBcTZqT%2Bpw0P4SF3cZHSYbtv%2Buo9PiMaanqvZZ2xPqBegKeeZioOyaeibBTxdzvjtFQUw6oEDBJhae8W1o1mGW6Hjc7zCLNRC%2Be2AuuK466%2FSy3UAQyi8rcUlR5PPy0cjZnQGRl5iOsXT9mFR0F61TngUl8SNVE77Uaf2ut9rMqwM0PtciUb5NKrjnjto2DWAR0IlnIW6BXObAahdrtGeJvP2S072ke88WWptfqGNJ5tQbzYP1slrpkvN455IuPWyY3bizFVLVL7MjfkOjUD%2F9uZgNYomzRnP0YHoR%2BEJlKbx8Xkf7RgNGVWyBN6dinrkg240xRWUH9clV9pFkSzorFZ0KLaW4evWvhhgZrFy01Peg%2Fb4u8EBuu2MKJ503By8ZZH8qpp3JHBfE2vx7%2Fv2C0ZmUvdV6s1Apa5bPE2MJQP8BL5S4zaBiyjBRSPD%2FAVIe48TWhGLfkRKJjojDfj0AVOHOVB%2FoQG97HCQV%2FzSNIsaPP2WTfGBU%2Fu3MURuN1C5pDku1fY6xWqz4GcBx3i5Pe0wjRoNrf2sCHOb8oTgWC2z52AAWgdJEPAq7YcmY10T8%2BXGO%2BsCOcZf%2BMGKSVs2qbtuEeQHA0wmGx5WY6qgmX8F3Twj90tvZLkIlcUYe2DWretblscR610hmlA0xSDw6zHLea3NMv5%2BWCFr%2Bwjw%2BweEWFatdeqUeD6gug0Bsxhcv6oQjSrpbtHfZoKwRVlutViiBLnmBK95cBeHm7zJW3bhb9ghHoeZ3dkDgLKx5Rc4GX2fQcEJIEogMm97DWB%2FnVWkGSeIPGa5fh%2FTd3i9B9UHD6X7ydkDdZrXH37K7ypB%2BhE59AoMrjOHmcFgLaKE7WUVRR4l2cjyWzih6h5BqN8pf9LSb20Sgxc4lmyThF2K1eaAo3FIOHsWNtDUqTYa%2FQkgpTL6wxImuZ3GjxbL50EYpEeXe3zOCT8uVKYNAGCrNXkrOnGsOvbHkFzCLLd%2BxtW%2FKQOYtw8wr2miKKDIjq5IQ4CJmizwNvyeYCfkrf%2BsKG5eUc7U%2FLlhUOy9JxiD4KNkTvI5MRRuVfcYqvjCdrn1iBSGblQIIt3YQLrx4N1YdJ%2FDxaxxeZs9uRlMOB3XNgkfulLtZjGRahAMphXUjv62sQHMmaBkkMqH%2Bp%2BJoNqFOXLu3othcNXGYLP1DnRq4eA5cLPRhlWzRRb1o1IGj0hGguvkHHwrPph3gLsoAVMrpzrqt%2BtYC6qiU%2FaoNDONHyj2GIjlCtGGVCJ8z9%2Brypo3V0pK4hgF%2F4MCCf%2F0KIK%2FoMqetubfXHYN8oWAM%2FiHj8caPi6%2FCVmE%2FTrWZ6fRG8OK%2FNcPwLDR7XTZJYR3Pb6nRgYer2XHbz3XFeobIGv9hVWvi3vhlsTqpdfRVEN%2BAaoo3ldmySL%2B5PfycNXyqdj2pHUNgT8TUY0vKm9JXr1zy6LDwePbo5UyqQco0GHnNBVfQR3jRNhEyBTamwQbArthsigjRxnmizF3CSNgGm1%2FHQ4NkQHP2nv%2FlSSs9I8fkd%2F6XRsS82vjWZqIozV1JjP9Ynglx5c4pt4%2BULGu9DBUmF1ZRjGx2lQHhkuKsOxoZD69h86YvxMVoxLDBGlMWhUFT%2FbrweJueafKrqcwJ7oAFLGlPjZ84Wa7JTU8Kilidc7BBd7ZAEFYuBqArGU%2FavwZXyoWTN8Jw1r1BNUkmdaGJ78bR2FOFYootlsy6SbhgWQ9wLhQTmTzeWZHg54GqqG9Y93EDZqog7IShFeutkh6xNABFi%2FmEpbNZu%2Bfna%2BEXnAMnCjHruO2vh%2BhlMmP8uREdjjROpDaS7ml5ZR89Uqgl5SYI7%2BSnXM%2Bu8um%2FHWSA9A%2B7NVXRxyEJo7EESM%2BdsHh0snQG%2FNZ54sxNbiSYFDMtWYjdloHE8Kw7iS3uoncX9JT8zKntG6zjAgRbNMDONEIfJZQXkiZov9H6ZqGGLUSMyEngzFyZJZ9Ib5n0OcMAe2UJfmoiiwXdBX6q4Z9aOmrBbwfBd6cPJDaKsLeTf48YwsY9HHnsfwD%2FKfT%2FdjVM12cgIRXmrhniQy%2FK%2F2zzqi9QUHLXqwHgR8o%2B0UdszXtbKvKx3csLGDXGElsDcTwgSuhkDLwte%2BXgkgy59uUjp6VIjXRPbB1riHqr0rs4OOdKSkI5vUKglH%2B8ZxeQMyHivGDzXSBUllXcRAt1BLCss5ud34jAN5WYWSBpDhEA%7Etih7pRrhtJRyJWS9oVkbp3vZ7LsRrdkA%2FM5zb8%2B6n2U,Submit This Form,1
2025-06-01 18:59:06,https://login.oci.oraclecloud.com/v2/storeLoginInfo?redirect_uri=aHR0cHM6Ly9pZGNzLTY3MzIyZDg4ODE4MjRiMTNiM2RhMTYwMTUwMDdmOWUyLmlkZW50aXR5Lm9yYWNsZWNsb3VkLmNvbTo0NDMvc3NvL3YxL3VzZXIvY2FsbGJhY2svbG9naW4_bm9uY2U9OTAxNWZmZjItOTZlOS00OWM1LTk5YjYtNjVkZjNlZmE1N2Yz&access_info=eyJraWQiOiJTSUdOSU5HX0tFWSIsImFsZyI6IlJTMjU2In0.eyJkb21haW5faWQiOiJvY2lkMS5kb21haW4ub2MxLi5hYWFhYWFhYWN1aWdwb2RodnY2bWFvemh5NmhlNjRybXVoa3c3eXRkY3V5ZWx4bGw0Zmtwa3VvZDZteGEiLCJkb21haW4iOiJoZ2J1aWFkMDJwcm9kIiwiZXhwIjoxNzQ4ODA0MzU2NTgxLCJpYXQiOjE3NDg4MDQzNDY1ODEsImFjY291bnQiOiJoZ2J1Y2xvdWQwMSIsInVzZXJuYW1lIjoiS1NUT0tFUyJ9.D28akJQ_TIHrcJAr0SCtl5e8il0hNM23Ndypl9JNanlUDtxtgaoI6iFuge0mk08cisYY4UXXAhoA6n34lhTc7NfusgnGKHoeAa5iukcXBqm-41lkkF3xAlqjDR9wyB-aeyXzdRpKhBkzKw413Vh-9sVqT6FazJa5fvmjkvl_9oALRmhamO1W1NxRIK4L9xLBH_7J-x7IXf25P1I6fx1Q4Tj4aAaBUc9QrEE70ldE9xGvlIcczCLO0lyBtQh8uvnDJd8w19A9L6Stw3b8Sh9MV2IKYSAa7ocHndCvK06DjyA0jtJjxVMIkaE6ciFNq5a2Ffm8GbzsyqofPQH3tyMo3Q&is_paas_login=true,Submit This Form,1
2025-06-01 18:59:03,https://idcs-67322d8881824b13b3da16015007f9e2.identity.oraclecloud.com/oauth2/v1/authorize?response_mode=form_post&response_type=id_token&scope=openid&IDCS_CG_ENC_VER=v2&state=O2W87Ef2oH6mUil2ZjyLeYBkEAzorkgt35sekpmX4Ro&nonce=9nwzHgbL9A-R-FxRsuf2df8ET5q7NQa9VpuBF6Vej-A&IDCS_IS_CLOUDGATE=true&X-HOST-IDENTIFIER-NAME=mtucn1.oraclehospitality.us-ashburn-1.ocs.oraclecloud.com&idcs_app_name=opera-mtucn1prod&policyAppName=opera-mtucn1prod&policyAppTenant=idcs-67322d8881824b13b3da16015007f9e2&idcs_app_resource_url=https%3A%2F%2Fmtucn1.oraclehospitality.us-ashburn-1.ocs.oraclecloud.com%2FOPERA9%2Fopera%2Foperacloud%2Ffaces%2Fopera-cloud-index%2FOperaCloud&client_id=opera-mtucn1prod&IDCS_CG_ENC=true&enc=xggkVDO_ppzwAgAAtgIAABAgtgIAAJwCAAAQAO43dJ0Cm_BYHOmXffysluQheDHckPB3rKlLotTBXhGRpgINKK4vMumFyQcqgBaXXB2hmpEP49sQBbDoVdtSwrBbT30P3m5jqkvuKgdCaMZROK5HieGf2ZCGfjU15fY7OyiozFjtvsHApzprvIIZY7_Lox-xptlbKGAiuN_16zNWcUTOKnCHMCe81LpJHRXnSOdRWlDGBM38_Do3JkqgqeDf0PewZr9Bokqvl_rhqnvagD1ERXdzLTfQ_tjfG34SNvykDZ0EbH8SVB0pijHCsbUOXpM4rvAu48_hxhZ_86EM1aaDQik-HV9oxj2ZvGnA1nQK_--tXqSO2PDcXJOniN02xwiSZ0UpFKo08Jrpb4vosw1Fl7KoEvUywkQYtd2OZWWCfefmqABgKe53xac-8grfoGLol135iO9sHszeFkxe21Og5ULcFdSELct0lNV4rLp6tYIwos23K5D68w__fW_NnOxBlmiryZF-TGugjsbrFz7Rku86E9zJQ0LzmlI3kpXuh8opCb6UspGfnUcVg9f3m5X216cAQE48kqLr8PFZWtnJ8-80pQuJB5_oG3-cRcytD-Cy2pmKp2hx0rtL91pSeI5UsoxhcpYYvZo9fNMI5bHQAWTIgZV1Ptf0_QOFWb0l4ZYG-HMdzV0D-YiioOGSwyS81AQv7SvwpSOcdpiAsDK_6ybkK1cZ95FjbFHeVFvXU1xzTA-fElOPyf8YOidIDvEuYRsdDdbrh8dG0qiw0nu89A8PC62Ts23FXdKPRqzeXzibZO7b9KwqJiLt0jW6D_pIBQ7KkDFbDUWzGMuK1Bf_1jjbOo7tnfGi677iirkXS_EkZyJyCTyBKurul0HDPGZhI1qynm8VtNy_1_-E_rAsyTwK_jEpP5y6j7f7aMdQsXHvXyHa-Ls_HnbHQ5OjHU9zAWFWuZYgXtsdBfg1Egj4OqAIaXfDDBDdfctM4SlrNRtYJSNag1-_uw,Login - OPERA Cloud,1
2025-06-01 18:59:03,https://hu05-ssd-ohs.oracleindustry.com/oamfed/idp/samlv20?SAMLRequest=hVNdb%2BIwEPwrkfuc2En4CBahokXoOLWFO6BCfTO2A9Y5Npd1Cvz7c6CReg%2Blb9ZqZnZmdz28P5U6eJcVKGtyFEcEBdJwK5TZ5Wi9moYZCsAxI5i2RuboLAHdj4bASn2g49rtzW%2F5t5bgAi9kgJ66hOSorgy1DBRQw0oJ1HG6HD8%2F0SQi9FDZQmlfZM5Vals7STeehFoBUDnaO3egGB%2BPx%2BiYRrba4YSQGG%2Ben5Z8L0sWKtOY4rJlNX5ut2UAsnI%2BZUvxMb9sRDrYgzzirkULULsv4ASTQQNvIHefDR2%2BHYSz3GoULD5eD8pcB3%2BLtr2CgP5YrRbhYr5coWBqKy4v28hRwTT4uUz8TpRh7rLXxjd44%2FuadEMAEdo9ePuMa%2BnVanDVOeK2xJaVhRRYiQNuArwnfi0zgFrOLvN2OUpI0g1JLyTxKs5od0BJ5w0Fr%2B0BJc0BzSY5UiJcv8X2NF%2F%2FMg%2FrR%2F1z2i8287Q0O%2BvCPyG6nhC9iFeN%2F5K527mbilctLlC%2FPafcGY3aZEpwCHv9NElElmVxlnS2cbpNBYt7JPbn1S8GMomUuPI%2BsnNta9EEp51Oin3yIf7kqr3yF994NllYrfg5GGttj4%2BVZM5%2FBlfVEuHRlfX%2Fdxj9Aw%3D%3D&RelayState=bghI&SigAlg=http%3A%2F%2Fwww.w3.org%2F2001%2F04%2Fxmldsig-more%23rsa-sha256&Signature=Y3n3FsYHvgENVfbUCQbJ69SBA2TXI7yT8J36rQ9FLfekOGNG7VeTy1sXM7ea3GrxsNm4TlbLZDkK5z7RpQFJW1mR0ehFmxe4tUwEnG%2FYdahEBdQziM0uh1mlrObiVwyMZuZ%2BG%2FSgjYHUnIOYeZD9eRANeFs6%2FUAlE8WcG%2FfIDnRw42UCCewc25KsgZIy3hl%2Fu11FrrkGc4tMZjvPIbHptkLCj%2FfkjY50s3S9GqLkwkfBVnnN%2FghpjjRISOkKVTlLoNX%2F5PMz5Uip2fkAmtcDO8%2FPiZGRbSC8IWMagAyz6tqYTOw1jdxEaekc6q3PbNEJ1oBamLOjlYYBeIKZ4sy0bw%3D%3D,Login - OPERA Cloud,1
2025-05-31 19:11:25,https://idcs-67322d8881824b13b3da16015007f9e2.identity.oraclecloud.com/sso/v1/user/logout?nonce=b7af377a-4384-4dd1-aad1-aba2909c1e88&tenant=hgbucloud01&domain_ocid=ocid1.domain.oc1..aaaaaaaacuigpodhvv6maozhy6he64rmuhkw7ytdcuyelxll4fkpkuod6mxa,Login - OPERA Cloud,1
2025-05-31 19:11:25,https://hu05-ssd-ohs.oracleindustry.com/oamfed/idp/samlv20?SAMLRequest=hVNbb9owFP4rkfucxE64BItQwVinAF23BarCm4kd4pHYNHYI%2FPs5QKSuUtvXo%2B98t2MP709Fbh1ZqbgUIUAOBBYTiaRc7EKwWj7YAbCUJoKSXAoWgjNT4H40VKTID3ghd7LSf9hrxZS2DJNQ%2BNSFMARVKbAkiissSMEU1gmOx48L7DkQH0qZ8twMidYl31aa4RezBFoCxUOQaX3ArlvXtVP7jix3rgchcl8eF3GSsYLYXDSuEtZuNYY%2BlyVKsVKbmO2KyfmhEOy4BmQQdy2aKr77AA5dOGjgDeTuraHDl0VomcgcWFPTHxdEX47QaCgjklWwaytFbZkpI0WSnHFBK6XLs5PIwpWkSBl1OT24jdjRMxVGSlUsunSjQ%2BBBr2sbEh8t0QAjhD1%2FA6zn9tpec%2B1oGgJO7Vkc%2F5WT0%2FFblvt1%2FGOyWs%2FSzazaJGxtg%2Bu98YW8tB5kWRD9ebRmYljTC9Q0rbk%2Bg1GbjNNE2b2%2B73k0CAIUeJ0t8rc%2BJagHkXkK%2FXTAPIfT694te5LLijbBcafjuyb50H3j6mbxp9GNpl9aRA56b7EgPB9TWjKlwGgeL5%2Fm3%2BObwpW0ffSxQZj6IkHZaWQIiokdJHL%2FS86jJ3uw1vNqn83J82Zfp378e7rsr%2Bx4vOm9Xsne7bfD%2F37S6B8%3D&SigAlg=http%3A%2F%2Fwww.w3.org%2F2001%2F04%2Fxmldsig-more%23rsa-sha256&Signature=WRmubxRTfPgLovhey0y0IHMHxk%2BURHDjvpmxmoJiKlvcOutIBGQFCuUZ1XwNxEiaLBiEvS0lgC5EHJsU3mLc4DQNHrtFytV3rhQr8otX%2Bged0KAiOrJlrADty8vLF0JRLLdj9vOqsi5pyAEPFxuCvFk04Zk7d4jH8cyhhOPJWnb5GJQDF54REO3T0U9fOgrgUQSDQzg03%2BRCY60EN9EKJsVpR9y1SoLgQ2iGdI8RHima3%2F1QrYzDWiD3jNbVWBYmXQlnOMHuM5%2BDB276R12GHCokYzDp2oplXPohcIAZhsyozaa49sDEIvxbsb7IjOLHi79ckf0C0sR5pRy0su4W1g%3D%3D,Login - OPERA Cloud,1
2025-05-31 19:11:25,https://idcs-67322d8881824b13b3da16015007f9e2.identity.oraclecloud.com/oauth2/v1/authorize?response_mode=form_post&response_type=id_token&scope=openid&IDCS_CG_ENC_VER=v2&state=YYZJpe4msEatgWm1pKZqSBQlMMsCuVY39Tt3AcviTuQ&nonce=A0aCGx0tPM8vBXcoAXC9Jg_aRRHhDFZLEBEU_wx9C0k&IDCS_IS_CLOUDGATE=true&X-HOST-IDENTIFIER-NAME=mtucn1.oraclehospitality.us-ashburn-1.ocs.oraclecloud.com&idcs_app_name=opera-mtucn1prod&policyAppName=opera-mtucn1prod&policyAppTenant=idcs-67322d8881824b13b3da16015007f9e2&idcs_app_resource_url=https%3A%2F%2Fmtucn1.oraclehospitality.us-ashburn-1.ocs.oraclecloud.com%2FOPERA9%2Fopera%2Foperacloud%2F%3FTPLNG%3DE&client_id=opera-mtucn1prod&IDCS_CG_ENC=true&enc=7DqKZ9Z7ujfUAgAAmgIAABAgmgIAAIACAAAQAOgtP0CbDlPhua_UGZhtd3aPiRDmK4RIhmd6_CmI3bH3CAkzsQt_ZzFTES79NootHxkHc7_Pj8yKOpSUEoLysQXF66cNYtiBqANbw6it1GS3ANi4jAAEgiW-7FPkYWPWxSF8DiapMkpJN4hrxR3arBrdnCTkz5pXq-eN9uR0RDScoB1sH8v_FKxqyvjmuhJONSwxQAOFr3tYHC6XGQ1GMdnQkNOZl5AFinMEqrz4bUC3KO7IhPyBjisi9FaubE0G_waLfUqvGnUcsn1aQ2v5wx7ASkYMjMzOOyCky1U49-xrwbNfvnRiavr6uqEsnoske7xYgn7XOTTDzsiC1te516XIgRMkueH2CW2__t-peU89RJNk7nOvhoJPdYeImzjqEOSDpAkUHsZZv5_kab-m1JI9spobnxy7njbMSuGbplhXKmIaFaHHwi54UE4Bd1NM4o5cCBYupdBiI0ju0w7BB3eGWnFQv1dQOwTa0gAZhcvR9ry6n9QLVPWcHJKQNwk4bx_wMfBoqVXgg8t91tOsOaVz-grCAjm2OIB5WId9aP-W93WTEBNWl6XmNu2IZkhOtphtRivKnnRhTynvcZZbLQH_zx-RcrlOBvN0TLeVmCdOBF97ISSRhDAOtL5Bk7WGXXKxFI5-zk2xG3lhxyflr57_CL7-QobnUS1p_oKlD9Ogs32usayvRCocjPV4DjJBxVH_Ter-27s9KOdd468UUcYbB9OEsI4s0TMK_ONXL3ZSuNV2D5GwUeGmWBjTHvlNW8eOkuffYrd1Ni889C5kTSdhrrYHmCyZD3cUMZHlKRl8F0Z3WL7LtR-vYy3DzQuMODjI26gKaedTYxYhzGJTasnFZkCWONmLgfVFkD6WAyy6fTz02md8Nk-J9IouoxnuxOdkvoJKsE6uRcCq1GhsFiuZdolgmjCJ-XQ6KFn2RSHF,Login - OPERA Cloud,1
2025-05-31 19:11:25,https://hu05-ssd-ohs.oracleindustry.com/oamfed/idp/samlv20?SAMLRequest=hVPRbtowFP2VyH1ObCfQBotQwVA3NLplhW1V30xsiCXHZrkOKX8%2FJzRS91D2Zl2dc%2B45915P718rHZxkDcqaDNGIoECawgplDhn6uX0IUxSA40ZwbY3M0FkCup9NgVf6yOaNK82T%2FNNIcIEXMsBex4RkqKkNsxwUMMMrCcwVbDN%2FXLM4IuxY273Svsidq9WucZI9exIaBEBlqHTuyDBu2zZqk8jWBxwTQvHz43pTlLLioTKdqUIOrM7P9bYcQNbOpxwoPuaHjcgIe5BH3AxoAerwAZxgMungHeTmvaHjfwfhbGE1CvK310KZy%2BCv0XYXELAv220e5t83WxQ82LqQ%2FTYytOca%2FFyWfifKcNfvtfMN3njZkHEIIEJbgrfPCy29WgOuPkeFrbDl1V4KrMQRdwFOsV%2FLCqCRq37eLkMxicehF0nolk4YpSwev6Dg13BAcXdAq2WGlAjTH%2FRzSPNRDr%2F508spXNDVuty1i%2FnXQ4guJ8R68brzX3F3PXdX8ar7Huq355Q7o9mQTIkCwtu7JI5FmqY0jUc7muwSwektof687vYTGUdKXHhv2QttG9EFZ6NRgn3yKX7narjyb77xaplbrYpzMNfatp9qyZ3%2FDK5uJMKzC%2Bvf7zD7Cw%3D%3D&RelayState=AjDl&SigAlg=http%3A%2F%2Fwww.w3.org%2F2001%2F04%2Fxmldsig-more%23rsa-sha256&Signature=HMda25E6H9TD23FutQ6WONefxMnf%2FGQrj1MT34%2FdlZkh%2F7BjFWIaMcQsARxGT%2BHXrzRBEmXVBCIXGm81Ev9IceRROdkvWEOht02gjUwMjpjLex1Bt%2FGK1zOuIBiw5ZIBTG7ynYiGsX0BlqwXVATVjZqLdeMzdw%2FINXthvqVLyPJNcx%2FNFCJMmzopnKeDeeCRBK5lBB9zoZ1hunuQXeqPTlptfHDzzvFnPwC3PQsydSAXv1v48SZ6j4IrbHLhxJ2w8TrqmtlEmMbW0tz70k6papqCOboEUGLO3DtQCYZQpFIHP%2BeKUVZh6A0esELCmHFGpAp%2F%2B4KSx5UffJazVpJkCw%3D%3D,Login - OPERA Cloud,1
2025-05-31 19:11:20,https://login.oci.oraclecloud.com/v1/logout?nonce=b7af377a-4384-4dd1-aad1-aba2909c1e88&domain=hgbuiad02prod&domain_ocid=ocid1.domain.oc1..aaaaaaaacuigpodhvv6maozhy6he64rmuhkw7ytdcuyelxll4fkpkuod6mxa&tenant=hgbucloud01&domain_stripe_url=https%3A%2F%2Fidcs-67322d8881824b13b3da16015007f9e2.identity.oraclecloud.com%3A443,Oracle Cloud Infrastructure | Sign Out,1
2025-05-31 19:11:19,https://mtucn1.oraclehospitality.us-ashburn-1.ocs.oraclecloud.com/cloudgate/logout.html?postlogouturl=https://mtucn1.oraclehospitality.us-ashburn-1.ocs.oraclecloud.com/OPERA9/opera/operacloud/?TPLNG=E&TPFLSCRN=Y&_afrRedirect=774271925248974,,1
2025-05-31 19:11:19,https://idcs-67322d8881824b13b3da16015007f9e2.identity.oraclecloud.com/oauth2/v1/userlogout?IDCS_CLIENT_TENANT=idcs-67322d8881824b13b3da16015007f9e2&X-HOST-IDENTIFIER-NAME=mtucn1.oraclehospitality.us-ashburn-1.ocs.oraclecloud.com&IDCS_SESSION_ID=fd6155343bd34b58a5d22028f114bb9c%3A8df87a&IDCS_CG_ENC_VER=v2&client_id=opera-mtucn1prod&method=encrypt&IDCS_CG_ENC=true&token=DZjPt0AZH3MECgAAygkAABAgygkAALAJAAAQABtba1ZfPZqTah99Stkgu7ELoVMshqsJg4QA06iaN8mYBEmJD4PX6c2AxyieDKnl5HoPswnqo_-Uc3geBaOZEcQIBzAkJldEsrjrVJf1R74RGGd7l-peBlWsND3y6JQF3irzBSGtFk6ZuqfJdOrezsD9SIsLpXEImij-Nj-Uab3vzgI0p8dQV9PSwidUUu4Fa1DxfpmjytubhQpYbLA2fqjEWBVWECj60knWQjdH0JtEHXRQRs53zhruMz3E4dqVQRg7SgG7hdRyaDBstWpI1nxRP-To9P7_IaT2q15uWyQbbErf6bDbjRBspQ_y8K5G-BbM9Yl0xiOGY55JNSlByeog3ijnaC5NcszYDJrhSTlSMzUj7HJD_gJWXec3PG5bvWd0Uocb9NCOEvrHAs_0yXiFjqYGl-r2dWFSUrpS2PHnzu4mdmQYLBIcQCzF2KqasAr-565p2CZzWK7FMYJI6i73NsEEzeqMyOiYzEZu4lY9A1otQs6yv1sWABrAEbdyvilhBJJtD1Vb_4CichzvY68xerY1XtD0sANoEDDt3m_sFnKf9tZcLac-odAt6sAwfXGKi8riWhqZXJI5TWYcwmyAGnD5O26AljDYW_JflTwP176DI4lftxcnATD1OgiaFpynKiIP2CiGm59BAAMQayDlxR8GkSEL4lpknafKa5li_jE5EAFWE1m01yvDB_5hLIM-CBvZjUsAjdAJixui8R946FZdJ5Dw3Ew-bcd-WKAFLSqfsVSJl1VmE2A3h5weR1CEzsHDhY0r0CmM1dOAISn_rSHRnLoWzBHIN6_q3XBmTP3Px3R7KSA-FC8DWpU1A3wbByfe_2nnqKHnYygVw090nBatBCJO2zS9MLJmphPJjQffvf_pOENf3sZxg_FWeCKKOZiiYxCFHMoNZAvwbHg5XjbVn_QzRKMxR_IimBLMU1qttm1DYVTzEt6FpPLnAdPnDs1Oe94TdobydThN758bKIM1TxrGVNK_oXDUzyvgOfAcUXYpofCnLm5VDIRdvMBZNbZJjFpF3yoeVSR7KDwfmPLYd2IHJjiJPpSs2TNZVsFa3YXSlb00sTgXZga4lNLJHX33Hz28rzxVKZxHNwsj18LBtZDRofpGj2P38vJ1J6PC9pp80aCY9C-YD3ZHHOx9PKdrazagbZyvQh-pF76CG_D8vkMwHzx0x_NP6gTF8RST86xmmv1UqCC91L0gAjj_0OhkKDwOSSZX4w_oDcGjs-0QlpTQvaM_dvqlcl95QkCivX1X1wTllBhU8TSqZFRvJWP0yQHlNfo4m-SmSUoSLvrMitnWcPZoIeUPR7ZRwturwZRELTrI88_1h46690pg9sRoaby8Q2PL3Tu3PBcNJRL1XhVAgfukea6f2x6wAsDqxYcFpncK_hDBw_SbUguumdS49aeNK-woVkaNhutYyZNAVk6gYDXhygPf4pr3Bgtl9K4OZm2S_p6P0JEJ9Q7aMcic8HAhKm8guoJ5IAHAwsDyz-imcsZBKrGzsCcFfslfXU4hhfUBNCeYBwCUrQtX_ywr3YvthZ81j7ZtbIU_-pLll4zCMbAwNIV78KQr95Z2Ef4XxPm5C5mI3S7KX82yEodX-7IwjwbuoiHBYL2LNN7QlUD9g7voLVAhmiaCgnuKbrom6cWoSwMAEZLe5gzoLZKhv7KYmzlkqZ7YfjCkqMlVjEqFquwh1neiAGZdNQf7uLo9jBeGUDMqIsqRJa4rFTGJVkEOzP-cOUP4khAjVaF8WK1HqzjljfmLIUWGALBUQXLLeN90Y3sc9Dq3AQkPic4YeTWHA1NyGPu7cJNcH8cE745IIGUEs4T6IX-Ty-76o8Lxv_0_lGv5_jzsn4YR2gTDVUzmfSAeNqU9C94zq-lA6qiQ2VamJeq2xfBABLxIJl_Bm34u-L82rhg1E7_EFMM_eeVoPSk84ji9TKbm8uG6QqIzy4dzqMja_89dBl2cwP5mbA8mMtJbaTYl_zXSsZNVpKxDvNqJ9nb_FfmozqIHwqnh585e4zmNx0swOOw4tE4IOP820HlEFpRj_YbAFyrTXgSjc4A27Nf9NzHjf_4MfwhGC-6aLNHYJAGLi96A3W9C9wZPoYH_AgVR-KAou95q060B13KmJM1QMx9swdqKJcDua_jA9tGnmHK5_1mnnvtqsAZ_MSSIq1CdsilV6cq7uJH2f15cMvpWAhe3M-bywSHbNVOhe_9jm1ZO5w30F9iY1H5AI5GzDs_KC_0dqWWGJrR-vB2hmhGGWbxjDYoDHvlaaqgWptU4hwFi-e9WcMDRQfmRXIMHBRLl9CjFdqA8LGEodFjzg3UFBikmYs-pJ45Wz4iC7rx5EFzmKys9JXz0Un5inDONxptdp6Z9bXFWwF-pgaH9dy2fBUc4SAunwM1wwph7QgSd6Rl9Uhmpo6ATJFUWBae3klYgsY8XoRmmyt9d58AtPz6-wma_xvoOiZckdT8Dk8Yd3MoBK-h5VAiCXByuBLstFkz1fUrYFP1Sk9jTEI4PsiVh1bmLNXvaa4V1StE50bsnbLt5KdpPlElxzXbFs4i3q6tsVGwfI684vyyGSqHbT1tTmoYr7SBkcOFYWwsCMrwxBW4NOskJmJV4sHikevihFeHKpsNcuw4UK3_YX4y1ITeu1if1lOn-_5h2GFfjLXvlt_t24aAHN3djLWSBxUrqPU605Uy5HqsSWr5MYQj-YohnJG4-RCDsEA0pT0Bv_gFf6pOmajS9H48XgHBwuuvPla1YVnyUea2ZOoPcL1UK7oSScWtgzYgpf6OZ77veDxYLlvkoDHpVyH6B6reTzn_pUY4NzW2x3i5PO5tc5AmUeEhUB45NC6xoD5FVGxO5hHpluqDMvp8FtDcOjMx5qI5gf3JnwfAsYYxJiOjUWBpHGZz5FpdrpK16tY5pajdioI6Sb1V_fWeLgEToTyKVmGKnB_79LBUYneS33xdykrxzG9bi8tvWgZXy-YtOURgj6QoC49IDycg-2k1X8rULgyc736WdXnCxOOGNdpTJTytsJ4XHg-PAqHkPrEvmmIfZqEtCoqUBUUL6rUWWp2Cv7T4dQvVwbNhPptcOtt-Mz1gDPy1hZHYx0_RDwiiWflHhRyqBc-Kwb6zjNV7lpWRpPxeVfivk0hhbTTCJtutqxwkZsdRx3UZlTf6Co8P1DYXZeBHUIGVXi8ESjrU-MJr3HTCiH9h4Mw74lAz6M-O6hXkCqbQzh8Yf-XhwxVR-XfEw8uuzZ0zpTYFMPn3Uv8uuEV9QsuNSZ0azMDZBXrz3uiYNMt_UKnFNnR4mf_hYqCnITnzjo12rQeFWIb3Ieq5bqrpLO6qXvu8LIcFsNhne8xmV1uf8h-IpSCgRq9HUIZO2NwkIfQrOsNhigehKfiZYZ4UUOwTtfA,,1
2025-05-31 18:44:56,https://mtucn1.oraclehospitality.us-ashburn-1.ocs.oraclecloud.com/OPERA9/opera/operacloud/faces/opera-cloud-index/OperaCloud?_afrRedirect=772690001486076&_afrPage=1,OPERA Cloud,1
2025-05-31 18:44:50,https://mtucn1.oraclehospitality.us-ashburn-1.ocs.oraclecloud.com/OPERA9/opera/operacloud/faces/adf.task-flow?adf.tfId=opera-cloud-index&adf.tfDoc=/WEB-INF/taskflows/opera-cloud-index.xml&TPLNG=E&_afrLoop=772683424673229&_afrWindowMode=2&Adf-Window-Id=w6uql0x6sd&_afrFS=16&_afrMT=screen&_afrMFW=1058&_afrMFH=1460&_afrMFDW=960&_afrMFDH=1440&_afrMFC=8&_afrMFCI=0&_afrMFM=0&_afrMFR=172&_afrMFG=0&_afrMFS=0&_afrMFO=1,Initializing Application,1
2025-05-31 18:44:48,https://idcs-67322d8881824b13b3da16015007f9e2.identity.oraclecloud.com/sso/v1/user/callback/login?nonce=f731ff2b-f49a-413c-a06a-87fd7e6c7f7a,Submit This Form,1
2025-05-31 18:44:48,https://idcs-67322d8881824b13b3da16015007f9e2.identity.oraclecloud.com/oauth2/v1/consent?OCIS_REQ=fLAQ4ZPoDFFEbcT4eIjQ2ebS0UuOKTZKRUa2KeY5%2Fo7pHJ4KsdEUqukZjqSP18TJyFoSYJv67JBvhJ%2BYKs9rZgxh%2BJwWLWCMIcX7Tahi%2Bwezg7Nz1Xr5et3dAO0bvk3v50ifdgTEocBHxUIrW%2BodnNsxvucPKcbZGWSNmPpaRqlYyJcbzzlwbtlrA941me%2B6hrrmYyiBXy2NFtT0wU6khzVjr6FSLUGp7XaD75RxFR8hIOFaexWHS77PIVTgfnKhCtdlVu%2FfpsnH%2Fq7FwDRgT49nAWU%2Bw%2B8oMKz09mB5cITkqvjohjWPfRZM6uEZ85GcNhaHuHxF2zAG6THTCVVfQZOM6AYieeNU677%2FpMPFNtKJl46WwEsQSVYdVHiFFjugpVwTvLTxnhauWPczc2PUdI4OxB1PXoCfsWIkCNSqh60cn5wzHuk%2B7mnqrF6ZpEq2GZKZ8L9YA6nKg%2B7Jc0G%2ByoIAqIbkegindxOLVRfDkf8WJ3hPn%2FpRcGts2h3BEsG%2FFCEUa2JDHO355E0V9EFPHZlfvqEWlJLNsRgGBapd12NSPY81uBLZXoKy81UIEGedr2MmBOrb66UxYRlgBuiCM573mEFGyMwytF%2B3tjZw9ETbXld%2FtC3FXuxRcu27JU31rbpxzpvf2ov7VxNFSheiuc7a6zoD%2FMYCpsOxlsjxnyM%2BDwSEzoXcvHgFjKhcsMKMHIeKFL02cpWRXVtuAnXqc3rdVA0YErEds%2B3z0dyfyfoHqUscsoKlXYekBxsHOC%2FV3hUxh43CLIXLI6HOKM8Bd0UAFdhT3JP2GsxSFZ2JkwW8FLjksRvqJbQkmK2A8rPQX%2Bt4k%2BFVa8SbAG5sdg6PF7ig%2B5Kh2jY71XD4FhBogSlk68Lm7RUSS%2BcA2mE2W6q%2BmzGw08lmEwOXotsdpBG0VP2rvmW5XhYHrVUutntq%2FnhK0qNiWAcaKJG6HfdiH4FESjs%2Bqu2TzIRk1EpZaTwo7%2BN7ApeJLlR8v75bNfMwPam%2BDMch%2BnhVvh7qFhcsLP%2FUC9d53QpdChnSCriJrnNV9OO6N2CZVmItdpExclbK3OdX3xI3hch8Pjc8GcDY2NS7rkLxc1DSBL8S2qtzRSYpkS4QBNFQGWZkqKGzpA5Rlg7A%2FfWwR1LY29IjryPzkm2SvRhWnjbaY6jBunC0Vf7x%2BOK8vGzG2zJNjHqv8YGcUPviEPECxhIASWtwi%2FYz75qZWsepubvZGVwj6HIj3ODwK2tiGmNbuhBFb105DZF01wVxNAkonVu82%2FnPpxQt3CTcL7E8AZ8AWZGfbxUFXfeCN2SUqd5GKA582Xs5yEAhbTZL08X%2FsleBmPodXqlEtdZPaHWg0rAnxx1lCIm7IxKIkYTW2CbaRBVBOeRkTiTX0PYaDsk40IVBYm1SYWMGiGJ11nk8R%2BHkRvtk7I5uU%2F2%2B6K6fU6PutODQZG%2FmTItBGQ%2BMOPmeXVtoD1cnTPctQMOvNzy8KGQ1mOkh8EvJTOYEYKYslUnzrWo1PmdEjg1QREhZNS5py7Zk%2FuomE4wBdDApb1rAcNYMmPmtZKLS5XSn7xBR%2Bs70v5uLKsI4MrlqqVWZxtjAKjZKLLR9cXm1tdY%2FN32Br5d3l2ThDMtLOOJ6i56d%2F6fhRDCOdjOSzmUj%2B3YpqcAbBMgSU37jMfZO%2F1cCmM3ydDcVLI3XXgs1zgCzHgOYE4HhEuAyFh9UtgdrK1EjuTAc%2B4FOfyOZM5cUrnnfk%2B0Zn7DHMgFi4Tz3j9EKbPqTjcE2RfoYPFeIjkTOOtPsTAC0Z%2BpXNFiVAi8tcgqjHPpH6suVaIKij0BmwFs%2FMwwz5IxJacw2VT1dtEupjjdyoiqLovVcMcLEns1%2FGMXGpOfntSxozmge%2BpKcdYuQfUGHXV9DbpgmiHjmoMIMcXrK1A%2FLc%2FEDPTCVZ%2BBS3N5uCnW1KoJQoBqHjw0gQM6wI0wHZh0NTxYSmD7y2dgAct2oCumzCnY%2FpyAdxXGCtehGhFRSHODuCp5y6uv71DJnL4gNcjUHEcQwHYuR%2B4OW0ggSwtqvv1VebDixGTIDI7ErVBzAWf59iAoDY5b2AO8xkAr2gZq154MJGu48uT5WbJIkXLF%2FGATiwNZmhzPX%2FhJ3R29ArY7xHLwFnmfdlHGhaRrLwWIe5gTvGBfsDPWK2sq1v6CoA6P5slk1%2FJgkPDJ92V36GYwCGfX9FzT2NYpBWeBMxaWZMhm4LZdmTQBpZhphULuKCTsAo%2BJ3j6zDcsBJon1VWYR86Zyq63vxs63YG1mjyV8K3EdcLuLdhzUgd9Co%2FvEOcVPYOMYFDwYAHVg7P1NPYeCTiwBLWY5d1q1rFPNnZ4Ubxz8I01avKnhVHUMjUSKXE9Z%2FqI8QDoiONzjgduknDfzUbpv6LRos8o62bIPAmzJWLMQaHgFRcrd02NP0W%2FEjD3ZQEHwZXMiw12LVKNIr%2FFo1azPQWHRVjfRw1MDglX7tvtuO75AjDiUuknrX8IfwUly2nqWORGKFPUmlH896il3Yd1%2B9xY1hIAyDbnoEUcQBVqCcBa2pMYHkCR44yckU15bIJgFoRyjaCQITCxzXDknJEXxCvzhzjJr5aSQGEhDn%2FSVkc7ny25bs37EE67DpJMiJP0pDWd1QMXNmudGHHRzFxRnxlNb2BK80cXHy%2B819ueUXFx9k01rHFefTIFDA4YD512neb%2F%2BuHsS8I3niRwUkNf%2Fp10KRYUt3%2Bn5SGPkH1vxdp6yJ92hzihzPVG3z9QeUPvkQYePi4b8RwZaj7nCJ0x%2B0ar%2BRKsQa85gt0tU2xl2L8ZQze1Mn0uSBOJ445mHXVk3U6NRMcSJMDRjRyhN1k2mjfd97J9dxexBNaUyGHoLTkJ9a39hJSDpIKPDWrDyKmecq3mF4jon2EuHBb3PqT28u69N2HcR7514CqlFUNZraqGDGZgwB08XyQ1Yud3ewp56I4asK2K0xeg8zOwDwwgFkjmLQf%2B4rNiDKAi5SA0QgtwljvmakNVEl3M12zfY1JQp1PnE2UQ1B4PGHCPs46hm2rE7bJnIJrY6MgY2j4I2aGSzlG5opTx7bcNOYVnF2N7BWtVtKyUk2SQ3XFhQr3FovBxl7irQQvu7OZFDR%2BsbuxxmSyfJvdtObFjGE8zT4tH%2BfB0YqfvzVm8%2B6LRmCIP5QD%2FDo%2FoTRk1v6KqAD420CI5TW8qU5oBK1K7tueVvAv2J0ddLeN3vHlpKuwIZ08TEs7HzXst4XZ8a%2BhN%2F9alyLWwdEmwipKFH%2BxhlOSwX03wxa9tGu5EINz8Vhup7%2FmIuBL96%2F6nfXlhSd7vIHmVp8LcZ%2FmMMV%2BXN5SF1nZbgka9GRM%2F2f%2FouS0080FRfIfM3Uovw%2BhKxcgPOwS4fx1qPLJ%2BlrQeA3PemXT1l2LnPcejkuZTM2IItP77CrBiRUjdFXnF0NaPAzd2pJ%2BDWXT0LCfmp61Mi8GRIZOrm9bUmumDP59gkvQFVNh2LkNe2U%2BJfLrzG%2BmeBMAPa6MRJ1hELBF55ZicEwpLkpbzot4eUBwj3qi0nVxEU9cvIWu8nHe06C8fQEnwV2Nah9pMg6aB8YOfUX6oYm4DmNSBrpo7FlU9VCqGBghL4BbTJBRoYs5wG1KPvaVxAxN8NyP0ui0axXYuyMxBM%2FgGtrB6%2BQhppFoSjmt6lZsosIF%2F3TPruEKBgB1vQqajeOvUDbqT%2F8K7KYiZo6CIV2DXFKQ0UdzxB6XQbAFObtkT6FquawW1fiQpfpQWoIxc91iTxalflLuc5Wt%2B9aQDvpolLwy%2FTqyMOxTVmqMnn0Wv8lrdoQ%2BehJ5gGaK2PrHHuUYM51GU0PEe6tUpEtYZ0Lq6O7OcdxuDdKkf7n51gltJXnmPGwRoNtdkp6i5sHaomV6zyiSUYvxhUC0T9QM8h3mIBkxohuRcskcWM7HKoDDbNuvp84J%2BohcQ0f1%2FOyFrzV9oEWExWuBJQCXts5pzc33KHdz589fSWfrjpXwwwVS6xHf54KOWSrjLYAnhZgQzkkmJ4%2BWrx%2BW1frI0tXu92wMvBjfCo0AnC0xcUB0JYNGgFTyXqKiEI6Hw5gFSq60rDO0UWi8V%2BpxKmmafaXpG0D2OXqgGJb7q9dQ3l7gxjeWzLcUlguq%2B8ZYydgKpNmY9Y7QQ%7ECBEF9hKgOz4qO8XqvX25pSaKWBYUeSyxoc1bVSIrvgE,Submit This Form,1
2025-05-31 18:44:48,https://login.oci.oraclecloud.com/v2/storeLoginInfo?redirect_uri=aHR0cHM6Ly9pZGNzLTY3MzIyZDg4ODE4MjRiMTNiM2RhMTYwMTUwMDdmOWUyLmlkZW50aXR5Lm9yYWNsZWNsb3VkLmNvbTo0NDMvc3NvL3YxL3VzZXIvY2FsbGJhY2svbG9naW4_bm9uY2U9ZjczMWZmMmItZjQ5YS00MTNjLWEwNmEtODdmZDdlNmM3Zjdh&access_info=eyJraWQiOiJTSUdOSU5HX0tFWSIsImFsZyI6IlJTMjU2In0.eyJkb21haW5faWQiOiJvY2lkMS5kb21haW4ub2MxLi5hYWFhYWFhYWN1aWdwb2RodnY2bWFvemh5NmhlNjRybXVoa3c3eXRkY3V5ZWx4bGw0Zmtwa3VvZDZteGEiLCJkb21haW4iOiJoZ2J1aWFkMDJwcm9kIiwiZXhwIjoxNzQ4NzE3MDk4MTk5LCJpYXQiOjE3NDg3MTcwODgxOTksImFjY291bnQiOiJoZ2J1Y2xvdWQwMSIsInVzZXJuYW1lIjoiS1NUT0tFUyJ9.PucvOLnIjpeyw-T7EAWZKB8OAav7ga9CNhVx5HWyCKEbD6nl6p5piIJwVQdW-bnA8X7kxAzFujgtYZz6P6cT_P0Si09QgQt6zwkgzmNCUyCSEEFVn5Ots-vUR59WAD3ITlBHsWdvxsf6Bv9m7UZ02Du1aRrzm9-f-VIi2-ztrMq2IAf3YAPsoRwvY6UZL1_NUEKDjWKQRspHtX7WODhZpAflndV4bRpN0vBpowKcKlU1MYsYqM01XrsDmegXcYe8Ix4wiH4Sso0CpTIFsGJGAh-I5w4q07wMYFdzkAq5NX0PrOhXK4T_RJ7UgT8YLMmuAD_2TwoxNH54Zbgkv9Sakw&is_paas_login=true,Submit This Form,1
2025-05-31 18:44:45,https://idcs-67322d8881824b13b3da16015007f9e2.identity.oraclecloud.com/oauth2/v1/authorize?response_mode=form_post&response_type=id_token&scope=openid&IDCS_CG_ENC_VER=v2&state=Z8hc79P8Vwt1Nz6M9E_MS8htI5IIEfnLVEkp2nIhMzw&nonce=KDRoApoR5JQePJwtDzTlh5arRTsrwhAeWBAOHRntnsM&IDCS_IS_CLOUDGATE=true&X-HOST-IDENTIFIER-NAME=mtucn1.oraclehospitality.us-ashburn-1.ocs.oraclecloud.com&idcs_app_name=opera-mtucn1prod&policyAppName=opera-mtucn1prod&policyAppTenant=idcs-67322d8881824b13b3da16015007f9e2&idcs_app_resource_url=https%3A%2F%2Fmtucn1.oraclehospitality.us-ashburn-1.ocs.oraclecloud.com%2FOPERA9%2Fopera%2Foperacloud%2F%3FTPLNG%3DE&client_id=opera-mtucn1prod&IDCS_CG_ENC=true&enc=ppy5guyTii3UAgAAmgIAABAgmgIAAIACAAAQAOlCPH1QYJRb8KPCFEefXNNkhMJf-IVCAVPc7ogKProGfsNqwSkdxA6Bk2awvUMyHt-ye0lhmV4F-4nQqI4IxHAnduoQ-fRpDeXnZ7OBphutxSC8CEgCPSYNLXLFyQxYjP1bFd7i-q4a4gsJv9FnhfCcEHLQ2CH96EJVAC6F-c-N-D26X7f2DxGMtL0NIfO1iBKgN0B1KO9Abu_djSos5UnecN7F8Be1vwFiFgo1HHQGNlw-QVXdSbT3iotZapmdInONUv8mYi_gJBBOo4HTiGTdpVBRoTptH7J9V0bW3KpADKd--0UtVpduKfq3gXtJLnjKd77UZFsGdN-Ydw1pCVC4_IS_RysO7XVHeZrX0bmTBYViY4vwaD_ykeyM_jkyFWzyDvAdA9-byQ2PLZOyXH7GbtyFaiQldfeGol5nKlEH0VlTA07j_dGg-VVhqQOCiLN1pRIs4m0dn2qzpi2QFU6yFuyqA3c8-KaeoWkrRdu3hfrgI4cWs8R3g3QkdYD6J3J95Hfe5D8xSREJQRc8MYZyVkY2MCTyIDWGEtJpWzOF7QD8yOe8uPJflSp5ETvsKD7UtY1S12ZVnAzpKkb0FDjE9c1QbjJV1hmUldg80Ikdnrq9j6LQzZaiIX0QqgoYC35k8sFwGcOrJuaE0tkr-cjy_-VLqA6z41RjMZMQdXrQ6ETO3DNWltEAtlcI8k0LKnyTGATFP7O7_KOCYdfVTPEo9zUsxSw0LU8_JlxH40WahbMWXz93fQfTxivlPEYbe4w3ZinRVVRiT_mLw0D3PNua3fC0BFAAbuEhAt0VlNpc1olVZGGSjjO6gRKZJ1NbrM_dOODqGJlbUVtDpAXmWLW0-zlkbAYlvV_NxshSwEEwCla5BokUECfVAp-QWin6QesdHcGSiEpmRjB-2c_wEOSm8etr0fZnvZCvjovo4O6v,Login - OPERA Cloud,1
2025-05-31 18:44:45,https://hu05-ssd-ohs.oracleindustry.com/oamfed/idp/samlv20?SAMLRequest=hVNdj9owEPwrke85sZMAl7MIJ1p0Kipc6ZFWp74Z24Arx069Dh%2F%2Fvg5cpOvD0TdrNTM7s7seP55qHR2kA2VNidKEoEgaboUyuxL9qJ7iAkXgmRFMWyNLdJaAHidjYLVu6LT1e%2FMi%2F7QSfBSEDNDTkJAStc5Qy0ABNayWQD2n6%2BlyQbOE0MbZrdKhyLx3atN6SV8DCfUCoEq0976hGB%2BPx%2BSYJ9btcEZIil%2BXizXfy5rFynSmuOxZnZ%2FbbRmAdD6k7Ckh5oeNyAAHUEDc9WgBavcBnGDy0ME7yN17Q81%2FB%2BEttxpFq7fXJ2Wug79F21xBQL9U1SpefVtXKHqyjsvLNkq0ZRrCXGZhJ8owf9lr5xuC8X1LhjGAiO0egn3GtQxqLXh3TritsWX1VgqsRIO7AIcsrGUO0Mr5Zd6%2BRBnJhnEQydMqLehgQAejXyj62R9Q1h3QfFYiJeLfo3jRnA%2BnVvPCHmA51NysXqb2a%2FU9RtcTohdx1%2Fmvmb%2Bdu6sE1e0FGrbnlT%2BjSZ9MCQ7x6D7PMlEURVpkg02ab3LB0hFJw3ndbx9klihx5b1l59q2ogseguQ4JB%2Fjd676K38OjeezldWKn6Op1vb42Unmw2fwrpUIT66sf7%2FD5C8%3D&RelayState=Ljgg&SigAlg=http%3A%2F%2Fwww.w3.org%2F2001%2F04%2Fxmldsig-more%23rsa-sha256&Signature=htRHcqopsYTJhk6iQyp1UAWFlPa8MfFRc9eoqWkPu%2FoWOuZU66%2FpxJZYEFwCz8NfA%2FuznC6I%2Bb%2B40uS3xzm3WKIiYR0VpnP%2FWSoOUSKJCzmdSwi0yqD6b%2FI%2F14z6jN%2B4KAtnWEte8ZW3sPP6Z%2FPmZcdIhdnvwcHXbK2p%2BdVwfC6NYkyPB3wqfOlNHq8U6LtVc8QclurYCwY5cewR8CEu3qx1LViJt0MnRGZIavGZybHJ4PY2ZXs6eIAJiFuuYbu13SKElZDbysobsogTq8jTpfxzLxD33JZ4rcu3ueeG%2Fw0WhFKIxj3%2FibcHYEEhgcmT0qGchvulGV9%2B7iiPT9Hhug%3D%3D,Login - OPERA Cloud,1
2025-05-31 16:43:09,https://idcs-67322d8881824b13b3da16015007f9e2.identity.oraclecloud.com/sso/v1/user/logout?nonce=bf5fa7cf-ccb3-4e31-91ae-2bbe181a8cdc&tenant=hgbucloud01&domain_ocid=ocid1.domain.oc1..aaaaaaaacuigpodhvv6maozhy6he64rmuhkw7ytdcuyelxll4fkpkuod6mxa,Login - OPERA Cloud,1
2025-05-31 16:43:09,https://hu05-ssd-ohs.oracleindustry.com/oamfed/idp/samlv20?SAMLRequest=hVNbb9owFP4rkfucxLlAU4tQsTFWVtqJW0t5M7EBT4md%2BThc%2BuvnAJG6Sm1fj77z3Y7duT0UubPjGoSSKQo8jBwuM8WE3KRoPhu4CXLAUMloriRP0ZEDuu12gBZ5SUZqoyoz4X8rDsaxTBLIoYVxiiotiaIggEhacCAmI9Pew4iEHialVmuR2yE1RotVZThZ2CXUEIBI0daYkvj%2Bfr%2F39pGn9MYPMQ78xcNomm15QV0ha1cZb7ZqQ5%2FLUgCujY3ZrNicHwrh2Lcgi7hq0AzE5gM49vFNDa8hV28NlV8WYVSmcuT0bX9CUnM6Qq0BVmRb4ZYLwFy1BStFs5wLySow%2BuhlqvAVLdac%2BYKVfi22C22FQ4CKD0%2FdmBSFOGy5liQKZkGbxBHByRI5T821w%2Fraw36KBHPdO1fezR%2Fd59a35cufX2N8gEm27S0iFrvofG9yItfOQOmCms%2Bj1RPLuj5BbdNGmCPqNskEy8BtX0dhyJIkCZIwXgXRKmI0aOPAPoXr9Q0PPcHOe5fsWa4qVgcncRz5NnnHf%2BPqYvHR6g77X1oMvOC9xYKKvMeY5gCoez%2Bd%2Fb7%2FMb0onEmbRz%2B1CFvfUDJ%2B6FoCcFU%2F%2FjmYtHaSLWfs6WUxrubf9Wz8OijvzFyHB7x5rooL2bv9ZvjfT%2Br%2BAw%3D%3D&SigAlg=http%3A%2F%2Fwww.w3.org%2F2001%2F04%2Fxmldsig-more%23rsa-sha256&Signature=FnbRTJMBP9ehbgxJG1EXOZDINBm88e5jbSFVxFfmbI6O%2BGShU7NDpi396y2jW4NN1SvMRiRMh29Gxq%2FUEwcYFo41DPWNxB1i7wyZrxBIkUzXsN%2FqviewfuF4ymZAdm%2Bn0ZqtYewMvsMcGfOLep13CeLQTpKGpP%2BZkARjfa%2FhMroGZAERr%2BOZYV0Q5nZFFc6zHL8Omx8oDvS%2FLFcwIPeggJ7kty9LUMLVIyII41SnLfyOB92JBgPU0Yc8VaIPDLi2SRt3ldvsJ4lsNMuur0%2F6Ljgd6H2bysvzl%2Fa6Pv1ENeMUIBUMjE8geuXdyCfXwC0jIjWvHk%2BqpyO2Gw%2FvohhlpQ%3D%3D,Login - OPERA Cloud,1
2025-05-31 16:43:09,https://idcs-67322d8881824b13b3da16015007f9e2.identity.oraclecloud.com/oauth2/v1/authorize?response_mode=form_post&response_type=id_token&scope=openid&IDCS_CG_ENC_VER=v2&state=Fz9_tBRgR5s3K0iijzVPs_qcZwCHGk2yLbWsRyLClXI&nonce=Cpzi_DhrZ6yPx-Wv5N5mzvjh05pIjjftyyE4MBBE0XA&IDCS_IS_CLOUDGATE=true&X-HOST-IDENTIFIER-NAME=mtucn1.oraclehospitality.us-ashburn-1.ocs.oraclecloud.com&idcs_app_name=opera-mtucn1prod&policyAppName=opera-mtucn1prod&policyAppTenant=idcs-67322d8881824b13b3da16015007f9e2&idcs_app_resource_url=https%3A%2F%2Fmtucn1.oraclehospitality.us-ashburn-1.ocs.oraclecloud.com%2FOPERA9%2Fopera%2Foperacloud%2F%3FTPLNG%3DE&client_id=opera-mtucn1prod&IDCS_CG_ENC=true&enc=WIgz3pd3F83UAgAAmgIAABAgmgIAAIACAAAQABEp7VNlYwLW8tGCTvqjfGrFpyXtR7UdmWsnRK7QWZAMcS0zU3--2KVL9ZIQE_5xtMSMS7eYHp3_9wRO65sPtouQQsZxL80jbtk1E-yUkrGFmXJhHzosVeLspMFXrwzrz1a-GisqlcYwO-MwQdlV_Voa0C8pSS-AU5e180sI9TLaxXrISKVRIbd9s1D5-fx8Gd7vmWDFOI2Lm2VGQFxJFE9_8mPQq2x64Rqz4vxHjPH9jdMBm9iUZI067yzxscsJ9zwbZb6KJW5LoPqH_u5uppVr4nZBScv4fuNj-mN0DjNpTO5lmKmz0NKhdhGdPjca2h5IGV3u0c5LYPf5EqroI8pK51fcLBR9MKzQqU1F3lIK5NHP4wvBNpnEwYZdcAOnP5fZr_DcqKHB9bZ2gIMKNW-R2tB2npyzVT0efY3cBgh5DhZwfFYAEiSKAWBuiHcXeRt4-qT8EtO2BNzsxmo80QLePtRlaf0aikpgB7JcDrXC01wW109spj3iRUwwlOKy_UvljfDnWKmZAhyVCOLnV1ZAXnQHBaG59UzEG8PA93wHMqsuiPVhyhxGhlKY4Luaj---kO1OR4bms8V00Mkz3GdCKFBK5r2C3RAczIrmA4NiyRaIQmtssKiiaJRWGDub3z1HXoPyO6L7cngZciDQjAeXMXUqtEx-zdzOECC3TgT8ePyAlemYSC-IFDCoRsD4m7dKDMQ_I6hIZzqAYpzSiKDOP9DBqwNxt02r3LYwcVXD0WV7EgOFEbmRpWE_ghG6ExviQ47ph-2rzGst6hkHZ4ffL8LUGAweEXzM3Rd-3lCbTUCdTOaEcMdT_u6YZJrXV7ydyRH9T5E2ns__7KmNQJvgf5estMKQS8oSQBt7xz3yddQa9d2qu5-TgO-e_jVMqrUfci_dfRa9wKdTLbkeN2l7D80trq61SoA2RbEskmji,Login - OPERA Cloud,1
2025-05-31 16:43:09,https://hu05-ssd-ohs.oracleindustry.com/oamfed/idp/samlv20?SAMLRequest=hVNdb%2BIwEPwrkfuc2PmABotQcYeqQ4IDHR%2Fq3ZuxDVgkNvU6UPrrz4FG6j2Ue7NWM7Mzu%2Bv%2B01tVBidpQRldoDgiKJCaG6H0rkCr5XOYowAc04KVRssCXSSgp0EfWFUe6bB2e%2F1LvtYSXOCFNNC3DiEFqq2mhoECqlklgTpOF8PphCYRoUdrtqr0ReacVZvaSfriSagVAFWgvXNHivH5fI7OaWTsDieExPhlOlnwvaxYqHRjisuW1fi535YBSOt8ypbiY37ZiGTYgzzioUULULsv4ASTXgNvIA%2BfDR3%2FOwhnuClRMP94fVP6Nvh7tM0NBPTHcjkP57PFEgXPxnJ53UaBtqwEP5eR34nSzF332vgGb3xfk04IIEKzB2%2Bf8VJ6tRqcvUTcVNiwaisFVuKImwCnxK9lDFDL8XXerkAJSTqhF0njZdylWUpJ7w8K1u0BJc0BjUcFUiKcrWx%2BMKfV%2B3qkw2w6Oai1no1%2Bv3bEIUS3E6JXcdv4r5i7n7upeNXtFeq355S7oEGbTAkOYfcxTRKR53mcJ9kmTjepYHGXxP68Hrc9mURK3Hgf2XlpatEEp1mWYp%2B8jz%2B5aq%2F8p288Hs1NqfglGJalOX%2B3kjn%2FGZytJcKDG%2Bvf7zD4Cw%3D%3D&RelayState=M8Rb&SigAlg=http%3A%2F%2Fwww.w3.org%2F2001%2F04%2Fxmldsig-more%23rsa-sha256&Signature=FuTCQiqP120iOJqQWRjbzI19FJ1FijYMn6FzDv%2Fu0hWCDA7%2B%2BQCuLeufdx75x4U3pSMff6dRsKruPE8%2FSzA4oSw7iWMcUMRPiuKOMz%2F2auujXO4rH7AQKdxfrJRkN9%2B5sFo7hPrbOBRWLBMo7JgVcoR%2FvpgDVOS9tBPqk3yN2bELnx%2FYRvmxnUSoeE8EUxlekFFetu2Yik3oapsVAD4Mpl6kYx5T2ILEMm1Trb%2B2%2FEzUaC5VgHYAyjgM7N4454NmfwducDpndFv7ZPUIeMbhGNMBxK2eePsa8H5XJ2bW5GzRXQnX9VNs5E%2FV8I2X%2FYt%2Ffybis%2Br1BEE9Ef3KfsEvdw%3D%3D,Login - OPERA Cloud,1
2025-05-31 16:43:05,https://login.oci.oraclecloud.com/v1/logout?nonce=bf5fa7cf-ccb3-4e31-91ae-2bbe181a8cdc&domain=hgbuiad02prod&domain_ocid=ocid1.domain.oc1..aaaaaaaacuigpodhvv6maozhy6he64rmuhkw7ytdcuyelxll4fkpkuod6mxa&tenant=hgbucloud01&domain_stripe_url=https%3A%2F%2Fidcs-67322d8881824b13b3da16015007f9e2.identity.oraclecloud.com%3A443,Oracle Cloud Infrastructure | Sign Out,1
2025-05-31 16:43:04,https://mtucn1.oraclehospitality.us-ashburn-1.ocs.oraclecloud.com/cloudgate/logout.html?postlogouturl=https://mtucn1.oraclehospitality.us-ashburn-1.ocs.oraclecloud.com/OPERA9/opera/operacloud/?TPLNG=E&TPFLSCRN=Y&_afrRedirect=938357527201010,,1
2025-05-31 16:43:04,https://idcs-67322d8881824b13b3da16015007f9e2.identity.oraclecloud.com/oauth2/v1/userlogout?IDCS_CLIENT_TENANT=idcs-67322d8881824b13b3da16015007f9e2&X-HOST-IDENTIFIER-NAME=mtucn1.oraclehospitality.us-ashburn-1.ocs.oraclecloud.com&IDCS_SESSION_ID=648e764b37dc419b91d00e2dbbed24b8%3A8df87a&IDCS_CG_ENC_VER=v2&client_id=opera-mtucn1prod&method=encrypt&IDCS_CG_ENC=true&token=YKjqBBGnCe8ECgAAygkAABAgygkAALAJAAAQAO40yiXAWITw9MFMg8c3K9WyW2kz6CACwBvjCuxGFpwpMjTg8gIAJ68MBXeXSfsCo73J5Enf4tf0W5vGYZzM8F5cj0BDQhsUpnDDmJVEazEnPrp8q34c3Av8MB9cTGRQJdq3jnEHABr_UKUZ_CfgpbMj9YnMjnzq4OYhhChP5ImqWDwRe2txYY3Kq_1CXhSEZmtHv5h88R3LU_xU14nDRSqn3Eaxz6Od_E9YGQejC_6qukSFhnwDDcS1k8xdnWp0sKlDjWpicsImO5eD3AXvjVZOEBC-b45dNT2rTwsKLK9LjVmvvAp_I3ZIZfcTOj1nbaswhOJ9pYTL5UF38wy58NYqnpqCWLequbTuo3ktI2eKobSv_FvOM-hfbcdOrmtxeOUnoms7MVkGrzxAE2vv64Bfxi5yVxhqviMhBJFL8Wt-yQ14wYha1vIy1MQUdsuf5cquF8LFM_KMjBLRQ0Rpd6h_bqPJOvTNcKwKNLWsTtlLG8grOF15MYuDpS6E1QW-Vl9H_faUS61acz_irZ5D_Nq7M_4Bpy0YLRQiW3cacM4veCqh7IHHHg6pe3uMW9a55TVy8sDVoeZ0O9LvP3343lC0QJmpmaP2YN5DXnrxlfXiQREJmjXPw1OlhlyuB29gft06hqDBvFGDwzLk9Mf_gxh5N8WXJ9SPlASSh5xsV9sToJzvNZAqe1oN6TedfSVCSgciztzy6cy8k4echKnMOQDIbXgzK7LteqvhDeWCmiR31y0N5Qy_CAHefliZaznN7bSHMNqCx49KF1QP1Vtlx81Mh8KmAawDUCCJir-uODTDo-qweyX2fgeuMnFtsPCWXqUCskfqkp4a2k8PpDfSM6iL12n7ydVm3kngFIQqp17kr8v_g12Q7IFKz2yXi5CPZecLmTbNNdc3FkbA-DVISNq274Dnvwus9niDuQP6uQuLtw4hw1cji7sLKssKCyhnEnVSx31yuDySg9Df5nqEVKz38f8ZFnB3oHZs2phx89kB68E7Xe6knv1NhZ_87EcFyA0oaWgKMdYIWSZvxIOOpLbANTSQgcvv1zCBTaylbUY7xgh6YflVPBw4DWvZ71-7vq6x45u-hirxF0QSWe5m5N3paJEkhXAPJVR6TOQyBjKwRf464HaeVpVYkTJnTFYiPiZ9gs_CgMaFIXbCcVGbAYO6KhR5ubCgpU5jZniERx2tjKmn4E5V9XiG6HPpYmk9BhC14Bk3x2Dt2OMQGrPAbB5eXyBDUA-3z0Mgi2nhE0US6_4HHDATje4htBomGGuAKTqSO1OUr4au7KmnLhj0wOudRcFQp7LVGDvP3v8Ga_vdg0h8Qs8Z-PN1wRjZeqIgDqbHkdznWtjpLkgsFfZ4vgRUsTTWH7FY8IGgkb26R_xR7Tk1MSqYfibwZYfGuN7UOzM9er1JSoT48EvwAM5RkeZ59ehfatgDTl-Vz1hzbuvOJXZXzxwg1GDrITvF_ZtgQw0b5yIPDe6vDJGzJxblQrYke2lhNdkr6DYq43xmJKnhafVDaq1a0eqW6DUKpfmv1odl3DmcxpQggiomZYjUn2XNX4z9N2L7ulgowmVvDok2tEoN1s_xfnVRwR2e4bXF9nHQ4htjXsoMCJEO-d2feG0PzAtadvoqw0Z9GagsIw_emMb74IEuq7VHbZqM8Nnpb7iI9KfbBEpU0USttVCe-SZzpzecTbuxN80WkMhBvk9qEOUeAVFJDkegAdlIFPlhoM7V1FcfBg43sOTUva8ptSkZsy3f8vxvLZ6jDPiMFMgkCoiKBQacVGscfV-PJ3vgko-szebOBJ_xlOxgzrukBR9L2GG9wLkWZCZF7-ggeQ9GBn3OkwjTNFziGXD90vrTNUxlFaurrKn9e3OsQSwjV8zcD-rMfN0RJ_AX1ogK4GltMG5YUmwSWXUEK0w0hG7HcNpcNj0Z5IQG2FMQ8MjLCoQlChwoAinYIwHVO4YMgH_aED0MeUctJB6UyDb02URKXg4gGGGai5Kix8y47csBvI77Z2oaGUt_k9JivZI9hn53OBCgq9WcYvbnqypn7R9uwKHZLoYGfgDz6tFF6FGis39uHDZnHAnVSGAIUWd0T4GQ9Dh4EtN6q1tWdo9ixl264RA7sDD77wDgcuwJPkmZjOXTo8TOow4BcJnx46wnC_4UVp_yDGe8l15USyhu49_GNqyAUDXBejy4qAA9Dw2YlT-x6bZwTU2g8MZzQUBgiCybUfWUTytqbdQzr1bxqozBKiwmsQqoI2kOb5qN4ZyZoIy1vAzxrwcwGM6Pd5PlhkQDys81gMgg8OlJcZXuFAP6r8ZpnaK5tk0VSOiw67pfyQpGGdgdteHuXrH4QNIV3O8GaoHWRLTk2JWMGeATpAqhbVlkTnBWWBlPJUhQDEmQgLA1LyU2ZOCnOyAdBpKZHFUfD6jQ9HD_j7wi2GC2aBB1BXE_wwiWLxr_Kg6Dp6E6u3ErnCjk7Bu_0CccPXLKLKLyO-hBCE5XpapkafojWd62KSbCPs9HZiTxohy7rqJNtNdohBdP_Fi1ubHlRPFFSo1whPuyzt2E6th3xaIucQCw_3xfAWOC7LHBXcBHSsiXFk-wEEialfgRmS-l6xdkOXXDjrjRyn0bCgmE9S4fkbW2cfVD7ZMCnNgCHDurd2bKM3TgE1c3Fmb2mhpWdAFTC0lUiUNhuH9AKmyBO8OjJKWixfvYlS20Acmcwc7W0htUtClR5RwmHO1-K3sy5JWR9bUljwwvwNEtWEazNbhmtn8Ilm_9QCoxPubpmQ9MZ6y5r_5aVVAOQft2xNQ9fNqa_LKWvmHaCTjvOOOKPz6Y0PLPY3XnLG-OYnfSD0HBB-KTuE9B-wb5kybhApfhDItdYvqt_vuXISL-wuFeQF1qNk8onBfcRZ3M9gYb3Rrly-xlFFkSCknGH4XPvPJME5YqQpdrYfyEl0hWH4wyjAvF5JVVxsoOytRTpcVIRccxV32aTxmKh-ao4pNndlza06vINGKTRYEVlyNzYmmDL3K8b1tEL-EIPMlXPiazan807csHUtTnJhMNYBeMFB6FTBLQvC99ZaldVyHX1PtpvuNVBlbsLi_ssaJlHMVOAxpNQpewVTSVYeeCa2OxhvkT4tHhmR_XQzKZBAaX2zF25rlZm8w3ddhzdjxQshmqL8uBjUG-aSVmXZbGf2xRH1sHXxuTDJ9DJ6Uftm3yknay1N0QYow2x56X02LeAtQdfqxi6TpQVZD8uZbDvkJ7_VlLRTrGxGXbqNfXmiseGL8HGUWmvwfRwJ6DjvsYZ_esmdfgiCP2EDCH4tmSorVocgSvLgy3CjQIGxzW6Bbii69XmwyERiYZ0G1V1L3RoR8zhS6QF2QAo0qNsmatb4ccZO0ey9nyyJmhYA7h_3UxBl-LgRyVuh3hVQ,,1
2025-05-31 16:27:32,https://mtucn1.oraclehospitality.us-ashburn-1.ocs.oraclecloud.com/OPERA9/opera/operacloud/faces/opera-cloud-index/OperaCloud?_afrRedirect=937425093644287&_afrPage=1,OPERA Cloud,1
2025-05-31 16:27:23,https://mtucn1.oraclehospitality.us-ashburn-1.ocs.oraclecloud.com/OPERA9/opera/operacloud/faces/adf.task-flow?adf.tfId=opera-cloud-index&adf.tfDoc=/WEB-INF/taskflows/opera-cloud-index.xml&_afrLoop=937416814232199&_afrWindowMode=2&Adf-Window-Id=w3n18ir86n&_afrFS=16&_afrMT=screen&_afrMFW=1058&_afrMFH=1460&_afrMFDW=960&_afrMFDH=1440&_afrMFC=8&_afrMFCI=0&_afrMFM=0&_afrMFR=172&_afrMFG=0&_afrMFS=0&_afrMFO=1,Initializing Application,1
2025-05-31 16:27:22,https://idcs-67322d8881824b13b3da16015007f9e2.identity.oraclecloud.com/sso/v1/user/callback/login?nonce=90f41a5d-f32a-497a-a804-f4a96788020a,Submit This Form,1
2025-05-31 16:27:22,https://idcs-67322d8881824b13b3da16015007f9e2.identity.oraclecloud.com/oauth2/v1/consent?OCIS_REQ=YCdQaaOSep8XALmp%2F49fMZOYiOnGbH5AREwP9Zh9%2FwPXKME9NcCdYpbYd5qM51JQhqJwpamg%2Bfqg%2BLMGWh5GSiINXrBIy7Ai3%2FoCLVmakrUM%2B3pYqlL0cfzmDbSyt7Tu83oveWVhvxn7qKYXL7NH14wsbMaQBGBvXil8esjN4u%2BjaqutF1mRIJJDpbgvcyIPAg6X0I5jDyA5Tg4q0nK6DRBpKsvp2ei1uedqHeLJbTuGZnmuRNQSOBPNbBWU0QcRSPACOvpKbnOL3xYsSLAyv9t9TIxGg95YQEbg86N8TN7b26ScAvqTbvaVMQ1VSLnr%2Fy8M46GmWUYgpp5e9KxRBvqP%2F3Q9q8xjy5S9E%2BWotqadWftsWYFofIGZQMnnJRZgiceG4nT7v5WNBDUIee%2BBOrLR7vl6Ltp30UosKvu5wmZIyay6KsMxjUF0Vk0H%2BHokTuon8MoKTP9%2BQAuAgjGQrOaNZG1YwbmLW1DXU3y18IYPdiC0FYqvw24%2FiAFyzHLmxYbBqO8IHmOVjPfSB%2F9YaJhOg1rAfzZ5QBjn8Jjr%2FXqGaKGBJ4L%2FT2RhcPrhHuLWiKHg2GWqMN8r9s%2BU9lN94V19EYIOlTI7b8hhKN9JPsQSzlc8vSVAtDQMIJcbbir5R4FD%2B9E%2BWGBe%2BaNXezzpP5MdoxUYaEx233CJTBRkbTyCZbk5xGPMifIq7Cb96oofPPYSCBN0uWajBPL%2FQishZLso14L%2BQLhXw6aVb30fcW1xndnJRt4Z%2FVrnCflEmfWjXUELxiw3zg6HuvKEa8TXZLbmidrZjupzOkvdEbOzcxbETvIBO5If33XgTs9PhQTrzTb6zkFe4cvZ4jYfavwAOxu%2BcmhN4umat8aeQj4MVxUSQ19JaA89RKcmoN86wDlHAev2Y6n%2F92teYDmFRMsR9SpuyuHq0zrKRX8JpzQLpmSwJS8598MedTMeajOa5K0anB2y%2Fy%2FRX%2Fja4yihhzHF%2FYlaWc%2BSjH8LtnTWrHzwce6kmeLw0rUXR1vUOGfIKT0VEMxSU%2FFSlGBww9VmVg1WlCE%2Fb%2Bx36W9Z%2BdAt5P970%2BgyOkfTIXtUrZq61FFO%2B2%2FsOk3eVvYGWDh0GJpV%2F3OytKYcDIo1fYmDE36fYkMqZLVaZyHG2Q%2FD5PgeITnGA%2BX5zfhKD%2BnzI%2FGjC3XI%2FzVMURchul5Fmt65cRVt6ZTC3Ac8EuMw%2FLvsWcvnLM3cbc8SvU51Pf7c3intOYPFhfzmFikTne5PR4sL9VBiXXQWvEc4I%2FnbBIlY4Ju6bYBo5%2BiLMqQsnqX6JIXoHwG1qeBalu%2B%2FtzDlOsafsvocWu0y2Nh87MO1xn%2FCzk0uxS3ZLHMH17tAWxrRe90PP1VJyS4iiqqweZ%2F6hKGclAyUJxyfI9dbjiFBBLXR%2BDluLN0kbV7CUCnvggLfqkEx5bm12HB3vsj4VsMVVnBxhWnFWOlNGJfyjXA3m%2B6XIcG0VqY205kvckbgnMsEGeMLif5Q7R0CdFy8PC1y79UVQq9GSD1gCQ0W1%2BGWCIirTxZqWO6LXYkz8KJC7zhNPBgL7fc%2Fsstw0FAoOgywYy4yKZklnbCxYuValeKZ53KBw0iovGbkwW9cPtoKf30%2FC8mFUF4igwNWh5cCFq%2B9OMgZbazkbzYiaQmahQ%2Fk%2Bk6Px8tG72TZylEKz0VEVPZegMd0Cd0AaOu8pkWVTaMiOvbgChk%2BMgo9ctSM%2B%2Ffqh3qcy1uHbcAUNhaZcwaTla3h3JWGJ3zRP2bSuaz3dGrHIv8EZxMILcM%2FpF4FvYGiKqtu1p6475ItTjnB9iUWaemrhKXWCh0AH9TXm6tcoSI2AarzqfLggMxohl%2BpsipskNbZjMKbgzQcaXqp6QtdAD7IA10tWywc4%2B8nUBUf4zyX1dwsqfo9iLsTTK%2Fsf%2Bu5NEMLNZbU6tyOPJYlwJY5rOjtho7NUH14UPI3lW9TFU9Y0YsMouRHj2AZvU2jB51KrAqr3%2F9HsBob9AuCOSLi4%2BPX%2B7ohHNZ%2Fvsv461fx7oLLlver%2BUiU%2BrCLMqk4YU2fw8Vc0Dng665plYsu35z09M0bmsZ7pviK4sTQ8KOdGKU3JN%2BbHUjQLtD3UDdf5K3l2N6eC5%2FpfnuxNLge4XCAO2wrAJPlqf0wonbYMBHhud%2B17VJX5zhdE%2BgROWJbu07%2FGi1LK%2BkDAbt4I%2FibSB35pMvB3Do%2FjIMcjSqCelenQzl%2BeooPUNVH6tOaKmMz0uJuKi0BkOfWdRqLUobKp%2B27HzbXdJdlx95sXfE%2B2WKZG3LTcxcseGSy1Rv7QU9w85fpaKRzTmeTYrbIi749OTt3BDANRSKs%2BlrDlOyoK619CQpM59W8Q9njqTDvHe8SliA%2BQdlJcNYQUEF2ukNW2UkGM%2FgEErJJ9UTfRrpt3LQ76JWmbrYaPiNPwMfjPPs9oPYfvZKqYEAcTljPIMrld1QqdiTqXpYptn1ET9nDNJz4hUQ1VhcWSeE7%2FFNAqJz9%2BWFbEItm66D7gGx34x8tdhf6svq34QTN1e9jDxfr1Yyrt1VfsZ6KcGm88PZlqAmN4dx5pIxjOqu607mL8vIr3kDxW2MskuEJVcznsdQ7tzqPD%2Fk%2BgnETBw6c4WOigvVh2IvKcm1GNm%2F0QLMmBk%2BxsJQFsco%2FOnDjhArLLmbL3SADdtIZTZLiGjZTDCRYu9vYdPsdoambzNbhsiZDJ2Fu9hsHoJh1x52OEH1a8oVoBaSMq%2BqcWU5vXCJ5dqwBPYB4HAKdyWTr51OHIJnfQLGfv%2F5wEmxG5mVCZCv5yLtLhQUawGNC9ZhwfPtrAQLxmZZ7OgtEozBhlQMw1GB8vBo96aiLEIYysampeR0JApRkCPK7%2FDRlElFae02%2B0yFVneQrr3LRiDFr%2BlspKIg4%2Fp8RgxytICfOSYjkNa1gkP6gHiWfzh3l9qRJifMiyQozSQTDROlScFwlIkt%2Bu2Wn7ZIM%2B5gZnxhfEMv4A840R8TixhHKMwXd9ER6tqyfLUO3SCh9X6g0RYU7PLAIRLtrAbCq%2FNyivIprPIBoowa0Zvg56bDoZgznbCUq6s%2FjrlwWKXYFaVS%2F1ph%2BHP9tHCbRSLRkS%2BjBIRd8gdRctL8m7HgnFYd9T0ZYLDLo5I0O3JOes6l9xWN%2B5duStlA2pUzjkH8z1ES3rf%2F1xM7ot0QQm9PTqL%2FccveqtLto8w4ybzMsXBvhvsryUpLIWRz6%2BaE8aVvq6i0JifBYXUmvLNOLLKfwnzI1t7no5icokzh%2Bd1wpJR4Cib6b0ZopkjH5S1Zd2jobzpRt8W5BgSY%2B4Vv9V7%2B%2BJinhDHIzTNTitdcy174UOiEyM0W0ZGEjHIHI5tzIJ5yitBvwf2hVlLAVhIy9Dg8I9SG0f%2Ff%2BautnL7HkHH7DcTYD%2BaAj7LU2pUj17b4B14BCtjH48lGERQIRKPDvMtdAwhqikhHYTga10544AOjNnWmifi%2FbyUEwEcqSBuPiRIEls4fFadmkYvQ1U27TwijP8tR1UHTbM5sXkkrn1e8DFNSNzGBt3BzpYoUDLAfx6SUNBHoh7htkalPqyH2J2z76xRV%2BAMlzcBIRjTUh%2BwLOvso2Kndd6ntY%2BxpKrVkETtCJOlhgPqpRrT0FrmczH2lbKN1E%2FQiGH%2F4qydsdxDDpaMRKiAuticXXR5yXavE5s7u41xg0uQV5ak%2FTrVJMrLq%2FzD2cYVA9cN4nxryukeK8tTvZAf7Bjdkxr889HEnoNgBvq6Mo%2FmVKJMMr9lEx6nRSm1zFy2Vufjtw63Xao1GpQbpouw%2FpH5w8rU7M6DFeQmNc9YdYpsHeaL18Vhf2jAaIX84wSVIkRmtN%2FZk6Qey%2F3mb2w4BMWQau%2Bh7EsO%2Bnhfh70u9dDUMLYaExIuaRp2RFXC4KRRMuYd7KDyhZc5JClsZf%2FoAaw%2BASncBiRKPu3xUAxUCSIhxsdrdjITSdLbaA9oSgoWUpIG4%2Fb33KBdwSHqjLWRuBQDib9yjIrm7BecIsYIfDDuTBq%2F9H0jT45nGWo3a0bO9oh%2Ban%2F6IyXaKRf6YPTQqaWnNOKhCUIip1Jz1jimi%2Be0DGdRN%2FhTrUJ7VZngPJ9RYDRMndqLZw%2BMVHpSKNxaxy66TmwiHs2xF6wB49YUunlUEnzFoDlgZGr4BdewNwtiifgPH4ndRzalg6dxV5z%2B9LFBnjwFOyZmuKrRx00yqRfxycZYOnDXF0fzQE5NldF2deX6ahsCnrNYqs4to%7EH%2FSFVex4wI8ydw5OozC3mXbgMpibw4xLm4mvLWinDr4,Submit This Form,1
2025-05-31 16:27:20,https://login.oci.oraclecloud.com/v2/storeLoginInfo?redirect_uri=aHR0cHM6Ly9pZGNzLTY3MzIyZDg4ODE4MjRiMTNiM2RhMTYwMTUwMDdmOWUyLmlkZW50aXR5Lm9yYWNsZWNsb3VkLmNvbTo0NDMvc3NvL3YxL3VzZXIvY2FsbGJhY2svbG9naW4_bm9uY2U9OTBmNDFhNWQtZjMyYS00OTdhLWE4MDQtZjRhOTY3ODgwMjBh&access_info=eyJraWQiOiJTSUdOSU5HX0tFWSIsImFsZyI6IlJTMjU2In0.eyJkb21haW5faWQiOiJvY2lkMS5kb21haW4ub2MxLi5hYWFhYWFhYWN1aWdwb2RodnY2bWFvemh5NmhlNjRybXVoa3c3eXRkY3V5ZWx4bGw0Zmtwa3VvZDZteGEiLCJkb21haW4iOiJoZ2J1aWFkMDJwcm9kIiwiZXhwIjoxNzQ4NzA4ODUwNjIyLCJpYXQiOjE3NDg3MDg4NDA2MjIsImFjY291bnQiOiJoZ2J1Y2xvdWQwMSIsInVzZXJuYW1lIjoiS1NUT0tFUyJ9.ffzHIHosQZ8Bu7Y1teoN7rJw7qlzo421flhavvJLGTRO7VKK6jyPEWDDvctJGerYX3WJtQLBAW-IWj86f4yWuWGzVhdXSIQ1nv0iWHiCrKITHgLyuwF8i2wYaQ7FvzPSXczt27HBQYbRFPnphFaVK9Ge0JDsU6PFz9fqkIX_3hny4o_8PZYnDbGSZ4GQiFyfp7MsXKGa85gymkA2QQHgrEPsJjNqEY-g-LwXxOJkRuRqB2FFksj5i7KxfUTBchg2kQPhbIsJXh5Da3NFYPdHhlADi1iMetHgSYtr7hDSm6-qBL0630eLl0cPUbejNVJ7xKVQfQv6cr_AHx7K5hE1cA&is_paas_login=true,Submit This Form,1
2025-05-31 16:27:18,https://idcs-67322d8881824b13b3da16015007f9e2.identity.oraclecloud.com/oauth2/v1/authorize?response_mode=form_post&response_type=id_token&scope=openid&IDCS_CG_ENC_VER=v2&state=oUNKJ6dUGGyDjOr5pN0QrYd3VtA5DWrwpNZ1c4Jk8-k&nonce=H01JVufPYQOivNm6-k4hBJXtu7sKJnX6bNlkPzxjxps&IDCS_IS_CLOUDGATE=true&X-HOST-IDENTIFIER-NAME=mtucn1.oraclehospitality.us-ashburn-1.ocs.oraclecloud.com&idcs_app_name=opera-mtucn1prod&policyAppName=opera-mtucn1prod&policyAppTenant=idcs-67322d8881824b13b3da16015007f9e2&idcs_app_resource_url=https%3A%2F%2Fmtucn1.oraclehospitality.us-ashburn-1.ocs.oraclecloud.com%2FOPERA9%2Fopera%2Foperacloud%2Ffaces%2Fopera-cloud-index%2FOperaCloud&client_id=opera-mtucn1prod&IDCS_CG_ENC=true&enc=i3ocHwZME9nwAgAAtgIAABAgtgIAAJwCAAAQAH2CINyJ6Z6lsEUdTeg5OBsFUxRnIq7PJvj4e-Hxkmna2GWX7AnXDY_eHdR7EDhXS-dsm8sxb5zGk0Nb67Q9Eft6W5H3Wc0hKq_bGu2alCxH6foyNo3i9X18jLE5tRJQ00lzZL4i9DPylnspp9XvXKJcpdBxTiee-bDdedrzJrRcrygC-8kiRiYt98j5e-AXtsyG8y0sllpWGMsH0oUxewtnfOvgubDl5IMPT3suUtxBKUy_nUVl2xpje0UknLQgKnFNT6tqiDMt8WoFuU4N42AD1J8YArN2dGXLYpDXDHe73I_zXqYyz2kuMMw0Zux1duaCPhk0ocr2AK9yDtKb5S8sAdZAmsV0Mt-1UHK4OfWnBRjP2uP4w1MlT4pqaOSFvCopo6uWCWQse7sZvs7X6zyTLGb-oZ8zhGQabeNfya8Uy0CJaA5y_CHZzMVB0EpIudtiW87JakE_lH9zvjknGLqs4oHRLb12Bd7_JdtmK_pWhwzqKZy0XSxk80ulgcNa3eRs5bZ1LlEn3tUO2iEj7oNebXAsO7d-si8Ea97muIf8K4gpuiSdvEYFZ-6tFmmPj5jn1h_zMmh6tS-5ygUcZzX2MebsuQh4GyDAbQM2ZW16t0skX2Ec4jW5mr4h9DsPVOeVFKPQbTeKRUDkeZQ__6e5YU7YkynxW3ZIDhJqKCkPIpdnEhbtXe5XMfDnE4t2DpfrH8vxzIlmk4Z64Nb3fTZbM3Pcq1jZZwxWOA-l0RyYaR1q5IA2Xwl1C58EIfKnbfyv-fWZlrW5OSdIVRo5n0_wNmmL3x6hCWXfDKG1HuJg5ZOGdeeqqv7pFZKMI6qw5e3qRrIaeCfjKQG6T649LlTcziHI4u13FzSjhlUBr02EhfsHi3sVew_PcqL_jFywO0VUB0g6GOY_VMjELNG1SiWGgVXjHqcffg_Iw1I9kkUcNb3MfN-j9VvaTvjRPyMqK32BfpHtji5ftg_tIg,Login - OPERA Cloud,1
2025-05-31 16:27:18,https://hu05-ssd-ohs.oracleindustry.com/oamfed/idp/samlv20?SAMLRequest=hVNdj9owEPwrke85sePwkbMIJwq9lpajqKQV4s3EBiw5dpp1Dvj3deAiXR%2BOvlmrmdmZ3fXo6Vzq4FXWoKzJUBwRFEhTWKHMIUO%2F8ucwRQE4bgTX1sgMXSSgp%2FEIeKkrNmnc0fyUfxoJLvBCBti5T0iGmtowy0EBM7yUwFzB1pOXBaMRYVVt90r7IneuVrvGSbbxJNQJgMrQ0bmKYXw6naJTEtn6gCkhMd68LNbFUZY8VKY1VciO1fq535YDyNr5lB3Fx%2FywEelhD%2FKIhw4tQB0%2BgBNMHlt4C3l4b6j67yCcLaxGwert9UmZ2%2BDv0XY3ELCveb4KVz%2FWOQqebV3I6zYytOca%2FFxmfifKcHfda%2BsbvPFjQ%2FohgAjtEbx9Xmjp1Rpw9SUqbIktL%2FdSYCUq3AZ4pX4tc4BGzq%2FzdhmihPZDL5LEeTxgdMjidIuC390B0faA5rMMKREuq7j8skjX09733XyzXM1gm%2Bvz9hudfg7R7YTYVbxu%2FZfc3c%2FdVrzq%2Fgr123PKXdC4S6ZEAeFgmFAq0jSNU9rbxckuETwekNif13D%2FKGmkxI33lr3QthFtcNbrJdgnH%2BF3rrorX%2FrG89nKalVcgonW9jStJXf%2BM7i6kQiPb6x%2Fv8P4Lw%3D%3D&RelayState=sKLB&SigAlg=http%3A%2F%2Fwww.w3.org%2F2001%2F04%2Fxmldsig-more%23rsa-sha256&Signature=OSE9S6SDXtwtmvNzd%2BKBVS2xjh8SPbKqESDqw3XSksJCt8H1XO6cRfmpGWV%2Fcc7fqm1XOgqOZh3DEI5FafKo6EhQYMPQKJAAwm7AvhPiCTHiT%2Fjgb3%2FRV%2FuVce%2F5cfVQCbxH%2BfC4MTM1s4LOJRfQ1zmLvKvJT6FEOfQN3kPEXVj00TWuUZd%2BaEEXL0RvznkcA2YDnO486DyGPi5soPn7QVNk7MQ%2FpIcJva1j73rlmgLt%2FvRSAGwZ3WTCLiU71ngBMT4aNlqCi07lnSFCJbpFl702WbWO1DP8yeV8yZlGYHlqSkcdsxhYvWDTr0MRr5LqHxYP62BLcb6CiXw4pboyTQ%3D%3D,Login - OPERA Cloud,1
2025-05-30 22:18:58,https://idcs-67322d8881824b13b3da16015007f9e2.identity.oraclecloud.com/sso/v1/user/logout?nonce=ad6e24be-6a1c-415c-b358-56f137659803&tenant=hgbucloud01&domain_ocid=ocid1.domain.oc1..aaaaaaaacuigpodhvv6maozhy6he64rmuhkw7ytdcuyelxll4fkpkuod6mxa,Login - OPERA Cloud,1
2025-05-30 22:18:58,https://hu05-ssd-ohs.oracleindustry.com/oamfed/idp/samlv20?SAMLRequest=hVNdb9owFP0rkfucxHZISS1ChcTYMkq7NZQV3pzYIdYSm8VOgf36OUCkrlLb16tzz9e1R7eHunJeeKOFkjFAHgQOl7liQm5j8LScuRFwtKGS0UpJHoMj1%2BB2PNK0rnbkTm1Vax75n5Zr41gmqckhhDAGbSOJolpoImnNNTE5SSeLO4I9SHaNKkRlh9SYRmSt4eTZLoGeQIsYlMbsiO%2Fv93tvH3iq2foYQuQ%2FL%2B7SvOQ1dYXsXOW83%2BoMfSxLteaNsTH7FZvzXSE48C3IIq56NNNi%2Bw4c%2BvCmg3eQq9eGdp8WYVSuKuBMbX9CUnM6QqehrUjZwtDVmrmq1FaK5hUXkrXaNEcvV7WvaF1w5gu28zuxF2wrTLRueXLqxsQAQxy6liSAS4wJikgYbYCz6q%2BNu2sn0xgI5i426juer3%2FV1Q%2B0CSfzp3W0%2Bstn%2B4d07YLzvcmJvHFmqqmp%2BThaN7GsxQlqmzbCHMG4TyZYrt3rYYAxi6IIRXiQoSALGEXXENmnMCxuOPYEO%2B9dsueValkXnAwGgW%2BTj%2FxXri4W761uMv3UIvLQW4s1FdWEsYZrDcbzdPkw%2F5JeFM6k%2FaNPLcLWl0jGD2NLMByqreuGWZaxRpVchrj4Op09lt8C9fP3qligZJgLVskz2Zv9fvjfTxr%2FAw%3D%3D&SigAlg=http%3A%2F%2Fwww.w3.org%2F2001%2F04%2Fxmldsig-more%23rsa-sha256&Signature=UsNnlUom7KETUX5tGNa7gqjj5roJvvKKMJ37QkfI3iM2up3%2F7LIbP2%2FDnQIEvmnBzqyq2rt8nusJzAWUW5boDdRAhJlrSfDwTqAnyyzjvdEFNFmv4zwUoZiPlkl56tbLj%2FgAYaX7uif01a6kfQhuKe4lk%2FxbGSHK3CTFguNk%2FTWG%2Fy5pDr1cVi4u6b5jYVTNVS0CbO1HkiYhPOlrnyKIzPfQoodet3L7FMJyvxdCBV2cEQMraczSqxBXInwanq%2FREJxn%2Bwtyei9R3AblhXcYQ4ABbi9iuNKnPfg5loQkMgW9cpPEuw7Y2iBUYeaxfgAcLbxksuaMhp57kmI16juuoA%3D%3D,Login - OPERA Cloud,1
2025-05-30 22:18:58,https://idcs-67322d8881824b13b3da16015007f9e2.identity.oraclecloud.com/oauth2/v1/authorize?response_mode=form_post&response_type=id_token&scope=openid&IDCS_CG_ENC_VER=v2&state=m_NwIja85qcw8wPmW0wcq3Cqym9h-U9uymDjjRT45Ts&nonce=X2bDk45hVpxOVu7RSdEZ317Z9ReNBMlhmjehiRwdSG4&IDCS_IS_CLOUDGATE=true&X-HOST-IDENTIFIER-NAME=mtucn1.oraclehospitality.us-ashburn-1.ocs.oraclecloud.com&idcs_app_name=opera-mtucn1prod&policyAppName=opera-mtucn1prod&policyAppTenant=idcs-67322d8881824b13b3da16015007f9e2&idcs_app_resource_url=https%3A%2F%2Fmtucn1.oraclehospitality.us-ashburn-1.ocs.oraclecloud.com%2FOPERA9%2Fopera%2Foperacloud%2F%3FTPLNG%3DE&client_id=opera-mtucn1prod&IDCS_CG_ENC=true&enc=10zi5RqBWIXUAgAAmgIAABAgmgIAAIACAAAQAF2f3GeeDTIhG8qTMGgxw2zr28M0se2sk1cSaGwK6aK0yrawXttdv6pcwz58Wvf4_AVAMD5E0Tiel0jN-PlOZfYFU_iARR1Z3JeasQd7oHXTUHOuPSnGKq2N8r9DOvQZdxGzzwVAUFhHoWha0OgjL-gN3BBU8Br47InQfnc4DafoQqO-DYY6NpjdHMa0UxGA-JStDVzJ-j0TkoJL410d0OKI5KF1l2yG18CG74KOnk3Z26WV56YC7CsQXhfMKib0LiWSbqOOBKawKa71-NrPD2aV5HDHKwm3BDqDJ84PV0z-vam3UIJBbIlmSPXWxxeIjh4AMgaYXgkGU0NvsiuTa-jArC9M54u0hQWY682rIs1O30TZY5wQvh_EN8sw_YAcdJx8hy6mwPs-gP9_v3eLJpIquZUBPd8S493fuX-jVsFlyi0XGQsAhvtok5AAqWYqJHtWTS3UvCAC1-ftKyDHQ-RoT3-J78yS63-SKA83E0FzJQgDOxInNABEoUF4DbWJDRud__M8NwJSA03ubOdtED81MVHbImSJM7sqj57DlvU8Y9dMBrtYudxgzpoqnj_i-UoH8g8pxQmoeW5I0VNEiuuA6UAIdTRvwUWFFZJquX-zbiCO6BGd7JOAb_ClbLkwxxlJPCCOaaYZwk0v546tvM60Onrg3_9noPHByAIqcnXKNinXzIGZVTgYh1PXUQg27JpwxMEv7ge3y7Cf3v2R8t-SF8VDREz5QU0QfxVQbwMHORLCLzTPhV0XHvBt5v9si-b5PH6izYaqH4RcRoqedmwGXvsfsBIIesJZryYBXoqSj8fa87vHP9zj9qchntDWUtK-bIJmnYw4fGV9KFXRvoAiIoYU31tfi0WeAWDCA1RbJig3sW-abyu_7NvcsyQRAwsT9dYWbBCX2sXMdeKuem70MVX_EFy1jTsbBRhZaEw1,Login - OPERA Cloud,1
2025-05-30 22:18:58,https://hu05-ssd-ohs.oracleindustry.com/oamfed/idp/samlv20?SAMLRequest=hVPRbtowFP2VyH1O7DhQgkWo2FA3NLqhkU7d3oxtwJNjZ7lOKX8%2FJzRS91D2Zl2dc%2B45917P7l4qEz2rBrSzBUoTgiJlhZPaHgr0WN7HOYrAcyu5cVYV6KwA3c1nwCtTs0Xrj%2Fa7%2BtMq8FEQssBexoQUqG0scxw0MMsrBcwLtl08rBlNCKsbt9cmFLn3jd61XrGnQEKDAOgCHb2vGcan0yk5ZYlrDpgSkuKnh%2FVWHFXFY207U0INrM7P9bYcQDU%2BpBwoIea7jcgIB1BA3AxoCfrwDpxgMu3gHeTmraH6v4PwTjiDos3r64O2l8Ffo%2B0uIGCfy3ITb75tSxTdu0aofhsF2nMDYS7LsBNtue%2F32vmGYPzYknEMIGN3hGCfC6OCWgu%2BOSfCVdjxaq8k1rLGXYBnGtayAmjVqp%2B3LxAldBwHkYyUlLI0Z%2BPpLxT9GA6Idge0WhZIy3g0%2BeJ%2BEyPNZqcX6zH9FNOfuX50ZX2I0eWEWC%2FedP4r7q%2Fn7ipBdd9Dw%2Fa89mc0H5JpKSC%2BnWSUyjzP05yOdmm2yyRPb0kazmuynyqaaHnhvWYXxrWyC85GowyH5DP8xtVw5V9D49Vy44wW52hhjDt9bBT34TP4plUIzy%2Bsf7%2FD%2FC8%3D&RelayState=EBAs&SigAlg=http%3A%2F%2Fwww.w3.org%2F2001%2F04%2Fxmldsig-more%23rsa-sha256&Signature=BGJpJM8mh%2FJy%2F1D8A1speZdRTaBND%2B50zO9gMWx5nNgWAjDngk0cBzLOJxqfrcgA6c4XPKK2jfGkJGfzepa2YPJElSpJ15EGMPTL0GzxThFvc%2Bltqv7OZX2XD1lGqC4iuRYTCfjlnE5cPo1jqKNIJUWoTmyCVa6UTooVpXr3dsgTQT%2FM3Jl6fV%2F25YT%2BAvA9h2d8X4iJSDjD46fbWybneFfW%2FwaUC8o45XbOV4FElyoIAsnJQ6j3cZzGqyzHctoQ0w8AX5Qhde5v0%2FCbdp804hqThGMFNcHQZYB%2BhZ1ikhibISFDsxCOChMcaiIFCUT0fREn1VilEOSZlWxpjS3E7Q%3D%3D,Login - OPERA Cloud,1
2025-05-30 22:18:54,https://login.oci.oraclecloud.com/v1/logout?nonce=ad6e24be-6a1c-415c-b358-56f137659803&domain=hgbuiad02prod&domain_ocid=ocid1.domain.oc1..aaaaaaaacuigpodhvv6maozhy6he64rmuhkw7ytdcuyelxll4fkpkuod6mxa&tenant=hgbucloud01&domain_stripe_url=https%3A%2F%2Fidcs-67322d8881824b13b3da16015007f9e2.identity.oraclecloud.com%3A443,Oracle Cloud Infrastructure | Sign Out,1
2025-05-30 22:18:53,https://mtucn1.oraclehospitality.us-ashburn-1.ocs.oraclecloud.com/cloudgate/logout.html?postlogouturl=https://mtucn1.oraclehospitality.us-ashburn-1.ocs.oraclecloud.com/OPERA9/opera/operacloud/?TPLNG=E&TPFLSCRN=Y&_afrRedirect=612675842434990,,1
2025-05-30 22:18:53,https://idcs-67322d8881824b13b3da16015007f9e2.identity.oraclecloud.com/oauth2/v1/userlogout?IDCS_CLIENT_TENANT=idcs-67322d8881824b13b3da16015007f9e2&X-HOST-IDENTIFIER-NAME=mtucn1.oraclehospitality.us-ashburn-1.ocs.oraclecloud.com&IDCS_SESSION_ID=eac68e3b2d3a4262a5090da39a3e2501%3A8df87a&IDCS_CG_ENC_VER=v2&client_id=opera-mtucn1prod&method=encrypt&IDCS_CG_ENC=true&token=p80yl5dc00oECgAAygkAABAgygkAALAJAAAQAIJqgpIc6AsEznGpowu8rYYXKW59GVdLLQw4Zu_qoLcP8Z7uZYJIB_drHxO9YoXFss9VktWTsWJ0FvuAt9CjS80irRnLnGdDFhd-BMwcBBCLgh9vqG_7ZOm4AlZ74HHyXwNE3HE2csDmbRU3ZHh5Pn0Q-KFaIQZn7n6ijfUgStdklkip1yG9ZKm-SwWMI-VPSsF2GLpF_kat2prjZJSCmiIqsj8Nm12Tnnw_H2oD7tpnFQXLjeilYKvNBCu28sZpyO7F2JYxG9AQCuC5i2NmpmVnRNM_dO9ArMrECeZ9isM7V_GNtNxH68b08v6MK4wXFViC6f_xI095Yp0R6cmYMrDctkwgEn9gSpyLdmSghTC-hWkfmgrouIJRiSxFXPPGX5yaJgpF5xQJbmXTKXqtNv_p1r2JX1sHDPoLPfC_vcu9yoEAg6_MzhrWU-bqqR9Wb_WLpqEXZ4Zpt40EUzCxrgpUR2kh6nY6yNy6R8wRVveZ4C3Ukp6StWTlfj785K1Z1H6zaf3kJwCWnDW188s6RkUgdXlI_t_pzJO20G3QR2TcTCni0DU5rCCri-wVg-pAN5ARPOwdqKZL95UfsWoTTqBrh9G1xvy3Nm6QPfUq9llVtz7NdeTZWrYv226GMCq4pp5ujK1M4qUWAEJEXeiw-ixfgj5vJOm1UxRG885XKBWSx4YWZRTmPzmPZIzaUiBXvKZmqqDPMpyWgAoC9cqtrrTvlanFojIj1BF-iBmtbVWlydyfnnRZfPGdo7uOVzWc5eHdfI1zSgAxU-EFngszbGn06Pu1Kc73L5z-MNdN1S-QLlPrgb16w2W8_leE3hwAMNlvUI0YULc5Up9vQeC9bqg4N36BggcHIaMAJ7EIwpxQPvuEEEb8fbsnyMzg4erKY-vYBOMwbrSEVAjniDi0p491s3pIx_rsVHEozj126PZoAq-_HjaQ1cWuYWj077MAp-ZamPmEDdZU0CZUDRJri2Dm3aWroihBI47ekoqTSAz2qkQLLIw6AEgkoeO8zeXZrlLihzJfsNGkW4MzSvTztdcZlQ2DJa9zkSrvc2f_dcbVqOZyEbgRvj2tcKr7CFHwTG0rxoJK8Aput7haHDbRSTjguP3xvVzEKb0EAG1zL2Ns-DlnksYvy6_NVwPpQUw09E6Nc4ecaNxYtmyfdgBGH5uO4EUZjSZgSaEuSJDYqFimPVTjw6XY7cHUn158cBCMnNHUA_FIq7V-pM4Hl3iC3UYWBRRN-DjR_QJawAt0GO_rqZ2LUIaDNhcqWnHzxLke8tfrBRYVTGdxQshgbV1iZlpVMsBdCBwCl57S_nLaPS2Z-Ab614c4gKm55lHi2nW2Xa35hBhEyyuAw2_cxfEg8OhZzxlsdEDMOGYm6vEfUeTWToYhrt12NbkzV4eNSi2OUfZUZeftud3QQUB88Gqyp6mGuKi1MTd_h-C-r8lrPH84mStEBpPNB-94lqNYYf112pyyX0AJSK1yZZIM25TzZoe9fmZRKtlNDq_5V1BRVp_0tjPpH2ey4E3BcASogQzsCjB9vGAeH7Q-6Q3GPw0fKz_gPkbQUbs5Ofomzq4FVGFj1nwo2fN3rI37kHSU7LbSGNo_ficRUjJV_PNn9u3WFkLYpDslub035e8P7yt_EIyK7j7X2d2b8dLb16rQdUo26igGl04XsVNmQbaIs4EoT_LEKXAkqK0ttGa_kD70s9SIgQPBv5YsMiXfBY40812O642Pd6CzfjtPoS2bpeuQy5lhdBhLQ5UxrcmjyXsA6yrs_sVsoPLWsWqZnoviWbsY_F8Nf-SddDYG3YUsZExHAOz0A_XrrgW77tgF7wrS3Xvcn3RKQjalA_hvsG0hc1o2FfQvrVq6oJEgTwEhzj6yZu8XJYJ5_N4LRBnGrVaFXvc2sbqSP9dbEO_RNB1gcnJuOS4pU9P5UU-7GHh1YRziHD9XUoyTu8qz-LkLym0RwMY6s6BYJMK8JSyKp_OpQxdJxz480z5qwBrZ-KHdV9tTh7YmV9Jj7XDpTToEGoy2zOBPVqKdIdqn2kRNAwg9uY7wb3RYC0c9vr1Q3fGh5mpUnINCKJI_Y75Kx8av5yZ-YzAjKHqtX1KXBUh4yPKiXw4zgUHMFsI-aOhHFvMvZdzQT2smI8IIKO-XJzz79tJd_BNiCy75j2-ot853iwCcEu1oNSlkPOMu1Wwinh3kBHjNBlCug39gQCqDrfDuKHemaqFHmJXRbaKuCkFSj1EeLwbtgMHZu_q66sUno9b1SS6pvb3yv7WsHuN0dbDlyCHCUSk6VohvMpfF2YTje6UXUwlnkcI2DQ7HOwIGhskZk9YtbUuc5TjDC1BlgcvRynM0DejOief5oWjG1ilOTBMh59LkuOOsPvMs1t4nOzVKEazEN1pO7SnW9zGuyfJElRUQqmG3BcFkS2oB94sWv3ZllRMRZaUTpfz1BrUWFZkbcSHj0hZncpYvpaPEa9JcCCKGw-nqQFDWkiPDJtllU4Kh5-VzHbreCZYpySxcHetlqA1PcCONyTguy82NXmaqW774ojjz5LSPiErZi_7-BwpTI2xOsn6tsuGEjYfReHpFWaNLEhijUCj_rIopoKhotOMvJMCBqWqd860rq1UTVrOU6Co5ziP7_gYQwLMM40td_rcPctO_7OkgNAaK2JdKOcEtevHr-hpLk_yL-TnyPHpG-bh_8deXdeufRbk3fZWVPWS3gTICBsaaBOjTHuWq0BLLCc0wlaQsGDYCEeV-T_Jg6m9WBo0spbxRZ4foG6rINne7mUBN-aesBaDr2TNask78AyUTgWfhgZtyhVOJ9u2OP7eeHW8reeAN6BioTh3ZkB9u28x8tC9eS95hnmWQSbOdMw1wRw2Bh6WYqpsLxOl47l0G2SVgaJ4NingZpAZmv3eZScxI_BGCoRS-BpSVuGoYSdfxXaUFA8CZbqIrOoWF0lK9WNuhKBI1H_kZeMza1u1DX06L68trhLi47R2CO2B1tc6GZNpIxO8cldBOx2k7qhEq9HPU5mgFRJK2UOXmkQQCjOJUAwoEmKRLTT8LZt7-SyYK_O_2LRXh2t_AulDFKv3h--APJIeQsiQ0-c3cqPhBIc0uCw1DnXTkpRGQBAj02WE0CFd1Nz1MqCeGGhMKlnE4D9px_bKYJhRXZ7XFnuVNhNrg5LZA6PuoSWOXkFh_rvo8yTNpPGxVqvSgBbHpHTn-2R8Wo2YuH3kVP9uzmg5zPRJDN9tq3BmSbvy40Sv_Y5NFJUsC66dOZ3ZcdjxApWMVy_wFiSSz_lEvAJ7FQfwo5ptFwiZGlH6KYiz4Lf8b_9PHemz64dyfbwfeuap1AnKbaBr9L8qa7p8iBIGdYmxnyHwDf4yyDkHR_BCGpGjdOXEiChkhwVgOkRB8KECcNv1kOg,,1
2025-05-30 22:03:11,https://mtucn1.oraclehospitality.us-ashburn-1.ocs.oraclecloud.com/OPERA9/opera/operacloud/faces/opera-cloud-index/OperaCloud?_afrRedirect=611733915351142&_afrPage=1,OPERA Cloud,1
2025-05-30 22:02:45,https://mtucn1.oraclehospitality.us-ashburn-1.ocs.oraclecloud.com/OPERA9/opera/operacloud/faces/adf.task-flow;jsessionid=MNYjOBB_cDdQVw-INM_-fFVQq1BMzQ7z-00QW3cYVKEXV5iBqbmG!1839059882?adf.tfId=opera-cloud-index&adf.tfDoc=/WEB-INF/taskflows/opera-cloud-index.xml,Initializing Application,1
2025-05-30 22:02:45,https://mtucn1.oraclehospitality.us-ashburn-1.ocs.oraclecloud.com/OPERA9/opera/operacloud/faces/adf.task-flow;jsessionid=MNYjOBB_cDdQVw-INM_-fFVQq1BMzQ7z-00QW3cYVKEXV5iBqbmG!1839059882?adf.tfId=opera-cloud-index&adf.tfDoc=/WEB-INF/taskflows/opera-cloud-index.xml&_afrLoop=611708416289574&_afrWindowMode=2&Adf-Window-Id=yawjkxqkf&_afrFS=16&_afrMT=screen&_afrMFW=1058&_afrMFH=1460&_afrMFDW=960&_afrMFDH=1440&_afrMFC=8&_afrMFCI=0&_afrMFM=0&_afrMFR=172&_afrMFG=0&_afrMFS=0&_afrMFO=1,Initializing Application,1
2025-05-30 22:02:44,https://idcs-67322d8881824b13b3da16015007f9e2.identity.oraclecloud.com/sso/v1/user/callback/login?nonce=73232254-eb1e-4d25-be06-f26364592b1c,Submit This Form,1
2025-05-30 22:02:44,https://idcs-67322d8881824b13b3da16015007f9e2.identity.oraclecloud.com/oauth2/v1/consent?OCIS_REQ=nSvAdgHXVjLpLu%2FmqiBQT41p96bHz0NPKpQf95lHaMlXHYglhHD3NznCX3DpwKBsEMo2WBgeOlXQAPRBeu%2B0Vrnn27P%2FfmVI3TZTosVt712Eb%2FwUz2akAC8yj8U4KExL%2FjNoHnfRkyRC9Ez%2BSFRbFLxxJRG5nAp%2B6Y6bhqNDRImQTH7qC78llA%2BO7N3o%2FxI1qpoZzd5PYV35ufA1SN3L0PVf34LBdkcELhZUQ30x81wz7WTS7KTMgrUyjSU7WvlylNcjLwpuuwZaCA1KAd3V7BWs0hSNeJ6qQpxNY9izWpM7b1lEomyQ9u1B5kd2cdNxnealppCF%2FStXM6qodIbYKXbVNPAMT2u7EfZV%2BXkmSYMWfFy0PFrkr%2BSik%2Bo1lLTq8mInGkPxXQzBn89NZDmiZrnAaFPw7EUuay%2B7wl6l0%2FX%2BVc30XYZLAvsjU5CrolInzFhM0e%2Fy1mOcOe67HGBGmrKPIBQzqn32nWjdxtzcLEepMpT6TKK9a8m1G19X%2BqNKHtOF8kcmfC8s4ObbRgMEKhgCy8JFFOu%2F03JM4HJuEjmPweTTNracbqFlZMIqV7SbSH9ubDZODROsImbMC54SUXjfJCGrQodgZQIUeA5Fxc7mwKAoFXSsl0frgEXEZPlgaYmjrMPuBkqmScwx4kTe8NRReVKfUXCijmaxcmPW0ygNCeCIjFo0OBlVO%2FYPywAPnT5ZpuNhIU0VifC%2BmYUVOdtSzVo4yGMXEPW%2FTRUIebITdcAvn3pIwzUzgyalHndROCYd%2FQc5rE0JoFR4ZdSpPen2dHaM9WwMxuY29F281HyQUwdIJHYIu62jydgSXwrqweN7NSDbjASrU3zaFgnbKRz5UeqiGTaG4r%2BISWJTYSRVqvPHMsZiTTzsICSxtVsHVGefaXP1ceAK7yIuEpll5OvMjS4dzuUO0WelEyP%2BwrPZFd95GwcWZncRHmJPbqoYwDIKJi5tOt5nIHKww6AzalpDVSPq6J9h76%2Bkiuh%2BF48JIiaszR0y6U6pmPIocUSt8HEBGAV0wRXtB4v5KH6gUk%2Bb6NnpKcL%2BudsUmMdMdjUf50SlIram5Dodyi%2Fdhrv4yp5ORz2ozBNzvW7hnp%2Fyzabnu7m5jkvRpZBYaA9WRlnFHX1%2FMnlJSRv6YL3B3i%2B5XmUW5q9%2FxVj7UHsH3E6di23Hjhxc%2FBq%2Fan%2FaKuuq7mQGnGFj0iUGSGHWaeQt66KrV1SdWMD%2FNscQ%2FCNJ2deTsid78f7sHC3U6nRJo%2BGwydaxqa4VjA7pIWb6FL1PX168Y%2F5sDJsZuSpVKJzutq7yWKsM9Xj2CNS%2BBR0OSQTmiPeXbwQHJOIMsYLfRLA4hjSwh0%2FSg26iIKS%2F9BSfcbJBnwpHa1meRLwL9H2Gs2aDrB4ISkuH5OXf3JS58gXGbE%2FEt58wdT1Se5pY5mw0YmcIrnGAKlQPyHHZBZWvRlbvsOM3Om5kbABwinCJE7dWY455xq6LPy5neAUHK9VVZSMgYLeVF2B8TtJwEIpUMXwIIFETqkEkzcgMzQ4F20AuBhf8O7wMjvKlEq8JlQjJQrKpwSFq3z%2BcUzdKuEBA8ShN01j3XPppMxMP2%2BO1iqhJZWMEKiQ%2FpD8QYegCYceQKjpbKHwx%2BoUkQw79CTkyopiFEMdoxL1tunGK9f8O0tl5qSnC%2BK5tBGuj2sbNW8RoCcbIFusqF1x%2FJLii9GsTU8yUXVMWdP3e7BSaa112u9GU%2FnzQOy7XDTldSFOODq%2F1b23J2Z1sKXrP5vYn4OZviFKXEjP49OELs0uAuUoQSD2I%2Fr1%2BkOkiT0Q%2BOXomdZ6qpz%2BTUycsfxlw2GH4Gz6UbJNK5A8SR1aFkQiKw0lFlDrLCL7eIQitzfeRt%2B4BcvPkdeepFO2gi0vx0RE0P%2BxTBaPVHU2VbkTIWzH6drb8lVloYGenrBGaojgTnCxZ7hqqAqjLecylI9hMAjGXd9LRsPN6q92XkULeHVmbQ4FXXc1Q79uORwU3YhXQECTqumbRnnzadK9is2ENiP0LlAA901IGOv%2Bg4WELb%2BNM07C3%2Bji1dzQ3R2ZbJkg0JofvG8RkzK2OoLZcVo%2FnJG%2FFFusHsh%2Bcjg3AjTG7qVvX5N5taViR0FJoXsTrbBPuvuRp6igDn3EZPUWHrcZKQqEw4K8HSpw%2BnE9%2FzajlHDV2vinfEY0w6Z9j4xi6ClDoPGZcjo%2BuLT%2F1sCgt3gcUdsjkVDPgDs6wAnihxgpqGzurBA9Cx5BTnJJsMYCoCI4yZHjV88QmzmtozfDOPFDIZJn5NYwSfzdvdpsnhb7Ro%2Fi17%2FL0tPxO7od6BVt%2BBLMUFY%2FJemMPIT9kBVN0ppOFpZvt%2FlOdhn0CwSAL8Es0UkqVjkKLGMnlYuKAzTzhdMVytfbD7e%2BQ1I7dWWIMLjDa%2Flo15ROPlHddjo8RAV%2F4MK%2FSIUeY3wJlAEbPvHPh5M4%2F6TPHUvzCXcgygEZZrn52Igoc2hWuw%2Fgp6IQo3p%2BN0NjADWB52oj9KD27%2FbLjgJaR4kStYOIvin6CdFHMDbZmg7%2BRXEZs%2BJbEoTsR3z5tRzRj6M2Hp1RtQq%2FReoHRja3nqdhE0%2FO%2FkWjoaUSyOEseTqCAgdX5%2BcjuJHbJtSvi5Xo0MENB41S9OA74qKJjTIdMoceE1KVnkj656B4t3v7WQGg8lzFWgJkNWdBCuc%2FtIYuCYbDUcRfE1YBAumnOwkMRsF4N2qrzw6bSQ57EAEneMZIXazWlliJyRlCfaPNm%2BJ1E2EuEYGaVJLLgvHqj44if4qk7WhDWxUW27f4r2g95%2FfvamPXz%2FCYggq%2FKGY8YNiqASiWZE%2BDwQsykjILWvzsb2za88BL4IAqM2mUMdR2knCa1ZvlEQdKVCLCLAG7xrizdPDuXuTquGsW5h9hczVjDDiQAdMm0hw%2B0Nm09%2FlGj44oBXgk%2Fvp80tsKmqgFXZKbxRJJWNzmWfj0EyoN1oIJ6AjrVmVS%2BuvfsVsRkoXqBvAUGTJiRnb2GxXYxDOcKVAjvYxkg6HK%2FA9k%2Fqwwjt6MrxazcYigMfHQInIKLT4qnrG44v5i9FNkpFSVzXpcSQ%2B2JYtjyT3F%2FHTYESmR8IsbrsfkEj65WriII%2FS8%2Bw5M18trVAFGOxYGJrYxR8VZv4%2BEe02yDutp5FAPjFdES0vOaJ4OSN7LTd730AWvN%2BVXby2nGYJ4Jnvo2muVbtpQlzzTwLR9NKDUBlwzv8%2BWR32Pdyqi4O68FNQtsP0n8jiKuffZCAi6N0IMzSdjeCwRLAJn0K%2BANv2yIZNWAus7Wz2Ldj3qQ%2BQSlPizY9NK6BYvkPsmtOU74%2B04uDIAomy5YCdABrF7YF07DMf5i%2FEhADa8ie5S1XfUeuUYqr6iAhCob9iXimLtg%2FfDmrLiSgLKgcTHzgpbA8hWcMx9%2FUfrlNFDiSIC1u1CnyLPedb73p8L3%2BrYqnIX4Tf1sbjUgXu9ogxY0VCFHOhWVQ3IZ%2FdGf1RIhIvKb7fExwE7%2FVMW5anbzFTk941AtzTZmqJG9OVjFdmWsypR1LkBkrr4S0o4H18hYAi7mvMgt5hhiE4m%2Bm60934LGErMmqOjw%2BNjzqo8Py0wWWFKNLMtUAPd%2F1rXlZ%2B1CXFVAKR3qwlmDPWC5D8uDPT9UTkMeIKfpxgLYu%2FxzrDnmzUrabPttJlck4Py9oI9mGnJqceztO5x%2FTQRo7oh7bVi8vlSrysSYNRl7e8ea5Y0cdH5LaCGxP1WmFGDKRvYOeRkvM9Lb0fjshHvxqGGavjuJgFpIpzRV2MsFFUJ%2B9zZEFh4vWKeDiW3znkTboQcCrcekSlsC2rJ0298770nR6IJSMaFT%2FAucBddVaul4gr5sOAr2gAYBJIduYHCFhM94EQQwn7%2FL6IHfZplBJQlheN3txU42fFfqMtEWyvUyM5ufKECg9FGMJv79BNWiM%2B%2B80%2BBjiKAEfNxpdW0PtiduwRidHKpA5PKQISUJP3D8wQqGXEgVjaf3bystV7CsHlIihWct9HsEum46tWq7ayYhodc5iG7PRuplDAgq%2FHRdL61EfDUpUl8nL6yLeRhgxvGLoRi%2BhWWZIlOqR%2BELRgCQkDosBxXp7kuT0I0Zl3DaEyy%2Ffm9a5NdTCl38JJqPLaT4Erjr%2Fa5Ce%2FX%2BhArBVxTatVCmAowRiC79sUw6vPA5rOjkDtk6MM5o3QTP5qyG4f7NpnibV0xpfXAq4zqB33khrU2mNx0x5obtK%2FYrVNCLusG4KfeM5KBjXv20fdeeVPkW3w1cvUE0Buh8wn0GQ9kIw6tfu7mGerlop%2BLdC14iCNZEJaVTTyvoI%2F00otu0fhj5n%2FfW21lHhDNVKUZptm6Rz6FeULq2wOUpHISblkPMaDVeJ%2F2oswxAZC9cQy0w6rKAl837EuDLnBEdjeAD9wkRothoxyPT8de8bM4%7EycVLSQcaJqh%2F4S4j6lrCW7WOmm5Q6Rf61Sr3cPVdX5I,Submit This Form,1
2025-05-30 22:02:44,https://login.oci.oraclecloud.com/v2/storeLoginInfo?redirect_uri=aHR0cHM6Ly9pZGNzLTY3MzIyZDg4ODE4MjRiMTNiM2RhMTYwMTUwMDdmOWUyLmlkZW50aXR5Lm9yYWNsZWNsb3VkLmNvbTo0NDMvc3NvL3YxL3VzZXIvY2FsbGJhY2svbG9naW4_bm9uY2U9NzMyMzIyNTQtZWIxZS00ZDI1LWJlMDYtZjI2MzY0NTkyYjFj&access_info=eyJraWQiOiJTSUdOSU5HX0tFWSIsImFsZyI6IlJTMjU2In0.eyJkb21haW5faWQiOiJvY2lkMS5kb21haW4ub2MxLi5hYWFhYWFhYWN1aWdwb2RodnY2bWFvemh5NmhlNjRybXVoa3c3eXRkY3V5ZWx4bGw0Zmtwa3VvZDZteGEiLCJkb21haW4iOiJoZ2J1aWFkMDJwcm9kIiwiZXhwIjoxNzQ4NjQyNTczNzU3LCJpYXQiOjE3NDg2NDI1NjM3NTcsImFjY291bnQiOiJoZ2J1Y2xvdWQwMSIsInVzZXJuYW1lIjoiS1NUT0tFUyJ9.g4lvtwetBH7iyKIpVefTFb_mkE-54OLY0RpLO0JF1y3PwypKhpZG2ydDAqin7Waayp7N3Fhpro3hx_dKIrRymZolqVUQz5H2ZG8x1v2hin-YCb8iKhd-c9wImSOzFvooV_T0lLCMZNV9oEVIAjgVvO6-d6_JyzUqDsAOS_uzqA2LgTFCIprMszmnH7-Af9lNCv3S5bZ04IHfzAloZUSf6SkZjJdTU1uLRk_TL3qJn_7ZQ-w4SXdavLqTi-o-o2_X72h-2RGjxL3ZoI5Ie1aqmpDxGzp-sWjnhrz7B5wVlrdw-385mnWarE-B80h_fwIvZs93AuzJQS-QQeUXHuXtMQ&is_paas_login=true,Submit This Form,1
2025-05-30 22:02:40,https://idcs-67322d8881824b13b3da16015007f9e2.identity.oraclecloud.com/oauth2/v1/authorize?response_mode=form_post&response_type=id_token&scope=openid&IDCS_CG_ENC_VER=v2&state=dNewWAS5QK42L1JqP1EupR8l1uMY3Era-Iu2jkCdpt8&nonce=9De7PFkhltCseE9DKCFgqREm_8q1dx-ZRTnrt3uHywU&IDCS_IS_CLOUDGATE=true&X-HOST-IDENTIFIER-NAME=mtucn1.oraclehospitality.us-ashburn-1.ocs.oraclecloud.com&idcs_app_name=opera-mtucn1prod&policyAppName=opera-mtucn1prod&policyAppTenant=idcs-67322d8881824b13b3da16015007f9e2&idcs_app_resource_url=https%3A%2F%2Fmtucn1.oraclehospitality.us-ashburn-1.ocs.oraclecloud.com%2FOPERA9%2Fopera%2Foperacloud%2Ffaces%2Fadf.task-flow%3Fadf.tfId%3Dopera-cloud-index%26adf.tfDoc%3D%2FWEB-INF%2Ftaskflows%2Fopera-cloud-index.xml&client_id=opera-mtucn1prod&IDCS_CG_ENC=true&enc=NSCTAWC8bg0xAwAA9wIAABAg9wIAAN0CAAAQAB04mbyC09dOFfhbf8rw0K104-GaZmpvEFWeVdtlKrNpH-uobtPFWPabiVHUvttzBfs1QgOITZJ3XsVMq3v6nrUT6uHypAi_5p7I-WTFbtIkGjmBbxpKE40PVqL6ZNK99_WcoeXy9ZHaTicYFKM9JDStWISwGpMmA4r943jySl2CVJE2-Z0YDsimu0Bhl5bdcsvj5tj13nFxo7lV4lr0emvkOUibJ8lFZatqWq7Od9GbHJUPm1ZcpLlvc_lldmoZUdKsp2xYNy7fbZCa5ynDvL9uMlMjHTjomumYR-IBVEUTWkApDuU1PpFXzh4EZzM1I4m1irZJ5-Ocjh--QvjjPyg2mSkSJDjblMyBC1tlNos42mZfXAE2tSAL7M_EEYG2hrVTP_UfPlBZItfY-X_jymAHSKXkw-wFwqulTYwPuRF6a_6YLK74DdpPXgnLVay9XQ-HFAUCdJIYo42YHgCLzETKWw-SJ8pYI4QQBnHMekjIUIRdVA9YWnOXbsSQA6imHcbUjurp3QtAizBg2-AdhYGRVzllGQl17CNO4-ZKpIeZQYgC2-O5EZKJ7Gqnd-Lf7TFzBxYIkTpK7XomjDB2KQVC--UUHpL30IgPOQAnHOsIw6KjtOdQbjzc4Nz0dt1g6-LvOPZ8oysJSrCPRgVStiioorVdqnZkWDrCrEn-vURTevefL6AZgHhKIFwjMWgFxtg0_i_PjRmh6NVDGSjty2neAaW-_Z9HsuvOIwC7NHlH11RcFM0Ah1FtDRdrGHDR5WpdFc_JNgThzuWCX9GRJVeySIavDOLUlFGTiVSRU-Q7pklf1KEScPLLP0pIX1-7N20U-o9UTDQ05ZdYlM0ZnHEKbJoOZUfVnVTgzDzllnAaK_ZuNHaDKen3qrNU38U-ogXee9nP3gIRgueYeqUrBgBJu81w05HhkDZgb_8F4P7IdHLmZt0zkf5YsnhmT4GjTAjxeImDAVJATlWC_OiERn9K170gqkgYNkweGg8xDquxDUKvQL1dXsuS0VTx35HWPajHxlMdWZKwy9FP0b8SmXlgEUARyJB_IbmfAvwz,Login - OPERA Cloud,1
2025-05-30 22:02:40,https://hu05-ssd-ohs.oracleindustry.com/oamfed/idp/samlv20?SAMLRequest=hVPRbtowFP2VyH1O7DihUItQsaFqqKVlI926vZnYIZYcO8t1Cvx9HWik7qHszbo659xz7r2e3h5qHbzKFpQ1GYojggJpCiuU2WXoOb8LJygAx43g2hqZoaMEdDubAq91w%2Badq8wP%2BbeT4AIvZIAdRoRkqGsNsxwUMMNrCcwVbDNfPTAaEda0tlTaF7lzrdp2TrIXT0KDAKgMVc41DOP9fh%2Ftk8i2O0wJifHL6mFTVLLmoTK9qUIOrN7P5bYcQLbOpxwoPuanjUiKPcgjrga0ALX7BE4wuenhPeTqo6Hmv4NwtrAaBev31xdlzoO%2FRNueQcC%2B5fk6XD9tchTc2baQp21kqOQa%2FFwWfifKcHfaa%2B8bvPGqI6MQQIS2Am%2BfF1p6tQ5ce4wKW2PL61IKrESD%2BwCv1K9lCdDJ5WneLkOU0FHoRRKSU8oIZWn8BwU%2FhwOi%2FQEtFxlSIhwfu7JKH3%2FdNwl5%2Bk0O%2BXN1v9RbpVbfQ3Q%2BIXYSb3v%2FNXeXc%2FcVr1qeoH57Trkjmg3JlCggvB4nlIrJZBJPaLqNk20ieHxNYn9e4%2FJG0kiJM%2B89e6FtJ%2FrgLE0T7JNP8QdXw5U%2F%2BsbLxdpqVRyDudZ2%2F7WV3PnP4NpOIjw7s%2F79DrM3&RelayState=oSVz&SigAlg=http%3A%2F%2Fwww.w3.org%2F2001%2F04%2Fxmldsig-more%23rsa-sha256&Signature=a2njKj7eCbTe0svBpctKlxI%2FPAQ6XlMEPM7052YP855OpihVQzRjTLi%2B780OLe6GBwFk3qmmYyHtSTtYWCENAr31ygFHw5SQIFjzIG5%2FD%2BxqWZwNOetJ0c89bGYegXEdfp37nKcoT2epLj1Hqef%2BgABxGPkO1AebZn%2Bw%2BvdQMVGxPpqO3f%2Fv8uXvUlnBkIJ3C9S5CA1Nb2201VGtKEla3C7O%2FxCZpCpfDzIR20vbHEHcAS%2BH0EPOWi3RyykzhgpaSDpzIo%2Fneahd9XM0VZh7edxMxpAN0jt4Z%2FfgX0xpLfJGsWONi7rEpxFuAiMyKwd6hjtolsv12fyiLuAe5c8Ucg%3D%3D,Login - OPERA Cloud,1
2025-05-30 21:51:56,https://idcs-67322d8881824b13b3da16015007f9e2.identity.oraclecloud.com/sso/v1/user/logout?nonce=24e4ecd9-d658-4ca9-b129-5a08c193d551&tenant=hgbucloud01&domain_ocid=ocid1.domain.oc1..aaaaaaaacuigpodhvv6maozhy6he64rmuhkw7ytdcuyelxll4fkpkuod6mxa,Login - OPERA Cloud,1
2025-05-30 21:51:56,https://hu05-ssd-ohs.oracleindustry.com/oamfed/idp/samlv20?SAMLRequest=hVNbb6JAFP4rZPoMDINaOhEbs64rqdq1uK3r28iMOA0wyhnq5dfvoJJ0m7RNeDr5znc7Q%2Ff%2BkGfWmyhBqiJEnoORJYpEcVmkIfozH9oBskCzgrNMFSJERwHovtcFlmdbOlapqvST2FUCtGWYCqCHNsYhqsqCKgYSaMFyAVQnNO5PxpQ4mG5LtZaZGTKtS7mqtKALs4QaApAh2mi9pa673%2B%2Bdve%2BoMnUJxp67mIzjZCNyZsuidpWIZqs29LUsAxClNjGbFZPzUyHccg3IIG4aNAeZfgLHLr6r4TXk5r2h7bdFaJWoDFkD058smD4fodYAI7KpcNsG4LbagJFiSSZkwSvQ5dFJVO4qlq8FdyXfurXYGzEVRgCViM7d6BARTNq2IfHxnHi0bb7OElnPzbVJfe1oECLJ7Y439XbSbo8G9vOs4tVMvqjTdLLoz1IbXe5Nz%2BSlNVRlzvTX0eqJYV2foaZpLfUR9Zpkkidgd259QngQBF5AWivPX%2FmceR3smadwu74TxJH8snfNnmSq4nVw2mr5rknedd%2B5ulqcGt1o8K1Fz%2FE%2BWsyZzPqclwIA9R7i%2BePDz%2FiqcCFtHn1sEKa%2BqODi0DMEv0cv6SFeJ0%2Bn14D%2FeA2WGx9Of%2BdkscsjLX75y%2BFkZI8m%2FoXsw34z%2FO9P6v0D&SigAlg=http%3A%2F%2Fwww.w3.org%2F2001%2F04%2Fxmldsig-more%23rsa-sha256&Signature=FXjzfpYOknAWSGWIrzsnK%2ByO8tTEYYc4QU%2FskJEyxnRBv%2BP%2BFtreEHcl9%2Bzi5ibABh3XBFJGoTfA%2BvdSl4dr7lqhja3O9y3qeZokuUgpCjXi3DjkNNcyiJfUfztmeps6l6NPdlGFpu%2B4xjC%2BZoVzzZaDF3ji3qrsB%2FzUOtk3juNMqQ%2BuKQ3GDROpx%2BXilCdlsSEcywJ8RW9tLKxZ7Fs5uADn3uaoGruLgCp26f2MI0S9O2AKFwZ2fZnObxoZs%2F8mZEx6MpzxbbU51bYcquNqJbJPaPOLxYaqD0%2BwFteYeWsKiLZkh1xyZUkhy0hjolFOj%2B%2BQhdywOEczk23shqkfmg%3D%3D,Login - OPERA Cloud,1
2025-05-30 21:51:56,https://idcs-67322d8881824b13b3da16015007f9e2.identity.oraclecloud.com/oauth2/v1/authorize?response_mode=form_post&response_type=id_token&scope=openid&IDCS_CG_ENC_VER=v2&state=6mtgNI6qw71XK-PI1PczWyT7gqXHHj05LlPpEQ2NgrY&nonce=V_SxfbwTefxmXLQbSTe4p64tfpduJ3ckImBfj25W3qU&IDCS_IS_CLOUDGATE=true&X-HOST-IDENTIFIER-NAME=mtucn1.oraclehospitality.us-ashburn-1.ocs.oraclecloud.com&idcs_app_name=opera-mtucn1prod&policyAppName=opera-mtucn1prod&policyAppTenant=idcs-67322d8881824b13b3da16015007f9e2&idcs_app_resource_url=https%3A%2F%2Fmtucn1.oraclehospitality.us-ashburn-1.ocs.oraclecloud.com%2FOPERA9%2Fopera%2Foperacloud%2F%3FTPLNG%3DE&client_id=opera-mtucn1prod&IDCS_CG_ENC=true&enc=ju7fk7JQe2zUAgAAmgIAABAgmgIAAIACAAAQAFKf5I5Aysy3AafsMqREw4U209kumxYsUArpGp6Kse5DHg-EDVyS8S4aP7GKHjapdeLtAPLaflCb7cqrmF3z1UcQsTxM4AjK0C2YNov_Yrgh_6MAUs2YdjcL-TkQIeDHV8n0QWH5rhEpUwWDUvZQ1xF9FRJDi0izDAp5x8h7gjHm1HJ_DMirE3rh6kqPZVnZxA3MreDRPIORU1Hdef0aGGrDziVKrIKLv3-RpPXSW5Sfa9br8knw0ADmUGkixEZ-LLWC1Yk_omR8MR-OKLU9GYhxiUAR_xGPt5HlchSjmDBDqjFjSnqDUzKjb-EYoOj-gTJ12naK7Rkzy-HeW6vcTdnBE8Ixr_G2cM4GJiWZtgIRD3fYDftCmrWo1MKYWhHJ3YImI1IQeYv3s83GNkJ53m1mTapJNpohHNiLSKGdB0vdoVQl6lu4s2oflPG84KyIEERkKrP9ZsxrMIEq6EZAgb70W0Lxkqp-Vl9cam0UhL_maJjxL8Q3bEhv4Y6QI9JbxrBJvybhTzreMDOUUP9cfFCOy0_icxk8HLFKA0UrjQMaiVmXapbEYBCHihCaq8qB46gJyP80NFLBuZNmNHhyzUkYp5krVXCbdZq4jmKlmf9bMa2wtQnhh5IjXMchr9a0mtCCyVeQcfIYwSlb_mohpyzvFpnMrXmRxjjgMlJ0_NzKR1oCPjzZXoIvmg2sjaKPH-m4d3p2LXOrMDHopLH5QftcEFVKj8J31hH-gFhnCGcE_ZT0zip7e6LoXng87bwJSDBSoeAZ9nhHDcxN0Voz4Ix63yEc22N-Z6GIUaUQMCmA_1auNQx_Q2bAoCPbcEaLFqUNLAQaN6n1MllRtWe75n9xnGD0vmzkIQOQHFYy9xLxWMHknr4YtMKiXuCWNpOBJVOsVE5oQQf5lSkTyJP2_ZKT4z8jVS0ALArvcIGv3qo1,Login - OPERA Cloud,1
2025-05-30 21:51:56,https://hu05-ssd-ohs.oracleindustry.com/oamfed/idp/samlv20?SAMLRequest=hVPLbtswEPwVgTlLpCS%2FQlgO7BhJ3TxqxGoT9EaTlM2UIl0tFdn9%2BlJ2BKSHuAAPBDEzO7O7HF%2FtSx28yQqUNRmKI4ICabgVymwy9D2%2FCUcoAMeMYNoamaGDBHQ1GQMr9Y5Oa7c1T%2FJ3LcEFXsgA3fcJyVBdGWoZKKCGlRKo43Q1fbinSUTorrKF0v6ROVepde0kffEk1AmAytDWuR3FuGmaqEkjW21wQkiMXx7uV3wrSxYq05rismO1fs6XZQCycj5lR%2FExPy1EetiDPOKiQwtQm0%2FgBJPLFt5CLj4a2v23Ec5yq1GwfL%2FNlDk1%2FhxtfQIB%2FZLny3D5bZWj4MZWXB6nkaGCafB9mfuZKMPcca6tb%2FDGtzXphwAitFvw9hnX0qvV4KpDxG2JLSsLKbASO9wGeEv8WBYAtVwc%2B%2B0ylJCkH3qRlORJTPv%2BDH%2Bi4Ee3QEm7QIt5hpQIb183v4rpn9fe3WD%2F3Nw9Pfe%2FNvvr2e0s5SE6rRA9ilet%2F5K587nbF69aHKF%2Bek65A5p0yZTgEA6GaZKI0WgUj5LeOk7XqWDxgMR%2BvYbFpUwiJU689%2Bxc21q0wWmvl2KffIw%2FuOq2%2FNEXXsyXVit%2BCKZa2%2Ba6ksz5z%2BCqWiI8ObH%2B%2FQ6Tvw%3D%3D&RelayState=-3Yg&SigAlg=http%3A%2F%2Fwww.w3.org%2F2001%2F04%2Fxmldsig-more%23rsa-sha256&Signature=IEIpXaoqZTl7B%2ByA7IIjzvm%2Fz39IeT2Qspt%2FN9UtJ%2BmVsjN2gRrqVs41jsWaDX8pj9Mp%2FwBxHck8PAH7%2B76l5RXZ6iIOIV7MBaucUyCZr4sv7rZj3pczFe5b2R9sn9N5HDTtWIEZb1%2BgjbCYVwQBn6ls6JrUpuk1%2FUMxtUqbWZ0Tf0aHbRyRix%2BTetFTcrtWFduEKQ6gl9rJn5iwtUp%2F89JjgRpNB6YNWPKSVxL8BsDs%2FPgcyZV0F63%2Bq8i9hDPBdpRm%2BP1S6jUqNmq37M9jhhWba24llXwBFgKQVfp88i5k9Kai2I53EfIRflT3PrpnIEiRj02vvIKnwR2y6OwT2g%3D%3D,Login - OPERA Cloud,1
2025-05-30 21:51:52,https://login.oci.oraclecloud.com/v1/logout?nonce=24e4ecd9-d658-4ca9-b129-5a08c193d551&domain=hgbuiad02prod&domain_ocid=ocid1.domain.oc1..aaaaaaaacuigpodhvv6maozhy6he64rmuhkw7ytdcuyelxll4fkpkuod6mxa&tenant=hgbucloud01&domain_stripe_url=https%3A%2F%2Fidcs-67322d8881824b13b3da16015007f9e2.identity.oraclecloud.com%3A443,Oracle Cloud Infrastructure | Sign Out,1
2025-05-30 21:51:52,https://mtucn1.oraclehospitality.us-ashburn-1.ocs.oraclecloud.com/cloudgate/logout.html?postlogouturl=https://mtucn1.oraclehospitality.us-ashburn-1.ocs.oraclecloud.com/OPERA9/opera/operacloud/?TPLNG=E&TPFLSCRN=Y&_afrRedirect=308469895482394,,1
2025-05-30 21:51:52,https://idcs-67322d8881824b13b3da16015007f9e2.identity.oraclecloud.com/oauth2/v1/userlogout?IDCS_CLIENT_TENANT=idcs-67322d8881824b13b3da16015007f9e2&X-HOST-IDENTIFIER-NAME=mtucn1.oraclehospitality.us-ashburn-1.ocs.oraclecloud.com&IDCS_SESSION_ID=d5b796cce518436c81f6e42cc33532c5%3A8df87a&IDCS_CG_ENC_VER=v2&client_id=opera-mtucn1prod&method=encrypt&IDCS_CG_ENC=true&token=Su4dQGD_3bMECgAAygkAABAgygkAALAJAAAQAIsUqbHOuA1MJVbEz3DPFrE8wvvBybIb6yTFpVF2tKJKqArtHRSN6JVtjFoDHl4e5ziGgRjWeJFzmHkX8K221Bk7vIqHFRZlwHXOb1bSgThulvb5pp9mBeC7k-saCTxHRuBOrK-I7wqkHG0GRubL4shYKej5z8ReN7TDH7O7mgElEjhYK6tft4XHGA4WZc-z7gHnTkHgKLsJpiSxtF_nIiLWoKaykzLfMfDgd5v9zCczfYIm0dfL4-kkRiaMSa7qGLPXfBi6rmfUKAx7NcpxVhCoQq7gXBH12840FoOaPa8ZgI-yb9fQU6-vzRz0y-9CfN1DGWMPgE__o4iJxPzfi7nfUiYqmXTcllxbLOgK4V4DC_kWVCQjWBEN_xWwyfJG3v6xaVT5-ylKM2QwUocJwSGNIp9DhjBkDTOcETn4ZKkRdILrM45qqwB0p9qQ_IIjejBlUXwlCDDG_gRTIaw7GVtGWV8Li-mGQTEdR5UEm-UXPb5JcmYaxTxhZRjOwFHcWODFBDc_X1PiwuT5SPlJVZeuWYroKgSmh1m0_EVy57fKgO2OE3tTHHPFKbzXAGkgMUfWD5b4wZUS1Lk5bOH1q1o0Uci3MVeMwBe-ABwHY-otDslT5wFMFK4eRY_dm2GRUFGWeTlmIe3aHsdx0GnNV-Kxu-BsuB7arVLwaHYnX_2Alk_GXxfZovJK2QgRjBOfp5rnQeoH_hBCe9FFumCzxTnLUHCskr459HWa8LVGWLj6rXTiREShBTUQ7K3idZnWKOXRTzsRGaSraKu3C27GfImf5hMQu8_PhPJ_Xe4cHYcNrlP34RUf0mpgQMHDp3DmtWr21e5Jv_XKD2zSuV2SbbKkhLbXlReSpY3vFWedMaEgGplqZ5PRSrp4e-V6onC0s7oBuFKbOhTghgU9OjTSRXGUdwwVy-5oS_pKprbpt0VPQo3ZFXJTwpp11drPAaFw4aZqAWq33--3aJ8k9lG_8or6wQuxv_Yw5WbMMMSCrVEIe0Z7egEZBB-26G9fuY_it9tI2IaPNvftOozjz1_80Jqz2QNis-AxXHEYJ_h27MpmyAspk0O1gEO0lCcu8qUf4BsvvT7WQa8aS7EW0TA12E1pGbtKrsUMXuFicrE9bVeV7pVxTWiPlS6Gfg-wih49HBTS_awbKJ05Cr32n4CqvTV5CRd-KxxRfdj6GHMWSD9uqGvXlm_NGIvx09UjjymBoo97TDZzbVpuQ5qACL9tj1Qe26ETcBn1TU_DzPtQcDgx1pVlFiDmhM_rKxNcDVjobX8HYBumMlGgJIhYQPZoCnzhhW8kbLg-Gj5YMoZFs6AcFk57BKQfOUsEXBIqLJIjb607ZIJjvUGv6lI0_Fv93wD604wPjC7ROth4zM3x9-UmjETjEEMs8lGwF5WLPcG39fzv-cB23mYJlMS62XymijxmfCRtA6ld0XlaprJ_R6PDa40XNepTVDLIMGW7zG0SjJ2SxgiMPKpuQt_JgZXi9gVxgFq_Mx9O1Z-AwOH8PCxb1kCkAS2zfHv5Zdfzaq9YhW0Q4Aosi91dpfAUV80yYfJTPaouJoxmL8ORiGKCszFMHj2jMVF2XwOQDGDF5OsNqsndHWK-oQw84DTqZdGbG6kQjfuLCDS-Uj5UuhooRv5B4IfFBOU49jPmq6n6Ks1vekngXka5JmlWYU657PS9uUr9tAfsJJY2TYof84bif9CSx5_8sKap46neBEwcmTTAzRmdTuIUa3DBIp4yA5Ike-op2LeEULWYY8oygmGAPTf5GdE-qNN_UCF1WAhYK-OOEp2kIyMyuDbG3XtAxVq6Q8TctwrR2ut7WVMEoJvqQ_cnNPlBHcNl9eA0bliwpvM0JGA9iz9lqtPFUEVimjrBpHoNtdpxW_AsMdN_gpPsTpFOYjOXFp3PQ1K-05cD6YFDxWUrrMgHbB5MqXy7WR-6eicft2IjEeQo0x4-xN4Wz6X_mJiTxYVq7Lnh6k7NNfrbsX93D-Nwbk0wgODhnTUomnvPZZzeT_7T_6WvT7PA89VqbWF1CRZFQat8osgkSITrRWYzX6zwYM6ND6kIBcsUZo8gcURu2Ch1PkQc7HXhXnoBAyMGCopDISDjZILFk4dE6gukeA7J6DFnUi3V0Wk7hEegnhG4T3F551Bzs_ZKaxSSiA2kvvFdhT3sOGp5Zld9manPFiWvmhd_Sxmwu7HxW0C8OKMEEgBePfTwPcjXc7DVj7X0QVTDB66BKpo7on1IyCZ6EFyh5SdHIdcW8mPRzmUsikTSUygrO5qZo8Tbr-6vq6PD950Abn43JnorRWPfn0TWOuUO6YucDHbtZaJxX89isktp2Xm5iBR128Zk2DFD5z-nkT5nDyqzalK9WkcuN6-Bxt6tR_LPo9RC7z_Va_z3AZX5-8L2vDYNHmzcVePbjJ5U713_N2QPEbXL_cWX-IgJT5dddDcsSSWd_mO0WmbvrXxsZoodXuSzZ4j0tiArLIzChOUvWO1QxD1l6uSGaEyKUdUZLccOe5b1LXDM9cK-No1gzKetEmT52Z6eFtmxScRoCq_4MloUHh-Nf7qXzHGEU7v_Xg8BwQo3xH3ehef6IuL75LanT9fXRrq5-2ZJrk9cd0aHhB90QST-yoX91Irp6n1BfjxI47TylWSVO-Ll4zIcmV6VpaOqxfbP1ZKSwzaD10LHTcnwCTFPFdm4h2-1YoJcRMLklKOasezQQu1IYirMSF76VkeT5ITtI-Vj_kpTngP2Wzy8hBLetX-P24Jq2CHNx8ebi3Q2Fr273TuzvDbA3nZ6toaqNk9MhONlbpz9Cc3S_elUfYO86FBv_GyqGf5tw2K2ZGrPrexsYY-QRYEpdK2BFMilqGtGfMI3Xqn97tgNpP7qK5M6J6cN2FURsV9LzLD-0prY-f11x7Z4JFeVu1ce3RIg9OJvDlIBFI0k-IPJDGQH3eFHhTAIJmjS_CSr015LdS5IXUDMXiHfiNkQOLyu_jbLkX1WHSOpai1YvDDZmiN2_arj2moRJQfw1K7b4vILy05BIvMP38jobFZ6XaGLipeOdbS6Sb3L68JiyRBn-8o8sQtuoPZn96s-zA1JNSFBIJ2lKThuid08GPguGj7O9w0EK0NwdyCh83a_w6lSU8fYY2llSSBm4ktHMu8fZE0q21-nfWzXPVSoMTjVe3qIJCDvK5sfDExqKUxGn7lZUX7zdi8esMXN3Uq3pmFcGI7nXOVW1tnHD3pOulASGVJE5camBtYT9W6l1liTOWCbxUFaYeaWtzmUMWcKe40tiafDUyVnG3Plpj3nqjdGr1qlq9TSqk_OJMs6EjaJ0L0iywO_hK53vIYHHnPEuRVGL4GwwiaTcp9bakZxQTIo6Y7rvxd26QOo7fnAQ6HuPUD4-6QuRswbtEau0w,,1
2025-05-30 21:35:59,https://mtucn1.oraclehospitality.us-ashburn-1.ocs.oraclecloud.com/OPERA9/opera/operacloud/faces/opera-cloud-index/OperaCloud?_afrRedirect=307517761813986&_afrPage=1,OPERA Cloud,1
2025-05-30 21:35:36,https://mtucn1.oraclehospitality.us-ashburn-1.ocs.oraclecloud.com/OPERA9/opera/operacloud/faces/adf.task-flow?adf.tfId=opera-cloud-index&adf.tfDoc=/WEB-INF/taskflows/opera-cloud-index.xml&TPLNG=E&_afrLoop=307494251301009&_afrWindowMode=0&Adf-Window-Id=w127u31adbm&_afrFS=16&_afrMT=screen&_afrMFW=1058&_afrMFH=1460&_afrMFDW=960&_afrMFDH=1440&_afrMFC=8&_afrMFCI=0&_afrMFM=0&_afrMFR=172&_afrMFG=0&_afrMFS=0&_afrMFO=1,Initializing Application,1
2025-05-30 21:35:35,https://idcs-67322d8881824b13b3da16015007f9e2.identity.oraclecloud.com/sso/v1/user/callback/login?nonce=ca804123-9790-4ffd-9108-0e0a2a617dda,Submit This Form,1
2025-05-30 21:35:35,https://idcs-67322d8881824b13b3da16015007f9e2.identity.oraclecloud.com/oauth2/v1/consent?OCIS_REQ=AsOzKkZJXWtQuhTL%2FTSZ%2FQno%2BxztJ%2BeShkzyQfT541U1QaIVfluoDyd%2Ba4jMeUXkWMD%2F4KhEHfS5srYYiSLPNNRwqIwaaReHiI4fIX6EadzljAeoyp9CLmAqLF6Psfjl6sz3IG3ZJPlahYZW5ARcT4tvEFQhI4KYyadt%2B2%2FTgdUrKOOpYcWzbG%2FLOplYTWazAaoqVgYpJB3zlqdTaN83I22h8bIiznYFbhcksewf8K3e3i7OAZOGkffZpr1OXIGYht3xBxH4RdWRWp%2FRcv%2BmAbmQPjB0tKQgwJ1A81RTzWceJSYBrOfRPTESxPWfgxc%2FDPJEtDGpcqh%2Bg%2Ff7A%2F5nlp066xARK1OsrULQMzJy1R6wiEfIUZjr8gKJH%2Bo1gf%2Fb2pFcBUYBs8luDEI%2F%2BteSPxKoTg42AWqM1hLXnwrYZHUosfiDDcv4p991Bayr1zUtb9y6QF5SixCFbS2ayZYxCdEsRp1Pxo9A3fd7Vhb%2B1j03%2FzbAXEcOsI55PJNgIFKR7NTKyABBwGiiARQCmUFGt3yawor3Ou6AxHpKfbIyCRKYc41T0TAJP0UWjb3lizPTokNP%2BmgvtEW4i9nySKbqhjjPzAIBji6FcZSWARgLD4GmyVBtigPKtqU%2BE4XEQnliXx0ooAvPL9LVbwttL1sV8TT%2F6x4EgiEqt1qPd1vS2qxnn7XQ%2Fa%2BlCWdNMkKPGTVaxef0luARsaXyopjKp4PeCJ%2FyXjm0knK5WwOJMubFBCBMFl5loQ0LXnHJHtwCr1bGbKz1Faq2KLXT3Vcv%2Faj5uhvr%2FP9zIJgtx0bRpgihWmbefGuwvjMKPMTi0Dl48ydL2lpCg6FJeFjyleDJZ24g04b1QnkmlWtxhFpRQe3jNfReX2m9JFQTm5pPOt%2BlKyKZSZqQfB1MVHY%2F4YyFm5Jo%2FdvCYYrn4VqASlFkSGwjynswyJLoe1zm5EfFLERnEvQ7r68e%2FRpScMPEiVGWzaKbs3muD1oRPfAw2z7c%2FSxzcHEjGdwW55%2FnQXguX482CmmzZcvPtod08EHXvfJOXNWSB3Q4KC9oIQUnAT6uwTnVsoRNG0nSKrsEDJuXLZE%2BKeLk9HYHMJRHsuM%2Bny6KrCE13jDkhUX6u%2BZmcsvlypRU6M7Vaw1BPofq%2FCRZe4kbOcujUlYV4Yq8CA8Kk9y7X%2BNy2RjICGHln3%2FdP4SHt7GoZbMt1ljtv5HZ8KJ7USCn3DsewZWLC6eWhX1kwVSHltOhEK4V7KlmhVGuQX6uMXwe6gvWT1GZeNn5LSAfOGc9ZYp08WJ%2FzLza%2FmNYYylIbkJUYhaDeixktdRUdcd%2Fruy5DuCjJrpa32VACAF%2BN5cr2bYKpN4XVw4lW5nqzvw1GIU9GzP9Fx0xjOdUqQDAVgmn0%2BKHRmbSurgqg7RHFTFDlemay1Vfx2I1eIM2nHov8q8ItaSMqZWN%2BiNDiCeaWq%2Blf3ZyeEopjJI0laEs5szEbuaPRWG16ctYx5XvAlhwmtpc8f39DAAWjbXa9IO2Ppcm2d7Crwm6aNMb6TN%2FXyEUo0kh8DxI%2Ff6l96Yo9OqdxOLu0wupUZCDKB8jZWrSeyTKksGIVg7G5nhUIBBi6uzpVJFZDFJW%2FNGnEHZxyrr7mwsFdkqumoWCx3E1xaAUxT%2FpJSJrs4GqCqIDtV9LL86pinmVcwfGZmRhOhgf2j6Jz157oh8C4kLJfqgHyD58HpDocMTouQCS1S2WVb4VCMB6qjmAiNxR4tCSL%2BxSdsoU647iQg7Zx6CC1OJwnc7%2FfIZ6i%2FR3PXKf%2FAXho7bD475d4XQxX3jbad%2BcQNaN5%2BrZPmBsvdbDQ3dHUAJ3mwSjZ3PHq5doudCXxp9qzX5o4Ylt8V04vVZ61uk%2F3mL1X7TzpAoBsnJ92cLOJ2Ei6RDPWBbjlW8detxcQCyKBWTefP0gk5qcMih%2BiNEOBY47azluZeIOTMRevS4XEjWzW8eIj%2BGs7fnLiiH9Cr%2Ff8GQp1R1HRbDcGH2fZ9Zq1LcaAtFKUwL%2FAHcvvfpMSIulM8No%2Bt5gTkxQvmr%2BFl%2BlBEeVc4jRM1jwck6oi4RP2oYFx9UVpGN3iG9Re%2F83AxGaIq7gHeMW4u%2B9guDHz3HbJ23Hb1tluoSQGtBA7jyfsDCTujInXBYTmRM2QWHca1FdWtfVy3hCQNItZ2msez5ooVkjXA4lBsQekzeiR2rUDDqoV5FhTsgy8s8e%2ByPmm2pojsn6tuL2t6MaxhRRWVFh8McAIKDXynI3EmJldNfj2cVRnHd%2BPU%2FZ0%2FNwCdUA5Q6q5xBoEEeOuuEKxTEOzbCHT9RwR%2FktB60GW0nDil1mfCESTkfxFZXArH99TC9gmSLd7pOFmCvj7D6fMu3lHUzUpsKDa0qlVWkDry0X38oIwjSihd3PTqXC2gGovHKocs2q1CQzgn9fBqywNHJiLAaMAS2JS4h3FPDZ9zQCibTxBC36CZOhEUwO1HODgTzHw0%2F5WFnHr0cwOj3tfhAk9Nx0hxTPe2a92d8hLytRUB9Jtz6TnS8SgkOwlWX7p87bOPMT%2BeX0UWgOkwBPkBtX%2FHqbjIV78EqjR%2BO7n9M9KK7I7CkKZosN6IQ81D0xG8yUOTiGP2I20sfnyADT2N%2FH5VxMbf5Q647fGv4mXlQSA391iQ%2BWl9nY%2FMUeT1Tk1h5uOnnZNpQxxbczV6Vn1UFXFJYcSi4LG8ZYp%2FEhwCfqHaAyz%2FNqJ9UtF%2FLtwc3IIKv9%2F9JyftsXS6hAE8FqlQYSX%2BdtJI15kQjQg9pBbA09cVoOHZ8mo4qdiPYTAtFZsoA4xdXn7UXdMv4I%2FBRNjOGbTMIME6l8SMmsJpS59dPzRYd8drKEaojXhj2co%2F3dOX0BXOsHaPwCKY5A0OwFEgWAtxIxN%2FmnBOiRewgC%2Fx%2BgXpxUG9LEBtM76OXx0ejq9NfeR%2By5cxj5rtLj7dV3NT3e4RDmf8nXtxlMd0iSq1shL50c5bLrgZ70KaBu2Ykd0zyuPAz5EqNy7lBe1FncdJMdFz58LDOE8oWGvN%2FhInyZh2SuL6rILk4xoRtTR8kiNtBhUNIzA1%2FuI8AN71azd%2BbUzhuEXqUZg151yS9xoloAxIfWE5IwPbarQ8OIF5IWurEtqOri09PEsJ52CkL8VPlvDQJJGtBpFmiUIiiO5T9EehTUjpx7ZxKoVh0RHmlAVqLXg%2BcKzjCGU0e8stt4C8ZQhxagXuZhxg2k%2BnI%2F%2FdrfeT5lX7DUC4Ow8b4dOnMTwlt8elbS1LcumX5sZTK%2BgR%2BQS4Nnv4mfkVUL8NSe3rJz83Cumoz4VGHQbCa%2FUi%2BiPQuTQp4Bm8RR4K%2FiaQojcdanumBKtV5wJQBobwtvdZDUXllzQPLF5KJQ2m5Ko9v4jgXtXLB5L2NcVXfyF%2BhIszf83EQMLY2qS%2FcxybRP0Q7a8EBtEwvUqmfsMq%2BRYcggK9K%2BIkq3iDT1VTp1wYfy0wwo4Jrp7d2y20JSkGW7Ab8i0GWvLdxY7IiCaFM%2BN%2Bn7Qm2T7vByRdFP%2Bmq6yY1XSBmTHRkNx4k3E%2Fu01NC%2FbOpRwuXVl3Xtc3QsxUg8JTpSF9AiR6Wq3GjTz%2Ffe0R25i68rsThgprMlrHKUQurccWzAvpKA%2Br6rS7x67cJqjdnFMfKqh2AhuuqgtxAvjnyur%2B3ptpHz3C%2BVgrpw%2Fk17FXkNFdFAJglkD2ssHAhilDsTC66O2iDP913ESwVaF0oElZRYAJhgyUWAlMdaTVtENd3FHetwLQptAvp%2FrlHCeKL%2FCBX23PS92%2B775UUdpAiH4QjYZIayPlyE4coqZw0hLooKVEmN8nPm7enD%2FvUS9IPpa3FHM6aIZb5UPThLKpVjIkP%2BN%2BedzlRZ1AZJ1EioTd62cmteVGPsvd6Hao9L%2B8SpUXjXIqdDQ5Ezhg4leU4ECdV9mkD23SAx2iOs6vTgX2lwOmzro9Z6BigS7cpxHw7bizbErQa1XpHj%2Fv%2FrTZoNuVe%2FMWccddbqQ1cztvfKmDiCCMt0ySdfxQtqkfs0XejwnAji5PNwwdtSB3KIayuepLG3y%2Fg6rqFE3ovC%2BTxRSn3%2FLuwLxm%2BBAzbIB0g%2FOvVwTxAQxhSOr%2Fad16%2BQxgv6deV7A%2FMglKq1%2B3yp%2B8M754Ji5pQu%2BWUs3F%2BYzHNLgQ%7ESKsDRvUHVbFMJp4eAF%2BcH7DjuY6lC11wPFe6Dq3GcIM,Submit This Form,1
2025-05-30 21:35:34,https://login.oci.oraclecloud.com/v2/storeLoginInfo?redirect_uri=aHR0cHM6Ly9pZGNzLTY3MzIyZDg4ODE4MjRiMTNiM2RhMTYwMTUwMDdmOWUyLmlkZW50aXR5Lm9yYWNsZWNsb3VkLmNvbTo0NDMvc3NvL3YxL3VzZXIvY2FsbGJhY2svbG9naW4_bm9uY2U9Y2E4MDQxMjMtOTc5MC00ZmZkLTkxMDgtMGUwYTJhNjE3ZGRh&access_info=eyJraWQiOiJTSUdOSU5HX0tFWSIsImFsZyI6IlJTMjU2In0.eyJkb21haW5faWQiOiJvY2lkMS5kb21haW4ub2MxLi5hYWFhYWFhYWN1aWdwb2RodnY2bWFvemh5NmhlNjRybXVoa3c3eXRkY3V5ZWx4bGw0Zmtwa3VvZDZteGEiLCJkb21haW4iOiJoZ2J1aWFkMDJwcm9kIiwiZXhwIjoxNzQ4NjQwOTQ0OTU3LCJpYXQiOjE3NDg2NDA5MzQ5NTcsImFjY291bnQiOiJoZ2J1Y2xvdWQwMSIsInVzZXJuYW1lIjoiS1NUT0tFUyJ9.dchaCU9MSyKt_EULwsCSyXWhqKqQ7vJ8wU2tqY2npgSTdByEHHfH_CIL5jTDLVRrqvENrtdLovJLqzmUpowvTb_PWGr6fLHwk2NYjyq2Qy7K6uIsc9sMwXdOTL9VSBkHcrBhBiW9kTOenDASm-JUBBugHei0EaNSooQ0LLo0bfqfYq9sFEw8_b1dWndkMyhqfRskegmTJTHcJJAQF0mA-pPsPi-7Y47Wq-hfXd_SPJ2JRV4LvD1PBq83uU2NnSAp9cv3fVQ0O6VvbPxP0AlWArqeSQ6ijriTXwRlKMUv3EjP5KEYEk0loAKcJoEUIoV8YJbusVAdtvXH6vXrHikCHg&is_paas_login=true,Submit This Form,1
2025-05-30 21:30:50,https://idcs-67322d8881824b13b3da16015007f9e2.identity.oraclecloud.com/sso/v1/user/logout?nonce=df26950d-42aa-4626-a783-bdf4ae0450e5&tenant=hgbucloud01&domain_ocid=ocid1.domain.oc1..aaaaaaaacuigpodhvv6maozhy6he64rmuhkw7ytdcuyelxll4fkpkuod6mxa,Login - OPERA Cloud,1
2025-05-30 21:30:50,https://hu05-ssd-ohs.oracleindustry.com/oamfed/idp/samlv20?SAMLRequest=hVNbb9owFP4rkfucxEm41SJUdCkdKl3XhW5d34ztgEVig49T4N%2FPASJ1ldq%2BHn3nux17eLWvSu9VGJBapSgKMPKEYppLtUzR03ziD5AHlipOS61Eig4C0NVoCLQqN2Sml7q2v8S2FmA9x6SA7LsYp6g2imgKEoiilQBiGcnH9zMSB5hsjC5k6YbUWiMXtRXk2S2hlgBkilbWbkgY7na7YJcE2izDGOMofL6f5WwlKupL1bhiot1qDH0uSwGEsS5mu%2BJyfiiEO6EDOcRFi%2BYglx%2FAcYgvG3gDuXhraPNlEVYzXSIvc%2F1JRe3xCI0GOJFVjbs%2BAPf1CpwUZaWQitdgzSFgugo1rQrBQ8k3YSP2GrsKpwC1mB67sSmKcdz1HUmC53FEEky6%2BAV5v9trx821p1mKJPfvtrxcP177L4%2FFzXcxPuzZxKzrZW8in3x0ujc5khtvok1F7efRmoljLY5Q17SV9oBGbTLJGfi9fhLHfDAYRIO4s4iSRcJp1MORewr94lLEgeSnvXN2VuqaN8FJp5OELvkwfOPqbPGH051mX1qMgui9xYrKcsy5EQBodJfPH%2B5u8rPCibR99LlDuPqmiov9yBFMOrfZrHg4lH9mfXNbcub737r9vza7rta7YvJTr%2FiW5SY7kb3bb4f%2F%2FaTRPw%3D%3D&SigAlg=http%3A%2F%2Fwww.w3.org%2F2001%2F04%2Fxmldsig-more%23rsa-sha256&Signature=XY9O6ihXiIWL5Fzg7FQw9E0XlF33c9%2B3gnFl9MjLzZ1TVzBaueS2vbJN4eiT0MUhKJGDrNXZtGtA11JZJEuSUzcpcHS%2FJvRLt7nTs31AcqWiyDI4kpQ0mS2uVnSd0BwZ5JzC%2FBbENv7o5ke%2BxoYRFjDMVWdddhmsc%2Ftis4336%2F1SRgD2kFIaA2RTyV7QahEMXoZZ6g5jUqcMyv3mH9g6KUiNYVpxkx0mlxAybvFXyU2DrQpF8rDVKPHQ6%2F2jNfE7kaj26MCK3VffpQiiOWXcXTCfodzxlIY729Iq9jFfCGzhuXIp9qy%2B8SgvSx2P9W4NjcRdWcp3wS4RC89uuQjw%2BA%3D%3D,Login - OPERA Cloud,1
2025-05-30 21:30:50,https://idcs-67322d8881824b13b3da16015007f9e2.identity.oraclecloud.com/oauth2/v1/authorize?response_mode=form_post&response_type=id_token&scope=openid&IDCS_CG_ENC_VER=v2&state=82ZuupU-yXrHQ0BXmXa4oNuZ7ADtbVWqOQwc_SXseNM&nonce=S3_NRSSF8KbDghWpojPPIUzAqUQRhhKSTS4xlTp1W2k&IDCS_IS_CLOUDGATE=true&X-HOST-IDENTIFIER-NAME=mtucn1.oraclehospitality.us-ashburn-1.ocs.oraclecloud.com&idcs_app_name=opera-mtucn1prod&policyAppName=opera-mtucn1prod&policyAppTenant=idcs-67322d8881824b13b3da16015007f9e2&idcs_app_resource_url=https%3A%2F%2Fmtucn1.oraclehospitality.us-ashburn-1.ocs.oraclecloud.com%2FOPERA9%2Fopera%2Foperacloud%2F%3FTPLNG%3DE&client_id=opera-mtucn1prod&IDCS_CG_ENC=true&enc=EjpWRosAtFLUAgAAmgIAABAgmgIAAIACAAAQAGAUzHmgehj7dRbwi0Q2laZdCCJlPVaUELUuh9YYRftGy22YSwVtuv0CAZHfP015pKmSCCZJ_MfB3oO7hV-UPxp7y00T87praWvNl3xGj2Jxvy3eZzO1REVDlgSxAwK-wqeIY5N9UevbjprjLGk5EJSv4BO5kGTUGh1kTGclxxlkF1fUyu2KYvVYfaNKORnLm5xF4X0IxBhM5UI0E8wo1JKCn3ynNvFwEQPM590IbJl7oJhjJw6F39kfI7ZQMNoEjACipniN_kbTOc6jiAfE2jmujQt1__R3NOBNQExc84myq_SIlgE9OXIPumUb7qgwJFmaEHXS7gsaUkOi0XucuvNNeR8bKXd450-cQIQfAxGJymgMg1N3_ojMwPUAbFa3cTxox_e18qXPdhIrB4Dac5GFR_kcEP8jW2ii-C2rKnajVuKhVR6DeMbku-ldqeZ1PJKs7Br03ntUzJacytrsLggjkodl_2fuF3xLw6ovELi2fosYg8lPhxj826og2SUB_4cz2MlzagnfGYl_FZkV7ovao_MLyRRyPkp6JBBLGBV-otRHIaqlXa0AtlbGsas0RRiSpjtGMiE2blYoKiKcS2zGmWJiEs6xBiSX_MLyNZXsczH2p-3GTM2a7Z9Wdj4oeLxEsHHBnnEH4CV3YocvENvkOuExQMp36GFe-lstSiUTE_9OEc6S688L9cJY_miX3D_pVGklI0Tnz2hBzGLg_x66SqrIXy1bgRSP72x91qwxtb40wwVvH17tS5UYtEfbhiinNwJ77p2dIWRxXy5Nt9I6SvSmLEhWCNXhkgBvG0cK9wdhXuBOvCrxWSJwgOGxhK6CnyLD3K5_0dfRcKpSYUJThJKWbjD1s3O9rWXK2X5r5Mzr4Xg3O5b5U5JczoR_n_bQB2TsNN844XvpUr9lCMR8WSjuCbfXbkK6GuaWKmQ7,Login - OPERA Cloud,1
2025-05-30 21:30:50,https://hu05-ssd-ohs.oracleindustry.com/oamfed/idp/samlv20?SAMLRequest=hVPRbtowFP2VyH1O7DhAU4tQsVFUpLZjg01sbyZ2iDXHZr4OlL%2BfA43UPZS9WVfnnHvOvdfj%2B9dGRwfpQFlToDQhKJKmtEKZXYG%2Br%2BdxjiLw3AiurZEFOklA95Mx8Ebv2bT1tfkm%2F7QSfBSEDLDXISEFap1hloMCZngjgfmSrabPT4wmhO2drZQORe69U9vWS7YJJNQLgCpQ7f2eYXw8HpNjlli3w5SQFG%2Ben1ZlLRseK9OZKmXP6vxcb8sBpPMhZU8JMT9sRAY4gALipkcLULsP4ASTuw7eQW7eG9r%2FdxDellajaPn2%2BqTMZfDXaNsLCNjjer2Ml19WaxTNrSvleRsFqriGMJdZ2Iky3J%2F32vmGYLxuyTAGELGtIdjnpZZBrQXvTklpG2x5U0mBldjjLsCBhrUsAFq5OM%2FbF4gSOoyDSEbWNGUZYcP0F4p%2B9AdEuwNazAqkRNzUs59fU11tBvqhrX%2BPHp4e23l%2BoP5lEaPLCbGzuOv8N9xfz91Vgmp1hobteeVPaNInU6KEeHSbUSryPE9zOtim2TYTPB2RNJzXbXUnaaLEhfeWvdS2FV1wNhhkOCQf43eu%2Bit%2FCY0Xs6XVqjxFU63t8bOT3IfP4F0rEZ5cWP9%2Bh8lf&RelayState=HLGB&SigAlg=http%3A%2F%2Fwww.w3.org%2F2001%2F04%2Fxmldsig-more%23rsa-sha256&Signature=an0LSWwg74Pm69DGDXnaxQKOVYd%2FpAyIouX1cnsCtcPyjw2dalh0ZGM9kPOWny7%2FewoG3Q1r5PE%2BuTv2R0Hav9wh7ZwZrrkunHt1UEnJb4zKPSCeUNGynSeiM1XYFDQ1ax0bfsYeRx%2FtMwi4UGcGGXCqB%2B9XK2AJ3pLGFCcKroRTsBXJk5%2FZKR8ckBr6Dj78y3SeULfO17EPi%2BehK5P32TGe%2F2%2F4SvXTR3ejy5TH58%2FlBdrsRwlj4k79kWJaC2IfLqfqVKF4BE0GcdqzmGP7ghEr5m9a48dqqYUhP9DIDWRs%2Fsz9Ry7SPZKvKgRuI86uX2LOQTDgZFD%2F3RJwgEv3QQ%3D%3D,Login - OPERA Cloud,1
2025-05-30 21:30:46,https://login.oci.oraclecloud.com/v1/logout?nonce=df26950d-42aa-4626-a783-bdf4ae0450e5&domain=hgbuiad02prod&domain_ocid=ocid1.domain.oc1..aaaaaaaacuigpodhvv6maozhy6he64rmuhkw7ytdcuyelxll4fkpkuod6mxa&tenant=hgbucloud01&domain_stripe_url=https%3A%2F%2Fidcs-67322d8881824b13b3da16015007f9e2.identity.oraclecloud.com%3A443,Oracle Cloud Infrastructure | Sign Out,1
2025-05-30 21:30:45,https://mtucn1.oraclehospitality.us-ashburn-1.ocs.oraclecloud.com/cloudgate/logout.html?postlogouturl=https://mtucn1.oraclehospitality.us-ashburn-1.ocs.oraclecloud.com/OPERA9/opera/operacloud/?TPLNG=E&TPFLSCRN=Y&_afrRedirect=955589382990797,,1
2025-05-30 21:30:45,https://idcs-67322d8881824b13b3da16015007f9e2.identity.oraclecloud.com/oauth2/v1/userlogout?IDCS_CLIENT_TENANT=idcs-67322d8881824b13b3da16015007f9e2&X-HOST-IDENTIFIER-NAME=mtucn1.oraclehospitality.us-ashburn-1.ocs.oraclecloud.com&IDCS_SESSION_ID=fef28f74eccb4635ab5425a8649d7690%3A8df87a&IDCS_CG_ENC_VER=v2&client_id=opera-mtucn1prod&method=encrypt&IDCS_CG_ENC=true&token=6rHCFxOjZfIECgAAygkAABAgygkAALAJAAAQADJgAqxmFYgAaD-YlCWAhU8Aa1TG4se49ee6HjNYD0xWqDUNEU-ssypEz27oDAmWNtACBiQFpvq_eGXWWkdKhM0IgGSjFbTSz-UgxT0JTyrixq4Ea7aQG4qi82Xj7imo8bqyAQ55CdgHE6eQNMlY2B00J1j7XifJNeuHXJbvyA119jP54K5jyvqGaOxg_7g4qq_36li3CMz8eOR_wyKqOV6THLDnbji15GzBuQqGB9qctJyh0xLRW7PRXVelxaXXRajBpZSX0UVy61aTuS8LyasOmlznuurAWOYXEhh8ZvBpj4r7Fyh6Qb89iKnaW2R9cYEv1mMZo8CWB2EWezCJcHyFWoOWgAI4Ee2vT_phXHHLrhTb8T0PCLAO3-2lnOFkILgUzss9g9ygL4pO9viW30MY8mBY9T6hCIIkZiQJmhTRnxsAE6LNr-9Tt-j7t1Kv0vfHh40GaRSslzTIUeARtddbSVvTX6MnAwkqhZK33TX91nTijLo_VmUkcBVPAp_K2fSJxzHBR0BcJnUZiV0BuMu5VpOdtStwJvRrVK4qPl1ZVZyy5mj3353BCIGEFxbsQ0aIY0jstG3RcHmi8UKial-lQnzNq_Zo2Ifx9C0G6mv1WDeq3OVl8vQxTivmpbzvKev6fNhfdsqfmMvMMYOzfE4RmHeT6Vg1txu8ea1u8Yt4facwYtdA9JGV4j_txvxAJG-0uV0xAesucpV21TAcxdu-rych2PnYCtHfjy2lpFzzuI7Wx5u7-9AqfjBaCoEF6p4ucGM1sV5Kd4ZQDL2AaYJsK7McmrGJLEc3J5WjaTwT3wBZRjn2BfvYFTo_W6u2P1SEkQZ9Sqo8iVlFwIFO1-0Cy_ZtsJnSkwwJGnpuYEONkS60G2GbGLU0rQkDAD65hvn8Ji2eTWbXEX8XPn6SOl-5rOtjo-CItBXeJtSaChkFDuynWe_hqeEMMjafXQpcjGWfQMyf0eVtYugeW4zzI1FNsSncwIDHDQEGkRNLnIPDNgvKEbp-Up7T-_ncq4uUroVD3fk0MesTz7j_bF_8qboCKO6C-evSOSPgWgGZyymjwAVmDDhK6wDvMtKfQDCZ5xuc-8sy56zHogVIRVaJZsWCQNXDTUEJDNnCUeB3YHSz5xlarYe0TcuVKHKZac4LcBms5PH_j8o68aIXQHNx4KVnvvORoJhDzcZ11JTIHKpP3cfb8zU5c-2Z4daE0gqcOCA7CzDcOW-v7dfQO1HzPnAIq294fVxoejknTGJQ-JK5uY73zBK7yDUms2ZtFgtpWA5yL0Wy1vvT8FU9NBwnXrfgNixlx7z-Q9sdgo4HUn7LcKZz0eBCPDPCkbqvPuTFSyVNfneg3MZaCJhYLRAGaG3IeVn1SajClZgx0b9WqzF-elZeBypWOR_cHgkWwdziSpS2vqbUWM3miVwnTLGRl5eOakEXrRKNBUBU7oOekY9NHogXwLyqbRAJkGP4L___29ajkxgniX7B3RVpgDFbxp62aiP5nlBoQtktY7sj3NveiGZTVuQP3LX8K5QGBmTyryDqlcpC8lcr2qRXL_LExKBn0UI0--OoCdCDdf2Br4C7SFs0FIU0WUWiWHnoWQZe-IEYLXEAj2IkiyrlttXdQFrazTO_g8941YoSFaTrS5A4f3SJql6kzNqE-Hm5qcPKjcZhHE3Bt7WCVykMgN9Ul_hvEqEIbwIsK9XbSQxVPoXmF8W88mzOanxpRl2d8nFzbkV4hh9WhnzI5cV8fj7Z82pqTUQXySYoa1s5OEyYSOR1DfP4DNLv8npOTtjypIKmbhWVeKUETxAtQW9Q8wZDhkrQlDEXlSvx2bn5jDuy4cyW6klVk8urECJSld_zoVAxM7x868tZsf3I6xZq1EQj4osA_PWFFpLBuJeK5SaHB22WBit3XJzXgwfaNVlsXl9WMyEFom_iQN8-gJULzYlicxKZxrrp2y1T47hDsfLg5tnToWQrA6yL_SSFmYRGy5E6tVKzFDyyHDGgyo_-C6Q4B4GVoWIUEz6xHToHH_x8fevGpJzgxzA42r_d6tZFB02z2XYhFCfxNNs5Gkd5DI7RgG3lsyGu8zJ6bp0DqNhyIA5rj9B7oAY_TuY_xBP2tDqCZAR6CrKB2KJzrCGLkflxae4Mf7NZ830mbx0xwue_WnIw5CCtW0Dyh6ABJsRBU_fckvJIk-_QyeeZZib0BKs0KD8PJV0V6oW6ZEp0FYmMBOm4A0aCGDxmsdg-vMWmo1Yrmg8WZqrMa6Dup7VS5HbeuFFG5KhOZrD2259dYu_02sF0Qj5Af1GWcgG__D-R1pXdDpSZPNZIbS7wCQkDUBPZ2YHYn1faTcUg9ROD8pQJ75vtF2JCNdwEwZtS7FUBEQvXzVVKqjjIE5EP0WM1LvqzKmLB_GlPH5tB-jzhzR5iD26z_P9K1YoBYDZ6estMyVJtu2ICZzL_nq6ylycdqh9CT8H0lrSlx7Hd-vb_BGUfPdRmJBxHOk0Sf5ZZpj6ecfutsNlSs9xT0ayk6mHgkaFPYGqIZIuS-wI-xz_6_6TkvgEcX4ctZyGHNGm70aa-oX_tYa8RUv7gZeMQO7QZ1mfQX51af5B-9MUlrrIKs6b8JURN0HmVB_mwgACr5038zWK_0FXjbypSg1MIn9KkapwGm_RT0uOdVcdQk91rVIb-0OHg1q7Wu274SrQfeRqQe-UfqmjUWJ5rV8aPv1p7C_GybCY2GIbcPJuRH2ORp76PMUlVNTzlCuTSXyI3HfWbb30MDBC-KwX4tTY-OxCnpFR0h6qRh_6gD6Q3tC27dA037nZqFyGrQI2UBuTb49cZFEigJeuXsIx5QdnV4Voa5EV7z9DIjFyXQug-BHOPF4rn5TYJk_onHSrO0B4IZZtTe-14rxVyPhH62_5Xp7Lu8fz5wDFuTMqUD1wBwUog_YJda_sF14THzwlMCn53Z52XS4PyPfrl4QFPouuJbEZYr90mRXpJrVX5b3CR_dhCKmze13Cxn--8y_6pffD4UGHO4mRXYRK0n-L32ii82p-ZbaN6r8YQdXUEOdX52vv94ysijue1aaFQkpa6okzU9dR0WQEJWX3ATh7PzrdZobRD7BjZzYN36sOtgWT3CDJfzNC8qjBKUOIGr4ky2COWEFNLXsEhyp2Vi6OBAtXRuQ3ubw41uig-vu1n-DYJUD01GDo-po9pnLDz08pRO7dOcxlQ-kdLNjElwk0q4ufe4aOJVpO9NqTnW4H92h89IV72jRwdGPT4anPgxX2D-KT_ajoyi4WSyES2q9C1QI-t0gVudQrHFLb1nsLKGH2Wiu81yG6_CaXFHOAcz_kd3axsqycYi22ZHMPcc7KgK5NbVmPtNIOwNTlrxXW2w28L34okmSsdcnQN077gO6F_8RQI2QmBui-pfQ,,1
2025-05-30 21:05:13,https://mtucn1.oraclehospitality.us-ashburn-1.ocs.oraclecloud.com/OPERA9/opera/operacloud/faces/opera-cloud-index/OperaCloud?_afrRedirect=954057543327828&_afrPage=1,OPERA Cloud,1
2025-05-30 21:05:05,https://mtucn1.oraclehospitality.us-ashburn-1.ocs.oraclecloud.com/OPERA9/opera/operacloud/faces/adf.task-flow?adf.tfId=opera-cloud-index&adf.tfDoc=/WEB-INF/taskflows/opera-cloud-index.xml&TPLNG=E&_afrLoop=954049747214257&_afrWindowMode=2&Adf-Window-Id=w127u31adbm&_afrFS=16&_afrMT=screen&_afrMFW=1058&_afrMFH=1460&_afrMFDW=960&_afrMFDH=1440&_afrMFC=8&_afrMFCI=0&_afrMFM=0&_afrMFR=172&_afrMFG=0&_afrMFS=0&_afrMFO=1,Initializing Application,1
2025-05-30 21:05:04,https://idcs-67322d8881824b13b3da16015007f9e2.identity.oraclecloud.com/sso/v1/user/callback/login?nonce=811c5320-dea4-4875-9df1-b59dbe91e5e6,Submit This Form,1
2025-05-30 21:05:04,https://idcs-67322d8881824b13b3da16015007f9e2.identity.oraclecloud.com/oauth2/v1/consent?OCIS_REQ=btX3nR3N0cZgj0Vllpjj%2FqKSexgYcHywXbECgwWi3Tw3dW5OEkRpKRFp67noTClUawpzsQQhkZqrsU%2FurzYIYFJBSc7eaA3yggm3VqKqCONoUCcADaElsRNNJfGB%2FQ93LtwOvTDAXhgMD9tzyxw%2FSa95445sve8B%2Fl0uyEfmIfmeA0UiBm5S9HSGhCOLhhQydC%2BGMspmqf4%2FXGGQdvMOSUk2%2B%2Flq1dsvpUUmciL3LVkZl7N7JcLKobXJmKdHWRiBMhobZ0G4X9luZ0gLQLCA2X4sb6JrZLyk9m%2Fs%2BBRCJ8nS%2FhNDQXhX1hG5oVFNmduXmj7R5WVliOUMwcv4jzmi86a%2BoEx5ro0oLObq3JoL9%2FnIWPbkWq47Hs8cg91VAJ5qrFBarCTVJsatXUDZG5j6n2gwvogwtFNYujwJ2TA1bdyRW221YJzx6jA0UPzWlrl%2BiHPQhbSUC8r1LXWhOk2ioA6fPC2nZhL1KOb0zDbqX4fBoj0ckK2Pmm4iRRcRteLYF9U8cr6XUQVBMuSSAbmmE81qHALKpVtomVbJ%2FjOMVfEkgswejyT8KKxXvsSUBj7qq%2F3mxV53gdCIN2NtEgrK5Skwt3jfzN3MppISxkcP3QbbZXsdLRTFnl9K9mBMgr%2FLsFG2sEKt%2FFB0H8%2BY8pEKNCAC8B0zLI2c%2FyI%2F274%2FACgu3KVR%2BttiPkdW7Yf9NyVWAQpm7l%2FAJRwi7mmCCrDmCdKg8gC0KirCy3pcJKBkNH%2FQQoVKdlz6DfX3wSd18c0fNI84YIAVu607TT%2BLEhgKMf%2B9g2cLyNGmWwHytz3nZ%2B%2FWVU8aXBo2ucQTJl0oNSbOaKsa1rSF37hGi3oO9o%2BC4GlJ2mbPfGUUevZP2FwVhOrHdQCD%2BQN%2BHAJXzuNfv19u91zAtOmXVTGpBRJVf6hx7jQOUHvcaslr90OUvgyzQ4jfrzp2ZqfHPr%2FtSjea3XkjfaLxOUWxFrBawiQ3aRjeorpwkVaQNdAgyFRePrMUbT9dzrJ7Q%2BHCnIjTSZgnzXv7vqb743qPmGZEfkGW%2FAPk7hcT8u3Q5IMM%2F2ErWXGiAkVRxmiqoUhP1P2XpQ6fqZTwysucBTLypzi5P%2FVkV04piT2i5NZg%2BYKd1P5QXHPRsO%2BVna9vosOVPiRF7ij%2FiyIM56W%2Buzx9eS9ftCUDdVFdzva3S8amh3BS232jGOR77lWpERCspkWVZk3TY5Id%2FEAaIFLgTx3uR%2Bau%2FXmqFq07GSmGC3zmhL1GGiOMH7XsUMG3b9oT8Q6s%2B0Ay70tctDPtPdvpL3Fq3zHhRPNI65OH5ZzFcU7VxFHkCu%2B3R5IL%2FaJiSYRoyo7E47VKIt0%2FzUweOMI3ylt%2FsjxzffVh9MFc1SxLR0iNhNG5%2FTvmLjJqFT5F8%2BQxdiknZ8AvnSFr41ApV%2B%2BFWscYWmu4xC7Lj887aXjHRcqOiuwIH6%2BBVPF9b9%2B%2Fjl9ce73jBgxVEhHAIgHg8ru3gAXdW%2B2hs7fA92lHpm6u8eWOgMSS7HeHd2Y9AeQsXY4EXkFtgCF%2FWUaQcdS%2B1xyYFQc1gYE59BG4lvrNwUG1n6%2FdtfoubEHs4W%2BMpU58rdrgujcwjx6yY7CMAMQqDY2FRmKRf9wTq5dyPAES1dcSlWiSx9mwNphpupii37zbWAfBofPY8AS2daSiK9s1GGdtVldUKUlsyTqGRX1Ec5bm2rVaYUwrhoIVjJkULAKC5axP%2FDn0BMeQoZWjuE9EM3CWdHUjmguZfSpxlVFl8CodL9MklekMb0hl4BM41i5hdetrFORHEJJKfK9nYE7nGvvvlha3hYDuRXEm2C5%2FDHUXZev6fzLRV5TjkN4YzhRTJHsNEj6in1wFBmkGR1bgZHl3IGGopL6TH21Zl8EwLdFGrL8oPLVtlRanlKhvpZdhSo0M6Xc3vV9XdxxgBvhWi8l3VKp2IiHOeePGCgHNxs0w7faXv40nRpEdi8iKgXlW4PCmtWwedBNRBMyIzW0iuSF%2FEEo80VLCwucUpi0pllpfO83BjRCJT%2FHdsjNX6OyAtTpDTut2CaQoD%2FC%2F1OJlXbdXV1Q9%2BL%2FYQD45KOTGJibGmZsfT4BPfUSi2Vl2zF5D7axc%2BzsVo%2B0IyZrAdrngi2BI%2BfLXnGlaupxWblqlCHMbVGEp%2FwwOrDN07Hw9W9L2FVnadJbo7DTzh9gJ%2FuEtFSOJIF6CmEVt1%2B1VZHHKylbPA7zJGBhBbPIJ2jWHYzvIPQjRp5G9EDcaKNoi6k4HrFZlxKqyKDFmdLHIGRFbgzqIyJuGk%2B1e%2BauyMAH9V1HsmwAaiuNZhQ%2F%2F3%2FVlVxUhTYNl7yfi3jbrmSZ7ml6pKkxhevUN6zVgfBUHZ%2BJMRopW3G6A3QfPvrTkCiMiaAzPbIaJptefAWEoByA%2FZgbLqtvqFaQpdpSBc%2BDgznTPS%2FnO2Qzp96fI2hx54OIQMohcsoYBhpgg7nrhxHRV%2FuLxMVgLVBWPEoYHvDwUdVmZy%2Futq8NTEAfToPtDzXaFwT5DFJnvZiLWxpusoIHuY758cBc8dlmKZ4aJGPMcotA7rJ2Dizr1oBF3GjBQIMwDpDIAMl%2FJJC4AV6tOMJcw72xulH59qhd4TvHDuzLZzGtt4H4sQWZ60WUu6RkxI8EqFjzMyfP2qPx1THjep%2FfOKh1QvKXuwnF0ALZAQINvkFbr%2FxjblUfJM1OcEuQMxkGppzfYUOVn2nTE4BT%2BDlrSIV7sZASI9IYV53U6mxL400ZjIgEvDVSgaaYeotnLI6G8nrV05yNJ1KK2OG59fs5tTPALNgA4RJg0HvRh08KC7UeOaQCeyIUN1iXB5WGWLcFOppi%2FaRwBfSYaMpjROzkORAtnpZ6LuYwfp8FWDwuOOzY%2Bb%2BqILyyQz5gWq5vdLVf%2BC%2FznUZ9E5r8LBbRJT%2BjBqdPj921RHe0FMFg9MBfQEqCaF75p4F5rj081J8s7Hy%2FRE56ss3or1L2XaT9pH2ldZ8Mj95ve%2FMNskc%2FXlhZ7IPI4vdGH7uoKaQtrTsFHOKedl47T5j7uCuCJV08PoPGfU0DZA6YRbXU2AxNWyVuy7TDuMbOMtppc7a1N%2BBOOgkOdtyebKlawgUF8K9pH67y556URXY41Wrd4eUbFtiaLnQ5qvgU3pyVzEaUawUuGPFP3vU5171TU2XHENsk%2FGvAPsba%2FTazvgNjgl6%2BKRB2IeG7UqZc6nCnxfLc9us3QtRxutAG7Ewf%2Bjhj228awlpD1yyOYxliCKsfgQwuk5RRTeDL3psfOpGp9jsz3S2dzXEbY5uSZDmC56H7hmQ%2BPdvojodm0L11%2BVeo2kHI15dlIeiBWV41j7L5VwFAu0J%2BvPQtnmlnxO2eyBQpyLdsLr%2F7aUXcJbsuZtT3sBprZK6Na26%2BDzDwMQuMvOhq9n67lbgsuCLvV86pBuXxT5qBlbbROf1FNNlOfSsbTJT4vY4iSLL6I5L3bPiQAL%2FktKnNA6bie9HlVsMovuU11ZWSoFJnxxq4O5nypKujRecEzqehpNmA%2FoyyAjuTjDQszdTtl29EihiSogYiwRi%2FuPhdjIrIX0nuNxdg9SIkk6x0o0g67NtWPl3sVPT7c%2FH0%2Bhh%2FG85fPKYPsVvnBXFQmRwjWlpSC%2Fn8Zsc6sX7G%2FvSqyX3qYWqVk8EoZQhpXuKRI99uk%2Ba7lnh54dgRp1aGb%2BtAsrS3iBhsYoptMGDJhFDgemR%2FUnqPV8pB%2FjH5VROBSWcK%2BUHGWsqByAeX610QdXscWTldZ%2F9c5Wq7jtyo60o0VDT9YEETAsn%2BQf5FICY4tROwnSJe53qgXi29ZLw6zU24wcrCSJdJDFV5tLG66MisHNsYbczZlGqxKNaKiXI7MH91zYX8MQQpbgns4%2FBSZa6uEbxoenlbodvO54XoSy32aEJvmG0HMg%2F82h2446eN61b5QYyNFDo4RhNt8kPpAO8K7memrUFl8abHbm6MF%2B%2FdDig4pnmOeYToyoINPCy3z4WWa0k443cpnGBN0ldEL73l7lU00121ov1v0K8hDSv2IyNe%2Btp32GO%2FqK%2BfS97b01FFd4HxTZ9K6gpFBzUZ4YNdiYWo4MKSOQspnEYPI8NXaTwYRb1sXQTipKAZxP4m5SMTo9i3t9fAz1%2BmvTs6uCWWuGoV3DnCkcg%7ED5jsJ2HUgmmm0ANgjlTfJONn9sqiMS%2F9xG4TFnd%2Buok,Submit This Form,1
2025-05-30 21:05:03,https://login.oci.oraclecloud.com/v2/storeLoginInfo?redirect_uri=aHR0cHM6Ly9pZGNzLTY3MzIyZDg4ODE4MjRiMTNiM2RhMTYwMTUwMDdmOWUyLmlkZW50aXR5Lm9yYWNsZWNsb3VkLmNvbTo0NDMvc3NvL3YxL3VzZXIvY2FsbGJhY2svbG9naW4_bm9uY2U9ODExYzUzMjAtZGVhNC00ODc1LTlkZjEtYjU5ZGJlOTFlNWU2&access_info=eyJraWQiOiJTSUdOSU5HX0tFWSIsImFsZyI6IlJTMjU2In0.eyJkb21haW5faWQiOiJvY2lkMS5kb21haW4ub2MxLi5hYWFhYWFhYWN1aWdwb2RodnY2bWFvemh5NmhlNjRybXVoa3c3eXRkY3V5ZWx4bGw0Zmtwa3VvZDZteGEiLCJkb21haW4iOiJoZ2J1aWFkMDJwcm9kIiwiZXhwIjoxNzQ4NjM5MTE0MTUzLCJpYXQiOjE3NDg2MzkxMDQxNTMsImFjY291bnQiOiJoZ2J1Y2xvdWQwMSIsInVzZXJuYW1lIjoiS1NUT0tFUyJ9.X4UWT9jSZwHaeTjsty-xIscXgom1oFfNFOUQ6szGuyptV1bxmFbiqbvESQBBH6a0rZj0tDiIqMY5ve6ie-lCQUp_d-EhHtWDy4GR_81saQoQb-Leb9sLK_3j45pTwq0yN3bTkO9ByBI_phSCdMqajV1nLD6qaOashKGX2IyLJIAfTksTsBHWAh9oZFTNDa4v4KV8VhijNWjdTOnSkM1oZXN-VPns-SH7tpTHWVA78I8dEfxIywKAdyeoru0jkHhzQN-Z7ChhtWs3SwBo5-sZMzAaIKImExWc7OvfyCWtzsY9QEQnhQYV-2lYHxFb97WQg_3_QkiMhYZSRpuEwlbV7A&is_paas_login=true,Submit This Form,1
2025-05-30 21:05:01,https://idcs-67322d8881824b13b3da16015007f9e2.identity.oraclecloud.com/oauth2/v1/authorize?response_mode=form_post&response_type=id_token&scope=openid&IDCS_CG_ENC_VER=v2&state=nFgSDV52zAJbKplwhWb5Uz1VS94k-GxiZBKlAfv3nEo&nonce=RklGTkRD3Py2Qayi6ER8YGuAn_Rxuo6stkWJw8a1XyM&IDCS_IS_CLOUDGATE=true&X-HOST-IDENTIFIER-NAME=mtucn1.oraclehospitality.us-ashburn-1.ocs.oraclecloud.com&idcs_app_name=opera-mtucn1prod&policyAppName=opera-mtucn1prod&policyAppTenant=idcs-67322d8881824b13b3da16015007f9e2&idcs_app_resource_url=https%3A%2F%2Fmtucn1.oraclehospitality.us-ashburn-1.ocs.oraclecloud.com%2FOPERA9%2Fopera%2Foperacloud%2F%3FTPLNG%3DE&client_id=opera-mtucn1prod&IDCS_CG_ENC=true&enc=jop4sttm1K7UAgAAmgIAABAgmgIAAIACAAAQAF9XpsblG57gRzmm52C6I1xKNHTi3qWEVGF7_kj2H-WntrbMfggzVOuMtXVbe3c8TckJ_qm-YXLeH05JCv2jW8wVc4xIy1-n9Lnspl1mefVfiihbBpByPCRzUleH1l4Cb9Gp_Ozno7LK2Suh5bu4o48qcwXwmNOFSo2iTzzJ9EbI1wtG0bOpOt-yYrN8J1hmvypyeI0r5VWxqZ_9RYQa5Ne7J-vDFWIUQIijjIQXj8nxKdwzhUHNVXEBsbUOSpPVrCoCkS7LTUbHZFBNbEFb2wTP2_nGqg7qzT1xflWBtooG5mBOU4fojpwHIs8Z8CUWbp8sCDah6edebU4ROd3PAq618zUMGIAuFIGUgO30oy3XJ6kR48GULQookdmh0dOqPtpCTOkkZW3qFD3n4wyAbbn8UOaqxTSR8BrlcCmp7-dqLC4QlaVKVKBbxJvUUds4bJvheMOhWWTr_CrD8Uriu9kZwrpU_MaHeWDhnGNCXYg48M0rns0dZyKYRmp8xE_ESAC66rQYe6khq_JopsXv5R6WFXZpAjou9HAHdVfKcL53EixMcciT4i23Z6V3kKxpyuY-Qkx5e7vi_yqZ41aF29ihEROa2A9wr3NySl77waVUBcTDKSuG1XctAxk2KaqAL6-wIQqfyFpRbmm0pI1legACk7RQtc1HUAVyz5S5y42EplT_gyecv3vy7MlyvgYiDVG3LSByk3dYUuzgS6lP4ukDLKxoNcec7-RnrJ2JnQk5kEpbyCYAigQpT52HVBC1-CgTX5H2cDeAyInQo-a8apDbFs5rTkRV4kkq8_8CQFh6k-BXZF4wgmrqzscr6mBCcSlr9muCir5uBVCYrH9RmRjfWKPYCqjs54135tT4CTou_oYpaGV3MWoRmTcnvHW2RKE_OGLLnF0Hh9-Moui3A8APZotfTABWqyjAxcsiAzj_,Login - OPERA Cloud,1
2025-05-30 21:05:01,https://hu05-ssd-ohs.oracleindustry.com/oamfed/idp/samlv20?SAMLRequest=hVNdc9owEPwrHuXZliybhGgwGVKSKTP5oIU2ad%2BEJIMytuTo5AD99ZUhnkkfQt80N7t7u3en0dWurqI35UBbU6A0IShSRlipzbpAP5a38RBF4LmRvLJGFWivAF2NR8DrqmGT1m%2FMd%2FXaKvBREDLAdgNCCtQ6wywHDczwWgHzgi0m93eMJoQ1zpa6CkXuvdOr1iv2HEioFwBdoI33DcN4u90m2yyxbo0pISl%2Bvr9biI2qeaxNZ0qontX5Od2WAyjnQ8qeEmJ%2B2ojkOIAC4qxHS9DrT%2BAEk8sO3kHOPhpq%2FjsIb4WtUDR%2Ff11rcxz8KdrqCAL2dbmcx%2FPHxRJFt9YJddhGgUpeQZjLNOxEG%2B4Pe%2B18QzC%2BackgBpCx3UCwz0WlgloL3u0TYWtseV0qibVscBfgjYa1zABaNTvM2xeIEjqIg0hGljRlZMAI%2FY2in%2F0B0e6AZtMCaRmLp%2FJJgMlfbl6o%2FEUfb%2Bzrn11zfZ9%2Fm8ToeELsIO46%2FzX3p3N3laBaHqBhe177PRr3ybQUEJ9fZJTK4XCYDmm%2BSrNVJnl6TtJwXhflpaKJlkfee3ZR2VZ2wVmeZzgkH%2BEPrvorfwiNZ9O5rbTYR5OqstsvTnEfPoN3rUJ4fGT9%2Bx3GfwE%3D&RelayState=ECwc&SigAlg=http%3A%2F%2Fwww.w3.org%2F2001%2F04%2Fxmldsig-more%23rsa-sha256&Signature=ebLkZrmyewedjtFH4mc5yVXKtXaKr9oySpz6JR3066ZY4VBFHFh2DdirzlUeKgnS0BK7KNHqD%2B1uUIR6WjpzHL5UuRjxzRinj5VAZgyp2zZFYtQP9WCLgEtJkO%2B15AMgjnGh6utxdlj86aJWPD3aTN%2F6GT4QIP5xTeQzuHXW4xyoCJL0yqu1wgg4%2BjAm42VXm3bWfp7LqZDWkWsykLLnSuL2AOlgpxJnL23Cfiv3%2F%2BFt0CcDYALX3XIetBvMTbEsxbRhZqX%2BfERpM8azda5wMPO4Kn2NbC%2Fr8EyKTJ3twFSKAIHlmzQUpd4nI97vaO9UZ%2F1EMEo9zldeDBaJrHD%2Buw%3D%3D,Login - OPERA Cloud,1
2025-05-30 20:33:53,https://idcs-67322d8881824b13b3da16015007f9e2.identity.oraclecloud.com/sso/v1/user/logout?nonce=e3dc9884-0d51-4e26-91f1-1dc6ff19a190&tenant=hgbucloud01&domain_ocid=ocid1.domain.oc1..aaaaaaaacuigpodhvv6maozhy6he64rmuhkw7ytdcuyelxll4fkpkuod6mxa,Login - OPERA Cloud,1
2025-05-30 20:33:53,https://hu05-ssd-ohs.oracleindustry.com/oamfed/idp/samlv20?SAMLRequest=hVNbb9owFP4rkfucxHG4WoSqG0NCtAUt0LG9GduAq8QOOQ6X%2Ffo5QKSuUttX6zvf7RwP7k955h1kCcroBEUBRp7U3AiltwlaLsZ%2BD3lgmRYsM1om6CwB3Q8HwPKsoI9mayr7U%2B4rCdZzTBroqY1xgqpSU8NAAdUsl0Atp%2BnD0yMlAaZFaTYqc4%2FM2lKtKyvpyg2hhgBUgnbWFjQMj8djcIwDU25DgnEUrp4eU76TOfOVrl1x2UzVhj6XZQCytC5mM%2BJyfiiEW6EDOcRdgxagth%2FAcYj7NbyG3L01VHxZhDXcZMgbuf6UZvayhFoDnMiuwm0fQPhmB06K8UwqLSqw5TngJg8NyzdShEoUYS12IK7CCUAlJ5dubIIIJm3fkcR4QTCNY9qO%2FyDvpdk2qbc9GSVICb%2B1Xna3r3I9LZbiNdsvVvyQ5qu%2F%2FTFe%2Bui6b3ohL72xKXNmP49WvzjWzQXqmrbKntGwSaYEB7%2FTjQkRvV4v6pHWOorXsWBRB0fuFLqbviSBEte5W3aemUrUwWmrFYcu%2BSB84%2Bpm8dnpTkZfWoyC6L3FnKnsQYhSAqDhNF3Mpj%2FSm8KVtDn61CFcfRMt5GnoCGZZXMzF96W%2F7xh%2Fv3rxv%2B34HGad7i94XrgLmgt7JMb%2BvpK9m28e%2F%2FtJw38%3D&SigAlg=http%3A%2F%2Fwww.w3.org%2F2001%2F04%2Fxmldsig-more%23rsa-sha256&Signature=Yy%2B6Mp477Mvp9qboQFFLquLc4wAUCFf1JA8xNB4gJx83Cqey495edj%2BTRVCtpVUGC0UNkr0JdgQD8pNs7%2B9EjIEBu4JqP9xrEcsBnXQ5yurnciO4EuS%2BjdaUl4tNW6XUX2GoCQSVWPRZ2DsYtJHkZ8epa8KDTo8fGSrd1z0Urh23hjoms0eiCKUqmotPTLrceJT5aIedNGn2UUelbzdqcdxi93Gsq8JKwWJfMHjVQ718WtHJ%2FUIRFe%2Fv5cxD7S7xXBl7kV66Ys99f2haDpwCkMWV533qDGGX%2FxvM%2Fl%2FFnT7dM06KiKqn3nev3Ta3WCZ9%2FwHpjCPAqgJvGyklYs%2B2SA%3D%3D,Login - OPERA Cloud,1
2025-05-30 20:33:53,https://idcs-67322d8881824b13b3da16015007f9e2.identity.oraclecloud.com/oauth2/v1/authorize?response_mode=form_post&response_type=id_token&scope=openid&IDCS_CG_ENC_VER=v2&state=P1h4WCrgm_IKxtPZooZSoawdVYMX9tJXwUmXqnfgMdg&nonce=7mQivLCk8HqZZjZzNXggYMt0cGdwOFMmuII8GuHrDYw&IDCS_IS_CLOUDGATE=true&X-HOST-IDENTIFIER-NAME=mtucn1.oraclehospitality.us-ashburn-1.ocs.oraclecloud.com&idcs_app_name=opera-mtucn1prod&policyAppName=opera-mtucn1prod&policyAppTenant=idcs-67322d8881824b13b3da16015007f9e2&idcs_app_resource_url=https%3A%2F%2Fmtucn1.oraclehospitality.us-ashburn-1.ocs.oraclecloud.com%2FOPERA9%2Fopera%2Foperacloud%2F%3FTPLNG%3DE&client_id=opera-mtucn1prod&IDCS_CG_ENC=true&enc=mg92ql0SmfvUAgAAmgIAABAgmgIAAIACAAAQAHi5xm_EBbnh6mCjgotRjdTDrtWlSquCE4AKMiqzaDbMABppRtl5NRBfTi7NPibYiWuK2vVdNlmWyrTZc1nQ0vpHgn4yWxWt58YtSuXpUnnhu220UQNGojjOLqR_KLaPyAzzZZbabiAV4PTgjja0YLRpxAO-NV27J0TiBTg8h9qpGKMlhA9UM8SzebDs46Zbq3MpJLPSADGEVQtfNVTrQ6KgxgYUohM5gb9GkvpakXRrdJ2fH71Oq5z3yBKVJyPLH2NJrdB0dj_xJs3AQ6E5CjTgLoriWndv71tfr48GDTX2-fd_Ih2Qkh8xCxjtZyROXdxAQ3OGvmf4OB9UBxS4ZlrGMpj0n0XKVC2iM8pRtE95o61-wcfCY-gOQ27VQeGBtANgdlBRq2OpEfS8v2HqYURZYVNsyijdu1Mp2aubIxAH4QlbHBwMFjHvAphXQ6WjXSdVE2EGnIYHahoyPXICVKt91VbOtS5QCy9MPNQ20mJRHmaClFMtLELONpmwyYEbV0lFyuWzeLAMFClXauWwzUumb5szdY2lQ9CLluqBpb4oQ3mmLgTkF1ke2gJxSNMWpdyj42G2Hx49KC6IYVFiQXFyGX97BV30aX0zykhLCoLZhHLzIlrCRiD4oHELznKDgn-iVu5CpLtV1PQjDk3F1eas-TxNSBB5zacDoYWuQxYUCdBp5bEbvnQZGdEjgOoDp4M1RuLhAGAJ8Kg7luTCmcIWZBSBv-7vK3-eMI80DgHdMPDP2tcuk0XLZOLBZNQusjElnSNd0ERlQeQtFa9Xbp9FYtFQ9gcMASAFoBh3B3Rzh5sp8nHf7Iy9No7_-xmqlipZxFn9EPk9iA_TmoRrWK-dJg9kaOqZzgYU5qWu4Th3yqPpipcV_PstsbNda5R2EeRTZU8jiwuvFmskmg3MqJy2s4V0HEgyHmulJOT8hTfC,Login - OPERA Cloud,1
2025-05-30 20:33:53,https://hu05-ssd-ohs.oracleindustry.com/oamfed/idp/samlv20?SAMLRequest=hVNdb%2BIwEPwrkfuc2PmgBYtQUWhVJNqLDu6uujdjG7Dq2JzXacq%2FPwcaqfdQ7s1azczO7K7Ht%2B%2B1jt6kA2VNidKEoEgaboUyuxL9WD%2FEQxSBZ0YwbY0s0VECup2MgdX6QKeN35vv8k8jwUdByAB9HxBSosYZahkooIbVEqjndDV9WtIsIfTg7FbpUGTeO7VpvKQvgYR6AVAl2nt%2FoBi3bZu0eWLdDmeEpPjlabnie1mzWJnOFJc9q%2FNzuS0DkM6HlD0lxPyyESlwAAXEVY8WoHZfwAkmow7eQa4%2BGzr8dxDecqtRVH287pQ5D%2F4SbXMGAX1cr6u4%2BrZao%2BjBOi5P2yjRlmkIc5mHnSjD%2FGmvnW8IxvcNGcQAIrZ7CPYZ1zKoNeDdMeG2xpbVWymwEgfcBXjLwloWAI1cnObtS5SRbBAHkZysM0LznA6K3yj62R9Q1h3QYl4iJWLTzov8cdT%2Bmt3Pq6W6exVpzPPZ6%2F2CxOh8QvQk7jr%2FNfOXc3eVoLo9QcP2vPJHNOmTKcEhvr7Js0wMh8N0mBWbNN%2FkgqXXJA3ndbMdySxR4sz7yM61bUQXnBZFjkPyMf7kqr%2Fy59B4Ma%2BsVvwYTbW27cxJ5sNn8K6RCE%2FOrH%2B%2Fw%2BQv&RelayState=8IiY&SigAlg=http%3A%2F%2Fwww.w3.org%2F2001%2F04%2Fxmldsig-more%23rsa-sha256&Signature=LhU1jFuNL%2FNcDGk28iJfcVr3cjCDR9HfX3u1upvM3bnxnvVh70EzUj2dVlGVSyV4cWUE1yortY5GUIz9yJlMkEdKYSucEW3EqAtt%2FBfNqxfEjWYgOsZvF75UsKBfOTiDu45N5tRlD43VhPq2mxIffziy4J5SM0pCLmD4U1c0EtnUmXb5A6J%2Fkji1yC4OC986CXd%2F77CvMti32aWDtF3qP2dLmNU0Y6Wjpps0vvonluhpjp8Osdd1M6%2BwrbT1O9PrQpCcIeGSxQ5KtQeD7%2FsCftQW4wosx1BLh2tV5U2MbdNpMRolW3I%2FuXJWsrR2bTvpJJEDEN6RuDxINQqDWl3L8g%3D%3D,Login - OPERA Cloud,1
2025-05-30 20:33:49,https://login.oci.oraclecloud.com/v1/logout?nonce=e3dc9884-0d51-4e26-91f1-1dc6ff19a190&domain=hgbuiad02prod&domain_ocid=ocid1.domain.oc1..aaaaaaaacuigpodhvv6maozhy6he64rmuhkw7ytdcuyelxll4fkpkuod6mxa&tenant=hgbucloud01&domain_stripe_url=https%3A%2F%2Fidcs-67322d8881824b13b3da16015007f9e2.identity.oraclecloud.com%3A443,Oracle Cloud Infrastructure | Sign Out,1
2025-05-30 20:33:48,https://mtucn1.oraclehospitality.us-ashburn-1.ocs.oraclecloud.com/cloudgate/logout.html?postlogouturl=https://mtucn1.oraclehospitality.us-ashburn-1.ocs.oraclecloud.com/OPERA9/opera/operacloud/?TPLNG=E&TPFLSCRN=Y&_afrRedirect=822553518894701,,1
2025-05-30 20:33:48,https://idcs-67322d8881824b13b3da16015007f9e2.identity.oraclecloud.com/oauth2/v1/userlogout?IDCS_CLIENT_TENANT=idcs-67322d8881824b13b3da16015007f9e2&X-HOST-IDENTIFIER-NAME=mtucn1.oraclehospitality.us-ashburn-1.ocs.oraclecloud.com&IDCS_SESSION_ID=ab80da66e08e4f3cae0cbb44ef5e8890%3A8df87a&IDCS_CG_ENC_VER=v2&client_id=opera-mtucn1prod&method=encrypt&IDCS_CG_ENC=true&token=w9PVz9kpyQwECgAAygkAABAgygkAALAJAAAQANlTyWDZ9XPvAmEj-_RtnHqbMXXnhpRYUdSNAgk9B-t6-tROcsuosjFEyZR-5XoLRV9Z6Z6aicnCv1Vq5UA1iml3OSKb54_4PS1F6KtusVJ2o9k40yz9Zm8SXUGuIHNzB0GVheNgT5afs296A-8eFQ0GEdcqvlZatbMJVoLu5bEK7wha5PXHk5Fr_ncfZF4G-SoMj8Fo5T_t7GeruzVAwCDyuli6irMZXqzgLjpmjN2NfyWzSZ6fLpXP0Q-EZYp7DP1qlK82klqBihtUnTjwr5EciCzrjXZlSzlbUQWdRzUVPrt9Y4fcPMAdXhpa7wgs-JwFPUXmUMOLoiio4sqalopPAYBAQJCLx_6xYijJCfjE4S3S0xQDwKBbcVoCAdQoaMQnp-886Rw7WHKkpygzsKCptNDB4aB5ayGgSjnAQCtUoLqDjD9x-LqOEdNoO3GXyx_OmxQHUeklnUEIXoV39TVNGQP34T85QpXvC-Ueb6AOSVv0kViStNl3IHmDrT4wKm4Rn-ZrRX_G6f-W_HTNwJWCxkqNvFD0ho3pUi5xFrQlXYszEqM_-Xx1gHGW7z5E-NME94znQaRaRuPn2PRkTkoAcYf8rS-1WV-GTezc5smFgqitHkDNfAaQAkCF90ZMJ-xArh8Y6nci6EJo_6jDFxc7q1uFp2lFMQVIAHFT_lASxi6piBhe3JWyiMBwmJMkmIBOtsGPsclBBPMzMjfZG-5xCyRBI7zd5hpzktpTfi62Ctjm-upRd4R6R1hDqbA8EZ7McfUdVuPmmUhTClgRkrXvlowX06Dvn8MIIzX2PUmy7SlmZeo1ak7Ab1f6OyqkBCjiH-4eIBsmZXQizyGKwIstXGXmjjKeMmXEDYPD9OnDxPggP_QNtd8OXImdlYn_wnYytCr8xLXJPQE3FWoBdBDAwYEuu-Tqc3Xy2HTSm7ofj7RdFGPl0a7l1OhF4XPGhjZbWskw1x5kI1ajaAdSLqQQl5YGCc35XkmMxbiyCxAd3qd7YGzKVG_9eSzvfnlgodo4q37SMkBTaASfS8sAxKmA_L6ZgyndM5S49G4QIzvrvyoBlnIRpjS7fWdqGD63GXyEdzr_iaiY7RCHmweSONYe1Ti3DRn3uCYX7uQHhybd5JJKy7YMqljYavUVxZ_4vRpoKq5u4Wog3RGRGqM5EhbV_sTd53wc3xO7z_lyBrajzyC69hSraOUICmSbSsRQ_vZX8iwD1cUlBlSNat8YxdnQeXpYJh7e_tqPSD_KWvFIcb9Zd5XuEK8egW5DioLEtZLVKvHNZXeV2PI85QAfW_kTn04wx-Y3ojhUBL4tvpi7eZ-whPUSA1ukswGLQBis18-0WnGoqOe30BULdYe48zmYT7ATiPNakJ-vJbKRnSs4pcLW51q-S-itvCsbNYZVL0Jc0WGQ_5lUlCadyPTQDWzAFiEEZ_islvP67z7nAwW_arKT_IuZxxbInKNxg8CW6A7-npUwdrbx4JsD9IVOHGUoQUQeKKhyNTRdwfb0HzR04ARtyAdKDAdOoHDZEi2hbEgK69DFnj6QrGirTNQn4NqDpCNYxJ4t5cN5O3XgCL_L-k4Q-GuG5HmOuCSvsYozvh_foO1jw8Xmpynt6BvZn8748pyMTnDD5ZzokAPAUKgTDZQttzkAfmabrTbldzcYM_91dQ1u89J2v925l20dI42Rj7X1dwIf_PKewSuvj1JsQkD7nRxiVbqqZ_JIiraHutiqU_HnGD20XsAYECA7DNiIwwMcLSaYCg-iKn-PBENSUhmhCfCCczvLZvjgdmxLOuzLYLvRDRWe1ZBk2j5Pc-Y3ayhbykdq0rKHM6IkwM20hhz4fZttKm_5d_MLI0AptFwCKpuo07UmLyR3nMtpeyuO59QGTez9to2dQcyMjaLIMBCdglGPullCGovRLRWO2Wcw9ZIHVhE3m8XJ--x0TCZj6RwGFKOzFqTrpRa8HyJhp5weXGrS5j5EBgBj-rKBGjWzHRkYDz2lXwdG52zK_CWkljah4D6z8xXut0-N-ZCLZp4hdZigrtPXdNkLZTOek7EzJQYkRMQ8qNU3oylDsiAtHEHgbzWRkZ2EVnLMOTSDivi09MvELz6Mrl3rWj756LXDGjjmYqn4H7XHa21dM8OsehhuPLSjvSDvUc_6wSl8c1m55N9_TMrPUXz6ReImBbQwfpftu2UQ7-xkWYcNVskmhBFbq4kgxpK1fleCha9wjaAltCFr1ALOhgcPzbHrd1Q57vKTuHK2Gf3ZzSdR7kqzBKSb44lPVPdA7CR4PcdUM5UpEd40BtnDazMkkB37-4OKDGyAX8XWDlPs1ebWHckdqzqL79bTJWAqxg99bYtBHzMCXzhOCx-ks4wVfpK2yKiYP8iYG8tXc5IzhUYWGOmgfqtUc7iv1ObAwSB1U5NorULcpoQnsOnEfS2s47TLo79MYd-eucNx64KCk8TYdPUz-N0FoXWsR5J4P4t2fk5OfjtVVyTHMxsCam-MN5IKShpiMnvpkuM5VULnrfFop6lyNejjSQsuqmBl-HFRlop1Pta31fv1izqENv8DPK5lF3BfHyaFCSYxOqctvg4aJHIJbIHTweGIqT7jcRySX7C2IbhHhUwF66cR0OlZIL34NRArfGEoVeShVSc0SJrnRRQu_n5yGjE58hBYgSvkyWhs3Dm0Smyo23mrZv42oF0d2NzJctS_6kcdKotO3sq9QZW177YO7TVAmoUy4ZBC5tXRSGlvuenGeqZ1uEStTbiNeXPZIlw1ZPBk81Lr-DjQ32CIHgLx1UuhKmLCYA0bLfN-QqwxB2VT6v58zuQN8OO0Rwp3za05O_0qwHMICrRYbiurek0Sigj2OrZ7Vo-Z9K-LYqzr-fRqSt_vxEZ5TmDOiQmwsLpi2eQCt7iG7LVBSoXQP2OzB5XGti0km5x8FUYo2LbqG4eCMT27EWVRO66uQXORlFWrkNCcwAf6sYIwvnM0VfVTPGtwaGq87TX76INqYzEXXaugKTcTDB2JNy_WzQzeBnO5ffVJnZ50Iqfvx1oshnOCDzq6xiYjjfJkSxAanNBCQxw3nXhewbZZBqs5ES8DTjmzYnTmYT7RgmKHKJHIXIzSseuJjsxDVLMMfP4u_nC31GcN7409H4GQ3PmOQDLdojgsKHcWbgXC-vzxDro43F_KnjcvQVSAOhOIZfRDCQoy6oN_25t0T-dfxFE4RMd-lSJH4JvPX7OXN0m1ramg8CIPLi66ILB22lyOLv-I08QCxQAtt_DvQ7P3VgkdK_2OecZSjfng7trUJ0rjP-F1nyg7K469uAOpNUNl0D6F99K58qbkUlL90majpK4JD6_v1htBYpA9q7G6gftPxFXpGoK8Pwm8ztc3cMRa1WRO107yxkAjiQ1vtbgiRdCLrw,,1
2025-05-30 20:18:25,https://mtucn1.oraclehospitality.us-ashburn-1.ocs.oraclecloud.com/OPERA9/opera/operacloud/faces/opera-cloud-index/OperaCloud?_afrRedirect=821631105418390&_afrPage=1,OPERA Cloud,1
2025-05-30 20:18:18,https://mtucn1.oraclehospitality.us-ashburn-1.ocs.oraclecloud.com/OPERA9/opera/operacloud/faces/adf.task-flow?adf.tfId=opera-cloud-index&adf.tfDoc=/WEB-INF/taskflows/opera-cloud-index.xml&TPLNG=E&_afrLoop=821624364360902&_afrWindowMode=0&Adf-Window-Id=w168t0jqe8r&_afrFS=16&_afrMT=screen&_afrMFW=1058&_afrMFH=1460&_afrMFDW=960&_afrMFDH=1440&_afrMFC=8&_afrMFCI=0&_afrMFM=0&_afrMFR=172&_afrMFG=0&_afrMFS=0&_afrMFO=1,Initializing Application,1
2025-05-30 20:18:17,https://idcs-67322d8881824b13b3da16015007f9e2.identity.oraclecloud.com/sso/v1/user/callback/login?nonce=c7d7523b-391e-44ab-9f85-28539a6764a0,Submit This Form,1
2025-05-30 20:18:17,https://idcs-67322d8881824b13b3da16015007f9e2.identity.oraclecloud.com/oauth2/v1/consent?OCIS_REQ=xlONyYxps9IyMU3YI1P5Phg87aMK%2FB3ujrErFa9vU3GeATtQwQzWor7K6SvI7Ph6C5lj7UgKn5Qyev%2BynfbhrN8Fqmxr5tqI3jIJWH%2FwMWY7OvL8AAXRUIhm8gBAuTgR9iV72TKBmhu3T4%2Fjzlg0dcF5PFr4%2BieH8KJbgGYJ0VNQyyGqmQkTByWRs1oZF26lnP2Li9g5RGCVoyMRTyd1V8%2FYZuoIJni8Q9%2BevimogkKdsZnoDamidk4xTkgScb8nnxxJxfp%2FAiBlVKIaqjDI8d6B%2BZ3d1%2B5tsnAbb0tv%2BlQ2%2F1gqeEq%2BVXm6c2MQWATK628jB5oaHkreMsZ0z34sSpyU%2Bsk04n10thackMXimOq0vM%2FmI0lHEPoEw5M7v7kKPlC92ocAdlGd3h3Cuba%2F1uSKAl8EkM3PXQDxQZoOF39GOgjqtwui1XH7KL75w4DDMOsToBd3L8wbu7WASgvBaYgOryhx2CO5LyH8KvDOhR%2FbZjnPWl5I2FKaxTgaGIYwFUhjsEkotJf9GElBeg3Lqk1DaQmKwWIInEGIhPN53dFOMs57TTb%2BVLzQsNjDLbmGsgjJ7mglCPVjntxRatN5Gzw4jJU4UOWXvaO7IGaSyaLf21Vg4pM5LcJjg%2Bwq%2BK6LUFrG0VJPTvyrkpF%2BPnkfas70ln3Ymew0cDim83cqxBtUBaS%2Bafc8cJCLP%2F4EM2S8fLl64D8TFYvqroH95WM%2BCn%2FMcem7RFLIDRICk9GIofec2hxuWG9jDU6ztQqZMYiBQUhKrETTm5M67KKUn2bg%2FedQY%2FAyZdMVh%2FFL1S6kZo5vUT2Rn1wj7ej%2F%2BF2ndFREV5shlDNAjo%2BR9XlFkb7fBuTxx6P%2BpEJsQWpUeHfXAllUPE5A8i9G%2BcwfE%2B5FonDN5EuaYN%2F7fPgc3NjHyRl6%2BLcIvvfSxjKAfSIiWxWdwpqaw70JGvZpFJo6L%2FbxujQtvUC4swGwqo68R6lUcU10YwYx4LhVccYC0JqlDSxSCYgSn0sVAW3Pxq5ONh7vfRxWIdjbLjMm6RqsvsE0qn3eHZdQwqzraSdztjQ1w4Y3PHPYzj1R%2F%2F3oD2z4mPFasEA2HpxIxYf5nvs0BPI9Xtv%2FhskLz%2BfM1gib4ITKE%2FPGf00PbP3JHAWGF3JCZj39PyPIpDKOCkW5VGoVhIf078TFfN9hLs9X%2FXrD0a7BdelP%2Fc%2F2kFmlFHaRueu%2FhXJ8iuuBQHlGEdPfD%2BKjgc%2BHj72muG%2F3PxSEFFRfLXLRYLiGSp9N7yC1Wy9Upqt%2FDegIt7pSQBkKjhUJnxeI9T%2Bdqd8Ok1xy840I60jiVgqz%2BJEwNqbnN0DpWKRToHJ1SgnSbSqjpjPeELB%2Fn11y%2F5wBnlPxNGxsYK1HwmAnNtyvN%2FBTyPvdqdiq4%2B2Sahdg6Jvip8LXlJQlQdikHJK5rGAcD9goYMY7%2FMO2sl9nBO%2BEzgUTBiXL10x%2F8Uu8ZrXQfeVBxSsPsNu12VY%2BUfgfVkyg6%2BX2XEEpNpcVRM%2FHHKFD%2BoEn3RTj6RiRd4eAEHtj3SlMNfoh6x9ldl4%2BYpYOSSFOQrAxV6tC8ct6%2BBvooywo3u9fMhccF2Rlhz6utGT0hZlyDIYMBy0F%2FntdvohI33Xql6nDiMjAR6NGmvQg%2FKw1vGn5DsVuW4FWeDdJoF7abm1MBxZsMn%2FlrgEHkHsalQ9cG0vzNya5qsu1ks1SKNBtBVD3awMd0BKUToSX9h15fZe2EtiBhxaKhHEAreqwe02p0tnq2aLyMQ8Xogv%2FVO4wH4sc5pIREFubA1Bq9ZmeXOKfDIDkn5%2Fv3LcRvKv%2FobOIHODlBFeFBmewJYRrgMsvFo5AFk%2FvyC8rS3H%2BB7FUH9vKVbfCkgEXVvTcUrypYExxgAJK3DWLOtYQ%2FCtASXbmL1gN4%2Fq7tEkfVbUX1mixPnIdpfOBzmfJNzkqDnY29IzxMw2gUg4XyHETZ%2FQUlo%2FiQrA62n86LHrYh%2BCzNPOeK9iDCDgtTfbaX0HAbgp5TcXIy1ypQ5J7dmttNquse8OyVLbT68ftapvumosz0bOTBuZhqqD3BQpaLhnhzEjNrJ%2BLbOWYSLWpR4TBW27JQTQbkvm%2BDMWebL4J5nSS5oVdHOAO9ndG17dEiod3e1E81JpyBwbHpD6vvgSm5Lj910sPZNxq9MmMcumE3V%2B17UTohAOZ8ublTRKI3i59%2BOxUCXyIIXlTgWMPi9LChpLLur0zevoCORrdZ4K7QjFuJ0v7WkKqSZ6Bj9X6m1ozUvh1GZQXfqzAZ80ysWiX7ajTuUiV8Geur6S2SAlkhRLy6OnXe4svuyL40qrjzg2qtUN%2BvjdF1xGLyMNLYruXWHRN3U%2FxkPPyr7%2FUhnfenqLC0Gy2JSiYWPiXZcF2Lfjg0hnPIuvifZ3mO5AbByIty2Ryas7i86YxOnWPnUfDIqnnXBPVPVju0jyNhebZ%2FDfI%2Bn7FUm7Pr87rgLGSkbEsPx%2B21tVxunRToHx4cz%2B3lUtSZaMdMe0NOHyVDl4KAqeAIw0R0XAUDozcWKR04b6%2FRghnTY2y%2FGrLpnVm8EcidgHfcGE7s0uZ2TzP%2BZk3bUGCJ%2BnTnbJRCkJRDpWcZZ%2F6MN8mkBZDACdY05V9ncQqsiytQa%2B3lZSELQc7ZKcbl4Lu7Bi51hRR0FjFU7rvqn3CVg8qqxubX8ttGSLp6B76slA%2BxlHTULEDZG%2FHShTYH8T6WfM%2BbauBjsecaCZrVgSFcK7%2BfdtJYmK3MaONETDc3f3SqeqJC8UiDT8ZjQSlNz8Di1uYXmzJ6Sox2Q79igQomB0xJ35a4eMaXyg3cidTRsDFOXnewQfUxtYLZ9oHAXsv%2BC6mH2qxwdu6W2BqCEmymKrHs3tHIxchjqUbGnIITmsdbJuhspXGh%2FaN2yJZKfuk8xoKPZ%2FzsfMix4QyDKuSv0SpUK5Ejd4S5yNbVcREExAwKFofndwXnPqgznFQtGrDZXmtPZQp8zjc9L7Oz52s3Vs6KazVX73slGibMM7P1N%2BHL%2BzPHIeNTzdYNBhBlvIxVxEFdIkaFxHQ7yMMxrhaPPfKWq3pR801j3eeomP1%2BpS9SZD553mKK0ikXK%2FMfmeg9crUaIEonoj3pJ5NsELCoVHWuaZMrbEu5MjvFpl45bCEd7g2lfklquDRSICoU6MgYOC3r3QDUmc%2BhPtPUwi0JqHqOTEkBuAZZ7dI%2B6nLmioYqKQM6Lb9LfuYMscjTZZANCepTz5N2BYycEsbTfMVIDFCDiCfF7aq5CHyZMjQjnQFwdPOc0UzX%2FdWWvp7s5TC7LwKIdsYdUI6pjqLp3mqZn03ntupoWlMF%2BC1vADGOPIeWSgDnVNoribb6RNildC0c7bXlQltpNtJLIshLSBJvqxKa0aNzO4pUzT3VHwisvKy0O0gcqfkiWSNzM0mVo1qnODnrLluwbLZYzSP1t8YZiTyNzGbmAV6dzPdRBA82oXxR2FvJ8KXmDjOw%2FypdzrI6X5rdmBNuAqTQQ%2BEaSQhwTvOY1jP%2FZSA68hoG%2BfuNObQrMRhBx1jC53d9i%2BvjabtQFUTZRqBIvxg%2F6rjyNp7gz4wiwsbzJJINr9xwx1t%2F%2BUOIk6sJvvG3IfhEDfIV1Z1xPY4m5r%2Bi0Xb%2BeF4d%2Be3Ij%2B4P70Y5iUYwUQfjo3LDgHJDpD4sCZgqXdH5dLqIhj%2FNG5qIKMtXkhVViq0kaE83Pc2c9VMSdKIdjNnIML%2FzW3hsLkviifGo2VIOLdI7ycDCuoqREGWg3ADtkhREhxmCI55DjmqpUmFVn8IpopUstgIjP6dxdJMfOHaQaWybqEX1dQTlbovrmBq00aweLpg14yNWvJ3MaByaU5wuONsbudrWA6uw0cIju87AzdU39NZVvhen2g05zlpKPXuXQ5rJ2UTlcKCiQJgGKefmpW6J40u32a4hwS2%2BCWQMwZeMH665NivsqQvgbZ%2BcxoKNXNvLyXnLaMB%2BPuR9ZKDNbcgYXqG3w4CfoiiaiS3v91bDz1cOORtH%2BNm6Dm1ltRc7GVYCayXAF4QxvpE0xB%2FmBJZALkzsgrZMB3doTHwoZVY5bxbMLzQXhjLzwF5ZMx75naBobwSN9d45drGU2mCEhdp1ucmN8eop%2B4Q8pCcawvNnGbJt3oOCYcQRBKUYw%7EnsewupMo9xREdxqOHdMFAaQTJN8kqGq4qAuAYur%2FFxg,Submit This Form,1
2025-05-30 20:18:16,https://login.oci.oraclecloud.com/v2/storeLoginInfo?redirect_uri=aHR0cHM6Ly9pZGNzLTY3MzIyZDg4ODE4MjRiMTNiM2RhMTYwMTUwMDdmOWUyLmlkZW50aXR5Lm9yYWNsZWNsb3VkLmNvbTo0NDMvc3NvL3YxL3VzZXIvY2FsbGJhY2svbG9naW4_bm9uY2U9YzdkNzUyM2ItMzkxZS00NGFiLTlmODUtMjg1MzlhNjc2NGEw&access_info=eyJraWQiOiJTSUdOSU5HX0tFWSIsImFsZyI6IlJTMjU2In0.eyJkb21haW5faWQiOiJvY2lkMS5kb21haW4ub2MxLi5hYWFhYWFhYWN1aWdwb2RodnY2bWFvemh5NmhlNjRybXVoa3c3eXRkY3V5ZWx4bGw0Zmtwa3VvZDZteGEiLCJkb21haW4iOiJoZ2J1aWFkMDJwcm9kIiwiZXhwIjoxNzQ4NjM2MzA3ODQwLCJpYXQiOjE3NDg2MzYyOTc4NDAsImFjY291bnQiOiJoZ2J1Y2xvdWQwMSIsInVzZXJuYW1lIjoiS1NUT0tFUyJ9.ZF9eRKYevp0BIUCn227Csxf4W4-My29QDEzFUh1t3nY1s_foknWYgb6ICAVjr0XDyP7b0BL2lUk_fSOQ9zk5CEFSo78SgQHs7TJh7OXEBtEDO7jTptptNCDCp_GmpSF6XjmjOQTttVbVcFjq_KCgc0LCLmyAclZj5mvW_A9QHFjJxyigs8L61xV_sQxXdYhbybGqLzD_WAqp97Bj_2r0nOvdNuL6lkKp6-4BuMUyaNMEv5PWuuCnKRfKDSHx5mt2lac0QjIOyOgePyJEHI5L0wigznQf_FfmwkEz4AWnx5QxwfAITXTzTOmxwAkIZ9W7-A_isR2srmf0BQy1I-lXXg&is_paas_login=true,Submit This Form,1
2025-05-30 20:17:55,https://idcs-67322d8881824b13b3da16015007f9e2.identity.oraclecloud.com/sso/v1/user/logout?nonce=121c19f0-4688-43a7-af2f-a3682bd09a87&tenant=hgbucloud01&domain_ocid=ocid1.domain.oc1..aaaaaaaacuigpodhvv6maozhy6he64rmuhkw7ytdcuyelxll4fkpkuod6mxa,Login - OPERA Cloud,1
2025-05-30 20:17:55,https://hu05-ssd-ohs.oracleindustry.com/oamfed/idp/samlv20?SAMLRequest=hVNbb9owFP4rkfucxLlAwCJU1Wi1DFhX7tqbiQ2xlthpjsNlv34OEKmr1Pb16Dvf7diD%2B1ORWwdegVAyRp6DkcVlqpiQ%2BxgtF092D1mgqWQ0V5LH6MwB3Q8HQIu8JBO1V7We8deag7YMkwRy6mAco7qSRFEQQCQtOBCdkvnDdEJ8B5OyUjuRmyHVuhLbWnOyMUuoJQARo0zrkrju8Xh0joGjqr3rY%2By5m%2Blknma8oLaQjauUt1uNoc9lKQCvtInZrpicHwrh0DUgg7hr0QzE%2FgM4dnG%2FgTeQu7eGyi%2BL0CpVObJGpj8hqb4codEAI5LVuGMDMFtlYKRomnMhWQ26OjupKlxFix1nrmCl24gdfFNhAlDz5NKNjpGP%2FY5tSAK88DHxItIJfyNr1V7bb66djGIkmL1WsxU%2BZ%2Bvi5RytJ%2BGhb%2FdUkq9evsOjja73JhfyynpSVUH159GaiWHdXaCmaS30GQ3bZIKlYHejwPdZr9fzen649YJtwKjXxZ55CtGuz31HsOveLXuaq5o1wUkYBq5JPnDfuLpZ%2FGl0k9GXFj3He2%2BxoCJ%2FYKziAGg4ni%2Bex4%2Fzm8KVtH30c4Mw9SWS8dPQEFTZj91mWW1pNGL8T9n92z3MoldxqIvlL3X0vk2fazq2o%2BWV7N1%2BO%2FzvJw3%2FAQ%3D%3D&SigAlg=http%3A%2F%2Fwww.w3.org%2F2001%2F04%2Fxmldsig-more%23rsa-sha256&Signature=PyhxcP9uODjnp65n8bbEOdvhiVo%2BQaycUuXQTLCtIrLQUq11thFny8wdBdIcjn%2BCKcbwh1C6EVy3kf0%2Bq8PqxV5FL4pQf1tleimMC8d8hCucPKyuxrjmJ40HJ1rdqbI3np7QXaHgSMtv%2FshesMg9N9MirC%2Btt3uiv2T3WMXOvDm2cVyjcBKMktZ6fQt8tHxmzQJD9kAM0T2aNaMJFXuTvSlq0Ep9HT%2FW11AicxCATyVGnK%2FAoEWSXLZsrb2St15aL3pSwwMqFpPrfoSOrWU326UAjrYFEv4y3Mjadr4mJNxGKKYlfHvq6nVcjrczqsrHvAlkbrA%2FHMDXDN%2Fi2I%2BcnQ%3D%3D,Login - OPERA Cloud,1
2025-05-30 20:17:55,https://idcs-67322d8881824b13b3da16015007f9e2.identity.oraclecloud.com/oauth2/v1/authorize?response_mode=form_post&response_type=id_token&scope=openid&IDCS_CG_ENC_VER=v2&state=aM1x2ITQAcK_GeerUIZOyoX9tLhsFcEzc6Ji7JBqXdI&nonce=5fusRcDWu5ZANGhDG-UzPlJPBrBxDhTRDKGXccRZ0sE&IDCS_IS_CLOUDGATE=true&X-HOST-IDENTIFIER-NAME=mtucn1.oraclehospitality.us-ashburn-1.ocs.oraclecloud.com&idcs_app_name=opera-mtucn1prod&policyAppName=opera-mtucn1prod&policyAppTenant=idcs-67322d8881824b13b3da16015007f9e2&idcs_app_resource_url=https%3A%2F%2Fmtucn1.oraclehospitality.us-ashburn-1.ocs.oraclecloud.com%2FOPERA9%2Fopera%2Foperacloud%2F%3FTPLNG%3DE&client_id=opera-mtucn1prod&IDCS_CG_ENC=true&enc=-lS4ESxAkOzUAgAAmgIAABAgmgIAAIACAAAQAOzts1DjkZbWz_vW6taqMIbY9QAxbqAeS5vnHil-QMSKcIQOWP3ra3Dv9WW1H0DTX7PthqWwRpnLNSRK2SM2xb7--KjgtpRl3xcecqYhT6PShkl0Q78okgwcgdb2PMMAacS7uQpGCdW-gr80T9BC4VkIMtCM3qF5pqEyP6EWr3ZCLGDcl36uCUZZg79j-uDK2n997rFeTT07UPiCWZzKUIRhARE96edCSk75DO1vR0jzwJXaL4oQlBvieNzYs0-i2_4M5AumkTdMKSMhp18gRBlr-pzO8tYTOHYUcUzu4iY9ATm0Da57LwmEg28IhJ_-HQ0lNcOU0NnvvRpZ1l0ivVy0KgdGst47R75ZlbPTe3RBqiRBNILZRKjlJ__0tJNN8DjCMeEjZbSbtTCyeZ7yxw-59oobvPl7aJZLTWjQAJA2py4OecQpmASse9l4LevEB5DuERe2xm3H4bNBPMjjSB5zncAGM_GMuBROGGF29Iw79kYutIAXnt_l8cqBaZ86RrMn3zzB3j6G1zKVYImFXF1HtR9M-gV2lVAM8uGuPwpn4Xa7WvQMPD3uLNbyCBDhcpDOSmliSNrE3JD3DZytQfv4tU8i33vK-gQMnKea8Pms43vtUxmVPk9zyIcJKHMNSlgi2RiuTJ255XF60X8JlDL-cu8jZMdpwwnmTCP2F1WwjSi2NhE6seAQch_haUnQOKcgEZYsAZndy2OZXyNLQNi2sk_MT5Z1RjJ5WSLETeDqbXRMAxwLBJ6uNZhnVvwxAejXWFADCwxjcJ6qwqS_ruQTvL5mlsKOcOSXhKJnrRF-Jo1phhdNGmo6k03ImT1IxECcULpaYDuINA6_dItfy1Q3eu-pEhKR6JbTBkPwLcOdtrxrHf_ess6v5PRwxMXQPz0PiFoBrCKjSV9kYzkdvfqCD4cQyOCanGDdWunbdVqJ,Login - OPERA Cloud,1
2025-05-30 20:17:55,https://hu05-ssd-ohs.oracleindustry.com/oamfed/idp/samlv20?SAMLRequest=hVNdb%2BIwEPwrkfuc2HH4SC1CxR1CRSoHd%2BRQ795M7IAlx06zTin%2Fvg40Uu%2Bh3Ju1mpmd2V1PHt4qHbzKBpQ1GYojggJpCiuUOWTod74IUxSA40ZwbY3M0FkCephOgFe6ZrPWHc0v%2BdJKcIEXMsDehoRkqG0MsxwUMMMrCcwVbDtbPTEaEVY3tlTaF7lzjdq3TrJnT0K9AKgMHZ2rGcan0yk6JZFtDpgSEuPn1dO2OMqKh8p0pgrZszo%2Ft9tyANk4n7Kn%2BJhfNiID7EEecdejBajDF3CCyX0H7yB3nw3V%2Fx2Es4XVKNh8vL4pcx38Ldr%2BCgL2mOebcLPe5ihY2KaQl21kqOQa%2FFzmfifKcHfZa%2BcbvPFjS4YhgAjtEbx9Xmjp1VpwzTkqbIUtr0opsBI17gK8Ur%2BWJUArl5d5uwxRQoehF0lITgmLx2w4%2BouCXX9AtDug5TxDSoTpz%2BSlWlPxp5SPu3265YvdWtfhaE1XIbqeELuIN53%2FirvbubuKVy0vUL89p9wZTftkShQQjsYJpSJN0zilg32c7BPB4xGJ%2FXmNy3tJIyWuvI%2Fshbat6IKzwSDBPvkEf3LVX%2FkP33g531itinMw09qevjeSO%2F8ZXNNKhKdX1r%2FfYfoO&RelayState=mpry&SigAlg=http%3A%2F%2Fwww.w3.org%2F2001%2F04%2Fxmldsig-more%23rsa-sha256&Signature=bsJ4dcVVu7oA0RRoK2XHt%2BIMig9gOL5hvVW0hn24JonObjrABPkF%2FVj%2Bv9zebEsIxg7nNkOdbVlgS4ZIivliOCVlhDWPjQi30CNGU67MqV4Ll1QnS0FHH10kwdUnG80msfFuEufusVOOt5gMsJZPNKae9fKtoXy%2FFbbsQn61hbhElEF1hEBmslojrole8l9Vtkm45lonENEEQ3cmxi2C86Rt87%2FRep2E3HL%2FuaZXwyj8OTsANGplnVjlTZgZtelp0Ktl4EYzvhdutXQYda7VO7yg64cmbjJ8HUcJNDjWYv661B%2Bt8eZasWGZyR5ClsXYyKiCsJUWwuWXzaKPrLQ67A%3D%3D,Login - OPERA Cloud,1
2025-05-30 20:17:50,https://login.oci.oraclecloud.com/v1/logout?nonce=121c19f0-4688-43a7-af2f-a3682bd09a87&domain=hgbuiad02prod&domain_ocid=ocid1.domain.oc1..aaaaaaaacuigpodhvv6maozhy6he64rmuhkw7ytdcuyelxll4fkpkuod6mxa&tenant=hgbucloud01&domain_stripe_url=https%3A%2F%2Fidcs-67322d8881824b13b3da16015007f9e2.identity.oraclecloud.com%3A443,Oracle Cloud Infrastructure | Sign Out,1
2025-05-30 20:17:49,https://mtucn1.oraclehospitality.us-ashburn-1.ocs.oraclecloud.com/cloudgate/logout.html?postlogouturl=https://mtucn1.oraclehospitality.us-ashburn-1.ocs.oraclecloud.com/OPERA9/opera/operacloud/?TPLNG=E&TPFLSCRN=Y&_afrRedirect=691862902322181,,1
2025-05-30 20:17:49,https://idcs-67322d8881824b13b3da16015007f9e2.identity.oraclecloud.com/oauth2/v1/userlogout?IDCS_CLIENT_TENANT=idcs-67322d8881824b13b3da16015007f9e2&X-HOST-IDENTIFIER-NAME=mtucn1.oraclehospitality.us-ashburn-1.ocs.oraclecloud.com&IDCS_SESSION_ID=0d613d1d7af14fc9acc616aa25211b80%3A8df87a&IDCS_CG_ENC_VER=v2&client_id=opera-mtucn1prod&method=encrypt&IDCS_CG_ENC=true&token=lxMJiGZXkgoECgAAygkAABAgygkAALAJAAAQAOtAPCLor7OMFhCkvTc9Wc4W1nokh4FeQCn-i_Q7tp7-S1EbkoetP2nK5khd3DX5zFplPCSDxyvLDcEVs8T_g_HjZI4x65NWfSkLS2EBpXbKEHq8smkPeOWmZAHoXyL1VUP5PCJaJ2IF-8bwyuLa0knQhuD0JNjrNTBfnfA2h4MlL_ra3I8jW3MAaniwheFv2j7WdBf2MrnFuIOByoN7CmdwevQOE9cxyPnhd68aNy1IIfYMPZQoyRdPctjh5E8RSLq5gDkALXRsW4uTaB8enjC2byMdBrHhOdWEgrPNppr_-sZLXjLZKgM3tVluCjsxx-lac3S4FrkoFzng3uV07Olj0HMlxnlh-i0wkFnIsTeSa9kx8DSHUwRz1IX6Cn-DWJTSSOfVS6UEdUzQvVpwSQFNEtbAzvueIDi5gqHZylZxjhV7jk92ahJ8oD3O8r9Z4kCDpBZeA8UP1RhSVkY6h84pyp6d6ot1vK2dT62fGsKhd5PnO9DxJqZzlqRhOM1faeqj9G421zwPt7lkDoUxCuzq7jg7MzGcuqn2QUi4gkcZ_4CU1FPDyPurCDQzKhDYM2SZVgBzYNTeB7KVXrIYwXSjS3M3rAaNNIqKO87mrkSWc9J9XymyaqscfITbGaOiZJmujpo4p3cWFnxdw0fVNlFSAzlCGE_bSwPYRiLAvrLiN59-LfA7s7gdp8nOzr51xXGAtshhds_LiNLG6fg0q9Q9FYW5l6aOL7pj5WhJVwVY_yIxnldvb3zBf370-faYS_9l1CKB5ztYi4a-8PcYYBuqf3yuD8Y_IhbHzCm6tzz3Zs8HzgDbtefGx7dYNwtkpZWqh2iuXYRMSHlldBbKediu2KpfR25G164_5sk_1gn-gYnBQDGPvBhqEVu7HOjr8ZgAVUCJRJK606_vZR3xecblJE-pQDaGOYjLRCdKgMpqbY4i-xWWn_6btkSjZLSb30aQdEts2gkjUiDB_4oTTsNLoZX1xn8nL8_wlFlu7I7ihb_nR2Oor-CktyxXomKUjlMdLZUXDLyb4R88B77oIaG7DK8JvxBkL8tAKbys_MwSopDzEcJvkTZIxKvO3_ZBjM3yq4z7LZ66Ld4uQfZmVIPZziQGpgB1Wsnn_HK8Q09RFmL83MB2yWfsCN3FHrEvwhAjxlAdeDUWow9wmOwH9gsYW7QZPI4gAalhnMDEpnBnKsKa5cwCm00DaAKNwe2sc0yfeZmQ9LcFRfRKiOiTKg6SBjzQy8yVYxTzHeygIjIjp1aOyJGmSEzrdBEy6HvZr8LLSxinJjIgPwKcwnzeRVRVobxhTrHPA7fIhoxKthXQ2NT9QFqd0q-Rk-jM5s-4ucyDN3ClEYkiWD-CLVq9sg0iGBMNXDV_Yj9PFMphT5s9zf7LAD0lpF3smncx0NYEP4DS2HtZGp69WB2vdaxGwbmZF-tfO7dTqUkXJ-SX8jLvJdiDQlCMotuJQKiwI34fIlc7SDc49nkVSIqXgkZT1W3v1g3NNkHLE0N_-LOCrTC5ZXXa1I_y7MYKKno7tAXa6MX8yQse_WvyUfDSRvsTJoy0Lu4ByU7QSe64k6eu_EaT1h1SVnGm9lM-XX6itHIeMq9RyIyf31ApWlLviMaf4f7IZMx0btpjZtUivnhYE2u2YDfzL1CpKRHXCkAlueuACqbF5likSDJQpyls8jHX5HG2tSDsr1ndAiHiQ1zA4t6evrIssQn96qjz9SvgVSLpuTeS622aMJfYCPL9jTDADaKSeP57ZsGRsrrJrB8pMpjF6qEhD3oQm_I6j1l1xQqm6TEvqUTWzl5PZMg3ALBKs9dBvCzA8SMZNNrRAv3nhB0Zr78JdGzuyWyXvmahlqZRFEJux2r9f5rcrWxHNSIXw7c9IfSCZ4TTIoQKX6bXqZyvP2zoTg98pUXrlnJkjvU88KlkvahwZZNqkH_yfPvZHgn793iA10qKUAHHcwO5Ud7l8ldfh-Fl_1VwUWa4wUIKdc3G87qyc2sOGfLjIaJbcW7p0E7woJDXvrM2QSGWE4IXDpSyKYA6JPDrxR_JGhxJNnHZ8hswmy_cne4X6lXa6M4AwZRbE8-52UeCMNiqrzlm9ZbXoY04ljopPyEI7KC0z89qDJg0OoXqmj6NG9RfitVg_jcjBTD2AAYg0b_Rn_oxHjbyi6f9vTI6gklXXKTgFrdBm9q8ycTqtXr73xXzRygOyJisQw0DcZV5URhZkNJWiK5Y56I9-KUZwvQBVPI1hWpLQlItUsHmScQH8QlIIJkp-TnF5AFQDl-F2BV6Qq8NCZAqw9E23zrbJnIYs5_AbpXQVHy54Rt9OUCaYTEt_Mzj5RoCPl2K1H7IjLf3FfUKmXs-LJOLbL0EQ0OrKwo4y4s24UCItzEBBQp-Z3ALFr_F-jr-XAwKTaiYjwjzA-rGdE_Hy_rfdDZQ-kauLUtQ-lMYYYwH6czBuQdcAVdfXP5yFlszHRFZW2VAzVbUu9Odsd4XeHAoJHrory9tNWmOf0v4IlK3iSYgS7QeJCVEix8WbYih1Khj3AAGYF8-zm9wmw4XCJy_mvywp_ZpoYayjUDkIvsuk5cYj5yJ39z6tYvBMjyE8CHPV0mMaVvBxtM0jsK5lmZ92nc8W4zvvz-3ANu0ZTjlPgGbiDF6how0j0_Ax0w46O6ZFSR_LyEtgFlrCTBYeYHX510c9GcGIqQN5TTXlGEkaHnkbBzzPcJOkysfynOA25E3C_Otpe1YF2j938zK1-MxsBrPJ0JyCqEHhVj6kzaFbF226AEktW7mrVw6-BCb4h-Er6NE-WhmPfSUmDDyQoBh91w8PS_P35rPPBmu419d4YQ1fnujSUz1EUnuonpMNK1A6XVjCsv52JVtUw9HDZXUEPXdh-aq2LC8LYtzWxsTbsT4FJRM9AKnyc9pFEZ-jrQIa0Vu_BszsoqiI-gwPNcH3tC_LtS2H_C3BnrF-VsRKuU1Q8exwhL2IWET9DWsBZMuS8M_sOSsrHi2ncMWXELqDlqICPx9zZRnrEuXnGuRahMD1MQrMjUqiBMCNAtrmYI-IyNUiugMM0BjBcBsgWyLusYOviIO9YfI-1HYe_eXvYgP3TWzJRXR35shWmmPsziAO39MOfOTPAFRSWIVWjkKV6OO4gEnPiPO7D1AaLgpGEvjfU45TmRDlVa5ZXDwYhRG2bvo_heaG7x1Xambtkn94_P-XThS9E6KLuCEVZ1AaMU24rTisR4_wnqEi28gS8T8_h8dV0JOkGk8lAdyU_tapw-JoA5i1IiHPBDk-hC2rI6cFvN1s8L5MVQLHjhbvuwPRgpCD84zwitrfgorLFEafklrj7uWAdUqcGHpczRRwLoBv3eU2qIyHYPJQC-7NU48CW9r-lA53gg1nwo3WFabhfUncocnjHjDeA,,1
2025-05-30 20:02:26,https://mtucn1.oraclehospitality.us-ashburn-1.ocs.oraclecloud.com/OPERA9/opera/operacloud/faces/opera-cloud-index/OperaCloud?_afrRedirect=690940843893592&_afrPage=1,OPERA Cloud,1
2025-05-30 20:02:07,https://mtucn1.oraclehospitality.us-ashburn-1.ocs.oraclecloud.com/OPERA9/opera/operacloud/faces/adf.task-flow?adf.tfId=opera-cloud-index&adf.tfDoc=/WEB-INF/taskflows/opera-cloud-index.xml&TPLNG=E&_afrLoop=690921743434427&_afrWindowMode=2&Adf-Window-Id=w168t0jqe8r&_afrFS=16&_afrMT=screen&_afrMFW=1058&_afrMFH=1460&_afrMFDW=960&_afrMFDH=1440&_afrMFC=8&_afrMFCI=0&_afrMFM=0&_afrMFR=172&_afrMFG=0&_afrMFS=0&_afrMFO=1,Initializing Application,1
2025-05-30 20:02:07,https://mtucn1.oraclehospitality.us-ashburn-1.ocs.oraclecloud.com/OPERA9/opera/operacloud/faces/adf.task-flow;jsessionid=WJgiyZ9au7EssUMwNGnhktPBnHAQQT08K9zCjzHbearzfMeJHQmg!1259111920?adf.tfId=opera-cloud-index&adf.tfDoc=/WEB-INF/taskflows/opera-cloud-index.xml&TPLNG=E,Initializing Application,1
2025-05-30 20:02:06,https://idcs-67322d8881824b13b3da16015007f9e2.identity.oraclecloud.com/sso/v1/user/callback/login?nonce=edf75e56-b828-41fc-b8e7-7bdf10153e82,Submit This Form,1
2025-05-30 20:02:06,https://idcs-67322d8881824b13b3da16015007f9e2.identity.oraclecloud.com/oauth2/v1/consent?OCIS_REQ=SOUCVHGEOd83NNpN37zJU0S1Nx7Jd43GsMCQBkfp8KsiXjMixJRlEpZsM8a0HMhubxfMesP%2BL0NJ14%2FlDRkgwUclTomCLQf00NyQannBV7docImAj6YUGf6C3Utu4XibiAmzPBht%2FoiWiVMSfD906jY%2BEmLgrUNCqdhrYOQs1jAdo5z7exXFRryeH1Pfpy5VDverE5i8eY%2FAUvc4TyOTB4kOziPc80f3R45dPDRrSbKWGJj5Do3AF5%2FbQbUdYsYk05%2BMQmeLLGvgV9OuSOKZYdo8mS1pnf9xovxwimaAuCtOnIWu70A5mHq0ETqHRpdtCIpldNJtf4ozEqjxwTQKVYyWDFR6AM04xHR1n36VdzI8Um0m3WAVNMddFupVjnYrald1upKv5yo%2BvMzFG9a7Qg7ed8CWSw1Qorm6RQHPDgthzUXmwyJuubLFm0tVJRJwkhsOaZbVlPgIIhhzpF%2FgH2LtWGFsAdhwLk%2BnJvS3FFEXmApuYc0lrh%2BXJnKEMDlufSFjNTDRBmWCUwzJsZhbjl6SePo4f2guKIyR6vyHv%2FqGoFJJdR60Mn9lY1v%2B1DRwCsQD8Q6Qks0nFHOc5oFiQtd%2Bw46859q3kLP1Udyj5yA3qcw0FDcL8E5hDoWWNKNaiqa7ub2b34QCTQW4QIm9frXRNkRcSsDGf7lHwQnJ1fFOpADEdEKiEUfWcVmEVuZknFftaUDI1B%2BXdZJQBYiJn2E2aoVbUqfblxi3yLITUo%2BHavfDJZ2EJTfE2S8%2B5rh%2FSHiCcognJiwYL65XlWixUL7G6pX%2F%2BMoLP8fhdyMrUwgdqAWCG7lQqBYfS%2FKf%2FOhSkqQtcO0Br2UJWR1S4IcdtIdOUF2Ji1LoHSGa1bEwluFO%2BFDWGwgMyPNiFOJIb6W0R3H8ESoXhYMrZ3w4rcQrC8ha6ZLM48HY4vcgQwTOJ%2FdoFi%2BzP7XSnclAyJphdR0GX2HxuRA40IOlsyaei5hhOfMQORQnhP7N72f5Tci63MCdCFtxPfauRiPZIUuPzztlwBFs422jb9%2FbpQQ3PbBUFYgXFCPAsceu1rwPbpLShMfkoMONh51qqnVvlMbwRHwXBGqAOROWoixH2%2FarIfaWjiaX8ZrA9islWcKqa4rnOn5Sm%2BvbCw15u0yeJVan8MHFSXEii6bPjktA8eKU08y56v%2Bnh%2BxPF4dGRxkteXVg2yPGyTEE8%2B1pRGsUPIrsfaCdTwWx2h%2FnYWS9%2FNxfpEYPWqjPPRDwmg0xbcY1TOcZ7jItrlqeDZu8Hg4WEVeXSq0pfAidlhy2uh%2B3qYe2rl%2FTc3yg4mCmjieIP9HpRlKAbU3idpeA4i6BHSSkMJk87ZvL6r7CauvqkzlrhMXSzd4RE7TPqjn3f6l0OIUxn7IOpBxkk56c%2Bg3mg0KWB4iY9lyFkq1aKIZiXt%2FaLSfcThgWcXj59CNOTP5U%2FNIVn4uzas3NiX1k8D5rjVYLsr3mXvTyV6WzatCwtY8VQ2R%2BbXgEP41U%2BZL5pNuPSZP4LgJRIs2lfvgQXlQ2E7mvwKCbmrQzrNzKBTQ%2BmTnMauHtRz9YQxdJnXE%2FQdYrb9X6QpVfcObrXuuV39EzNWz5OCEmyd0RsidprEAqawBlIJtn9wpaKpjbBTwS6dF0VFPqaCtn8eulx%2FNMiLMxfwLg4OmoE2vm52V%2FSEDPjeLRG1HFipsaQpwe5RIgQ5M6MA06%2Fi1eWuTPDyOSIVWnf64tQMZ1ncAfOk9AJeI2T2sKvlBDtw3Y4QWLXMY51uHpl%2BMUuV%2FarGdoyKtDuB4FMLhyrMgTNHUkofAXCIfNZUM7kON4gMkDLSsRecrpAZ%2FWUZdtsrzJLZc5up74RGQufLHNOrDPBnQK0neR9YydEpLzgVr2JnmSVEBsMMechQVC%2BT7ekgvN1LwWmFohmDB1NltPQcc8jgRjvR5kzmQWyw0IcjpFLg4Xx3sUjv4ZyNVvfHU%2FLNlsS6NGmJfREb7AKYm%2BV4PPMXAeSrxyMilVp7R6%2BtnF6pBpn4MaqtkHlPc1dUaEFNqGle3gBUlUq1RgLt%2FYBrPEyzylRWoDVQsmqZfByf14PJGVQb2%2BBX%2FoLnvmKMrvj2%2BQHSS848w0uHz7adcaE5kLOD03dTcEivcFxKy18%2FEQ%2BIcC4FDmEg22iZhMLVe2IOeuVxMznDueDuTjgRZnYMm6WF7jG1%2BpRMvesR1WK2j1T2fHCpY4h1uXdBDuB00CXrB0eFArQH2HlVBdFriSF8GuLyA2vduq2Flok7%2FhSmsbqNGtWPDR26VgWmMZso364GxQfJ0CTLqsd5%2F3qjvPfBOb0AXp8otjWfQo68EqtCirV1dogEp0oScRrNcSx9CMidQNqt3gQctUMGB8zzMaNJ%2BIGvYnJ99Qzos954B65ynQp5FseLsEzqZrf9r2KmQsogbjfyoP2p2XYm%2F55m6kgpvz4XIv21lsNlAKnnz4OdW4NXpYKs5DDzPjgbOmWXTFfeDpTz2ZHzTIKmaHpKcp1YcfXf80PHR%2FivQpIND%2FOEdwpZLWGFfyy8CkDrxlleUWtce1dBnDksuymw7MhixD10oWa7KCikwpQ%2FkV0RCMytMJoi6OknR9NuPvYlfhFe15x%2BLDBsFN7fIcD2wO6JqURhbWC6bx0lBX4QSYPd4LFhT3za1ooZE1b%2FKEjepVD1mJ0to9n758r1cue0boU3vmyHlz%2FgC0vryUhTbN%2B4PC9QyYNp4xsuMN3zLwvzMIsjx737uUJABs6Q9LLW1WU%2Flw%2FzDqRTEXdTOmF7lklrCX1%2FvqlYyR5nopkklB3eX4AHlutdgd%2BRVTK9yJcKO5wrYyqzD4wB6zamV1pjAjHA5WN1s3Adx3BY0qFSgMR09TBryiHw6Zv%2FNapcbO9gNHQk6eLDd8oQLssJEHnFwzh7W%2B2ezZFfOS3HJuRhq6L1BmHHVFyy66hyCZFjZ7gwGfeLwzpc9MB0A6MpVyXoaX6PBY86jp79%2BETAORhbE8Ak2O71N9PthpC89RlYJ9hv8MstSpItkwDdWK6a63Y0gM0%2FTbuPV8VcsyYCyt25MhOuJIcyfoZ9vZ7hc9OVkkGVvog3zTyGOM1E7q6UyqLmTbvPxo61pJJi3YPpXqKbwZV35CcZFxh%2B7OEghdVi%2BnPtIyLA3ZxCKoE4S8jDEmJqBZunePZYaDo2PntL894abxBTTS%2B36BQF13Ab1Y3BVDMiD3I2AVUOUZaS1FYxmDEJ1pTZF5PjkLJu%2FN2EVJ%2F0uIfwNmK4ywSggG6H6L4pEdHWUHqjszySPPtwOMWmZsJk9dOkUSI0GdTwaAlQSfRT8TFXo3OtS7PwBKAbSo0TQBYoAsYa%2FM6ym9gCnbVFLQf98gOIM7l5CgR7BjiyTE86QFs%2BFUInMkpKsfJHlqnk9C1KVSv1MYQm1EZ%2FbiiHPE695xV8sHzRiZhuDvyBAooYbAYq0FgLMyXaQsNDCcoX2gL2ntaoRVPjCS1QfJwRpDf1ekCzvfbpfgcd21%2B3oQ6GsaEK9UAQCXcRDnXHHBuyJIHvj4Bb7vTJQdm03kPyJVgw%2FPKwG87uH2p9LQuaZ%2FXmzoLzmzR146ZeWR55V%2FDuWmaoR48IIh4Rg2Q6gPWLKfXA0Mnl%2F3ahSAPmIvRG63dKi2ETvGhcF3CKrJzpW9TY6PWQpC5iKECqu4Mn5O1nfBfi5bi2gMwk8HdNCJbuRJjRMMa7xl6jLaOH%2FCDlNF%2F1hPZdHv3ZnRgSFGy6pGE5%2FysI1QEG8aJF54wRYw0S0g1PMmvh%2FgCORo5UYouOIZQXmVl8WnbNW5fBk4wW9mXVo1pWcmltti3xXYtD5%2FQIfRvm0d9BogBIytlNaMn1d7GWFNKGqJiK6T1u7T20%2F%2FYthz9XDCYfx5czLbJBFHHsOLwAGCs2cAn%2FPS3PQwo0%2FHEHinFf9kSGJtm9hBzwex6HTKZLb5D%2FHT7FEMMTdKKEn9Chx5E2qF65aiofEbhZ6q%2BcfTzBKRzQtTDQIm1gyuaiOh6iQcwgDZT2ULllM2%2BQ5Xu0iFJaOVrlFvJG70%2FJW1rMf5rfGcGtIgfr9LcPtYUyFDypTGKiUKaycHPrCbmpL6bNzJdYtUTnYDhHUM6uzXuuOOQBdSg6mbYuzFesmlAPx%2FUgLn3hwjSb9Fiwj%2BaQ%7EY59ZJ0NtLiGWRQo4%2BvG9n2JrjtczaCCiWwL7fXLCI5c,Submit This Form,1
2025-05-30 20:02:06,https://login.oci.oraclecloud.com/v2/storeLoginInfo?redirect_uri=aHR0cHM6Ly9pZGNzLTY3MzIyZDg4ODE4MjRiMTNiM2RhMTYwMTUwMDdmOWUyLmlkZW50aXR5Lm9yYWNsZWNsb3VkLmNvbTo0NDMvc3NvL3YxL3VzZXIvY2FsbGJhY2svbG9naW4_bm9uY2U9ZWRmNzVlNTYtYjgyOC00MWZjLWI4ZTctN2JkZjEwMTUzZTgy&access_info=eyJraWQiOiJTSUdOSU5HX0tFWSIsImFsZyI6IlJTMjU2In0.eyJkb21haW5faWQiOiJvY2lkMS5kb21haW4ub2MxLi5hYWFhYWFhYWN1aWdwb2RodnY2bWFvemh5NmhlNjRybXVoa3c3eXRkY3V5ZWx4bGw0Zmtwa3VvZDZteGEiLCJkb21haW4iOiJoZ2J1aWFkMDJwcm9kIiwiZXhwIjoxNzQ4NjM1MzM2NzIwLCJpYXQiOjE3NDg2MzUzMjY3MjAsImFjY291bnQiOiJoZ2J1Y2xvdWQwMSIsInVzZXJuYW1lIjoiS1NUT0tFUyJ9.Bln4qn-u1hDa-sO0dTT483IvFdUBDcHDU1toMVjbRUgt0kBAnqKjNs5PBz-jjXcmPdFeI1VRp_pKiEOmg8dt6rKWFcYQegzaBvptK5sCc6YR8MvZ6SmV2ttWZkPDxL-ur59AGL-Cspju-nClLWGVN7fJIqvJzxkAC5Vf9mI_IGAE-SvB4as6BdPUgOSFcXnF2ULat3r7nf5g3e7boUivIr1rZYVVocFeoWwhWml5PWVXlX1hFhhYY5uio2K-aQQupQoro5721iPVb77cWtSFi068cLkdN5spTIapTfh23Y014uuC1RGy0oG_SkNRU2fDqBBRa9nw31Wk71CZUIuc6Q&is_paas_login=true,Submit This Form,1
2025-05-30 20:01:35,https://idcs-67322d8881824b13b3da16015007f9e2.identity.oraclecloud.com/oauth2/v1/authorize?response_mode=form_post&response_type=id_token&scope=openid&IDCS_CG_ENC_VER=v2&state=jNdsIoaFN6LNJ-byjv2OrVzWEWhFbNBZmJEiOdoSBX8&nonce=2Ao8QUQqbP3-Ly2zdAv0J_yT-1v3zGYTB4SFjhIDh6k&IDCS_IS_CLOUDGATE=true&X-HOST-IDENTIFIER-NAME=mtucn1.oraclehospitality.us-ashburn-1.ocs.oraclecloud.com&idcs_app_name=opera-mtucn1prod&policyAppName=opera-mtucn1prod&policyAppTenant=idcs-67322d8881824b13b3da16015007f9e2&idcs_app_resource_url=https%3A%2F%2Fmtucn1.oraclehospitality.us-ashburn-1.ocs.oraclecloud.com%2FOPERA9%2Fopera%2Foperacloud%2F%3FTPLNG%3DE&client_id=opera-mtucn1prod&IDCS_CG_ENC=true&enc=Cq19JEw48ODUAgAAmgIAABAgmgIAAIACAAAQAOTFE-CRHM9NKzrPMCMgFBSQtKxgmp5N4PHrZtcppW5jAN94DIc5bACXZcjyo6tQuIpHWLSa8_O-zbw-cBnTW6SbOi0Ppb0grdMgrVsOqJp2TJAZaCGkilf4tUDzQlq-Hada9GnqEBWh1o9wdznMjUjf21hB3po9qN_b9ZjcUeGNtGf7Kr6Nw26MBo4cojWpzCzGQDvARvMebgKLIZNG5_RWt1DZnXKfXvi7FQUPgGO8mGifTi4QTLULRLU3_J4Dlqz1fps_O4UJG-k2_yRVjZA67LBC2kgNLKpwCQBD6P0cfumGmbr4oVu0PhQRLcygUFfn3S_8Dl1IBGVZMOEmT8yL3trSUBCrGL9aoVk1jrO8lLtzKtiyLFrVbUlsAIx06DNi7RxBpHilBP2nOe95GP04jBuk81S4VjDOCNPNJcL6rK9zQatTlyXYiY19j_sfrRIwy3t1Eagku2x-QHKMUk366fqBWP4pqFw2gMDb69tUuxSfYC2Ah_A-an0s1_mUbWUDTNHUCI8F_q7HsrryVGoPXs5r59C9Hr4iBcVVHaD7iG_Ag16FaKObIfA2llaWrFugPZTJr_fdVZdzE4Uenz_41SkYxiuDZajCd2upyZoxYJQ64DF5S21uo-ZhMKkkTZZ5uzgHAvEpoUNfwMo3ctMj1WXzsZ7D2rAqvk-9F_TqZ9AVrv6sB0Iks6CyHn3WE2TwD__AtTcXutC1P00x8tTIZOP0GusaciBJDgv5a678IroHTF-ozYABCt42bVNR-LNXXVbotbDS7YhOPgXAqJq9R5NMtbTGYczDw-mcipyHZuaKCBO_fm0t0ryctgYQXkiilZVWuhwU42B16qSYwnFXrNTyw0Sl4_vkROw6D9OxbCBQnKoUfcFLZLl5gONuff7oA-FHPRTOi0Z7nGbjlNLwD9EJZ_zixR6uS0zJ_xA6,Login - OPERA Cloud,1
2025-05-30 20:01:35,https://hu05-ssd-ohs.oracleindustry.com/oamfed/idp/samlv20?SAMLRequest=hVNdbxoxEPwrJ%2Bf5zj4fX7E4IgqKipS0tJAG5c3YBlz5bOr1Qcivrw9yUvoQ%2BmatZmZndtfDu9fKJAflQTtbojwjKFFWOKnttkRPy%2Ft0gBII3EpunFUlOilAd6Mh8Mrs2bgOO%2FtT%2FakVhCQKWWCvXUJKVHvLHAcNzPJKAQuCLcaPD4xmhO2922gTizwEr9d1UGwVSagVAF2iXQh7hvHxeMyOReb8FlNCcrx6fFiInap4qm1jSqiW1fi53pYDKB9iypYSY37aiHRwBEXETYuWoLefwAkmtw28gdx8NLT%2F7yCCE86gZP7%2B%2BqLtZfDXaOsLCNjX5XKezr8vlii5d16o8zZKtOEG4lymcSfa8nDea%2BMbovFdTbopgEzdDqJ9LoyKajUEf8qEq7Dj1UZJrOUeNwEONK5lBlCr2XneoUSU0G4aRQqypISRnBW9F5T8ag%2BINgc0m5ZIy3QlLa2q6u0tDYff8%2BcO7f2Y9Hnv5XnylKLLCbGzuG%2F8Vzxcz91UourmDI3bCzqc0KhNpqWAtNcvKJWDwSAf0M46L9aF5HmP5PG8%2BptbRTMtL7z37MK4WjbBWadT4Jh8iD%2B4aq%2F8W2w8m86d0eKUjI1xx4lXPMTPEHytEB5dWP9%2Bh9Ff&RelayState=0cNs&SigAlg=http%3A%2F%2Fwww.w3.org%2F2001%2F04%2Fxmldsig-more%23rsa-sha256&Signature=goxkTqb%2FdESTfnXwWWArpUlNMVQJV7Ka3vSVOV6VO2IoL9J1KJAc6xHyrKOkpfOiWLdURfj9OTJKIcOSgsBp5dQeKoEdR%2FV4Dqq7RScwUB3A4n%2BVtF2OunD22hDA%2FofJ%2FT0s46AGR%2FTcjTOO9UTm6DFBNa78ekUCvZlGHSWX8xnnk1IrpvwEGHG0xf9EVgDg4I2Kqqrutuv%2FLHDLefAdptw0aLds3CaQdiA8PbZQ%2FANn%2FIKYkwHBQabgITiS2FWV0ZtoDdTrYjQ8gySNwL9tE3luScgG1X7dpvQglhRdFEKS8GxLbD7lzkJLF9i8khxV%2FUO%2Fibm1KSESFjOGfsoU4A%3D%3D,Login - OPERA Cloud,1
2025-05-30 20:01:21,https://www.gettips.com/user/login,Log in | TIPS®,7
2025-05-30 19:59:18,https://nam11.safelinks.protection.outlook.com/?url=https%3A%2F%2Fwww.gettips.com%2Fuser%2Flogin&data=05%7C02%7Cfrontdesk%40worthotel.com%7Cac70227c0db94ffc3c2008dd98a1de07%7Cbba3d172f36a4b5196d9082fda5f220d%7C0%7C0%7C638834543207421090%7CUnknown%7CTWFpbGZsb3d8eyJFbXB0eU1hcGkiOnRydWUsIlYiOiIwLjAuMDAwMCIsIlAiOiJXaW4zMiIsIkFOIjoiTWFpbCIsIldUIjoyfQ%3D%3D%7C0%7C%7C%7C&sdata=X4MIRKMpXxDWSINqNY0svkc4RUJeqzUmmFdFY83EoB0%3D&reserved=0,Log in | TIPS®,1
2025-05-30 19:18:14,https://idcs-67322d8881824b13b3da16015007f9e2.identity.oraclecloud.com/sso/v1/user/logout?nonce=4afacdc3-85ab-4363-810e-e751bb6e16b7&tenant=hgbucloud01&domain_ocid=ocid1.domain.oc1..aaaaaaaacuigpodhvv6maozhy6he64rmuhkw7ytdcuyelxll4fkpkuod6mxa,Login - OPERA Cloud,1
2025-05-30 19:18:14,https://hu05-ssd-ohs.oracleindustry.com/oamfed/idp/samlv20?SAMLRequest=hVNbb9owFP4rkfucxE5CAYtQsTLWiEu3hVXV3kxsgkUSg49ToL9%2BDhCpq9T29eg73%2B3Yg7tjWTgvQoNUVYyIh5EjqkxxWeUx%2BrOcuD3kgGEVZ4WqRIxOAtDdcACsLHZ0pnJVm99iXwswjmWqgB47GMeo1hVVDCTQipUCqMloOprPaOBhutNqLQs7ZMZouaqNoM92CbUEIGO0MWZHff9wOHiH0FM69wOMif88n6XZRpTMlVXjKhPtVmPoc1kGILSxMdsVm%2FNDIRz5FmQRNy2ag8w%2FgGMf9xt4A7l5a2j3ZRFGZapAztj2JytmzkdoNMCKbGrccQG4qzZgpVhWCFnxGow%2BeZkqfcXKteC%2B5Du%2FEXsJbIUJQC2SczcmRgEOOq4lCfGS9CnpURL%2BRc5Te%2B2guXYyjpHkbrl9vZ89reYJfjwVUb5ddsffHlRa6jRx0eXe9EyunYnSJTOfR2smlnV9htqmjTQnNGyTSZ6Be9sNg4D3ej3SC6IVCVchZ%2BQWE%2FsUuuu%2BCDzJL3vX7Fmhat4Ep1EU%2Bjb5wH%2Fj6mpxYXWT8ZcWiUfeWyyZLEacawGAhtN0%2BTj9nl4VLqTto08twtaXVFwch5ZgISf3jOx%2Baf7zxxSixTrXezM6gdmm%2B06XPOxzxlU%2Bml3I3u23w%2F9%2B0vAf&SigAlg=http%3A%2F%2Fwww.w3.org%2F2001%2F04%2Fxmldsig-more%23rsa-sha256&Signature=Q6QMgDR2g6p6uMHacdPr4jdyhcAMrm3sHzXd%2FPtbNwrRbDXmqcRNtBLNJsnWv4YEtP1xsiaZydoVnRaIPyX5S%2BC0MxbuwbDeRLXh6VeTfK7pHR5PTLJ6%2Bq2EiyCd8Qr5dVkl4A5rjlhaXxGCfowdCXl201TrJzxW%2BUBPOgVoKp3K7oumZXQHSU%2F0cuvkOkXeH48O7w%2FcOZeOQCfaMhgzVWS3ZoGgrgNPwt1O2JyCfAj%2BfWngKWpREU9wu0%2B9ufXq17pXTsEnGL8jACKWwLZV7qCo7IwPC1vBsGRvjvg%2FU1wLeTX3cRMhuHgOztSwSooi48NKVAfqIA3FLOAYvgn2zQ%3D%3D,Login - OPERA Cloud,1
2025-05-30 19:18:14,https://idcs-67322d8881824b13b3da16015007f9e2.identity.oraclecloud.com/oauth2/v1/authorize?response_mode=form_post&response_type=id_token&scope=openid&IDCS_CG_ENC_VER=v2&state=AqRkZiInDXiY4yWvYMZcJGanz6T2lGVDh-NUKFNJChA&nonce=77C8v2_SolgdULtekwUEOfcD-Jc64zou7U0hWeSMjgo&IDCS_IS_CLOUDGATE=true&X-HOST-IDENTIFIER-NAME=mtucn1.oraclehospitality.us-ashburn-1.ocs.oraclecloud.com&idcs_app_name=opera-mtucn1prod&policyAppName=opera-mtucn1prod&policyAppTenant=idcs-67322d8881824b13b3da16015007f9e2&idcs_app_resource_url=https%3A%2F%2Fmtucn1.oraclehospitality.us-ashburn-1.ocs.oraclecloud.com%2FOPERA9%2Fopera%2Foperacloud%2F%3FTPLNG%3DE&client_id=opera-mtucn1prod&IDCS_CG_ENC=true&enc=QfLJjQpYbPjUAgAAmgIAABAgmgIAAIACAAAQACqXxgzub2y3xLmn97kXcHG2_lIkLVME0HyTD_CcJ2amH-EDLjdMvsFD3g-W8YWWpubyhfe0c5HS03ioZRYdmZUkyN42fNzeghq3dAFLISvVIDk91xaIkFxChITTOIMYxgrVrW4dJNsvtdWhAYA4xzGcnHtzIB9zLNzHCw3Ecl8k_e447F2Bzyt2BCRAWUOY9tre2UuphLaAPDya_GvxMxHoYPH0cm0hSUz40P_ucADxC6Ce-WvkMszjO-voszogSvL0Vj4jzG-KSPz1v4AOq30HaditKsgRTTS1-6Jqptcag3VUtiUZUxDGMwj3fIr1ITCPMsxnrO4TIHVXmOorf0KiW0SgULbOhVvvB5AHdg3ucjh4HhLLe99Gf01crb4sqYMZgwz_jvnr-EvGHOKqfE5WEfKeaysXMdVfvgXPTz2gslSXcQ85QqzrEEJqIdG4N46HSKCCg4JKMhDBDBagyDSQ3RHpt1s9vPxU-plMsPwV-NsaeC9jmqDaRf6h9AjRXt_DByR1_BJX8xDaP9WSF0SMNixJ3qTQyTQnsoNVaJ6I0tadY92WBgBNzzeCbd_gBbVq82Ms7Q5s-Ewdi_eC4EyaZvhJNw_AtEMAh_UjpxbYIMT4PTjE1giMvYYxdDNJso0k3AQgkjajzAVPkbl4i4yAizor8WFSf1xjx_jS1bUvzyeMhyuYidmxf7a7_EPLeK1QMvHkvc14wJPygIB9PhQuaIt892WMF90CfP1Gr0W8mAD2QMsaEjNnfQshgGTtVVpGhx0Qkoxo6CpEner0OSPx4SZGb4b1jGTufCYe1emt5Li8e2sqFpXAwWOLlW-Uof9Gj9znBZn7HECrX4i438d3iyAWLN5-Sglqcn7aVbSrglrlT1wbVL7HOe4KnL4BPtaOOWd6Y4wOXuWbdjbYbopI6I0S_YfCI3sZSpahgAn9,Login - OPERA Cloud,1
2025-05-30 19:18:14,https://hu05-ssd-ohs.oracleindustry.com/oamfed/idp/samlv20?SAMLRequest=hVPRbuIwEPyVyH1O7CTQBotQ0aIWJNpyR%2B7UuzdjG%2FDJsanXKfD350Aj9R7KvVmrmdmZ3fXw9lDr6F06UNaUKE0IiqThViizKdGP6iEuUASeGcG0NbJERwnodjQEVusdHTd%2Ba77Lt0aCj4KQAXroE1KixhlqGSightUSqOd0OX6a0ywhdOfsWulQZN47tWq8pK%2BBhDoBUCXaer%2BjGO%2F3%2B2SfJ9ZtcEZIil%2Bf5ku%2BlTWLlWlNcdmxWj%2BX2zIA6XxI2VFCzC8bkR4OoIC46tAC1OYLOMFk0MJbyNVnQ7v%2FDsJbbjWKFh%2BvO2XOg79EW51BQKdVtYgXL8sKRQ%2FWcXnaRonWTEOYyyTsRBnmT3ttfUMwvm1IPwYQsd1CsM%2B4lkGtAe%2BOCbc1tqxeS4GV2OE2wHsW1jIDaOTsNG9fooxk%2FTiI5KRKBzQtaNr%2FjaKf3QFl7QHNJiVSIvbVn7txr36er5qDvv%2F2OBXTt0fWn%2BXVrxidT4iexF3rv2b%2Bcu62ElTXJ2jYnlf%2BiEZdMiU4xNc3eZaJoijSIuut0nyVC5ZekzSc1816ILNEiTPvIzvXthFtcNrr5TgkH%2BJPrrorfw6NZ5OF1Yofo7HWdn%2FvJPPhM3jXSIRHZ9a%2F32H0Fw%3D%3D&RelayState=G064&SigAlg=http%3A%2F%2Fwww.w3.org%2F2001%2F04%2Fxmldsig-more%23rsa-sha256&Signature=N9mmioG5DuL4agt9G%2Fbqbcfgt5lzy6wh3TxctEFGjg%2BX50%2FJLzycbR3mu75ME3RZE9gp%2B%2FvosDac6hjvHUSRejqijG8JrW4c2yam3Jl%2Ff9yye9iI7Z7fd08K611GPefKxWw%2FL6mfUOPtCetHgm8W5ZEbv%2BsZqprhcXcF1WJ8EqV1%2FxGKqg7S07IOuw1%2BECbc5WK9QxypAkIJeONP%2FHKPTADcwDK3EY7u%2Fdbr3jlHWmv6L73qordfg%2Fzdg7JnfT3gNTujfOBS1VjkicGbJ7JZpY1gQbYyJI05GqN4GfPxl8Ny6QKByYfgPKJALwapw6DqligjCFPa16QpKuyuyvtiPA%3D%3D,Login - OPERA Cloud,1
2025-05-30 19:18:09,https://login.oci.oraclecloud.com/v1/logout?nonce=4afacdc3-85ab-4363-810e-e751bb6e16b7&domain=hgbuiad02prod&domain_ocid=ocid1.domain.oc1..aaaaaaaacuigpodhvv6maozhy6he64rmuhkw7ytdcuyelxll4fkpkuod6mxa&tenant=hgbucloud01&domain_stripe_url=https%3A%2F%2Fidcs-67322d8881824b13b3da16015007f9e2.identity.oraclecloud.com%3A443,Oracle Cloud Infrastructure | Sign Out,1
2025-05-30 19:18:09,https://mtucn1.oraclehospitality.us-ashburn-1.ocs.oraclecloud.com/cloudgate/logout.html?postlogouturl=https://mtucn1.oraclehospitality.us-ashburn-1.ocs.oraclecloud.com/OPERA9/opera/operacloud/?TPLNG=E&TPFLSCRN=Y&_afrRedirect=904457549075358,,1
2025-05-30 19:18:09,https://idcs-67322d8881824b13b3da16015007f9e2.identity.oraclecloud.com/oauth2/v1/userlogout?IDCS_CLIENT_TENANT=idcs-67322d8881824b13b3da16015007f9e2&X-HOST-IDENTIFIER-NAME=mtucn1.oraclehospitality.us-ashburn-1.ocs.oraclecloud.com&IDCS_SESSION_ID=47ed543e018b4bbea5267eb703362a49%3A8df87a&IDCS_CG_ENC_VER=v2&client_id=opera-mtucn1prod&method=encrypt&IDCS_CG_ENC=true&token=yTH6AU4M-zUECgAAygkAABAgygkAALAJAAAQAAmGtg4G4I-s_uHvWvJmDD4nT1Kr7DK908H3Qj_SL6KNc4uRWK5Dyz4l-BTTwm5vxaeLWFRQbHwploxaeHl8LvyiEtl_lKU70Phy5Hhf1U6AEK1lIx2i9rrIVD4GuB10iOhR3muneEwJHM5mTHXUhRpEwTFU7PYtHlU6KLgrr2nIMQiqgFvor6HbK_7kEGcqWw4NWiYc-0xMilY6PyYsQVfjJdqXqLRDK85-K98M_fPyYRtNnAQpICQVn36hAdTkIr0zhJ70n015Jk3rKKCk9U7Bqi9BSicMDizfd_YJjsC5MnbExEdflxcxhwarLfj8Dj1sWkZlUa6WQQumBCnAmhy3KeB4XjGyUTuNYMJxgHFMm4xoOZqznFhIfxM5cTgpkRNSVeylQIldTm-NU9Z-xjeaTNZ5F3JBs96saOLlML7hbInJrFuqQZ3fJAbMuEKZK8P8AwU5vZ1y-Fxdqh_HBrAXPekY8Jitq-tZpez4uXFkf2yQEWICJND1I3LFQfJz8C-mT0k_9TDotyCs90SO--dvCOHdqd5zWBMILaVueyMGlCLB0EDml5oXAvRa53o_XwPJh8tdok1QKiJ9Q54djh73YGbXdLwYvPY05bsq-CPhISfYa7W2XSy94Ry2dToB5jV7H6UBQdlNDHMfKfzxdfmPoHllbcGZcZNnuV1ee70T1_1vlZlzgmyjfpScmGIr_di5fn19eWCGuxwFKCrqM6gee-XJJMX1-GM9k3tnWzYmVjvNUf-TigIpjjoDOTdQVkmSd9aPCof1UPbyFb_wwF_BSuAdGvdh2HA_wHVTfZo__YjmM-kN3VuFnt7rTSsIRNOC9gLY1oz81uMfusfz9dUxyYe6LGE18icNam4PPvVQjMZf043iqnfGaX3cVVrewebG5H2BavNcML8bi9soC3O_Hf1la1SwxATYiRxXSnUssb7VVynlWvjq1VAragQVQtdIHVLJ0RC-JcsLqaftcb8emTWbg1--MNx_yjzeOk9el8NwBTL5UM9fhoO_F0bBesxYU_tQYC3KtHLlUiEtmXLTDTQo93kfeCi-umM2xsv9khc2dj0lknV3xiVrWaVz_czSSAeZ0uFXIGp6y_64DFkypnMPTCRKUbwv1a8ui803x5HkfpwhxbX5HuxQeGaWWp_jZRAiQQR6czOfpc3lqdDPfLEDmiHWEx3UcFO1Tz7oXyp8mM9XjppF-g9KUiY92NWpUBpcQArFfTO5pkfCtYLS8xTYzJjLoMUJpBo3Gqpn3PkurS1k4pDwU-Or6_LW_K2GinOx_L8enKkO88G95xPs3UDOmbp_Usw_PXx8xgqVVTfMAmjMmsURhHRIWOPg9SPz5a2GwebxHRtuay3g1g8wkpW4CGA85fMys7gLv9NrkntJRUeJQbXMhisWu3PxnwJzyDHtvUQN9nrfOVy4rKWHRnrUpev6OGHYhbABMt54kxvrIpK7rANwWWw0MxxqNWP3DReVjpczDP_V8RJwMRLotbQPBIRR1aa_XLH906QTCzsA7gG2ywc-Rcztj5wTSdPSanuNqwsB8yfcDuSwWPzFIms2M67qMUgKu6OBMn9nRw19iXl1oGGob-4-8HXtc-649RECSgO5g51QYcqX-8EgVUBbDx07ik8GW_3qhHYZSNt86lS0onoZVEkI4ML5nTuqebwh0UCU-1jM7U_Hajs6R-iiulUyMkBdYYizLzjaY9eeDYIszjNNJg634jqTbNLXlEr_eVA_5OaxWKQkoMYW_Wkc9zlMlbIz56qGLBMylNnA3Zruxr5MhFIU-0pC1FHBXzue_SQJRdUQ-8fiCspaqyD9B8sRmdL0xTtng2JT3fxf87y0negAXF87IXkup-vje0YXUNq2Swj5sgYfI2GW-0rLVC-RNiKgOKptq23FG1A7W5PZ5PJw2eXgpD-LYMQ18Gq6BVobOoKZWMnY2NdT97suRVKb4AnG6ivqWyGwi9iOJ4A7uKPO7i02rxVFGOZGXxxzhKd4PWzi_tDFve9sfWGl_z1e-NIGmL7xnFv0wDR2_Wz6-sypAF_vov_vTUucq2wnjyy738W9SzarBlEA8byEbrvJZuum4U-fTV3gmfOsPYY1mUdVvL82Lzm8-xiHk9-FmkI0mMm4Api27jt99grpqQ60zpbsVHnUEqzo1kSEXlsUupvQkGK0Vk5Y4KSFB1qAs0xGzQLzA50t21QqeX6DopyqOp0kdg_yAvEj-ivgzSoMxwlxdT8wTmAQwo_ByXvODkgkaD6JcetLwdJ_Zu6Jqg-dzOwfEhNx6uUs1pEMPQECrTtxaiaSzOA5l1NoiCiAMKb3gSOmf1eT1TiFQIkA5cuOezC8XK1UECx7DWS0ml3ky1B55DrvUvarWgbhwQ5gGe7ieFI-PeILuBg_-92JPSqyk7EPx66WM0VFQM-OuOl4dGQ5foVhP-U1TA7dSQN3GRyedqJeab_jddu45PwrPdtDoRQIbghUirmWxrXd8Glzun0NKJwgw3IWSsVNOA4Mv96So_FoBtLTY_sX8g4Xj2DRBg_gVwGE0UA0LFXLBiq5uIENMKjRlPFm6xdqGW9bDnG9mEHpBoOq9NNMePIySDbgGHJ_5RpFG2udWyVPkwl9G63HB37u-bS3BuIjg19_ER4EeaEJxECeL3hUO6-TDltzgDbSIhiAOh3lC2euxHpfKl80b4l6qKNlcOhrjHTReV3SIgs9yyZyPWcPW97lU7QCKxcdo_QHu-HXR2_-KzLQc9VuuDdqYt_IKfpdyZ9H0vmbCRrb7FTBs3E5MK6QeGyCNX6SQCa-VnEfJcdVvTq419uudGsOeh5XzB913XeNx2jItq58_Hd8csCLRko6Fk-MY4jNeg4jXcX-7wIQVkSvRxeg3vUCkX7MwiYxAqtccH5Q317IHIdZimmqTBwebYYX-NYiUgdJ0E9o5wHHuaPgNIEHQ5va_OdTiDnWIt7oqoEvDCMwHi3n-GqXLKC_UWuYzJAjgrfhixO32uA_3OJ3uJ7kPEta0LLr3LZw_lLBR-C68NOgzF_1rwGwLvHBS2YgG6HP-C0QcmJL9wSiqZsrc6qjYDB6icKkEbCVAgHUWLlCPJrI3Flf9Rn3hNnZinb8gQV0esHTeEspaBGlLTKGg9SSivKblL0ZoXq0_HnE43FD58g_xVyA0CIN1ybrpENolI_IGUxU4u_OwqLXO2Ng-ycayUFRmiRbMJNQkzwR20myu6pFe-WqlEEZvoJwGGadHf8dAoJhIS5PE9jSs6cIdn6huBtr3rkF4g3BlzMcG6KivB2KlSbPcIxNvBTXT3dSkmI7C0r3fErlnaH5-RflIulxZ3UGYQzxMUuzNvmAjg9Xlqq6jkmAhDMggqPXCH0pXmx9pwvIyGUbKU4bwK-DPzp9Fdn55ElFcw,,1
2025-05-30 19:02:35,https://mtucn1.oraclehospitality.us-ashburn-1.ocs.oraclecloud.com/OPERA9/opera/operacloud/faces/opera-cloud-index/OperaCloud?_afrRedirect=903524133631837&_afrPage=1,OPERA Cloud,1
2025-05-30 19:02:15,https://mtucn1.oraclehospitality.us-ashburn-1.ocs.oraclecloud.com/OPERA9/opera/operacloud/faces/adf.task-flow?adf.tfId=opera-cloud-index&adf.tfDoc=/WEB-INF/taskflows/opera-cloud-index.xml&_afrLoop=903504074162615&_afrWindowMode=2&Adf-Window-Id=zj59nsyg5&_afrFS=16&_afrMT=screen&_afrMFW=1058&_afrMFH=1460&_afrMFDW=960&_afrMFDH=1440&_afrMFC=8&_afrMFCI=0&_afrMFM=0&_afrMFR=172&_afrMFG=0&_afrMFS=0&_afrMFO=1,Initializing Application,1
2025-05-30 19:02:12,https://idcs-67322d8881824b13b3da16015007f9e2.identity.oraclecloud.com/sso/v1/user/callback/login?nonce=eb137d4a-8421-484f-90c7-88db672088c6,Submit This Form,1
2025-05-30 19:02:12,https://idcs-67322d8881824b13b3da16015007f9e2.identity.oraclecloud.com/oauth2/v1/consent?OCIS_REQ=vGErNG%2FzmQDPD2EAhvAc1jthYiIPWS7Wi4GRXXHAHhrj5wKFGZRxX2yR0DuRvGBf9xRa66Sy9kWyM3aUBEfucRzEoLvY3NKc7tCRdScR2xGWROdF7fs8p5MXTPQmiGGKu7THy2l9jDdvU0Uq%2FmFbnOStfdN15Qdp9eQUw1DPOe%2F8%2By0XdL2ehC01BnibjiNb2HFI%2BZWPd6U%2FPnvCzg%2F18s%2FpTkr2IXEpOizSzerGO7zjgp5YI3oEwr3jyTMOMP1GDHjIi4ZB1Ra6i5InFrIa%2Fm3U2%2FNEZly0aZoFmYrmOUCk30ymgFgSZN%2FScsizFkb%2BPWGrRFrbuSLUBrnH6iU79plY47Z3T9FxaDFz3VREAISL7Cmo6S9TPtIdtazunZL6aretlL40NAEgaBUHEB3qgLBRQ%2Bs%2BmAWCtxUWhtWethwMh3bYgqsPeLcvSG%2BID4LSBSfB0%2BKz1MnRLcl3AGpJLO4etNo%2FT4qF9yB6z8GYwr6Lj2YzCO0gUmfpCCZwnLQTHytTeT%2BUdynmaowSZZVAod2ImoAy%2FC3M9ZWTlz56PybEpi%2BgzyUfRIDBjWJwaGnp%2BmDbjceY1iGhT%2FojIajVYf5lJ3zP3aQ0%2Fn%2BOc30iCFtZzCR8uvVYciCt9AluV9cux%2B9GT2hegU%2FZfkSFNWU%2B8gVKVJprow6fgWoSoVReSj%2BVMAFVf8ac2F%2F4siJ2YzZOwqyyIhMuZx%2Boj7FcPbTgRk35YSXLEra5%2F6M23Yzfv3Eiz91Lt5uSpir7i11xCne%2BMcO%2B6vssgXlzF2m%2F%2FTSgCgoO5PKdsoYjsNbVS9%2Fs5ci52TdPRXWz3R%2FCAHVZlOkP472XlG42fL8fxjXBbB77JZ%2Bu5oy%2FmmRF2ZFzV7Km2okpfwrT3axA8%2BQ2s%2BWo1OtNw%2B9Xomkyop%2FyEsbB2uroLck8mB9jr6FLhpiZ2u8IS6EBSu6oIUicm6I3MMRkYa6h8gxQgvTNEp2u4XApDSTtt7uikZtg25TdtJ5WD%2BBsqtXI5EUnofdKqTJfH32jN4QIQMukt72qDPQQglUDvg0FYlFtYkQ%2B%2Bn0ozmkWKbfkgrcy4YtWOcVK%2BPjyE3X6vswCvEW61daiBqckHGUxRdOtY1faKPmybSwAXYG19S2ZIOvsr7DaOsU3QHEDtym1Ysv7CQxKCV6JYxJttXfbRfoN7Vxofpey7y%2FVdzplk%2BZ2st8tHWwmNj0fHeCIKkf7zgrq%2F%2B1PGoarAerYbfGsMAeNjVgj%2FhjeR3A%2BylMj0yEQQY%2BDRNTwkbbaW%2BQ7Heoo0GOAOZyp5l4Woa4I8hD%2Bfd4JmQ6zDWEVHG1%2Bu2lQGUevVOqnnmrx497Sk0ObBne54qXtEGijF0T8IfcGO1mQLYe2Q%2F9lBXVhlnx9y%2BJxozLKPX8cuBsKyU15erCrDRtFL36SCu6otKlwKWiPft1cH6b4SYaqOuYg7Bjsm7BCy%2BNshrgPN0Rng7WIvK19aIKGjn2aQNTn9SSad3Wob4zloxbwQ%2Fkl2gN2%2FX5dKyMSsqEmvdpk8tYMqbQLkt5MSQOPNAWraFCAAp3AQzKBuXYW%2FoXdHmOiB5ktFxlhY2Lfa%2Fcfy3XOX2h3olzKV%2BNObVXrLwAMPbhHpDmJQTbdMRyJTAwtKYsRuccCA2PIDr5elINalZZo0O7yCGyj2gEkemRAJ3bKtEfgmJoMhwjNtZ7k%2B%2BUqd5gCulJ1R52%2BxWvZOiZz8pEvItOcfIO3u3d4C3vTKAbPaBtg0s1fa8E%2F80e2EFfclewSo6EDGzRPMZsYxMp%2BpF%2BRg6lilpivR1rU2D5cuLBy8Jjv36sSAylahRCxSTN3RUWVr7hPe%2BJsLl7xQ9Xj5XWhHaV25c0LdY6lu7xlgKr0SPsUZds6eVaXEFZYcqJIny8MBHFL%2FRw9Lt83EU%2FimFlfrJbTveOtiVCCq89SBPE5kvOJ8eE6P4bhVZnTBJSkIR4iaM%2B%2FIJG203rgeNrfiTIpODZVpez8uSMUrc4gD%2Fq8sClSVHPyG3%2Bcw9CWortUCu%2FvVmAyuol92vE%2BrLxvDSjY6Zvzh6nJzJpybci7gnA1TVXJBLLne%2BW6VFW0So9KDx3Q4ZSRCZpT4RNNIan5IKo1IrRLe0PoX2uqx%2FhaYBqWcppHG4lXveu6V4RuVNi%2FPhNyMOjigsh8s5fx5k9hmKAvFTcuYcB1jErBm2UkdLiWN7gCs49hHGRvYeHXSKS3V4j%2BVv8JHpqaCASiTtnaXwSmthGmaObsYS6UvI1L05lJx8938Cog%2FHaTSuIGanjkigYvjsUwYd%2F6PBkuFtUFIVoZz4vYYXGXF%2FuOSdQldw5SEIVK1dTIcR9wcORgDI1nh%2FXcJeZaVC06ssBjqI8P6%2BO%2Bb99q%2BU2kJXJQjGPINsJ8Z5lrdZc011uxKwBNC5yxyMLf%2BAs2DpeLdjFA4i6X3iFwtHAdQ5akd6pDsSnDHw7HKHubkbiaCyr0vYesryqm8qpbYRjqzfXjYWd%2FWhl7cYGZ5eVedFUpCUZzKVB1kKoGz8sVg8YZIscMsVirmWv8KWxGLYOrK4nqWM1z7eol1Z4DA%2FbmAPBg%2FC%2BXNX32qU9Xj0h0updgyr39DAoCpAS5XJNbtUOy3I%2Fp7uah3riBI2%2BGkAYN0BsIKhLQ%2FNT1Xa83Sh%2FaKfxkYjkUxcTnNN%2B4onj3mkQbZ6y4iD5Yqb783O%2FmKZCfQfIHdYNhQLIcs7SrPa2t0EKFZLwr4%2FuhIjGUCPZFHm3JQL%2FJOWTnbtR%2Fr0iat0BXJtROkZSkVOHjNPedW0d7KMO6wy43jtz4Ex8LQGE9hdS4hi%2FalsimfTv2wV46t54vCDUIy2ZPD66Cn4yAkrL4NAnlsy370Y0EC7EnQQHhcN3kmsU5MOScwXB7POR8K6IR15IezZH%2BHfGl8JU23cW8ySvpjeIWvinK%2FVn1Nn%2B8dk9u3STDSuTkTtmHWuTuEb1WCjxAQGqQCMUMZy%2BuVTU6h6UXq2367AsogduqAHKXB5FKDp%2Fllx3zCgAIFbVjX6ViMo89h0OP5lldrzSFXc%2BNgf%2BY%2FxVj%2FoPRovPgWwgCg3dCTInO2e96LnGfJAFZ3%2B%2BCtPsZSqSwSUXKAd06bX96ebUaY0b7Up6VxCYiDEY6pjxvPpw0H1Ib8Nm6QhrbNhhLOmQqj%2BTyhO4aG%2BMu9pCi1KFK2nSqllDov2zzXtLI4R7nk2FuxASU1o6UogayaYRVhO1CmvgX3xUWqnCByk2e4NsMPohTxWCfCc0enR3PHBEdsmh7XR0Ldb01q7YZ5%2BYktSk4J4f7WKkl%2BVBlbgEUz07DNK0mzRYGSmfPt1ydFYJZ5XTujlPbX5bG40ikKnmv%2BJD5lnk2vZkY1OiIvSCO3o9P4fp6ftdyq%2BVcwk7hLqA14RvL773DT3oBN2AXdPodp9lgcnWQxZqpJ3JIC76XJS9hNzlFyzNrCtBhjfOiL4k1L0%2FiLmBphFdKetjYe9OYkhVWDeJbg0UzL3R%2F8TkOl3wu5iMG3AAtLDX12YWm8oXMpjZvCUhp%2BOcuoc4MJznZl2Hc9FbFpawmCKNYtgCeT1vK%2BGI1yoIZCPqfyKYdhOWqfZpzfnQs0AklbjBUmOI%2FVoTH%2BiWJwLPkSGb%2FLwurxe7fVlPLDaKxLmFUvZx2KgvDbXWVwQX9Ym4cVplC44fSJHnOJoSNZBtxxrQM1lzZxeIANnSPdgJy4IIWkY8DFRk8%2B79st%2BxoTN493i4UgX%2Ffpg58we0EmK%2FMjU5js2L23pmCwUMXZmvtPJebVTcC9BV%2BiFPbjO3idbseRD%2Fuy%2FzEi3wI4%2BBKD%2BpOvPeZnXBn%2BZ0ZpVZFw%2FPaPtf6jdQovrlVX%2BoFGkA%2BnNkfsxgXtS0A79nZsyTJWGXOtC6VUHLjcmeXBQQQcm7MGgUYPsbvhbgSXE%2FxXvMPSBJzYm5alLicWm%2Btw8OrelrJqDUt7m9UtDy7uEmAzfKCmCDW833sLo%2Bdub3Ifm8k94M47d5fRu72I0uUF7OBTIO9v48CEa8kHAf2J6i6Jlg0pRR4i%2Fpr510gxsPmX0%2BoEfq1fHc1KIJr379zXJ85oiqI8lVXOcrWw6uXOyURDoErmrvQHV18LFhHm3AbNCCplUKRgcq99kFLmFq5h3PQGelb5MaWrUNlPABIWrSXq%2BNBfYomEAgHtSQtnYGJDFWVNxwT7Ev%2B9P6nifd8zM0zxvyGNQEMqqa8%2BxbGyzxQTf28t6WtICcXlwMyRJ%2FFnHiJ10X4Lgg%7EUV1vQAHc0ZbvgIfoIO50oaj9uPG9ICvTqiwwaAgis3g,Submit This Form,1
2025-05-30 19:02:12,https://login.oci.oraclecloud.com/v2/storeLoginInfo?redirect_uri=aHR0cHM6Ly9pZGNzLTY3MzIyZDg4ODE4MjRiMTNiM2RhMTYwMTUwMDdmOWUyLmlkZW50aXR5Lm9yYWNsZWNsb3VkLmNvbTo0NDMvc3NvL3YxL3VzZXIvY2FsbGJhY2svbG9naW4_bm9uY2U9ZWIxMzdkNGEtODQyMS00ODRmLTkwYzctODhkYjY3MjA4OGM2&access_info=eyJraWQiOiJTSUdOSU5HX0tFWSIsImFsZyI6IlJTMjU2In0.eyJkb21haW5faWQiOiJvY2lkMS5kb21haW4ub2MxLi5hYWFhYWFhYWN1aWdwb2RodnY2bWFvemh5NmhlNjRybXVoa3c3eXRkY3V5ZWx4bGw0Zmtwa3VvZDZteGEiLCJkb21haW4iOiJoZ2J1aWFkMDJwcm9kIiwiZXhwIjoxNzQ4NjMxNzQyNjY1LCJpYXQiOjE3NDg2MzE3MzI2NjUsImFjY291bnQiOiJoZ2J1Y2xvdWQwMSIsInVzZXJuYW1lIjoiS1NUT0tFUyJ9.Nc8y3bPksUP-7eY49dJJbMOIZBAvzO4vhcShKxq7ZYdB7Jndm4MYN0W8wOQUceK_SDyfNTav20jDv933VQQciE0UD0DHTwua4c2a-s99PGsXFSQnBR7PDfW3GEYQc2_wkaFfNy0KH4-1EY6HX4k9zO8YaZfyJde8T3pnuMePIVoqKr46zYm6nmq7FAIWELVTC9mjioDDFcMtdqsb8Dz0eqbrQUd6jm_CCjM0Yu6rbbf9SM3QNZfPkGhGP7ZO8b7YYj9AxHTwtPeLbT_zfIIsDPrXLFjAlS3q9qs0Nbr4yWyOHdEuqRseJwVm7SgUCfTwA8QtKHe33RCEhJ5MzcUAOw&is_paas_login=true,Submit This Form,1
2025-05-30 19:02:07,https://idcs-67322d8881824b13b3da16015007f9e2.identity.oraclecloud.com/oauth2/v1/authorize?response_mode=form_post&response_type=id_token&scope=openid&IDCS_CG_ENC_VER=v2&state=mBGgjg3baCigyDaF-cjPErw7HbHdrsMzvL_gHeOUr0s&nonce=2tVEDGONJ-S65BKU2PwK1x9VhpBqIVk3VdrghbgIHRs&IDCS_IS_CLOUDGATE=true&X-HOST-IDENTIFIER-NAME=mtucn1.oraclehospitality.us-ashburn-1.ocs.oraclecloud.com&idcs_app_name=opera-mtucn1prod&policyAppName=opera-mtucn1prod&policyAppTenant=idcs-67322d8881824b13b3da16015007f9e2&idcs_app_resource_url=https%3A%2F%2Fmtucn1.oraclehospitality.us-ashburn-1.ocs.oraclecloud.com%2FOPERA9%2Fopera%2Foperacloud%2Ffaces%2Fopera-cloud-index%2FOperaCloud&client_id=opera-mtucn1prod&IDCS_CG_ENC=true&enc=gkF9mVjVa23wAgAAtgIAABAgtgIAAJwCAAAQAKL9WXedUca9Ri7jym2kw5xh9Clx8V4CMWO4BLXHHRSdmlsGjSiP9pElqOU3H9aSY8rY8s41NwES9chTIgK1CQIk_CSdhWU6-xJ3jVjdNrk1sOLxRavVqU218F1TM4_Ql-HO_EWd8ca-PiLVbzpyvxgyeIit2hkYvnfcFPuvN1nyeahx1lESWEMHj23EI3gfmopHxPhRz6k--LmR5TcMhqyw9RlthV7q1R8jqIfa-o5s2frHrBR6Zm3Has22iA1nUel3fWINyEFCsInu9DjGlYBh3ZGUEoeOaDr4GQ1hFrSloP2O97WiIl6pCF7nzc3fR5ZwqF_aMZIrY8m8tabqhgC-1Dn5KjOapNADAhQYhcD5izzpwbF9p3jahMCUiuWOIL3DdVgG3tI2tKxaXTPDiGFP8pEBHxNddupu0pDTg7tcmXuUmzNvN_-9J8eJw5otQy-QzyzQCxPCiW7mzBQm2M5I3SDWhCAUMlJOV8AL59kF_tyQtgBoXOqHWzILsG_AR7sQAnztw008niOznUAKD0Lzr4Iy1z-GWz8fpgQqwUeac1FBI3YaoIGa7L-91PkgwtKyycKJzS63nCYBxQuB5N2RMXXxyDhSWhTlpsYcNVhHf5TJWC2xj_rJwUmQu6G4zHS7CJfkeO5iZ-RevLr4j0PGSREdPf3PXnDuUSVmHyD9_FEF2CJPWTAx9-Ebxqis-JvM9z9mB7G96Uzx6eGWGYBwdIXMqxY9zht0s1rGJZ7jV-bovuWL7dXgYxPM64VX9N_RRYXGU1i9b1YRhsDnCVQ2g9Y5IxPjcblecP7GSh2aMbw73YtilYXg6pCO34cIykjwppttfI6DMR1jOASofPw28lI8cr5YQHsfQof8CjvVASCANIqKegmGL8ElDI1zqXbdNdVWTUBmb883PjZJfVQGJ_73X1UbdSQBEOYm5-I-I8WVqxDhvffLfgqRMjMXBB4-imCRUARsdtDO1g,Login - OPERA Cloud,1
2025-05-30 19:02:07,https://hu05-ssd-ohs.oracleindustry.com/oamfed/idp/samlv20?SAMLRequest=hVPLbtswEPwVgTlLpCg7lgnLgVsjqAunNWLngdxokbKISqTKpfzo15eyIyA9xL0Ri5nZmd3l5O5YV8FeWlBGZyiOCAqkzo1Qepehp819mKIAHNeCV0bLDJ0koLvpBHhdNWzWulI%2Fyt%2BtBBd4IQ3sOCQkQ63VzHBQwDSvJTCXs%2FXsYcloRFhjTaEqX%2BTOWbVtnWSvnoR6AVAZKp1rGMaHwyE6JJGxO0wJifHrw3Kdl7LmodKdqVz2rM7P9bYcQFrnU%2FYUH%2FPTRmSAPcgjbnq0ALX7BE4wGXfwDnLz0VDz30E4k5sKBav31xelL4O%2FRtteQMC%2BbTarcPVzvUHBvbG5PG8jQwWvwM9l7neiNHfnvXa%2BwRsvWzIMAURoSvD2eV5Jr9aCs6coNzU2vC6kwEo0uAuwp34tC4BWLs7zdhmihA5DL5KQTTxmhDKSvqHguT8g2h3QYp4hJcLn0ffjkyR%2FVsvwpTxauv9V2CRt5rPHXYguJ8TO4rbzX3N3PXdX8arFGeq355Q7oWmfTIkcwttRQqlI0zRO6WAbJ9tE8PiWxP68RsVY0kiJC%2B89e16ZVnTB2WCQYJ98gj%2B46q%2F8h2%2B8mK9MpfJTMKsqc%2FhqJXf%2BMzjbSoSnF9a%2F32H6Fw%3D%3D&RelayState=T8QZ&SigAlg=http%3A%2F%2Fwww.w3.org%2F2001%2F04%2Fxmldsig-more%23rsa-sha256&Signature=W%2FSV4lsgqr1x8un8BhEqkAZN7mE3FP7Skw4q%2BphpZTjzhEER9FIWPaA5RxL0uq17G%2FRu9ZblIH4HUrkPxGaG6EUTRL8%2FrsoSlTlG0XQDz2AzI0JS3Q48sp%2BlJpk5kXgTyVo38X0z3eRaYAcPpo%2FZ8FwX%2BKX3G9K%2BHNsb8kaTfPmvp74REZC9odrI4YNt8WlNk9QXevzDfgShWBG5MQZj6hvcJ%2FeyO6JO9w3d33yHDdnbBi7eDwJGB5Jd1PBw3hp%2BJAcgGuzme5rBNbUMNS6WKioHjsgpli%2FKfO2MHtySkzEwyfRbhEIE05ZAk5GNkYPDfCojm8bxh%2FOxuCnuiWWnBA%3D%3D,Login - OPERA Cloud,1
2025-05-30 17:42:51,https://hu05-ssd-ohs.oracleindustry.com/oamfed/idp/samlv20?SAMLRequest=hVNdb9owFP0rkfuc2HH4SC1CxYYqkOiGRorQ3oxtwJtj01ynlP36OdBI3UPZm3V1zrnn3Hs9enirTPSqatDOFihNCIqUFU5quy%2FQc%2FkY5ygCz63kxllVoLMC9DAeAa%2FMkU0af7A%2F1EujwEdByAJ76xNSoKa2zHHQwCyvFDAv2GrytGA0IexYu502oci9r%2FW28YptAgl1AqALdPD%2ByDA%2BnU7JKUtcvceUkBRvnhYrcVAVj7VtTQnVsVo%2Ft9tyAFX7kLKjhJifNiI9HEABcdehJej9J3CCyX0LbyF3Hw0d%2FzsI74QzKFq%2Bv75oex38Ldr2CgI2K8tlvPy%2BKlH06GqhLtso0I4bCHOZhp1oy%2F1lr61vCMYPDenHADJ2Bwj2uTAqqDXg63MiXIUdr3ZKYi2PuA3wSsNa5gCNml%2Fm7QtECe3HQSQjZTpkNGX97CeK1t0B0faA5tMCaRlT82cS53xQzn4ttusZt%2BnL%2BpnCJra%2FY3Q9IXYRr1v%2FFfe3c7eVoLq7QMP2vPZnNO6SaSkgHgwzSmWe52lOe9s022aSpwOShvMa7u4VTbS88t6zC%2BMa2QZnvV6GQ%2FIR%2FuCqu%2FJvofF8unRGi3M0McadvtaK%2B%2FAZfN0ohMdX1r%2FfYfwX&RelayState=pYH8&SigAlg=http%3A%2F%2Fwww.w3.org%2F2001%2F04%2Fxmldsig-more%23rsa-sha256&Signature=CbXGusouZ9U4OV5R%2FsrOtbQAQYGsBETJcSHbKnG2thQ0jJ8%2BoBfxW88Kkq3wI4LGc6J4raTbaMdGwbkNxxWTyDUh6gD%2Bjzssamne1a10Ona1q%2BmYYjB5%2BNuLEwGCK4w2Pvst5FuGT7bwh%2BMVPofpC3zdm3yuhyvCk32%2BSeH3huUT7D9Xpumqse%2BTo2XAMsnD6lrxmQonDYhH7uaIzYWsRzgn68MnVOkSBS4ovkQsYxI4govFS2vx5omCLV171yiMUEt6dxctrHY1sNWqf1inVdD4iH1pfnTIQkGSGRigParcPw7YaJTNEjXscpqUoPxON%2FTHJTQ2whu409hmIsUTZw%3D%3D,Login - OPERA Cloud,2
2025-05-30 17:21:52,https://idcs-67322d8881824b13b3da16015007f9e2.identity.oraclecloud.com/sso/v1/user/logout?nonce=32447aa7-58d3-4d54-b7ef-f0e3bd8b06ba&tenant=hgbucloud01&domain_ocid=ocid1.domain.oc1..aaaaaaaacuigpodhvv6maozhy6he64rmuhkw7ytdcuyelxll4fkpkuod6mxa,Login - OPERA Cloud,1
2025-05-30 17:21:52,https://hu05-ssd-ohs.oracleindustry.com/oamfed/idp/samlv20?SAMLRequest=hVNdb5swFP0ryH0GbCBtYoVUkUKrrCHdSlZVfXOwSdyCnXFNSfbrZ5IgdZXavl6de76uPb7eV6XzJmqQWsWIeBg5QuWaS7WJ0e%2FVjTtEDhimOCu1EjE6CEDXkzGwqtzRhd7oxjyIP40A41gmBXQ%2FwDhGTa2oZiCBKlYJoCan2TRd0MDDdFfrQpZ2yIyp5boxgj7ZJdQTgIzR1pgd9f22bb029HS98QOMif%2BULrJ8KyrmStW5ykW%2F1Rn6WpYBiNrYmP2KzfmpEI58C7KIix7NQW4%2BgWMfjzp4B7l4b2j3bRFG57pEzsz2JxUzxyN0GmBFtg0euADc1VuwUiwvhVS8AVMfvFxXvmZVIbgv%2Bc7vxN4CW%2BEcoBHzYzcmRgEOBq4lCfGKXNGA0EHwjJzH%2FtpBd%2B35LEaSu%2BslS6c%2FtWRp8hIlz8lieoCwmaWv%2B9RFp3vTI3nt3Oi6YubraN3EshZHqG3aSHNAkz6Z5Dm4l1dhEPDhcEiGQbQm4TrkjFxiYp%2FCVTESgSf5ae%2BcPS91w7vgNIpC3yYf%2B%2B9cnS0ure589q1F4pGPFismyynntQBAk7tsdX%2BXZGeFE2n%2F6DOLsPXNFRf7iSXYvCRruC3SH2SV1pUi%2B%2BQxZUX2EN7%2B%2BtsuX0eDFZtFpk1PZB%2F2%2B%2BF%2FP2nyDw%3D%3D&SigAlg=http%3A%2F%2Fwww.w3.org%2F2001%2F04%2Fxmldsig-more%23rsa-sha256&Signature=KjmefUE0frSUS7KrJMQaNLLzpc%2BvccKokj%2FS5X1JKbBrY8ejm%2ByHkvvvruNPVt9c4lN15RwEmL5Bmtl6i862izwaMVMk14onILucCQFJv71Fa2FEAIWFnsyrfkT6dW9u6OmgsDahbhc4tRx%2BmtQF3IT%2FlFSh7KL5n%2FpAAbF5vyOHrQU8S8humMdmRCXJWPCdI9rPdHvBhq%2B4ICnTu6vq4Sy6L2Y6v5A5qsHF%2FDsPS1CZWKAh0aV8HBIk%2FA0X3Lioj684%2F89weTvUaD4WbqsYhzzdCfvABsXXWoy56mopLD6HSeW6TQbWBDrYFtueW9Ss4dNgYAPx4KtbRNdg40b1Yw%3D%3D,Login - OPERA Cloud,1
2025-05-30 17:21:52,https://idcs-67322d8881824b13b3da16015007f9e2.identity.oraclecloud.com/oauth2/v1/authorize?response_mode=form_post&response_type=id_token&scope=openid&IDCS_CG_ENC_VER=v2&state=D_J-Y4YmUU2XOm6prEie7dTEC2w8hTNpGXb2h4ePSz4&nonce=m5KBOfSuuPxK6nofLXrqgTfQgj8tUE3Or5TkyNQeZdw&IDCS_IS_CLOUDGATE=true&X-HOST-IDENTIFIER-NAME=mtucn1.oraclehospitality.us-ashburn-1.ocs.oraclecloud.com&idcs_app_name=opera-mtucn1prod&policyAppName=opera-mtucn1prod&policyAppTenant=idcs-67322d8881824b13b3da16015007f9e2&idcs_app_resource_url=https%3A%2F%2Fmtucn1.oraclehospitality.us-ashburn-1.ocs.oraclecloud.com%2FOPERA9%2Fopera%2Foperacloud%2F%3FTPLNG%3DE&client_id=opera-mtucn1prod&IDCS_CG_ENC=true&enc=voGKgYnpVaLUAgAAmgIAABAgmgIAAIACAAAQAJD83bumQNhsK0cXad6xIN5aNrLCN5ZaL6-oyaFUlZV8KiFrh7MtPml8IRD2LQbN8qGIdQiiDr8BMELpCmBV01hMf1erJq8rKevz0XFBBAQ1l3B6sZpT_oL4OYqBRyb-AJ1u2Y8kqlHgBvDMpbRV57l0dBBjiq5PNL1jDBCL66_Apa7x35_mDqMzaMKeg59VKHZkwln68QY8YoSWX7MUELjkKe-V69nK5e8829Ox00s2n0xSOmC5oDOPE7dMgmE5x38vmVCp2_cI_2FbRqUY_fT3q9ypOFRclbSurQ2DSsXbGjS4Dro2JzHWXFqMlL-h34I9joxEAX04ilOSEY5xCGZ0DRVL53unOAGuTC0NrVaOkyg4n7FiT5pCVBFCZzr8I7T6IR4RHiS8Ew5EG1BcvNplOEQh1Z0rarAKMFWDgpqKrE-pg-goeJQHmLLFBbADts8lUwafpI368CjShXLtHXJyayqQRI-oYt9f6pwU7kYmxBFaNAXrrwNRxfQT9RK3qXevqMW1QALT0HPMO9qt0y1se6Di8YzrdjTF-CQyEPAoc1ZcPYpN1gfUhB8IePw08nTJUy61AWM23R6NktzDuoJVn4n6AD62dHGeg8T9fpLj_-jCEGWCY4JQ9djro10vesxSOYUTaPcQApN0ap84NWoesWZWW0ehFIWadtAQkI-t_4EfXxq1mY_nPd38GhEk639S0Pm6GgjjovWxDn0RfVOJg8B6p2u98QlGD_Kei9Of6W6eX-I45hwAWX_9zV2pMyxPJOGL0o4TovVHJnAOF2XezojWKoa4gnTbMunKdmHA6xqpK13MmCugJMKuLVPuW0k_54h5OhsFKi6m3Kiew4Qq45pGEcaZl6K_RKjtOGrbhaQZO3YKYRpmqMpt5CvtAepfKL7R01UsFqkbeHakZnbdmlBJWl4c5ITnqz_y-c69,Login - OPERA Cloud,1
2025-05-30 17:21:48,https://login.oci.oraclecloud.com/v1/logout?nonce=32447aa7-58d3-4d54-b7ef-f0e3bd8b06ba&domain=hgbuiad02prod&domain_ocid=ocid1.domain.oc1..aaaaaaaacuigpodhvv6maozhy6he64rmuhkw7ytdcuyelxll4fkpkuod6mxa&tenant=hgbucloud01&domain_stripe_url=https%3A%2F%2Fidcs-67322d8881824b13b3da16015007f9e2.identity.oraclecloud.com%3A443,Oracle Cloud Infrastructure | Sign Out,1
2025-05-30 17:21:47,https://mtucn1.oraclehospitality.us-ashburn-1.ocs.oraclecloud.com/cloudgate/logout.html?postlogouturl=https://mtucn1.oraclehospitality.us-ashburn-1.ocs.oraclecloud.com/OPERA9/opera/operacloud/?TPLNG=E&TPFLSCRN=Y&_afrRedirect=292265479727111,,1
2025-05-30 17:21:47,https://idcs-67322d8881824b13b3da16015007f9e2.identity.oraclecloud.com/oauth2/v1/userlogout?IDCS_CLIENT_TENANT=idcs-67322d8881824b13b3da16015007f9e2&X-HOST-IDENTIFIER-NAME=mtucn1.oraclehospitality.us-ashburn-1.ocs.oraclecloud.com&IDCS_SESSION_ID=72ac4d91e3d1458a969c683825d11454%3A8df87a&IDCS_CG_ENC_VER=v2&client_id=opera-mtucn1prod&method=encrypt&IDCS_CG_ENC=true&token=zgxdUrnj2JgECgAAygkAABAgygkAALAJAAAQAL_IAym6mbXYtz9-WalvC6DSsDHMzLRzhcEXTdleMa0bQgzSfhT3aQlwO885-Z9_y4nFO1II1ABj2RG4dCNI-GvQ4TXaYn6uwpPGIU0H8K0Cs6fYtuaDOGPGxnHpqZoTskVsbHRG14TIbqa059_t94GUKi15S_0R9Kk1nSo29p3q5KsCLh6HkIYUztrvzuxCRcp3woTtss84INNNxp5a8FyZNqYuz8hUSIsV_XrPMrZ8AURfZJUEXkWwC8mD8gaSJXChbvyPOZcb79-FWqNmb7NyvPk9x5uECSAR4Ae65h-2x-ywfmf4YWC_w0ZTSUCRf5sYizZ0iBhGSMTAIV9G8YyPUdmCDliyQdVUFhJS6d96avby5DA5AYhGvcFPd4NBA9dxe7BB4V3fizfceA7c2clHxejQzsSdzIqjDuByV81PNWU6u1m8UGg4ZZT9RB00sav6cdRR07MrCWxQPw5vpFpLchjBdNepAdwQDmTDRbb08bLtwqthVu11XW4SKADDgwwYsZ19tdGqwQu0FSExZnRdic7eHzb3ky6inpioWfFwi09Mbdgy3t4tAJjfPxytSxXdJxsxzpA5kSNNEWzzV1eYzb7IV1iytqguhjsT7-yCQWEIBoo5eBfxYAh9RxZ9zJW78LeV7u7eE9TVAVCsOZCfHHKl6Pw__rm83-uCH5Bq_60vEBhSqZW_JDOytynMeagwCBhWnVd03ltf9oOkfF4MklZXrxQ5K97U12Cv1Xr1yvG8OAo2tBPVBoIyz8yy8YI18X9vl-azjhXBD8llccVxGEwCSPjiC_uBvjORScKrCr2ZjjvrFJh-CavxftMT5Y3qJQV0iK9JqeK2b3McuJAWZnqPDOl3XXQYxY3BcBgNJWgOXlXFGEf5-4tVS_ceFJP0bFlUkYKM5R8VliX9HYW2qxosnfCyA-vWRsZi1d2jJBgAJSaR7bDLy8NexaCFeZ_7_r_QuDPsBuBe15qNEBw5P8Y7q7D-ScTZucVK72yUEae0LMTL5AuYlCvvP-3F2U4B15M4oxxjXvARtI9WrhFtpcwk1UKtiCKxwnyF0tMJ1H04Ox8kHG3qKzlumNyxNP6WgC0nkQGQ1e6p3wQq-VciT_ddAKxuvwMmXZu2wFMERd5uZ2nmWbH9VVCsNvscjuTPWw0elUM2ZKdR5L_dU8zJsesOSd6QlgrwMndg0cqF_B3x305jBmh7MfRexb8MVHm7I2r7q9ktelNbQFwaGqVQuBpnTrOFJ-jd3ufoJXKt7bTyzeiCVpgFMQg_dcl2esKcMMKp1yLgZV0uWox_u63VvPaPhzumCA53yDhW3z9Dybcft3mow_T_HPRh9UxPqgwDga9YGKWR9iPD11G51uQ_Fixr4Hbq4oT-ECqWa0luie8OTMskh6DNAwN78XbJVfLPeTOQAN__YiOF3Shci2dbDA82Iw76CC8ihK4h3cxqzWZ89gQQgKfrF56ih0aoJy1bApZAS4nCGzhAOJ8E4HZ-MhnWWhaYrE8ATqtlljex7QJyvGNSF9_i9QDz09ZwJ-u84S-bY6FcdADfAE5txYdOslFWnlJpEnM0k15--DJGocPOY8fFwQDATuEZfiP1bxEnBpNHqlgZs_6KqHkvz95FWuUok1Rze5ebH8xceAQoReegDwIymLiINkx-TgXAs8d4SSgzDM51hZ3w_JsTUDovUJWHd_kTuGqA2mieGS75ExkmpIyZ1XmLnMpEUo1mk7liLdwFfMl8HS0jjS6kpFZTv3P0BJew0q4sIZy8GyHoTXUrxGt7usf7vpUoq39zmBySkOI885sQVMqnV0fZChlbsrZq-gdZiS38cgvZ0eBbPA724Ag_8z9336jf-NpSCvWfGfwgfrqRjMODT4LnKVsbuNm4LQo6jcTU5KzITWCYxU-xJelfasC-IDwj1LM3LTO0pnyWtWtCprq0B4JZ_twa-tvLs9myGeG79531-P0TKfonz6mB03fAsoIQFKFKd-iYE5GN6yS_MPg27JALYrXxyeMm2Ood6DA6N1PqfV0fNxoyOf1mJqaEXYIpHkBatHj-WVCbKDnqBXDWFdWjplb2FuLXZ9dvGWXjKqlkwSc_rWgBqnjEHfvCwjUx5ATV-iyBNQdDkYm4ux5qLaZQFRjQU0qSs8ELcvVdEtSF0eo0bjIYrH6tP6bhReNv_4jlsdXmHOXg0GD5nnh09f1ZeuURV7KxqGaqksXqlWUfh2ZSnBG1mv1KISwrzsk0bNMB5EJh85Tvaz12kOyPBsEqVBNrpSuTC_3g7aO9qiSyW-YJxFH84EIzdEkah_bVBKJS-6jovccFbownlYpGbq03iHVZejij0gEVuJoBVuwaDBJcP4lq7w5m39UVFSPivbPSmu02PSiGiO3CuEOet2zuxS6yeS6QsBJVrteCAecktRxN_D-r0ja_B_8SdnGGv_3iOWg7834g4Z0DvuppdIGPikvkyrVl2D2Yi94Dkae5V5Yu9EbOaFC2R4D7dnjEy4NXbSM46WIFX9QZb7nhwqVrNMydi4-4e8JqJArs00hDbS0lDpsguJgQBMZHtcw45_hYGRzFUnubSqw1NuhODQZ3_AOFJAywL_fGL3MRd1k_Tohbbi9KYuWQ0vL0oCjj-rCAS64f2YOcYc_Ey4c2Key88d4wVTaGWgl9_cwGD80jjjqmVhUzY1m4rLwtSdl8jc0sTIMlnMPh1oPTn7xy8lQS8n-8BR9C9QamGy_Y6tYXv2YtM2p4Wg5HZ6zD_C5OByj5iqaiUwGz3GBlFfPY3zrjBudzR_sqNYIJ4mqtKlo28_x-8oH5sIIpIdwhDUBps2TSUPLTVOr-hwX5bdzLF53gOFyV0_ol8EhLPmMKg54zonXXSYvmN6VJoUB3qUNVCbvTYMjoK7F2Jv71Nb8w7gYzvgss9h4RPQqVfDFrnRhzIObGXHpj9LZq0BWhX2-UYycWbh_3RAuOg3QTbzr2hI0HORdSVViG1h_IxA1uzjCp9Om-Ytcb5H3XVlUnXNyNWXwdxviAQroP2T3DgeAVGx_msfgA_xmd4V3UFJdU75s58beSQP3Yuiii_mvXwSrIR6Q_D-PMIUKYu3GyX_vkUjxWRO7ljpl_sIUZPrbv4xYc9s3e-MRAfLfiUK7vog9TCWIVqZ20UvaNIlQWr53hoOIsJrdJaUw4w3LjwOApo6U4EsV3pX79u5RpzTxSlnRYwHH6fpo4qypoo-azFEE6T8uaN-00pqUv8pJiGKka2jHleNa7gDrETipaZa0jrD8ErrAMZ5nFR-tnKfFZimG-CE7cWU6j1HkofvU7FvHdLQSI-ZoU5bPhMbWzFmXnoTSOQrhIz6Ra4hVd4xeBFdxNP1yVnlMvuQ5BirEOIsiMIi_Xu8tuW_x3F69oU0kE5wzl9a3c0Q,,1
2025-05-30 17:07:15,https://mtucn1.oraclehospitality.us-ashburn-1.ocs.oraclecloud.com/OPERA9/opera/operacloud/faces/opera-cloud-index/OperaCloud?_afrRedirect=291392515418104&_afrPage=1,OPERA Cloud,1
2025-05-30 17:07:06,https://mtucn1.oraclehospitality.us-ashburn-1.ocs.oraclecloud.com/OPERA9/opera/operacloud/faces/adf.task-flow?adf.tfId=opera-cloud-index&adf.tfDoc=/WEB-INF/taskflows/opera-cloud-index.xml&TPLNG=E&_afrLoop=291384400936224&_afrWindowMode=2&Adf-Window-Id=ztts5mf5n&_afrFS=16&_afrMT=screen&_afrMFW=1058&_afrMFH=1460&_afrMFDW=960&_afrMFDH=1440&_afrMFC=8&_afrMFCI=0&_afrMFM=0&_afrMFR=172&_afrMFG=0&_afrMFS=0&_afrMFO=1,Initializing Application,1
2025-05-30 17:07:06,https://mtucn1.oraclehospitality.us-ashburn-1.ocs.oraclecloud.com/OPERA9/opera/operacloud/faces/adf.task-flow;jsessionid=-JwiKWGYn9oZ85ntX3y5XfuPAjIVSFcQFdVGoUWyqRNHD00Z8LMb!-2091933917?adf.tfId=opera-cloud-index&adf.tfDoc=/WEB-INF/taskflows/opera-cloud-index.xml&TPLNG=E,Initializing Application,1
2025-05-30 17:07:04,https://idcs-67322d8881824b13b3da16015007f9e2.identity.oraclecloud.com/sso/v1/user/callback/login?nonce=cc9e79e8-9ad9-4032-9490-ee1cb2c6b772,Submit This Form,1
2025-05-30 17:07:04,https://idcs-67322d8881824b13b3da16015007f9e2.identity.oraclecloud.com/oauth2/v1/consent?OCIS_REQ=B%2BlxUMM0WJh%2FGDNmop3YgHkB28EXuVo1lLTP7K1YV%2Frrnr1R6%2BQbG%2FfMb3NJ0BU8xV08R9h%2Fqk5e48rNCrp2utaSRtP5z8NHT5dlN30dBEcAhMPdB4P4YGehyiCMignPffeAr9bh9ns6fE8xGxrY1zWLnCRp%2BmS1MBZo43ScMPsqXAMTnUUUCs9jqc%2F%2BOXJISDbsai20KMnDvSxZng27r6sHp646WN5uasKgUtUg%2BSHwPtuAvmhknqDH3AXFUyVow3ZYnWtfiB%2BO3yQnNY6RwI6JoUZS1ogcBn%2FenYTqiLENabHUEVkNXx%2FtOeCetW3O6ZtgvwXb9CVg2Fxqm0aopgRxo4y2gsCDyZeREWyRRvvbyEbnUTXyfJAHp%2F0QZ9Y%2FV2i9Bv3LXtZDVt54O5cAhLmyL%2F7H1VhUG3OzDQOHkd6u25a2ROs2tDOpZHHrGA%2BsrhteUpyNxq9QPwZCoWUV6TYh3%2B%2BnXPeAFz0ZWAsVeq1pswuUJZnUQaQeOxu5ysVSpxqcRt9GwUk%2BTkGkttyuPoMb4zflo06b39CL31mmk2H2azncOla8kYCQdXkPob8CT7tCWmXkztz4fQ5mSTPnEnlaQAaKcU%2BHnH7ETb8wiBa%2BBJccrjvzGSYXr8iry97k0wnU6KdfWpM19S8cOB1FtDpTyBmsK%2BWknEMnMaBmmRJCeBLtRD0SHpsHE3blAaekgpVcmi1etNkEpfrAiy%2BTUQZvuvxS28VM%2F%2FJV9zBmrBKbzBQTu9tT9aFVIBgmNrWP1QN2sKafcXSihHxJitZcNwyJAgIzCvGXYDKOGacaA3%2FkycDAA%2BFf0V1E%2BvNeYYlRi2%2BxXy3Arl%2F1EJBcrso%2F5WlqllwL5iGH4wtwvg1vPJxAH84Tnnr51BU1Gx6WPYGgZI5aJHqLpZoXvMM%2FKqxjwBM%2BozjN4mljAA7QdLOGmf5hskwXdDWpCNsYMACiRNPdKJML7xKyWDcV2K%2FvOT0LK8IQ0QLLTzhldNGmsu5lPVt%2FoFM5us9EVB5HpC2HFAUNnmiUlU7bpJEAkD8h25BaaTJaS24PkigspKDlQNUNfk%2BZu20FsH0MwCVnYKIktXSoVFNjW9QsdBkGdPxEyZRMSr34pDt1%2BSS4lUfSwnmQaFJLrHgqdWTgTKHbzh0F6Ww%2FEzILryXaUTmFW31I7KMb%2BLdV32e1xa4gZb6iAPMWzFoxNx7kBswOW6KW2lLNVxMjnEuHz6hvB5erA80W5wVGd1GWTs4PQvg1PTnIWyuv%2FP6q02d5RIN8mE0Bbq%2BYPjuYf69v2dFPWyeAKPkKmQBc5D2mwyvAoeKVb9tyYNUkrsEJDnBfeEZ%2FLXSpgYt1YJycQr%2BZZmTR%2F0mpP%2BVVhTv4muAiGLjRtTRvlyjmMxI7nKSmEML%2B8%2FlctpX9bxbcQP4N0Z9q6C%2FSSEESoIYvJo%2BWm5qVAXaFRxrTlVfkKyOwdpXk9XJhCogW5nbFyqsynap9vIOD0mcoLzjzTkcqAezHno8W%2Fyf2fQigJRnJiznSYCphTFIxAdwquO9sCR%2BPedtJw3bNxXnOmdZHTpi59Hpy5G8CtYoSNQunEYEJG2ueupEGQC6XHhcA5Vzbzix4FJ8BOxTF%2FOKDlZxwJ5ylDe5estDlEpNPPPgkP%2BesrXM98zgxnHits7fSuFsSvXpRJ4XKmiqeOun48K14EdH3V1%2B8eB4wlZSxUpYXKRg6Gns9xRjRQgE0XViYQfStKXcVZyHnjOELBH%2BjYZ2qZGY4gEIce9TH80tlEWIvmFX6ivvwVYy5m5L%2BPjnM9A4kgIpyDAS%2BeWpxa5g3xFyquEuzBA%2FDzZiG%2BFMREN2%2Bf0R9SvgYSIloKxeQ7RsJ0k2d%2B1A95fZRHxCaiCu0vcKgF6rqze84NI%2B0i%2FkP6crAHwQGHHi8S0JCgEsAjXCqC4H6zSC2AxMMmSng1nl1nzBElET2CeKXV%2BD%2BerltVgmp%2FhMztPrcAGYxlKX%2BI6oyPH7RyworyznhPwcEuQog10cbE9ArJ1pr6nuJsSTmbrUmrkrS%2BIeNIjl3yAIredI71D17bnTGB%2FiR4o4K4HLEeZQvqYmy4cTRXp9%2FkKeSApRSy19e2PPxqYR9mM7ManljEdBG8qxSnUdzZb6BZJl4DZ63ar4Akrv2tw3DBL9%2BCMEUwOSB1eXdj3gnI7oMoGaPFG117MJYSvd9eX7b2qTBvlHahg%2B37PTuAnlUHMVDDg9EXTMEL4uIC3TrrPNjgAG%2B3WllEkL7V6QnDu63tVV4R%2Bnu9lRYUx0xLNtL9%2FsTl2e%2FU6h6VVm5XgAr%2BdgM7vIzXMlxSt8Qc7c9SoPBsQAMAFm%2BEHnq7WQPFiD8rnuYSuW24Ec%2BontiB2uXyypWHizW11SvTtv%2FxMFPKvTOaJnXQyV9GbvZo%2FHOa0a3VAdrKx94C2T1T1b9VfkFa5eRYCsEDo00S9P%2FGCqgh4TJR5Mod9k%2F7JKpY1Jo9mUfJCVOl3v72XrpXCTU5i%2BhQMkl%2BfJMTAK2nq8tT76gzago6KuaYPeNGLT2gXo0p9tQzlnUc62Wg0%2B5YnFzu0fRcrNN0vx5zv2R0jC3aFWlC3XLbRNYIrdlT0qAVG6lBE1l%2FIx3ZjwBJyoL5cmVJp0xmUSDX2D6RDVY8GbPpJUAdJggyiS618qk43lXbTchGZiRTyFbSQt41PUC82rnwVvxHsNCWyt1Albyw2Uv0M3O5AQRJirOK3HfZYL6vIO2UYXECMNU6IXQFBDQWzWnF%2FlLZeStvVTMzN9MQKEyiMvwhTOHLsByC1%2FpebmKXegmd5QxaKAagpD3GxKGT8WQmQ1sgJND%2BKYlU6k7Z%2FTUwwkDYp1ROxjtEFmyM6T01DDm6dTGgC%2BGUocVci1IsSgQvS76VVqiQ8gJNPIi2BB9%2BnZKk%2FXJyijOmTdHBqOZ8zRasPltjTNRqOAxQsKpM1%2BakxaZyT8p1ioGG5syRCP65H40%2FMF0Prowa4AU6VPxWT0N%2FYx3%2Bla08GS10hnKn8w%2F5%2BxSeCXy2G8eEG0RF%2FjZ5l4zBXh6hLRLnpP6Ft%2BdcXspUd5lUQMJS048fNWQHzEkO5a6q20VrGRGqnqwa%2FmOZfM3ycQ9CEDedy%2BqP2mMBJwCYrihRfVH3Bu0G5i7OaLgjvY3mwYVhpTW7CCdHttfZLTcipDnZmO4ET3vXRVcTjgFH40XZbbtj2VUbFjpw85mr6QnoxAIUoL8q4qik%2Bx47yMSWHUm6Fug41S%2FC3hphZZhLvjzxOGXol1X2I%2BnZd%2FR1%2BTC43ZCtvlKwB3q3xM6XQqw1mI0Ii9HUYeTKCgjRkzt%2Bl8zdqzi5HI2d6cI9xAlGqlZstIT1z7uAaavLyYjDoz8H8BIr5e%2Bj4gh9L3yKOMYdkrYWtDPv3G2PGY%2BMxLYulbNXZe3XxrD%2F6XldB%2BWqb25vv1HoI3aPdFYiVtgpHzVHMmO1NjPYMOl2KTGlXg%2FoObDMBaynJEEuHyBvbwRgIMl4Vd%2BGZWLwrU7nyO37pQ0GGjOCJkJ56cB05uXMceNvIQAnTz%2FchkDslPZ8gidclxz2VmvAWTBb%2F%2FccXFxuk9AG%2BUuVgz6Vj0EBCF54arJWnybPqaAM1FZC1Dv7h%2BT3rgpZhzveW6F8tM3hyVtRBOQTGClb%2BkQ98Ndm96l2HlwAQrw6fc6ihNRfA1m4vi3Rj%2BzcPGSyA3ZWvjHRHHYx4SgDXxpL9WbLnVIaqTTHx1OZMROd5e7xDmdKiCeS1M8GrMdQS%2BxxOs3Tp2k1mbH%2BiMhLm54vs82xyUKCjV4baCGrruKIWquhm77uM02ftU%2B5UKL%2FmsnryZqTuklV9WKnGATgZj55CSZl0znviLJq05qRS%2F%2FvVpVaEMfdxQ8XE0Wq%2FjvvyB7%2FNG1zz0C%2FRk12MhZaxDRdyUtPruQUG6LiFFN6q1voFXXAYr3IydzcSNNmiEu8NNQiThPCfsmkcNoRDp7ZfShjH%2Bqf5dzpfNvZ4haXW6ktVhzz%2BdJ3x9LiW%2Fv2Qn0ffUfHumPhXZfymko5VlatVr74hB7rW9Slvw9xk57fH%2FROpA3lR9dJSo%2B2lnmdhA%2BPphbIrcPblKgKAPocmn3oyiFggcP1Xu6MFxgBZac7cA9WO8MbbNc42kurCb9i%2FXdvpzE3q0iF4c8Mx4bNsfKNw%7EymfAGKKYB5Ei7JJTWhDHi8knJS4RakostlxZWvtiWe4,Submit This Form,1
2025-05-30 17:07:03,https://login.oci.oraclecloud.com/v2/storeLoginInfo?redirect_uri=aHR0cHM6Ly9pZGNzLTY3MzIyZDg4ODE4MjRiMTNiM2RhMTYwMTUwMDdmOWUyLmlkZW50aXR5Lm9yYWNsZWNsb3VkLmNvbTo0NDMvc3NvL3YxL3VzZXIvY2FsbGJhY2svbG9naW4_bm9uY2U9Y2M5ZTc5ZTgtOWFkOS00MDMyLTk0OTAtZWUxY2IyYzZiNzcy&access_info=eyJraWQiOiJTSUdOSU5HX0tFWSIsImFsZyI6IlJTMjU2In0.eyJkb21haW5faWQiOiJvY2lkMS5kb21haW4ub2MxLi5hYWFhYWFhYWN1aWdwb2RodnY2bWFvemh5NmhlNjRybXVoa3c3eXRkY3V5ZWx4bGw0Zmtwa3VvZDZteGEiLCJkb21haW4iOiJoZ2J1aWFkMDJwcm9kIiwiZXhwIjoxNzQ4NjI0ODM0MDIyLCJpYXQiOjE3NDg2MjQ4MjQwMjIsImFjY291bnQiOiJoZ2J1Y2xvdWQwMSIsInVzZXJuYW1lIjoiS1NUT0tFUyJ9.LPUmeBJf3mKlKpfXLgB_WFEsmqVxOoxvkq7SFo_pQIiRtAJX5xeJeZrQEo5Oh8ac4BLkxVvVexyy6S-gNQckusWpUy8lM1CfCYNt-2723VeY5LvveInWPXakIBNeflggN4849aNxaQ3DeD8s2WXC5pJ5s6MZDiZwYlJuZ0yiI4Ud1mAx4basSnvOk0YzMmgE69w-G_fxMVNS6UzRwX8o4I_niJJ1MnqVtItrnmMrCLu_7meV4UZWLZZQ6xvGdSzi5O-eFwBIvMwdRG83dyhUMVYWwdIJXjRhk7FZR166vCqBQ52ACrY3F6_iOQwxQmNJL31ZfMtJBMnBWcAsaoQqpQ&is_paas_login=true,Submit This Form,1
2025-05-30 17:07:00,https://idcs-67322d8881824b13b3da16015007f9e2.identity.oraclecloud.com/oauth2/v1/authorize?response_mode=form_post&response_type=id_token&scope=openid&IDCS_CG_ENC_VER=v2&state=EtUBaGIS0K_38_41iS2-Wh-ZBuot1zcrGvywpT5Oo5s&nonce=ht0LNpgv-8Mo4YV3s9XuHk0UyXOsXYe2jHWcLq-_XhA&IDCS_IS_CLOUDGATE=true&X-HOST-IDENTIFIER-NAME=mtucn1.oraclehospitality.us-ashburn-1.ocs.oraclecloud.com&idcs_app_name=opera-mtucn1prod&policyAppName=opera-mtucn1prod&policyAppTenant=idcs-67322d8881824b13b3da16015007f9e2&idcs_app_resource_url=https%3A%2F%2Fmtucn1.oraclehospitality.us-ashburn-1.ocs.oraclecloud.com%2FOPERA9%2Fopera%2Foperacloud%2F%3FTPLNG%3DE&client_id=opera-mtucn1prod&IDCS_CG_ENC=true&enc=X2YIUA3na-rUAgAAmgIAABAgmgIAAIACAAAQAO0A034ZGEZyMc5IghGO9qE-hhIk8jWc-9D_hcAJIxiBGggpMO4Tsy2J9umb6K9kDaG2NS6ax1k-ekbkWzhjuhpXJ7Bs0XoggGSjE_-IITV6TSENI9qAali0SGuzhstqYwtqF_o4X20dgeCBmo7fx18msFk_r-k2D0OY6V2uwcQspVvfXTOm7SQysyPa3jSWy318KDGRFPo5-RzO2pijWS0rdbmfgfTWSRguJlF1OtKTuTPqfPVVThZVTs1OMVlOWtlS_QKSChULc2UyCgzZ-7PigQVYh2NsNVkKdRKDbqTaUHn5NhWkq53m0nISqF7wnUS0Yc4nNugHscBlwkBEE5RUoqd76uc3sPovI60jE_yACBpPuZ2qkqj97X_6v-IRfpx_dnA0Q_Uv5XkrPyrpzzg4DUj2tZFuyOSd8XQzpyN133jo2GwYGrp1N--PiNTkTtwKGaFkRMNqojhllCKav1Ly7TsJEfsZq377H5K5ndOcmSNwWBIi13ewGNvVkK28F1Zpt-S7ZYRv5twXHZ9_VNSZDfgQiLlZ9bLC2XEZTMqJ9qTJkJnUerMus8sVUzmg-dETHYylePiYHXGLLpH42uxkSOjOsey9av_L3JnVpt6WevIv0kWFM20OzNQFbScZf5dKkui0osJC8tpbm3Xu4C-HCArmE4Ot3GawG8jhFFD5Zen5xy8OtCWgIITlve5mpdj79-4P78NHb3fgH83ZSCGXbZH4uaBn-NjebitgOfeHGFnlcbRHVOOng15ZNExXcGppQCThPIAAb9sESP6Hx_L4_-djupbQJz2oEu8_4lpSWjk9D_QsK40lI2VImAlp_BZoha7Ceh5L4TVc_qYPgL5LlnEsdVrVFOQQCN03TzEApQNTBeQajzFjxMSvX95jB2KLxvvZDGfDUUvAytDO22HkuP6Pmm0V5Nm3W_tYE6cL,Login - OPERA Cloud,1
2025-05-30 17:07:00,https://hu05-ssd-ohs.oracleindustry.com/oamfed/idp/samlv20?SAMLRequest=hVPRbuIwEPyVyH1O7CRQwCJUXDl0SG2PO3II8WZiByw5NvU6Bfr155BG6j2Uk%2FxgWTOzM7vr8cO5UsGbsCCNzlAcERQIXRgu9T5Df%2FJ5OEQBOKY5U0aLDF0EoIfJGFiljnRau4P%2BLV5rAS7wQhrouU9IhmqrqWEggWpWCaCuoKvp8xNNIkKP1pRS%2BUfmnJW72gm68STUCYDM0MG5I8X4dDpFpzQydo8TQmK8eX5aFQdRsVDqxlQhOlbj53ZZBiCs8yk7io%2F5ZSHSwx7kEXcdmoPcfwEnmIwaeAO5%2B2zo%2BN9GOFMYhYLlx%2B2b1G3jb9F2LQjojzxfhsufqxwFc2MLcZ1GhkqmwPdl5mciNXPXuTa%2BwRs%2F1KQfAvDQHMDbZ4USXq0GZy9RYSpsWFUKjiU%2F4ibAW%2BLHsgCoxeLab5ehhCT90IukJI8HlPgTb1Gw7hYoaRZoMcuQ5OEa8vKdjX6ptXif78%2Fbzb6Sj6xnt6%2FfQ9SuEL2K28Z%2Fxdzt3M2LVy2vUD89J90FTbpkkhcQ3g%2FSJOHD4TAeJr1dnO5SzuJ7Evv1GpQjkUSSt7yP7IUyNW%2BC014vxT75GH9y1W35iy%2B8mC2NksUlmCplTo9WMOc%2Fg7O1QHjSsv79DpO%2F&RelayState=i4gi&SigAlg=http%3A%2F%2Fwww.w3.org%2F2001%2F04%2Fxmldsig-more%23rsa-sha256&Signature=h3EZKqx7fRl7%2B4vzrXkmzxL3G00xd2KW4OO1LHX0Ln0UXO6MzWovv1wcytJpFNYpn8NwaoJLsg9cQAsooDh6%2Fi0vN5ZJBhZ8M2nVt18kK2hPESv%2FYhkbjpTNSWPRYQ5ZBe0HN7y79gtamsE4No%2BQGzCGfLVfALorpvxQkSE96NNLNkWA0CaTFG2i8%2FFu6yRyH6z7nPMs6qjleN%2Bnrxcg%2Bd754dHorViedq94ly5fsRHwalNV8gA%2B3RmiG%2FxxdoHZUPqNQkzypVeocekxICA9sMgmhxnOh7b%2BUu5VAIUI2F8FLBHo6McFgSGqePzAH5JXhfRVBHAIbAkdLEW8OxqT6Q%3D%3D,Login - OPERA Cloud,1
2025-05-30 17:06:47,https://go.microsoft.com/fwlink/?linkid=2140622&channel=stable&version=137.0.3296.52,What's new in Microsoft Edge,1
2025-05-30 17:06:47,https://www.microsoft.com/edge/update?form=MT012E&channel=stable&version=137.0.3296.52,What's new in Microsoft Edge,1
2025-05-30 17:06:47,https://www.microsoft.com/en-us/edge/update/137?form=MT012E&channel=stable&version=137.0.3296.52&cs=2175697442,What's new in Microsoft Edge,1
2025-05-28 17:52:09,https://idcs-67322d8881824b13b3da16015007f9e2.identity.oraclecloud.com/sso/v1/user/logout?nonce=ea647bd5-2669-42f7-8096-3c038463bfe5&tenant=hgbucloud01&domain_ocid=ocid1.domain.oc1..aaaaaaaacuigpodhvv6maozhy6he64rmuhkw7ytdcuyelxll4fkpkuod6mxa,Login - OPERA Cloud,1
2025-05-28 17:52:09,https://hu05-ssd-ohs.oracleindustry.com/oamfed/idp/samlv20?SAMLRequest=hVNdT%2BowGP4rS73e1pYNRsMwnsPBswieRNCod91aWHFrx9oJ%2BOvtgCUeE%2FX2zfM%2BX287utyXhfPKay2UjAHyIHC4zBQTch2D%2B%2BXUjYCjDZWMFkryGBy4BpfjkaZlUZGZWqvG3PFtw7VxLJPUZB9CGIOmlkRRLTSRtOSamIwsruYzgj1IqlqtRGGH1JhapI3h5NEugY5AixjkxlTE93e7nbfreape%2BxhC5D%2FOZ4ss5yV1hWxdZbzbag19L0u15rWxMbsVm%2FNLIRj4FmQRFx2aabH%2BAg59OGzhLeTio6HqxyKMylQBnIntT0hqjkdoNbQVyRsYulozV%2BXaStGs4EKyRpv64GWq9BUtV5z5glV%2BK%2FaKbYWJ1g1Pjt2YGGCIQ9eS4GiJBiTEBA6fgfPQXRu3104mMRDM3fy6nQcoK0KY7prAfftbmw3cFu5me%2B%2BC073Jkbx2pqouqfk%2BWjuxrKsj1DZthDmAcZdMsEy7%2FUEPYxZFEYpwkKJe2mMU9SGyT2GwGnLsCXbaO2fPCtWwNjgJgp5vk4%2F8D67OFm%2BtbjL50SLy0GeLJRXFFWM11xqMbxbLfzd%2FFmeFE2n36BcWYetLJOP7sSVAg%2FSuRGkSzIbIrd4O14dk8DTNf4fb7VNfXMtJ8iJy9EJPZJ%2F2u%2BF%2FP2n8Dg%3D%3D&SigAlg=http%3A%2F%2Fwww.w3.org%2F2001%2F04%2Fxmldsig-more%23rsa-sha256&Signature=YVYZ%2FdqcFj453gary8VMFyYG%2FIfvbnwUuerzt2Pjxtrlyf7WGdCidj9BiZXCuh0bStW%2Btoe8fjCF9qB5PF5XK3Zf%2FhudzjPLOsB58xCjR45Yhhv8N5pQaggC5gilnWkPiRHXdeACJhLUS3NsXqSmLdxFbyyS%2F5r2q65Mw0c1b5qeb6di1e8RwiEPTaIIvLenDSxu8ncliWoIB%2BcWStudWMP4WHvZTzwCfDKnXwzZp878qF6x9wsw3V4zQ8bS2eflnlpUIISTSfkvcSgdwtdztTXZ8lKFSlGFEcSfLh0pVa3sY0fP%2FFgp09oMgxKHfZuUOIwOngYs%2FIY14TaIA9j83A%3D%3D,Login - OPERA Cloud,1
2025-05-28 17:52:09,https://idcs-67322d8881824b13b3da16015007f9e2.identity.oraclecloud.com/oauth2/v1/authorize?response_mode=form_post&response_type=id_token&scope=openid&IDCS_CG_ENC_VER=v2&state=bAJOzaepzWYPUhxAWxnGhyM16pV1KKqF8Oi18mO1pRA&nonce=v4zX-mKtlFfPRpS7M7RZxWKdiuw4w8JS5UJiLhFdK2A&IDCS_IS_CLOUDGATE=true&X-HOST-IDENTIFIER-NAME=mtucn1.oraclehospitality.us-ashburn-1.ocs.oraclecloud.com&idcs_app_name=opera-mtucn1prod&policyAppName=opera-mtucn1prod&policyAppTenant=idcs-67322d8881824b13b3da16015007f9e2&idcs_app_resource_url=https%3A%2F%2Fmtucn1.oraclehospitality.us-ashburn-1.ocs.oraclecloud.com%2FOPERA9%2Fopera%2Foperacloud%2F%3FTPLNG%3DE&client_id=opera-mtucn1prod&IDCS_CG_ENC=true&enc=bgAao-tdnMHUAgAAmgIAABAgmgIAAIACAAAQAGSJYXnFHARBCLZji6yfiUeWB2H3Zp6MjNk3CIfMF36260xwwMsqqpypjCmHyeZAXOcPvcs5gQ7UfJBnr70T-Ij0ZjnkKcHNbq76tN7lThNZR5kB_aX65u5qGhykGrVj0rJ8OF62sI82wwCRmerjeulldLEgoBZ5NstbpicETeuWgh1L2abChi0yxj0QgY8nVcJyYOsZVtK2ndYzq0p1WRU_pGfl8ezae6h3JoockF5zPrpH26PORmQgUJ0S45v6Z8iY7BP2MB0oDbkNUAdJybH3ThtgXqNPCG-nNCNtnLnZ2PUz1lzdWoFXBKljOFTvpTSQzG3RC6CfoBkSkTONilXtJfGjrnk5ttHNaR6U6_Gs8T7-yZlXUnhlbfeD9WnZMuY2IiBrrCxuaPXoJHDjhP1uxKGl_4VXF7V2onVMVPSQLPzM3DAUR0Q8kq7kVj5BY6BnUbIWKujyaAhQMGCLtmYdN_Sgq-BvLGcVWx49Ks9NmRkCInvmFHCBLBYhI0VbciCyVLk3rbRTn3EIxLDytxNCsGXdRKXQnxMOhKLfWN9M1Vs8P9p-K944FZWS0ZprG9wCFP5IH-BvPaD-VbKOlYyrpysHJ8OiokC9idDCX1cLme5LB0kTDf7VygrcTun378WK2oU68iHEECzDzNF0I5O9MOFRGh_eOVpGGCiZ_UdpyboF_9fRKpSUerRWu7f-GgxDt_i9zVvkpi_UB147BJhL7N_Ibspu3-90coecvKmfGZJ-vKt-EhHrq1ACpdzPBexnn3PvW88TXswUKtrzEN4A-evzrF4NSshqc_caktLbI05n1STwJC4CjiX-4O97AoAHPo0UvXmsz6-tu5rAM-0s-qAy_xKlpNnpYv7AGnfNS9fkOChot8-bt1b96SL4a4g9T6NEakZvt7_8YH0ZetAJsZHZ0xYrGNW9xfWyjgwB,Login - OPERA Cloud,1
2025-05-28 17:52:09,https://hu05-ssd-ohs.oracleindustry.com/oamfed/idp/samlv20?SAMLRequest=hVNdb%2BIwEPwrkfuc2DFQgkWo4BB3qF%2BocKeqb8Z2wCixOa8D5d%2FXgUbqPZR7s1YzszO76%2BHde1VGB%2BVAW5OjNCEoUkZYqc0mR79XszhDEXhuJC%2BtUTk6KUB3oyHwqtyzce235kX9rRX4KAgZYO89QnJUO8MsBw3M8EoB84Itx48PjCaE7Z0tdBmK3Hun17VX7DWQUCsAOkdb7%2FcM4%2BPxmBw7iXUbTAlJ8evjw1JsVcVjbRpTQrWsxs%2F1thxAOR9StpQQ89tGpIsDKCBuWrQEvfkGTjAZNPAGcvPV0P6%2Fg%2FBW2BJFi8%2FXRJvL4K%2FR1hcQsF%2Br1SJePC9XKJpZJ9R5GzkqeAlhLtOwE224P%2B%2B18Q3B%2BLYmvRhAxnYLwT4XpQpqNXh3SoStsOVVoSTWco%2BbAAca1jIHqNX8PG%2BfI0poLw4iNFulfdajLCVvKPrTHhBtDmg%2BzZGWMfC%2BfZ7dH3o%2FnzbF%2FWTytji97KrBYLcTMbqcEDuLu8Z%2Fxf313E0lqBZnaNie1%2F6ERm0yLQXEt%2F0OpTLLsjSj3XXaWXckT29JGs6rXwwUTbS88D6zi9LWsgnOut0ODsmH%2BIur9sqfQuP5dGFLLU7RuCzt8YdT3IfP4F2tEB5dWP9%2Bh9EH&RelayState=hwa4&SigAlg=http%3A%2F%2Fwww.w3.org%2F2001%2F04%2Fxmldsig-more%23rsa-sha256&Signature=BQW0dL4vl4eZpb6nCvwHKPm%2BxslxLwU6Ed7UdgNIMO1ijmt1QUAdmJVNdt%2Bly6UMG%2BKejaeNezw3CYKipa3GTj7ILSSqPvu8Uic1t3IZfrkj5msvcq1Ta9ExINUx%2BDyQzPllPYdrlDs82VT5Fpu5YsB%2FgbTRZgoeeHnnh426HIu1gfaqTupHj59sFRkU8KT0EQ2AQr7E5sDL61tElxlSL3JyATJEhGq2UMyULLDIsaaITUjsgKunpqv1fS0bY43GtUf4XS4hdsSCnU4%2BIQVRs5ItkzTR6O%2BZjqzO9DAtMYiOALxmZTtfLatvgcBGCuSv60CJw%2BshPmygdT6s7vlU%2BQ%3D%3D,Login - OPERA Cloud,1
2025-05-28 17:52:05,https://login.oci.oraclecloud.com/v1/logout?nonce=ea647bd5-2669-42f7-8096-3c038463bfe5&domain=hgbuiad02prod&domain_ocid=ocid1.domain.oc1..aaaaaaaacuigpodhvv6maozhy6he64rmuhkw7ytdcuyelxll4fkpkuod6mxa&tenant=hgbucloud01&domain_stripe_url=https%3A%2F%2Fidcs-67322d8881824b13b3da16015007f9e2.identity.oraclecloud.com%3A443,Oracle Cloud Infrastructure | Sign Out,1
2025-05-28 17:52:04,https://mtucn1.oraclehospitality.us-ashburn-1.ocs.oraclecloud.com/cloudgate/logout.html?postlogouturl=https://mtucn1.oraclehospitality.us-ashburn-1.ocs.oraclecloud.com/OPERA9/opera/operacloud/?TPLNG=E&TPFLSCRN=Y&_afrRedirect=553558845172101,,1
2025-05-28 17:52:04,https://idcs-67322d8881824b13b3da16015007f9e2.identity.oraclecloud.com/oauth2/v1/userlogout?IDCS_CLIENT_TENANT=idcs-67322d8881824b13b3da16015007f9e2&X-HOST-IDENTIFIER-NAME=mtucn1.oraclehospitality.us-ashburn-1.ocs.oraclecloud.com&IDCS_SESSION_ID=a86bc15980da4858a4e0ae51e83903bb%3A8df87a&IDCS_CG_ENC_VER=v2&client_id=opera-mtucn1prod&method=encrypt&IDCS_CG_ENC=true&token=h7Ziop7Q2tMECgAAygkAABAgygkAALAJAAAQADHmFk7LZJc30kw3euLtHu86oIjwIXbalHszpcOz5JamVLtW7BfAvfyopYtgJHp2jCAuTqtgQBrVKzTtCCJqxV65bTShousTGbLCrviOGjQcL1U0AuQYMohf_Q1YHygPLx8kpuxXRhmowDEMfZH9zGUAefUfP_3pHVQLHW4UHcUirUIT9Yc8oIiMeNHEnTQB84do4E9aPiOCwwTFUrN8zcaitSKa465hkH8enCQg4SzZTv_7e51abh59KW1bwNZRmXaSwyDyyRo32cQzAg5-nxWeRGIyMrjxUyaeld4p7IvPSEd9q0o5NI9s8UMSgQScx3K_sfzR5K3WjxkE46PggDJyiCUnAx8iFfegNa_h0MKQ6Ge5FFe1HM-1eckXPz37LC-nvF1agfMkvREw9dbsDckPvp6UOkpSQPRzLWMW3AXtD4sWxKSPynW9foGw5XvmGtUe8m7jo6vo74mpogceewi4dSDPgdbBu1eX7l83sqZx6rMTXIXLgelB9zcOaeR9ePrgDu40DG5heBd5KgCZAAXKE_tPkQvN_o-50HhWGSNr3fz9cMNUVYT2NBlEG5s8n5nYYtH-LWP8TdnsvmGD3PWD-cym6ib7Mb5s2iR93JWAS5OyGPAq_GGy9t7wg_-NfKy5qxtTD2c5XXRgtCtjAz9CSL5j8uS6kNrUs47mbax0nJehkclDkhGoWc86nOaCY1XrBsg18GuBIyoNMHNn4GyNAbAiNSsxMedCOsEde2JkKaGYhVKiWm9AbXlTuKXN3zIu59rMNWVvAMvF6BWtQTWKNNwgNJUz4aq03bjOhbQu5K3VGy3yA3VocJsMKhNvMhCemt8h9Ab-4wQFS_EnLyv_0pVXVg61to1bIYLcZMCJ0_RfTGbPgRyEfxkesUF5quehOO3xCW_FxCmoGPuJBvwWhl-PrrisWGFokSLgJ7dUlgrRq-lmu8XwBjiocLZHdzOLq3DrUPQPRxhPfi5vOmhryuIJb6PS8Hyda7O8EkE822WPiq3wf5bqK9iaBJ8jHSRSs8C3-kyafJVOTVhlM9vicWed3FOLTRRSOb-CN8UpsVclnFfPjVCAOsQcOdf4prCk2JGgnZuzfcInbloMAuRTFnqdNYYmq5221qRskm5fBg4R90xACzom5-C3hRDG6D-lcbi9s25v2CCUNGly2zOco4oy-VhGAJ-dT7pDi38PWSwh98b6mYSEc5SzJ4Wj7X07p-BaukGxwdhVoKG31DPaffq1UkP5LZ42D2_IdvlK5fhoCX9UeptwZcDUTGTC6qFSJ3cMbmeafpwBQIV9W92VrTDmffE8EQLXrKYv5BvDW5MXqPDdv-Qtdoos7iSeMQt4SMk-NWq-w3dgPO6dgFzJ_8zDYCSJA6a7EzRhwVwlbiZDkkgSzKAk6lqaMOPMZUNZfZKKOrACB8gVBm7pGf0z6eB2gncGIYK1SKtpXQdU0ekdnEIO-76IQFxS-V3Q-H641dZJzJ5jBdDaKbG2KCGXDvacwrUSmyZEwy8CI8krm9IK16HSt3TIOVLyr48HRYtudbz6Zo43JTNHAz1WR75ZqddJNGncyWTLpM82G7YPnpdRkBn1LZIYHgi9Tolax_zT3EObIBNHwfJIxtSsJwfsjTBp9XYxZfOVsA-fjWcGq9k64YcX7JZfShKHzDCcsZbkrlDpslwZAFw6hDbL5-TS-lMQo08NtJUCQ5wB6zkUHL7DEsqEYLJfQi32boqgxMEsirDC8twwm6gXuo6J8qzUQBFEFur_SRotvxkhUOuc11-4xyRcAxWZdbn42RbHOwrMA8J9lo4xslWxaPgpBBl6Isw9oRAOifxl-W7HNn6jxLocXdEkt9KHtflz_j4cA9QEPtFUhLCWDyvwZK4a5NNQKIENmD8aHWoaLV6tnQ-SemR-IuTTmDimnx7Y478MGdDMpoqnLY4FdcGT7d84EGToq4_5QWBKB_0eZFdIjAODq8I1Dri6wVYo5_X_qD1FXsdcdYw2yCxGtUZqsDtys79pa7TTRwbDrPZl0EmaNhXhEK_INHB-7-G_u6hFhGukYFjUOKl7C_0muCVSL47SmxDbbcP-tQ5rjfY6bPy-zHYL_Yy7nBdp4WNhKqxxyZwI3444MB66YO5aAjCBtQZ0fpsmtnS-rpxAVZd6KuUQyL6S29MOekqqgrmwd5KPD_a9q9dSZaLB9Y1nOSS2KKrYDyNugIx9Un6SvhbUXk8_91pMbQG6Dy3ATDUKUZNPDvgL6L_rxeC1aJnIkKynLvvkDQ-_poiIgVJQuzfWtOYmmDMQSvH4iYW4D9-8l81e8mSA7ambvbpN71CUGmD8WCmjoalaS4pHwzYMwWrcvPbizoQNnhYtRf9NXnItNjbw_9cznmBBjwfnXb6_JyfaX8iYDgtSIS_OU_1Nq5kkwC3VM19H9i4wQhU2yK-NAjWA9ZqHqMw4XgN6VyIpQ9VDmvpYyns0HmS1DQWbyqgouFBVKvwNpA39N3TUHDM1IBW1pL1OxxKYj_9LO8IowkxcKELZV_rz3jIebW-2KmpRx1yJo-s1fHj5zJp69ca5Eb8y6f84kRjzTe7l8EOF_353nU8h9-CHnxt1fznudK0MPDWASviA9VxVBGmQe79CH4lFEWr5bULO7YZIDkQmbMOyy_KLhyY94iUfIEu-_al6cxseWE1sWHuKEGw5AmlZRr_08kumN-KyEhWxGVTf3qybtp0lkthgGc5Vc_xKa9VcjmnHKjsW1g-zXbka_ofWWBBTAKSwN09H_3SXBaBVROy0U72QzTYA7iLf8CXp9rAuSnJPHGhrxAEVKRx413JsRC3dzhRf1R0HQRnLMLfnNtSCSXjhyDxqsqewSS_9eT_9wJmnJcrjL1ZZ_JUFF2Y7uNZME5B1kGRRT5EU8GWJIlU14m5Q78b7SFtDIrtCdxwRiIvJFQOcpmy6OreU19Z_0sLLC7CGsbqFITFgfIWo9z47ha5-c_MEox4V5rKsX7ihkDmXSSZZNKW9pboocIh7jQwnfWwkFvPScM9iNZ5vfd6a-d5dqUiePBImPlgJJrkv0BM4H185hUyrqIx27UD-1NOa8mtRxSdPy7rIzf-646sRQ5c7C0Eh0xRegU7Y2OHojJBo9fq4AJ5-PwP9V5oxPIiStNk6RwqM7pqWtSTT6scn55HJvAImsXSibJ-EAulAooDqt-_FsH9kjSwwS_iYjjNB1ufL9YEAaDgdTfr_kKkrtC6z43GfWv-L8D03bbVRSl_ejAmyUHCj_Xf435pO6c-SxzvY0fCESjZtjpsPAtL36Ry8CwiEiBXU4hMVcUDmtprAtfXJfYrY0hDdNV65DzorUnTcQU0HROR5UGAyOfBKIplPxaLXWw9Yu5rzLd3mQaXhRffnht7sZzFXNPLiOHixV6-u6Q,,1
2025-05-28 17:35:51,https://mtucn1.oraclehospitality.us-ashburn-1.ocs.oraclecloud.com/OPERA9/opera/operacloud/faces/opera-cloud-index/OperaCloud?_afrRedirect=552586308533595&_afrPage=1,OPERA Cloud,1
2025-05-28 17:35:42,https://mtucn1.oraclehospitality.us-ashburn-1.ocs.oraclecloud.com/OPERA9/opera/operacloud/faces/adf.task-flow?adf.tfId=opera-cloud-index&adf.tfDoc=/WEB-INF/taskflows/opera-cloud-index.xml&_afrLoop=552577003823804&_afrWindowMode=2&Adf-Window-Id=ck13jexc&_afrFS=16&_afrMT=screen&_afrMFW=1058&_afrMFH=1460&_afrMFDW=960&_afrMFDH=1440&_afrMFC=8&_afrMFCI=0&_afrMFM=0&_afrMFR=172&_afrMFG=0&_afrMFS=0&_afrMFO=1,Initializing Application,1
2025-05-28 17:35:40,https://idcs-67322d8881824b13b3da16015007f9e2.identity.oraclecloud.com/sso/v1/user/callback/login?nonce=23854b78-9813-4dc4-8a09-71941983643b,Submit This Form,1
2025-05-28 17:35:40,https://idcs-67322d8881824b13b3da16015007f9e2.identity.oraclecloud.com/oauth2/v1/consent?OCIS_REQ=%2BwQdJd5yX%2BAu1iJ2BNRLB9tX3zN8sJGfo93OUhA2fzfXzYEuvB0LM6U%2BbMLmLvZGr6UcqCD%2BAeo0e8SX07hnZIasxEDM0l0jYfZ7D9e2jyEy6nbdRQcX%2Fjl5%2Bs13JteQp719bvL6BMw2XIXk2OlbK8FtFnnsAedvMsMNV9%2FjKeqH4w7ozq8Z7HQkZOnjNz%2FOz5RW%2BSoQl%2FVxiFqRyCCKWiAu1xIjHxjXDIkXCwmaVTZ7Mcgme6gGQku3FoQaUtb6WXpwRqdwfDwRYVyeo7kc66RsmmLe%2FCM6JkSKkxIzS7aNlHFrPxgQlihDNMiYHpF9cl5QucRn5ARVKVEL6IW3PUQCJuBXu7qpXmJWDrDjpnII3wUkOhPMjEdkV86gZjpmpEkWM%2B05lLX6bHYTLxn95HG7h4V6zvNBPI7TOmvX%2BK7xn72W7MrHK2%2FhrYLvdba5pHQ%2Bubxx%2FpBDiLBlX6G7OKQQJfstXjijeJ2b3QUYJOLk3MZWgcPtEYmk4Bb2omjugpSJuD5gWvzQmuBa22eIzuDxE6e4y5B2rX%2FyTcaKHuJl%2BpF0Wjw470Buj%2BCmFaRNi56lna81bQXNZVPj1ZIGkIwss7iR29KzuTphxg0bVTEXBXkM6%2F0%2BgJMnPFP4%2BfOe2Xqouw4B5xx6nbO%2FK3KM3ZHTI6DZz9o%2BENLxwcoHXGPssekbFuL7tEnmEDyt3ber0Qo37A487CGCtwvtHFToqsvfevtjugY6N6bsab0BxFPATOCZPodA9f2ccroxaS1o2Fsuco5u7GdbDPWOCUv98qWqrf9vz%2BQ0UisMRuQ5dQMUVSiXO7%2BLob1%2BSxOWPjcnj%2BaQXlVEs52telCSy562Ny57MJ405cMco5yn3C3u5cxPB1F44YVXPcdqGcEP%2FUkYHQTwCWrp5kqaDKWZLJanlrUKLNfw5J821SKdKVaceiHkFlJYt9Hh5gT%2B9u5Uzdp5W4sfBymWKxXdFTUgfAaeLwn2WusP%2FFpn%2BAKZ43DmgnfYQZHIZ1mCvHrPXiAIdQPygrAbkrrMTVf%2B8jQLyKoQDtY87Zgw9zNmHRLGWvyAmfjSt%2BZ2AfLYIm44XylI2hor2KoPT8iC6EuzwKnJZHOGw9ybrFGQcgBBuJaeuJokzjf0ChVgdTteevGJRYy0bxCHa9Id0%2Fva6FbCbuzDkePEUp98ChGSLwCL907MeSWh8JhpANvTRUZOFWEpheZ%2BFfgMav6B5hKCXMqdBI1NC5km9nV0q4ZRs9O0pvEt%2FlcQOz11ADCepAbS22jmucpHfbDUGrYFDtGBzhx8Sx3dBq08MOeeNajNWUz4srBm9j%2FVkE5ZrH87IXPfMF17MC%2F8vzq7YXpDwMR7s2zN9YfMHljLgYx6W%2B%2FLdOXPLIFxEXPvQzu5bc%2BdAzZSzivg%2F7vnM24k%2BPD5TyN3V3N1eWXKiUsUcKj%2Ftxo46Q3CLztB7rdnc6V9PecY1PMh1C5Ah9qN3oXMKMHc6wUzPdfGO8ypyS3Mop7q8mkonS4D6Eyqmuu7rq5kYoPQ55Od4iy0xMGMFCQYs%2BI6vWc%2FCubYQRlBziGeOrG3ZO7I4VYQeBjfS4NQZzhl%2FMjq4RHw75Px59f%2FmCCNcQZWOFrx5CMcYiZuN6DSj2XcXtp6wlXXY4pzc53MtDuKF02Os5vixxpx0NjpMIh36h5oU2EWqcbxGmUllcFWIUo7Gw63IJH8a%2FviXoW9y1fQVUXf8yzeocM2MemXed4%2FOB41rm3rRQNbEC7eXoILO%2B2YUe3VrP3y0ZtUYUbBOpfzboxOm%2FdyJEVWJg7mBI%2FPAM43qIC13GGMsyHVFBJPF4r7P5tguRG8v5AjhMG6cyP9AU1azWMsu1OcV332N%2FwHUgML5Wy7cxlpehF9gL63OlC6BRRqQZhcbEwPq453cAyJKkdhy5YvCfvL8rs5JvQQuluu4%2F%2B1LjqSfQxC7z7Fm7kNmExKJTZO1wsB7TQXWZelfNhRfycchJaE%2BD3NrRa1MoJGQDYoQlwBo1Lt4gRLop4qIS%2BDRWWbXpcOESkKCKcW4SWEVl07sT5vJq4kI03QJOE6XK9T7ZtIgyajUlz%2F7pudOhMuHO9UFU0JwWEV6%2FMx6TkU9GvxcnF5OJQEBy4q7ARgAHLlR6HRFuPvExSaRRg9ehUvaJkTXQg%2BBdg9Z%2FLhTiVEH4Dg0XigVBe%2B3RNcjxTEgje7rhVrNm2uPp%2FqH%2FdtGaM1risULCSu4vZjxkq9DvS4KT9hK7wP9kSOpII2WreTWKrgWg9pz6GkN6s4Ob%2Fw0Ut2CFmM6NmOod1YpWdmforUrWbCCfXal6D1Uz8iO8s71CaQ5dN%2ByN5XK0fFDAJzPjnZyjhUN0FHvXDw8nsX8994HiepmmM8PQ8vtkSDywqY4glLfGCdqSQCSfETXDLVyrTLoJ7oOIvUOAvVhnQFvYtjZB30p0Epz28LTw4AXBqN6FAH7rYL8T7BEoers6S%2BlVrwnqjqw9CyYieipq95Us5fnBe0ZnjzVpqh6de9A9vT1x62f%2FgF%2FmhTRDTF%2FWAA6UYtG%2F7E1oVKe7uomyxof%2FqZER2Jn684ub19rjx9xy0LLKhE289ezy0QKjsneASe8GgUaH3xdlCbUE37QiKaiNSXM6%2BS3gUmU1Dvsxt6l9zWsbcKx9M2w%2FckAtWm%2BBp7zPo47U%2F4BCGTYu3UQ4cRTRsFDV0sigS%2BFLVcqxrHCjyacTvC%2BNxV93ceBvsB1n1tVMjZ98XlrzP6jIwmo1hPhF6YWgGqJjUfPvA8QVaVPdZfzDsqIdCq981ITBMDjMw4t1ZdtTxnHIuRSCyIZm%2BZ5pUQS2k7Ld3BJCYfD0kl7Zu0wjA%2FML8YTvZyRp5SNLv402szVMi8HG%2B9gN5QanCuTrK8QNevu2gcbfJ6TFY21wTF2xk%2BIKUb8rsZA9bXmmNyyUg4tOITyEt7tS0a7ZFpWOAW05o7EYU1Ivdv4KdWbuu2kCJzbq9vBn8zuQFXgykyZiyYQSyu3oD3kNw1mfzM2XLtxkoabNjML9diPC9TlWmgu%2FKVBpBeA6CWRllqbcTGV8bKpS%2ByPNk7iSosl%2FlzJ3pT4ZHp41HY0v2pOk33ElcTKHk5De9erhBjh0KsBHGJiEGwow2CCDVn8ZMtyTA%2BhGzTVuID4f6ElPC752GL4xF2G0F%2BYakSDStPs2R9MarqOQwd3a1YE5Msq9%2FmvG6fqfNJXPCDGpzxjsryjzUz1WskDMFAvdxno4P%2BI0R99gs5Mg7tDnK2wFMhHW4T%2FuAuMivo1U4PYqNjUyjqOap45aClEOqyq5Y6iKWak%2BAaq17sSLo6MTWGSoNV7hDEq3yl7ops4Qj1Q1GBrz%2FSIS2eWuu7V%2FMZgMBHkvCUH55oQ%2Fm1HuIQgQgrnxMLVlP3Se7GEY3DUdfmuSWPB9cAi5gebr17v3qJA%2F5uWZQFgOq7gQH8D5Y9nxErDuB5Ggzaej9JQN9bN2%2BoxETDHXg%2BUjCQ2OKSGhfhbD09d0yT43jp6%2B2QA3Tdzk803VH9sdYzNdQLJ5WJZo1SGqGMGoKqucUrIxOOxgWK%2Bae20%2BoaKr6gmm3lTYxSnlDGHxWUZVIi4VXSsXLyNPEBbmKee%2B5wpcQi2E99XKKi84knUYXsAAIEZGz7e1Ms3Y71%2F4TPRlLo7HtANfF%2F2sCsh6thhVLoxy4NvxS7BtVUzYZJxlWWcjPNdXHr9%2FBjdqjU%2F222JpMYrnhSXtsHpmsoxmB6VErH405fej2ka9AiNgWkfNX63m%2FNmktvy94oGUaNgzhlSMr6YHRPKqyTH2uQ4HDn2rp8xMvZRHRGO9qfM%2FqstjUey03r3jLhfNiSClM2toZ2ZRn5bWNPPraT9ZcgcIMmrKxeqa4lrV0bxMKf1NOUYEFtV0F4dzrThfG2uQ2mjrxUQWtynlTsSLeu20z5T8ibxSO%2FAGay4VAAdqDheuJ3wZMYxz1VbXB5dXePuSVW%2BsAzxuqN8FS8jnbuq%2BZENOzyeTFP832Qp59Sc2ZYUNQVN65eOW3qRWQejIpDUZOX%2F%2BMXCL4S0Vz4%2FCoiLZPGfZENNwq%2Ft89SR%2BPahHbxvoLGTi6KbWS90vnrkxefNmflXa66X31GZmcfj%2F%2BQZaooc%2BGjvkDY6nLcOP2hc3r6hu3v7BLFbl020Sg%2FiVBi65Eyak6sHqDaoKnalPhvxCkqd4J6xyb%2F0ynovsZd9BE0mmpJ9GV50tMgfAhL5g2zrxNjhRlNp9vFTVY%7ESRnF4ObTtliog%2Ft6IVQCVE2OhMV8uUWib2TYIMp3R4A,Submit This Form,1
2025-05-28 17:35:39,https://login.oci.oraclecloud.com/v2/storeLoginInfo?redirect_uri=aHR0cHM6Ly9pZGNzLTY3MzIyZDg4ODE4MjRiMTNiM2RhMTYwMTUwMDdmOWUyLmlkZW50aXR5Lm9yYWNsZWNsb3VkLmNvbTo0NDMvc3NvL3YxL3VzZXIvY2FsbGJhY2svbG9naW4_bm9uY2U9MjM4NTRiNzgtOTgxMy00ZGM0LThhMDktNzE5NDE5ODM2NDNi&access_info=eyJraWQiOiJTSUdOSU5HX0tFWSIsImFsZyI6IlJTMjU2In0.eyJkb21haW5faWQiOiJvY2lkMS5kb21haW4ub2MxLi5hYWFhYWFhYWN1aWdwb2RodnY2bWFvemh5NmhlNjRybXVoa3c3eXRkY3V5ZWx4bGw0Zmtwa3VvZDZteGEiLCJkb21haW4iOiJoZ2J1aWFkMDJwcm9kIiwiZXhwIjoxNzQ4NDUzNzUwMzU3LCJpYXQiOjE3NDg0NTM3NDAzNTcsImFjY291bnQiOiJoZ2J1Y2xvdWQwMSIsInVzZXJuYW1lIjoiS1NUT0tFUyJ9.a1cGiLyJyem4FjKAe7icAh-kdlU4O8By-FAWvHoYoHOR4MsWlW-ElGyQR8r7ywi-10A3cBBjQPQWHnP3HUt5S3H5n4l6LV7K_aCXo72kQRc6egkHAtXU-bvF9I2Eq_uDnZ9Aa3OmFXylw-hR9nYHGyC9QQlVIovBlPNLBwmQ0TfhW7T6M5kPh7J1pr2FV-hfsimkpzl86oUWBxsR0w60FuWljG6KwHdykBKVFpK2Tc3-sTxmOAO0ngwoVbO6vZFawbCUCzp_tcrjOy0wVTGn8GBTqCicS-KJzfx40tVsClXw1ihVrFBhpxDs3xkcvouvbMZJdOap_kfE1xgWiIo6ZQ&is_paas_login=true,Submit This Form,1
2025-05-28 17:35:37,https://idcs-67322d8881824b13b3da16015007f9e2.identity.oraclecloud.com/oauth2/v1/authorize?response_mode=form_post&response_type=id_token&scope=openid&IDCS_CG_ENC_VER=v2&state=TJq52nJl9vjZ7IvcDSpxFs4oHWjKQRlrrbEg9Q5poaA&nonce=2IE7xsfRiwyJCD3h9hx9EVTCncWlw4vWdK1guiPazpU&IDCS_IS_CLOUDGATE=true&X-HOST-IDENTIFIER-NAME=mtucn1.oraclehospitality.us-ashburn-1.ocs.oraclecloud.com&idcs_app_name=opera-mtucn1prod&policyAppName=opera-mtucn1prod&policyAppTenant=idcs-67322d8881824b13b3da16015007f9e2&idcs_app_resource_url=https%3A%2F%2Fmtucn1.oraclehospitality.us-ashburn-1.ocs.oraclecloud.com%2FOPERA9%2Fopera%2Foperacloud%2Ffaces%2Fopera-cloud-index%2FOperaCloud&client_id=opera-mtucn1prod&IDCS_CG_ENC=true&enc=1AtneXRzBdfwAgAAtgIAABAgtgIAAJwCAAAQAEgHLpghHmMl1lmpn-XwJ3BcCZpuQrzBoVm4r1nZ_rxQ9zEb5bHZviaeL_FRIo3EqKS5XC73qnP-F6Ew8BgZx-iD3QVmtlxyd9rgy5YU-w4ItmBBe56Q7eoVX2kWcNP4aj2UhYkAN2CCCqnOSw9BRY7zd_NTdOa-5qbuOiGweGAV_72Tfxo7Q16ZBZvLD8J9o_leP5nUF3NIcJcJsg2K5-kvEuSmz_x9Swu6g3rBFSdGlJEc5Ly_AFoPFPGbTg56ZCWPQo97hy8Vft7_fZDdhrGFEXe7j07h4PVcQhI7avHlJ2iH4lKOk425p1EUKpTJalVn2iiuOUYZDEJjhbIAjii9qLHdTAoLsM3_VQCzVw2X3H8tNcuUYo-roJ3Aag0ZJp-zmJnVlGQOQRPxJz7VzLikj06T-MZhpCqBHWJCLm9onFj7WcYK61rDFJY3mzw3JAXpEqgqZLb3AnycDBjPmx1KusOTG3kBLJOTDUPxKaVn8MI3bw33bJWI3tCIsGJD3FRDFd2nkjUt6kHYQykF_vfOpea-wF_Ny1v1Ynb9SqC25TR42CNCS-P7dj7NVwJVZNL9ctvgW-LfWN-EsD9xgVD8YcJTbaHymzWz6kYoZJkaiyZZ71LaX8DYo8_ETaLFOfwCaK_A10EyJIL6plpYTF_XU-JZTOxdq29W027Kc99ETVuYcMnNvz386EnSzNQ7oubDppm0ovwoquJ2dKkvKL4HM6tw6egqPPCsWCQ1TDOCsB8GfHFJro5-P0eJi7oLCfA1DFICa48WjW-b5AaVvbsxaAT3m8wadxyMHQvS3J9DxUHJIbQ6hEeW8YaDWJaqbuYBRj_H0IjcrmZPrcNFLKfZ4OgRUPCITcS0qffjqvkf5d6cvd1_zCUUhJbRMsNSbWYOtdbZcpvwPFTlEEX6YHk53_hhyVlH6Hv7OPvKbGulQ1Oxe3gg1U8or0vsy8XMWwzieXBiKbMuQBs_4w,Login - OPERA Cloud,1
2025-05-28 17:35:37,https://hu05-ssd-ohs.oracleindustry.com/oamfed/idp/samlv20?SAMLRequest=hVPRbuIwEPyVyH1O7DhQgkWouKPouIMeOrhT1TdjG%2FDJsWnWKfD3daCR2ofSN2s1Mzuzux7cHUsTvagKtLMFShOCImWFk9puC%2FR3NYlzFIHnVnLjrCrQSQG6Gw6Al2bPRrXf2T%2FquVbgoyBkgR27hBSorixzHDQwy0sFzAu2HM1njCaE7Su30SYUufeVXtdescdAQq0A6ALtvN8zjA%2BHQ3LIEldtMSUkxY%2Fz2VLsVMljbRtTQrWsxs%2F1thxAVT6kbCkh5qeNSAcHUEDctGgJevsJnGDSb%2BAN5Oa9of2Xg%2FBOOIOixdvrm7aXwV%2BjrS8gYD9Wq0W8%2BL1coWjiKqHO2yjQhhsIcxmHnWjL%2FXmvjW8Ixnc16cYAMnY7CPa5MCqo1eCrUyJciR0vN0piLfe4CfBCw1qmALWanuftC0QJ7cZBhOartMeyLsvyJxT9aw%2BINgc0HRdIyxh%2BeT4%2Bze9%2FyqMTz8fZw%2F8npfqT5VTcx%2BhyQuwsXjX%2BS%2B6v524qQXVzhobtee1PaNgm01JAfNvLKJV5nqc57azTbJ1Jnt6SNJxXb9NXNNHywnvLLoyrZROcdToZDskH%2BJ2r9sofQuPpeOGMFqdoZIw7fK8U9%2BEz%2BKpWCA8vrI%2FfYfgK&RelayState=pRXL&SigAlg=http%3A%2F%2Fwww.w3.org%2F2001%2F04%2Fxmldsig-more%23rsa-sha256&Signature=OskMLtRHX%2FFhUxfKU0mrQyONOwTfPNfbh%2BM7Vuvu7hLwYnjcBN7kXXveTlfg8wSNZZMVNTtPtROFOdzxfIWP35cjabXAf2u8gVB8Jh4qh7%2Fmj0O1%2B1A58SYsGfpp2u1NRk95kySmBfZ3JrLDCTvC5cQR03W09ACs7wkDxhKw1Sb9xLZJrvP5c2Ebo7UWqIiLlMgsszW8LjYm85%2BOpzlRhQ3e8M9Clb8uKJTkZvYNZTvKEuz%2FuQ7SUwGD%2FoLoaDbWuAIyLghiG9yOd%2BJT4BkQtRKExsk841w0OaJrO14sQVNzeK%2FD32Vu71WQ0iqALXoAIilaovJHLqkwt%2FQ%2Bm6pnhA%3D%3D,Login - OPERA Cloud,1
2025-05-28 16:28:38,https://idcs-67322d8881824b13b3da16015007f9e2.identity.oraclecloud.com/sso/v1/user/logout?nonce=7eaa29d9-3149-458c-b5c6-a64f8055c57b&tenant=hgbucloud01&domain_ocid=ocid1.domain.oc1..aaaaaaaacuigpodhvv6maozhy6he64rmuhkw7ytdcuyelxll4fkpkuod6mxa,Login - OPERA Cloud,1
2025-05-28 16:28:38,https://hu05-ssd-ohs.oracleindustry.com/oamfed/idp/samlv20?SAMLRequest=hVNbc6IwFP4rTPoMhICKGbFDa22ttntB107fIomYLiSWhKL%2B%2Bg0qM93OtH09853vdpLB5a7IrTdWKi5FBDwHAouJVFIusggs5mM7BJbSRFCSS8EisGcKXA4HihT5Fs9kJiv9m71WTGnLMAmFdx0II1CVAkuiuMKCFExhneIkfphh5EC8LeWa52ZItC75qtIMP5kl0BIoHoGN1lvsunVdO7XvyDJzEYSe%2B%2FQwS9INK4jNReMqZe1WY%2BhrWaIUK7WJ2a6YnJ8KwcA1IIO4aNFU8ewTOHRhv4E3kIv3hrbfFqFlKnNgjUx%2FXBB9PEKjoYzIpoIdWylqy40yUiTNGRe0UrrcO6ksXEmKNaMup1u3EXtDpsKJUhWbHLvREUAQdWxDgsK518UoxH7vGVh%2F2muj5tqTUQQ4tXf3izxb%2FdzGCVvurtNAeeVhvFx68XVtg9O98ZG8tMayLIj%2BOlozMazrI9Q0rbneg2GbjNNU2d2ejxANw9ALUbDy%2FJVPideFnnkKvXWfIYfT0945e5rLijbBcRD4rkk%2BcN%2B5Olt8NLqT0bcWPcf7aLEgPI8pLZlSYDhN5j%2BmN8lZ4UTaPvrEIEx9E0HZbmgIUL1E4%2F7m6valnj7fZVd%2F7%2FrSDmJ9%2F%2Bv2tQhfZHw40GpxMz%2BRfdhvh%2F%2F9pOE%2F&SigAlg=http%3A%2F%2Fwww.w3.org%2F2001%2F04%2Fxmldsig-more%23rsa-sha256&Signature=egoguoIodXWb9C%2BIHSyllch%2BkemR25Httxkot7cTx6C%2B7rcrQffWjSS%2FNu3DEdbBi8OsstHtqAisNaZkAo1fxfeR7z6AFQjWzi0nsMQVDREwvt1piOAvLFnVVDTDnJTfxopR9kD5nkPIv%2FtHxtmhbBCijBPJb1j16F2kqqFDOg%2FfFG9uPoHDIR%2FBIU%2BXHMTPx3RQl%2F4fJ%2F6iYiWAqjtmloBNjA%2FSiO9RXlpUgLD0UBUqNgzOyH%2F8HVh6946zKWGToDjKJUTmN7QPWWqWKwhhHlB%2Fu0%2F4OQ%2BedE1eoFi3UseRqAD3rQXRjSwLjZ1454r4lo%2Bg3K8eQTxtQbs09j0Vhg%3D%3D,Login - OPERA Cloud,1
2025-05-28 16:28:38,https://idcs-67322d8881824b13b3da16015007f9e2.identity.oraclecloud.com/oauth2/v1/authorize?response_mode=form_post&response_type=id_token&scope=openid&IDCS_CG_ENC_VER=v2&state=7X0upXMp6HNOnjVX1Ixp8FytVj5PI6YgJO3ATJX8cvM&nonce=8OdfDZi-02z5J1ZbUaI_fY7tn7f_1fRiFZCkTqzum0E&IDCS_IS_CLOUDGATE=true&X-HOST-IDENTIFIER-NAME=mtucn1.oraclehospitality.us-ashburn-1.ocs.oraclecloud.com&idcs_app_name=opera-mtucn1prod&policyAppName=opera-mtucn1prod&policyAppTenant=idcs-67322d8881824b13b3da16015007f9e2&idcs_app_resource_url=https%3A%2F%2Fmtucn1.oraclehospitality.us-ashburn-1.ocs.oraclecloud.com%2FOPERA9%2Fopera%2Foperacloud%2F%3FTPLNG%3DE&client_id=opera-mtucn1prod&IDCS_CG_ENC=true&enc=7fvymgsLm-bUAgAAmgIAABAgmgIAAIACAAAQAAipO--d0_6FF37UQanGMhigEb5T08PjxYQ_Xt8QMEdRyHniPelDqYvR7y92Fb53aI-D5SoGTUef3ZIxncx3hbja1CElQiAZ301FS1sw090VDGIOEXZcWmRwTAXV2l6Pt4InkSlG9ER8Rhs6oE52k6-LekxgifNwtDpk9QJUSigyQ2tkoif3d06Gd30yTdQS53ksgp7CClcbAgSO6ukJCVL7BlfPREHk0BYs5hzoYDG6mnKsTn3WyGvy42d4UhtQ1_bA1MpUcZTPPY8eApwqvjnbWZQy8YVOjBtqk21cVJ9NCx5C1LWHyetQv1KH7iMlpBz9m26Ew-gHTD4rFSEAtr0UmnK2OMojfAsTud3pA5Apy_mkGXRdC4WJ8Kn980a2F4GsqnJP5nBLtUKG9C5tXoeAONUOVyYxZ9V_7eJN32jtk4mIS78WnpLcuQHepSx6MAifEjQCjn4zBUJ45TmUfl3LKEMTmsHSotMWPDQP6oR2tXj74HhyZcB1_O1d-UpJ6dD29etF8meTwynd9IclsQl8TJNZ-e7OkN0EhmA4_nnF5xhxYxJtONQckoahE1eHnbZgyWq5UiHsehtsxgui_wU9ojw-qc8vANX8LhbYfVjC13D46BREIPHiulmml94pLVaAI13hjrsNVU3Mf6XmMNaXQNlaZDJtCVpqdUqdeDJ6PiFQk2fNbKYGJkvx9_2Lhzl_j1ydwShSEWqJhAPE8tFEE43ioqe0zc5m0IDD6K8L2Cf8PCfXunCTAXR7_DqKw-J05csGCzSDh319elKwKZ7Ht_bV5uMRhBdoXWrUtQ2L_4Aeg3_I-bpu0khIwHEJ2fvADDy1bQVO4aj47-XdjFz6mJm2h8DkNYxI5l8mzKU8FNz9o9jwvRDnc91zKUWRsQVbLAnLkJF_ZZpU3R6M_7AkpsiiDPveJ1bnN5JrwNXU,Login - OPERA Cloud,1
2025-05-28 16:28:38,https://hu05-ssd-ohs.oracleindustry.com/oamfed/idp/samlv20?SAMLRequest=hVPRbuIwEPyVyH1O7DhAg0WoKKh36ODKFXpC92Zsh1hKbC7rlPL3daCR2ofSN2s1Mzuzux7dvVZl8KJq0NZkKI4ICpQRVmqzz9Dz5iFMUQCOG8lLa1SGTgrQ3XgEvCoPbNK4wjyp%2F40CF3ghA%2By1T0iGmtowy0EDM7xSwJxg68lywWhE2KG2uS59kTtX613jFNt6EuoEQGeocO7AMD4ej9ExiWy9x5SQGG%2BXi7UoVMVDbVpTQnWs1s%2F1thxA1c6n7Cg%2B5peNSA97kEfcdGgJev8FnGAybOEt5OajocO3g3BW2BIFq%2FfXvTaXwV%2Bj7S4gYD83m1W4elxvUPBga6HO28hQzkvwc5n5nWjD3XmvrW%2FwxouG9EMAGdoCvH0uSuXVGnD1KRK2wpZXuZJYywNuA7xQv5Y5QKPm53m7DFFC%2B6EXoekmHjCasmT4DwV%2FuwOi7QHNZxnSMlzJdZHmU7m9bxYw%2FbHY%2F1pWyZ%2Bn58dGhOhyQuwsXrf%2BK%2B6u524rXjU%2FQ%2F32nHYnNO6SaSkgHNwmlMo0TeOU9nZxskskjwck9ud1mw8VjbS88N6zi9I2sg3Oer0E%2B%2BQj%2FMFVd%2BW%2FfeP5bGVLLU7BpCztcVor7vxncHWjEB5fWJ%2B%2Fw%2FgN&RelayState=FbcN&SigAlg=http%3A%2F%2Fwww.w3.org%2F2001%2F04%2Fxmldsig-more%23rsa-sha256&Signature=InPSoDuvFmV9KBs%2BPg43loXNSvRpx2EoI1hjYxOEaxjiAfZ8bMsFCiDYwQ34hcDlxfpJBj%2Fln5l5f%2FUiijZIZ%2B67XmGTI7ZbjT2gAu8xqae8aeVa6VB531vYV3mgmuccAT5Kv3t4KAQ0X2%2BNhm9%2FZ%2F9t0urM1UAUK5Ifx%2FxXWJsX%2BYRPHNtIju972GSwbk6j1u6ge1gpumSzjUI54OZJGk5ChYR3QSuzZSlc%2Fr2Uxv7ruA%2Be%2F8BadSAGfG9kqa7K1mryVbZLPj1YD7lXNun5udiQrO4W0jEElCoYIdy%2FPw0W1EtlXDpwIiu6L3ZUXidPu7YGk%2FoF7wiyMUOyCQ9%2FyQ%3D%3D,Login - OPERA Cloud,1
2025-05-28 16:28:33,https://login.oci.oraclecloud.com/v1/logout?nonce=7eaa29d9-3149-458c-b5c6-a64f8055c57b&domain=hgbuiad02prod&domain_ocid=ocid1.domain.oc1..aaaaaaaacuigpodhvv6maozhy6he64rmuhkw7ytdcuyelxll4fkpkuod6mxa&tenant=hgbucloud01&domain_stripe_url=https%3A%2F%2Fidcs-67322d8881824b13b3da16015007f9e2.identity.oraclecloud.com%3A443,Oracle Cloud Infrastructure | Sign Out,1
2025-05-28 16:28:32,https://mtucn1.oraclehospitality.us-ashburn-1.ocs.oraclecloud.com/cloudgate/logout.html?postlogouturl=https://mtucn1.oraclehospitality.us-ashburn-1.ocs.oraclecloud.com/OPERA9/opera/operacloud/?TPLNG=E&TPFLSCRN=Y&_afrRedirect=116270215735139,,1
2025-05-28 16:28:32,https://idcs-67322d8881824b13b3da16015007f9e2.identity.oraclecloud.com/oauth2/v1/userlogout?IDCS_CLIENT_TENANT=idcs-67322d8881824b13b3da16015007f9e2&X-HOST-IDENTIFIER-NAME=mtucn1.oraclehospitality.us-ashburn-1.ocs.oraclecloud.com&IDCS_SESSION_ID=62e08b3f6a9f4ca6b6b1a9da2e0e1e23%3A8df87a&IDCS_CG_ENC_VER=v2&client_id=opera-mtucn1prod&method=encrypt&IDCS_CG_ENC=true&token=rkhjKeoAgJoECgAAygkAABAgygkAALAJAAAQAMIN65ujTjKP6x2abFRfS5iDKdIlGOEBn17bEUIJxYp90q5lpF69y_G_qXoZg49TYT33RPqDUP4aDn3FzWq6S_PhFwZMo-_vrvPEastNLpeM_ddnomYioRi1Kid2WGa7ITr6VvrqSHUpafS6TZ13ZL6JoRLl2t5g1i7451_5efp7L4za7RmRWXu4z078HUTn4x1vZIT1wxgCr_rVWCzFa8sPpoeVCdIOXS5DdCZEn3Lr7LIRUBc1Ko1Ak19t3nOaVfJFnw-yORikybrThriBmV6gyFxq4Xd8V_WNfr-ilLdaJ9tTWK0GorBXLZPByxIBtsBfMJPsyYU4t-sY-rW-QCAciGFFwHqmV1Ypc0ICbehI63g6eNPjCgbJJNaXiJEI65WWXZFPGapqAif_fqLAsc2RG2ueHyeyGlNnsxyBXPBYpnZposmbZ6aezfr6g1EyJELjeE7yLM9UczUp4vky-VgLHgiKztCYGdQeKbs7xUwN3SD3gWaCO-bUuPUdacW_henOs5DkfuVhI1WqOxtwvEYb0rkKGq2tjchZ0NHBEAzcH2vemYqdm9DjBjNNG-igz9pI9poEcuriIKkXGDL1IYP8XND3sb_DjKFoHuZRFc3gcz6iRVqW1hUriQo66enVe_QsqKE4dVOxOFxA11_r0Bd18xJIDCFku18fsJA75UHo2b4gGPCf7oM_pQXKcGP5--ejT-79f4IK1XpUkYR4X17nlszM9PbTudIPVswTd-hd9frdshThd5tMX8PF8RmJSHVPmXU96G4Y83B1Q2Dd-oWst6Uoy_RaDVAzZ9yWbttvH_B_kSiQNNcibab2pTcLyleO4vXhL2kswuavihrtcxZba1EwL5vZ_iGsawCh7oO2YtS18VLeEAvKKtj5yqtXWRvXbeoGTu1Bzso7j6JmSNEz0khibCWpzKz-S5msCkAFvFUxCBZugqjM2yCDFjyCwntw-j4g9w3OfBnb5zBJ8j2vQ6aX2xCQ1JC2C4OS6tZTI_ZxPBjd9h4nMBOXG_UXAqjKY1TR1noWKyVyUSKLukScZ0EG-_SOAlyspIbyYSX1Jj_ZDghNIk_2uIXCdsbdkdx01nbUb74OtWBCbCvjM4b_7E9uTpMNpdk2M8yk_IRkR8qjS3Bbhpr51cTAiHUVGGCTeAO8BSJCQnmpTausTFgKZ_a6_tqhpjiViD5HQcFs_a5I7Whev8_sdZ5qFScNYSQandIAFZKJ55gxr13rjIceNTKPzQF46TA8vtTcu236G5eZ_0SlUIiEu2lCKULlR8r9OFHi3Z_iIyIsq8CprxOhftUuP5qOJ4c_X1eJfWn1K0D6p3jE5ghMMDGfkEa5RhhdmIFkl4jKz1YNLose-6K0d_EKuBvymasDZnQGVN3GYT-A2klkmDZojCUh10nJqa-8jkKsvmTMe6Y8RzMCedP13_dv1vbhi_-NJwFBFHmf5PmBsN4_-GjyXQMqMdXXbFOqcx2tXlyVfGohVkhnB80tOpx2jFw7Cg3TUDZgI-aZtuvo7qUyivwsVK4MEoJY5MPHr66FgViq03VdfThN-ICwj7LE0XwLZArLRyzQRKg6OQ25_qhdGjBehQbo8Tjt5a3t-vYyxrotgFGkGfWTyM0seLAknTJfuHQcmBUrfh7zAZ4xrt_U_zR7rhio554aC8K1A4yLIpoJkwU8vIjRYYU-afhs8mHv0fD0Y9yQD3u2jsMPB_SD9tTE6xl40OLyiL91CIB_rjV87UGt1gLw-XYuyDnn06wekDQ9811a35e-xI0t1eUSVqkGTui_mO40YdeUIqJZL5a3rpmEOEgOnYFOutysCM3GlKbTAf59YC1IkGNMj0pxccvR4L2eLSBzKFlb6ODvH35Fne4Tcb-xjKetzNEjpqx78pjrBxBxymVNWIrA32nnZMYEHnIutBwPdD3mRix4XuMff2TQy85n5BjdTnQ6CNl4Yc_MPaGhyKoSq3dhOVA-tdvHg0RQNRyECiL_Rpd_ZenroOwRF58mR_RcG-dHDBw-1dc60z4VmGCPgWoRRMy01-bES_YHwYHCj_WPrbjZnbJfsz2PIOsoHRI21xx7FU0pAWoZrFifV9lWP_ayGpraNVlKH6VWgdzgoUqb1fEoHhHk2jsGpRtwq7mhefb71AwL49q8uOGRrnIE_qN1qOw-BHw-rW1oUTaTuEAc0Qq5bas1KEyRQrxnH8rnPeZUsMjlmLSEWVxmnKshq4ICmEUmruw7KCbA2sgNJfa5NvSSBwJMTJuRM-miY9GkYbHlj9JHwyfk-uwxgV4mhmhD2NSkMGoz42Dn2Y4dtnTBg1wSmd1QGB5aZW7WzS5Rpp55tq5nZFWkkxlMhe3WNIOhrOoLzBUD7pibBHTEMiHpxhhhDwvocMEbMWikqWorc1vtr7uLAMXf5y4w51VQjxccK5tiE3fbMuA-w9ep3OSAFaw2LeYnjIPwv65BCDKYZbRI1re0DlaFLPNSefHijUXb5-xKMHVTZ3EixK9sTYIxks6Byq88Jm5QqgR93CUTZ5rGUtsACI-chx0s0aNt-unhxIeSeLgqvF9p4DTn9CwN04bfo9mweKM1F8eeVRSH4iVbwNjpgnXnxJvl1iy8D_s6sqg8ye-irJUZExMGjG-S-_OJYLUM9Ka_oCfhu7g8oLcUmAINzUIT0HrxXdYr0qtJzLpgA80XCRlO5GN_lFbKsQ9oHcJlafTh28I0IFEN7Zsj5NuQHyA3vzN3T4c7fk3f34yK5r9be7IuPm2jjFlTzDZvgMnLCkMgAT2qag0x5MGJ6FfFtVJu56ZtUgF8yHC6ddrJytL41vc3yPZ7pv3oIG4pk_54O0IiGHGxw4NHAPJ6gOs-_XBBQDwYSEWwx_A-epbGmRj8HzQh5L8h2MNKBoH0bPpLr1T7Ty7q5bvEvING7s2ZBOOMsniPjJLqc9nvOEl3wRx2uSW6f_jQzfj7vAA97wdWxMHxYfB3Oe7-nG0c9KCea_3wV7Q73FZCx-4QiVGuBn7jgNQ7veSw2voFpv4owJAwBAkiwRjnfNzdG4SoOLI6qngsjjeHMabmsL7but1ZJJhYW8Iz_IqXtSyLgTxE7dGmdBY1dbIx55pvojuHcfEr3f6LZsRPOT6aMDfqkSE7yNDCtQKI60En1HKEWc6OSueqMw3knYtGFOYu5at3HKfW_U_mSpD-owVemRXwrPPyNuk0fSKgmwgGQ02xHL_0hiq-ff-Q8bxS9gzeZkR_821wRsRm2FVOl0eSnZ1hu1c1p3BwYJoLnp_MDghJISr5qRbQ7TrOYbmR9RRD4ynSyRUVnMnT-hStduHlMX7uUb8IwOkHIsvT28GhzoUQDsRCM0SXkyrnU9hUrrCSUt20wUzHbHnilIqRy91WJRmFKtfLIWqAvR22IzT2OA,,1
2025-05-28 16:13:59,https://mtucn1.oraclehospitality.us-ashburn-1.ocs.oraclecloud.com/OPERA9/opera/operacloud/faces/opera-cloud-index/OperaCloud?_afrRedirect=115396293428772&_afrPage=1,OPERA Cloud,1
2025-05-28 16:13:49,https://mtucn1.oraclehospitality.us-ashburn-1.ocs.oraclecloud.com/OPERA9/opera/operacloud/faces/adf.task-flow?adf.tfId=opera-cloud-index&adf.tfDoc=/WEB-INF/taskflows/opera-cloud-index.xml&_afrLoop=115386370232122&_afrWindowMode=2&Adf-Window-Id=w1augbiwf0c&_afrFS=16&_afrMT=screen&_afrMFW=1058&_afrMFH=1460&_afrMFDW=960&_afrMFDH=1440&_afrMFC=8&_afrMFCI=0&_afrMFM=0&_afrMFR=172&_afrMFG=0&_afrMFS=0&_afrMFO=1,Initializing Application,1
2025-05-28 16:13:46,https://idcs-67322d8881824b13b3da16015007f9e2.identity.oraclecloud.com/sso/v1/user/callback/login?nonce=9b07480b-5f20-4ae6-af3c-8ed16433c332,Submit This Form,1
2025-05-28 16:13:46,https://idcs-67322d8881824b13b3da16015007f9e2.identity.oraclecloud.com/oauth2/v1/consent?OCIS_REQ=PHYCkS6m%2FzoIf2eUve55c9%2BIlh1dm6jbQYTHsMSLLsCuQkr85%2BMuOBKCc1FnWFtIjLljQ4jnkMz1KQQzD7Tvf1i5rRzE2lmgncS%2Fo8EoXba0hwM%2FwfcUXbsr40WZ0aAPlFpq8ZE3HKZCkhCUh0Ro9aqs6ptxZBVvJQ%2F6rSfh77ZTO96G6PxiKdKK4ZjWNixVQ8HYWRyAd233%2B4ZXa2byD1SlfWA6hsxF7whaITX4OZBpJK7VgoVk86pKWX0bgNpIsD1oYBvF7EJpubj1EG%2B%2BQxuHSH5fhW3MpHo%2BLWUfawtM3tpZgkVimlg4D7XCMFCAAZ8OGvZG9kNLXO%2FDcsOiMeqIM2Qcq1I6BJdou4dB4kD03rI6rMaPVUsY4gyri7ElTW3L%2FOSYXSyMjJdY3BBO6E%2BCFnZ9yNg7OZLUvPIrCBDDYwKy1394LGjI9pTk7JLZifwZAwDh4W%2FsOxmbbwRCS%2BXFqYMOh4pQSf%2BjGHRfhFIl1TItFJVD%2B5tEE6BVvg9r4tCbPM%2Bruhv4hCMCq0mQNIfmqFpOtNJLuqT7de5p0QQ067%2BLiHUjJRkSa8j3lzUD9hcKStwx43RVgmhumCFjk%2FJWy0v0nzEsGxF6Kg%2B5x2JmfdQ%2F3X66LgJhGkD2dlXyYpf%2FbpILSo%2BLfWSDOjgAywymiEnw1gNKtLmdaSgJp9nKR8ZCKJPKgGzUf9ma0c2DnegO7VEWEhwkRNz2W11%2FDqcbLsTGnKSDb3BEoE2OkoW0tG9Lkg2h252noLb49scC0VhTXuEWbNsCuy%2BFmv4UZ87c7k0BkfG6PG9yek4cg%2FTT6yisoFL4LQdLFn3WNpanmD1Icxd1He3vZGSwO%2Bh7a6GVDvkhQrzjYoqLcKiZ9y8jqG5bHGHSYdh7DTh8nn58ooV1wxsZtGgU44Bdn0gOIVw0fboxbPTFWhx6vzFhOdLVZ79H1GmP5aaiOZ1cD2PLJ3qKOk%2FU0uItuBVdaY0rIWsmHLI5bXSaae3IDJx4hHWwS0ruUDznR%2FoCyhQmhf%2BgW%2FwcUaIdsig8LvA8rwJISfpEyuCnjvhw1p3o7UHJPWoAFbHIfHVViuRN1jwb%2FeF6JgdM7lDrOm3mvEqDmzIlRGm37srodgDErLz8iR8aRJgFgTs%2Bqox0ozNmCV8va%2B5dbRQ2Lzm5X2Gu6kbFz2WL%2Fu3av9vWzI05a9kcNieqqnw4pLu3Zy1XRLoHz7xRaGS5wl8kkFO6D1wqMNsIZB6T9vxn0WUZk9nOrwJCYEBpIttl7001ObuCZTCiHKnrcxGlT%2F5zb4d51X9D80Uc9g%2Be1gu1DHPjL%2FSpA4ZH68KsS66BLYawAmMIgihVCY%2FjfO74m%2BQUUXVE18e6AwMURRP7njSfIi0ZdjCGjuff2r%2BoMJ6YZgchsqil27PZVElezHH%2BLHz0PTTH2GVat0emnKRg1kyzHAH2CJeJy633lKmUfJWErWJUAJZkDUu6LQMwbCwYzERdmmmrA2TP5c3dPgxhd9IW%2Bc7uhyynIiI0j7sE7hnYWg3hFNrrliikc4B5ZNGG5Retj3yTgFKmLLsdcqmyNq62NnfXlFczwBKVZ%2Bs9qYP4DjBOpTe1u4%2BB7XIpMvcGFFwVPQdIJ4%2FngTEgiLx15lnwG9YbZ2J5C0AS6uSvBILsYOg94kLUW98ElXYqHoXIYPeNVvxWfwhxY8bofwyd2pNa035bpC4OtSXPYIBP3ZE%2BExyyg8cJRDfpoLJ2pY%2B1RyZSySo%2FA%2F1Rjc%2B0YQT9zzshQxeWxlK7aal85kBEgjLDuRMH4zSCF1zw3l4JzkVpn4qiNT1j1HSc53iHtxpfhmwHsORlbGS0dfbYDSWKOXnARE%2B9cHr7c4muYUA2HyziX0cOYKrqVWt6KqDd4s5Bm10%2FD0GiZ3%2FGpYeu939ifBsKbb7j02TqNy2voAqW8A0IUj6B5jsi51NmWs2RMqRG4sIWpY4FQIhIntlDZTgBCykmh53iri4PRoVsqLKnBedhc3KwF82rZXAbsL5KWv86n0pYXQmsThm39gIaPnaZTTvCSkyOsyOdloOcKC543rQu5R%2FsAHdrz%2F6u9vBc3mLTCh5oW%2Bk33SAw25r8k0ktWV%2FuwmSGMvIdc9AbAGx6OqIlYIx9H7sBzd52MZpJt3NuFMKS6Cq8fQbxM2yPajycmHTPX1dY2vs6LEbkP5VwBFlrSDKx1QIxZq15%2FqeF%2Bhn7BMA3taivQKAEPQgoFSJnoGj5%2FvSHFHOXtS6ecVTs6peGPGcrhlVRZY4n42AlW5cUUZxiCwSLF9XE2xeyFWUChZzUojYeQxhZD2LFke1rifdAa1B71sdx58uUEzixOTNy3AYgYgS9Jfie9Mm6gxjmHX66Ts%2B3j8ICuTKGJaBzCdr5EwHWARKuceWW9cPIqtT7muZQa12wdwu%2FQ8VWU1r%2Fq25QHRjdUINZU2X0jBjIq4ldftThKO2xT3JBUMsMvDYXB615%2FTA0ekMuAa%2BtidfMMjhcmMRpGRoyg%2FbiDqdNbF2WxnMwz3Kx7fMCEpkFEEWkivrMG0uJphJZA9n%2FWR2QAxla7AYHIw0jGwSFT8IBrac1mFuUCA76%2FuOAqypX%2F%2Be7EvzNsfPjn5MVoep2heN9JyaKxofnTfoPu9gnNEJQbBLrJ%2F9J153L6q5FWnyvaCIQiM4TjlrGo4ZJzo45go3%2F6RRk%2F4qNJuiPG1tO%2BZdu1ivwPI0qLiFR0A2hsV7owYyCrSQ5s8M6ujvwpfdcp%2FYffNV4c0VJrPZ1JSfKq5v6onImciv%2FRDtlD%2Brpzx10QK7EZg3BaAaL82%2B0BlUhbN%2FB%2BfITQjShdrZFTlzO%2BOxth06XE%2BCeeUdNGj8oNiS9jhNGjSrQjdNFMZBa1ofSaGZ8vPSDk6p%2Fj1KlFfrfqslPdPkK7Bqeia3KebXaUoJzsvv3HeNZqiU4Ks5eh%2Fmbmagm3kenMKonzuEFYgWs5ARnMfl3%2Brt1aM9T%2B9i3763np9iz0uTvUnJHgGC9EY6Ijxdpc2mg%2Fb7s9enJ%2FwnnNpco3%2BXk6PzkXHczNIPQW2rdoJlapxq1ULdY7pflIps1cCweTUWWzfclDyVJ2ieyEvpzsXSI%2B8QbBAZT%2B3%2BTxqWL1hB8PwK4KX8pZhrG3uywnpau9m2jgJ7Bm%2BudkQtQuRGGBwUa33%2BAMATPyGCn6DF69GoN5RE%2FmkOCV13vYrpb%2FyCMA7VemRbQyfmpjwV0GK77Sr1TBxqmQkRXcn1Db3s8B9hNq5OIL7Ovei4QzTN4oN4C30CKiG%2BRYThyz4%2FJyL5pUzNNy9h4ari9ucP%2FLGt06jjfvtBrZC5l66xIBngLbEXA15qcmpBHLpwRizaatKp9lkrA8R%2Fde6tYsY6WNy8imbewsfAaXhah0iIe6DR4neZse1XW0L9fGX5uOArU7BF8e%2F5Wj2Iqz%2F8CR1TL8imlUXR3qFlk3CZFbids568wW5hO0q0i6pzt3APB28ecRgUwiLDRegAQAAP57JAr%2BSOSGagHfwd7Aa3q4aOKubyhjwffZe3foigv1IU7BbM6AcKMQvMfPQbhON3rl2JBrNXsPBXDH%2Fb%2FaqV79Vup2fYOhk0RxxMkhAO0NV3evvUJGA%2FuYHFdZc6vulk6gO2TymPenU9feEtLI1T6aO2KQqmSfLjmHIsYs5ePcVggYEosws%2BvdvaoEmVAll0%2BzN%2BmqdpsXhF6Truu4%2B7zIUEj%2F%2F5xScClTYQshDONLYStO3yvIVodulta9gmwSxE0ZmoMmXIE3uOpliSW7xNUrI0Y8ruppZYoLmVvWbiVQOJPmEDUpV499qcVpX7nzt64ZodHDk3taG4XhJ%2B%2FToArSPI3GKjeKDO81QfnmGdQpe9wBm87j8YitsNBcPNSqGeuoZqLNTLo7zqmg%2Fn%2BKmHRu%2FK2AoGlyTrh0DHBg6P8n1GzR2SqVuTGNM5jZNmOHR9JFVrEq7%2BkhFOJLRSaFB4TnF10TCnGHZ3kQARzzMm0KF2r2JLHR246%2FzyiyPRAaZGqDmiclDgiE%2Fzzltkgq6bJv009pT5Ugrb8fgZngGVmikbRW5HUkDPlZIxzzEfUctSLXW6El0KDKhSFDVjAs67aWKtafVwygCe8zm2%2BxslLjQELI%2FI8QPtoKxz8Y5cV9kn7qCg8GFHNv5khEt%2Fiffo3PsN6Z%2FeP19vmhkRP6x7X3OdfW5lL%2FMkVLCsvZ1D7l70ZQJ4jI1qVSFGm32YUSI4K3nzenX7wU%2BnpXnA%7EmmSDEyzfPi%2BZyro8SfJ3zO0qM5xhG1AswA9jZvvwtjg,Submit This Form,1
2025-05-28 16:13:45,https://login.oci.oraclecloud.com/v2/storeLoginInfo?redirect_uri=aHR0cHM6Ly9pZGNzLTY3MzIyZDg4ODE4MjRiMTNiM2RhMTYwMTUwMDdmOWUyLmlkZW50aXR5Lm9yYWNsZWNsb3VkLmNvbTo0NDMvc3NvL3YxL3VzZXIvY2FsbGJhY2svbG9naW4_bm9uY2U9OWIwNzQ4MGItNWYyMC00YWU2LWFmM2MtOGVkMTY0MzNjMzMy&access_info=eyJraWQiOiJTSUdOSU5HX0tFWSIsImFsZyI6IlJTMjU2In0.eyJkb21haW5faWQiOiJvY2lkMS5kb21haW4ub2MxLi5hYWFhYWFhYWN1aWdwb2RodnY2bWFvemh5NmhlNjRybXVoa3c3eXRkY3V5ZWx4bGw0Zmtwa3VvZDZteGEiLCJkb21haW4iOiJoZ2J1aWFkMDJwcm9kIiwiZXhwIjoxNzQ4NDQ4ODM1OTg1LCJpYXQiOjE3NDg0NDg4MjU5ODUsImFjY291bnQiOiJoZ2J1Y2xvdWQwMSIsInVzZXJuYW1lIjoiS1NUT0tFUyJ9.XtrRSij19pqQUSpmzdsuPpMzQArwR-as0S6130qn4FVF5lNkrNXrmTCjee_FK3VXLPlzNuM_6rjSLMBWWrfDciB9lu_v7UWV_OpFAB8qiho8XXl-pb3UMMYLdrk2wUGP0BwfHIlSpD6hMoHNqIzR3v7gnk9uHb-SNM_sfRSwhod1npItXLDZ4SkDaw3N73XqswwetYjJvV9P6MFCtxhMgXOuOdHRv2igOa53i9X8HJ5TRgkO0b8SDJEwzObEmXTCm0DkBnuoKRPXWXo2fXPw8Qru5yIBzvshq2AfdLsPx9nMjQUJH8hjasmigzIETlyBogOO8lTh1AndRSQp-1vqLw&is_paas_login=true,Submit This Form,1
2025-05-28 16:13:43,https://idcs-67322d8881824b13b3da16015007f9e2.identity.oraclecloud.com/oauth2/v1/authorize?response_mode=form_post&response_type=id_token&scope=openid&IDCS_CG_ENC_VER=v2&state=u8tzuR0O0Uyoe1FMewyyri8uX7V_t0q94bOIMdIyD1s&nonce=kUfCNgD9unSk4NGYhERnHLIRgGuHvXem1Fh7fTdTpVQ&IDCS_IS_CLOUDGATE=true&X-HOST-IDENTIFIER-NAME=mtucn1.oraclehospitality.us-ashburn-1.ocs.oraclecloud.com&idcs_app_name=opera-mtucn1prod&policyAppName=opera-mtucn1prod&policyAppTenant=idcs-67322d8881824b13b3da16015007f9e2&idcs_app_resource_url=https%3A%2F%2Fmtucn1.oraclehospitality.us-ashburn-1.ocs.oraclecloud.com%2FOPERA9%2Fopera%2Foperacloud%2Ffaces%2Fopera-cloud-index%2FOperaCloud&client_id=opera-mtucn1prod&IDCS_CG_ENC=true&enc=ITHiC_8XHsHwAgAAtgIAABAgtgIAAJwCAAAQAO3p0ZfiDV1m_GYxUkr25cmMVA55VNk0MV_teJnUhnfp56Gdk3erBvn_cHjbhWGW0TcFnOwCoEkc5Vwe4OmMpOu8mq7pMqqoWzJz4kHUlaqplkEMxesvXmThQKKuEAZRG62SV5GW3GSg141MRm1ZnRLg1_MhsOgvd8hr1_t5jU7PJgxW1YRFwarTpDqHC7j4dLJHgXunqxRpfTMP-q3LAYoOd4OvKHPBjxpAoI-Brgl15Y-5fPYXMe2mnHXG7FrhGYdSvgduvajc42TKzLRrJOqFIT7cB35u_fS3sH9K4_7teuoASQOlYRmbfVMKN3lxPSlYR5JUu5Jd6RCBRyr0BahfSeh5VrNfWzVVbWsRq0N88cBoja8RarkSqPdnVY9zMnQdKUS96ltN80Xn8tn_eZWhpR7FI8i7oV8kHxvpgpwLpjb_voMZLydNqSjcNk7N7oDZA88aPeliYzr8IKbZqLaFh5TTc75tdo9rw6-5ycecH7pw-o7KdQXdhJLnpKRmdOSZN_84a1h2QEi1xXhDbj1NG083Th1fhVxD_4jdu9Tcv2pV3eMymqVcmQjZfkJFRMN0MR1dka-TsBFkGiyPAYPvYzNOsrJdw2OlsSX0NxffBk9Ix78kvT-1TpdcTBTfQ5aZAqP-MT9TSOWZ3g1KHDBFVZrzUgosgV1iK05I-avnWUsEDSg5obJpOo3QRMbT6aYAFvtR_9W8GPda7CZ8lDGQRbSOMLsgMeYgYVKxwkqzTw_pcPfqJ9GO3qcemgUVwCOdu-G-JVqpYCaHz88BVh2T6UHgFW9oMEmqddjIERsaNz-HCDUEKX10mCIlbIku19dJClKR8I1wpZluUyzvsnAjg0Xgk4SmMuuV7c8v3bcW-Vt43CgBhuBs6A0lsib48OG9JVkPK3BRjLFYEH0hMX-6FBnoqk0tBUTxklx6nv3hWUIjARCQnngY3cZ-0-5RAPd_LLzCcwTfjUiE0A,Login - OPERA Cloud,1
2025-05-28 16:13:43,https://hu05-ssd-ohs.oracleindustry.com/oamfed/idp/samlv20?SAMLRequest=hVPRbtowFP2VyH1O7DgBUotQwVA3pNKiwqZ2byY2YM2xs1yHlH39HGik7qHszbo659xz7r0e372VOjjKGpQ1OYojggJpCiuU2efo%2B%2BY%2BzFAAjhvBtTUyRycJ6G4yBl7qik0bdzDP8ncjwQVeyAB7GxCSo6Y2zHJQwAwvJTBXsPV0%2BcBoRFhV253Svsidq9W2cZK9eBLqBUDl6OBcxTBu2zZqk8jWe0wJifHL8mFdHGTJQ2U6U4XsWZ2f6205gKydT9lTfMxPG5EUe5BH3PRoAWr%2FCZxgctvBO8jNR0PVfwfhbGE1Clbvr5kyl8Ffo20vIGDfNptVuHpab1Bwb%2BtCnreRox3X4Ocy9ztRhrvzXjvf4I0fGjIIAURoD%2BDt80JLr9aAq09RYUtsebmTAitR4S7Akfq1LAAauTjP2%2BWIEjoIvQjNNvGQxQlLk58o%2BNEfEO0OaDHPkRKh1NXy9fl19JWs%2BfHXn6eQr0azFOh0BiG6nBA7i9ed%2F5K767m7ilfdnaF%2Be065E5r0yZQoIByOEkpFlmVxRtNtnGwTweMhif15jXa3kkZKXHjv2QttG9EFZ2maYJ98jD%2B46q%2F80TdezFdWq%2BIUTLW27Zdacuc%2Fg6sbifDkwvr3O0z%2BAg%3D%3D&RelayState=MMqB&SigAlg=http%3A%2F%2Fwww.w3.org%2F2001%2F04%2Fxmldsig-more%23rsa-sha256&Signature=GAJBm8q7vsvq5dbMFiIXhm0Zpd5HqYRreUk4ri3p1wZul5YnIOavmXPyjJlulH6VNN7iVf6J9RTNlAQTKWbeeuH5emyoR6BE7hko4IqSpVaKA08FVuKt5OCMvyUsVpOpCz4L6PBNSLlr687hTPl8TDK3yfu5Hu12x4pFc%2BbNOKUC8XQkcvOWCla8aOy5L2Mn6QA0uIOyGr9vy4y6IaWEKb575f55v4xyadAjfQn7kp5s7%2Bacz2NN6M57OyRkj9IHoPIxNHAI6%2FNyP6Y8nnolfXaVOI7LkCYFmVznKviBO4xf7b%2BlkP6l5cujjl6neX5qXqLb8fYUKSxqJxVYN3XrIg%3D%3D,Login - OPERA Cloud,1
2025-05-28 16:10:49,https://mtucn1.oraclehospitality.us-ashburn-1.ocs.oraclecloud.com/OPERA9/opera/operacloud/faces/opera-cloud-index/OperaCloud?_afrRedirect=331363764679286&_afrPage=1,OPERA Cloud,1
2025-05-28 16:10:41,https://mtucn1.oraclehospitality.us-ashburn-1.ocs.oraclecloud.com/OPERA9/opera/operacloud/faces/adf.task-flow?adf.tfId=opera-cloud-index&adf.tfDoc=/WEB-INF/taskflows/opera-cloud-index.xml&_afrLoop=331354899973396&_afrWindowMode=2&Adf-Window-Id=w9wdwip8x5&_afrFS=16&_afrMT=screen&_afrMFW=1058&_afrMFH=1460&_afrMFDW=960&_afrMFDH=1440&_afrMFC=8&_afrMFCI=0&_afrMFM=0&_afrMFR=172&_afrMFG=0&_afrMFS=0&_afrMFO=1,Initializing Application,1
2025-05-28 16:10:39,https://idcs-67322d8881824b13b3da16015007f9e2.identity.oraclecloud.com/sso/v1/user/callback/login?nonce=41dc6c90-af4d-4e7e-ab12-d6aa502ebfd3,Submit This Form,1
2025-05-28 16:10:39,https://idcs-67322d8881824b13b3da16015007f9e2.identity.oraclecloud.com/oauth2/v1/consent?OCIS_REQ=Ok4Hd5cAxwDDXPdS9mUWnxAm%2B70a1wO73miRiuvE3R1ZbNOgUqrxWFPwIszZ8WToVIYIo7ppJWUHVQncX8pT6ZUF%2BUyh4D2RaGDEmu4%2BswhTsK3MwVmD1wPLejl41ENHIEKP6ZT4tOu22oCxwdC6N4xgxeVs3am4rdsgS51bRonkSIj%2FhDfO7jOvIY5h3H2mOPLrn4jH7IEsIDHxYpd1fTXAFL0jwzrNqF9hvciLZRKkEkgjoenL%2Bkh8k9ACoygJH7yMuzj5f%2BBT9Ioifx9dZZbO6AdfIvvonK1iOvOh5eBUSxxlEafvfdMkU9OwKEd4bpgQSkBF%2FoSOipm7rA9yYvjauwj1m%2FgEHiUxizprxsg3t%2BC5EXspUTBhEmdIqyIf5zGd5H9eVyxa3aHRSuyfffRW5JIYo81UDNZa50%2F8ImLFmKEt%2BPwFBRobfxvkgfZSG6rkgPW4Rb8zuCXeZE8D60yEz7GJddbffMVy1mx5xNXjlAJCnIVpBFyXcKql%2B5fgDi%2F3wD%2Bb70MCtBcWcODI0T6pMdMgToe2vhj5G581P9wzO3t7bIoCKh1NtNs6kgzsWZjbVZ5IFX5YcGwD5HqSOxWcZHuH4kzJX0ssM%2FwPOeN7E%2FGGzV2ROEoeLse9BbCDYxa1F%2FrHNBJ%2FGKAtaOMCVekrmR4tIJPt5NSVPOFqvEdGxPqJZ%2ByX9P9CFEnRASxEgVyZwmpvXqIn3TKXWRnoQZ4I%2FrmrHZkv8ZnyqsNo4F8uI%2FNICySiQLPlVYPDIEYks2%2FjOlVz0JVrNNw76I1yX9El07pV%2FK02lbXbQciZRQ26UVlZO9%2B8Cb4wgVswpvVxANeZC36%2Fhzz9%2FWm3KkdHJkGkSSHGJDjdASKbUd48lQ1NXnhNEjMHXNOALtbXc2beCzmScRPClCPX1aEnNLzNDH0DBfD2NeM%2F%2B0Va40P6PqAcnDQkhuitUDfTCLVskalXNqqKYdVvr0b%2F4cUlu0fXtDR8axr8e%2BxNC0PG%2Feop9VeflhpCSdt%2Ba9oxnynrqrSfa1P9NmohB7XwY%2FwZ6cR3kxNa%2BJ31rgPTdWQQG49tmgsw31trZ4hDA5OtY65zatcMnfMlgZ%2BCgUeZw3ot9Bs6SCtPidxbkXLTV76trSg6dmTG%2BgYiGa55ozMQrT2Si8HVUFppNYTOfzl%2FtADzwYBOxj9%2BNP4%2FLYY0mFW7F7agjayVdMlYnQ4WgORXLqtd1luKxZIfiWRZe93Bx3wTnBgcz1A%2B6Hd4mwp1vCK5Mif0TKfhXdVy4uzRex0bge5CTnk7X8gTVVkVEM8ksiBEQ%2BlNgzR2dHbTVWx7YlfB63VsFPYUFGDkuMXTm8l%2BhaXufv4Swq0tzhoUFjM2GoLgWt%2FC2KQNGSCjgW3P%2FURHz5yHyQfzUGR9zWsfAlDBwAq0YxKOsKlcnzV9zaL9YLCpLo6r3v0UBVxgHDfdHjgu29d8Q7GeldVp6ItLzsO7nuFrx1aTgxiccYCSMTMLAeTCZiAXP0lq4rbLwM74FkrWIGfvM7szJ2zgl1eCEW%2BB%2BJ7BCfuGy917dqECn5dwc3zby5vNaZArARvOUV3syG874n5DxNQ7DfHJH2kTahxBRsFsW8Qwr9LON2krD9gOcYcUUUVGwLMSGx%2F%2BSZS9G9cG0u3wSPp38XpBuESEnR%2FVBtAcMWkPj%2FzleRUx2YPXtFdteufjWAM0b%2BMPEEthnhlyF7%2FdlDUv4RzfOGPgDS6p91qmjPQwy1NiK4jdKfUsnDxsJNieWIQlP8b5auj45J%2FsGRTaHJ9I510PFdnGjJhZ04fa130o5aYzbyUwoaudJxop6S3VZlb%2B%2BQcBrwxYxO5NFEfJPz1cJL7GrQ7NubaGk781DPEm02egUeXQJzdn%2FV%2F621wnS5zJudQ7ktffpPSt0VzjJK61XH1PSWxL2xx1I9Qgk67CMib4ZJ2f%2BOkpW5q8b2%2BL9JnbFT3pO775dfCMc8RMD6QhhQIPEvSQrwuQEl2leYARtwuQMSanxjAq6s7evNMdM35hVM5SCBesFgnRWERS4knfZKcdi4UQLAqkUfS0eMJJAA1hbq5NCFXSQ9QxwCZalU1zjpfG1YsLoXbauTmrEbQHigeVJw4PTEZVdcg1TCe84WU4kYTUA4HgwPMHv%2F8fsC6AMKAMRHWrS1q8s2jL%2BVd5IJoquOJ7cya%2BLcWkUf1QvXB3NiVKY0CXxCs0ih3yoFqxobcuHaHuVu7wMpOkinwRG46yrDoyYleGqTRexUkaYmxUJM4NEGSVveYJfP2yGwGL9wOoLUzadBLlSOvJSxXrUdCptqFs8qvqpNJ4u4NK5ttpO2KUacGSEyvNBQNYzyWt9tupsQiAU%2BrKZS1sTbT8QqY01%2FGN9gqfy575EO0zULAu2Hr5sv4GHK%2Fh4Q53SUnT%2BCdBfdHVTmVhRfuyp7%2FVafY21H6QtSYdzFUePLSfeCHElRkgZx25X2ohuIhmHMlZ7U9c0eq1RFf43d2Gp1tQg4FwRvoyRnK9NWo7J5QEwCGT1gBKUJPexJViWozIHTL1s6TRFgY3DKLq0fOmBdxLDJ%2F49fcXRFfJhJbiq%2FmvHFwqv5G9oxEkoSUDTZSbNOwEcM9LAg5PSIRaML%2FSGGfRY5TUGIYa3ST1xO4XjVmFqBLotyFk7j743wZAAAcG%2FcmeBByXAhpnu5Eo%2FkDfB69eYciXyKhbIf0Qi30jMwOySyHoOH71DYI12JvstGXetVZ7XqepX90Kru7VeH%2FCFg%2B%2F9SPqorK6PmQ1y%2F%2BN1QgM82TsrJbqiMVVi0F2D9GYTK%2Fj8dPTSMhpZf8FGpWEdt%2BYRm8Utixb7f2uvqCCd%2FQPi5vix4FmS1UCZ6seZQV1Sr5xP39dxrFPP7oS3%2BJfqbpkF4kSKQxS4lJQGwkqSMENH%2BgAeAUY2Wlz353%2FFYA9i4KNafL%2Bj7irBuVFU4yG%2Bm2M4KywEc19h8xXOe2e3jnIFDux8SYg9cGlNV4MBXpcy0sybtouoJLZAE%2FRzzb6X%2F3MMul3uCHArm%2ByujlfyeFhqUHdj0kOWrl%2BQ9YNbTVpmacHLHEgwAsMLNP%2B9%2FA9yQx4KT6uULo%2FJp40Zn61uh0zKt%2BlZu%2FKhjYkhXQ6LW%2BLykU%2F5bH63r%2B6oSeH6X0MpT5iMkFfKnT5WBX8RPEW9oV4%2BSdmoo5yM%2FcJlVFDgsX1B6RojzjuLC4jzJyili%2BBC3PDrcNAG707CYac%2F4a78iJiebfWgZZJqCvGxQL9zJKsOdnVlOCUp45JRF9unDZs2GO89h0S%2F2eZZSBifYunPA%2BMfwEw5ya%2Bef4EBd8G%2FHjHu4Oxou79UzQfx%2B5G0RiX8DimlnZTRg0eXYwM3BnRdUvSAGnqWGo%2F%2Fm24h6pSxxh35Zx08MKgALy6XSaTkkGTxk6AGBHlRk98HJSY0m%2F%2FCP0MnAHYUnbPTqj7lPkSh31%2B5j8b3yc%2FuiJCQfMolC45hnWsQOSXVDCV72XzWzXmLAGs4XpJGNtIQoDYjgSYA1Z47ZIQ3VEk7%2BA%2BluB6YzcuSjFOGZi0bZVA4L3BL9FVxjUS8OuChLlSZmpZRWKg92AmAiFfymzbk%2BTaQLn3XDt%2FQH29bS3WNIJz0ZDQUkFHqQ%2FI3AlHLnKuAvXOH24IVwVj5EWphIuhVzK7RrxnwzFKud6yi2U71FWoXEPkKcpMWgX89RL9MiIa7GVLkSyDSRLKdMgsxYUzG82FbtTDHd7j9xbaik%2Br9xnFcQoPRYFtkG7Bd6jr7qtcjPdKNWqFRGewC%2BJ5DMScpv2aNQMZlCoG0yZ7qb%2FyjKF4Jh%2FKolSsCK042LmcmBqhBy87qHPQvqkwvf4bBsHU2qIUvwHTzVeOTL3VgDmQXOsvmqi1Vqgocg%2Fu3MLB3JovJGuAKcVQzO91gDjvk1izZRlUBhMHbV8IUnlvUljKQlF9lSM%2BQOT3NMBVUscwX1xKKwLx8K6dg3mn45Cl9VpIkGXj9XaEgy01HGI0%2FCDA0YaB7DeQqPFx%2B4qLVQqT5dQ68n3djtFy0PsooC6UCIy%2FJW%2BI3am7R9sb%2BqGYuvO%2FMwGnbA97bmxlx07FBCtGGXJedAnMmtina33erOa%2FClTCKgaf%2FgC3CaI7if0Apvf7zOWHsVwrUWx9d5o1J%2B%2FLXRX8hY0Ucw7V44YesGY33AhpU5E6g0SQh%2Bb%2FHxFNTFQs1DzwCCkOiPQk8iYzcx7kgvWzQPmGJLKEpCpzA2fDQzpy7VNUDjt50gLceV4%7EkLRmJ1RPUTwpORHyabgXXhkajL91RWKhtaYJfixUA7E,Submit This Form,1
2025-05-28 16:10:38,https://login.oci.oraclecloud.com/v2/storeLoginInfo?redirect_uri=aHR0cHM6Ly9pZGNzLTY3MzIyZDg4ODE4MjRiMTNiM2RhMTYwMTUwMDdmOWUyLmlkZW50aXR5Lm9yYWNsZWNsb3VkLmNvbTo0NDMvc3NvL3YxL3VzZXIvY2FsbGJhY2svbG9naW4_bm9uY2U9NDFkYzZjOTAtYWY0ZC00ZTdlLWFiMTItZDZhYTUwMmViZmQz&access_info=eyJraWQiOiJTSUdOSU5HX0tFWSIsImFsZyI6IlJTMjU2In0.eyJkb21haW5faWQiOiJvY2lkMS5kb21haW4ub2MxLi5hYWFhYWFhYWN1aWdwb2RodnY2bWFvemh5NmhlNjRybXVoa3c3eXRkY3V5ZWx4bGw0Zmtwa3VvZDZteGEiLCJkb21haW4iOiJoZ2J1aWFkMDJwcm9kIiwiZXhwIjoxNzQ4NDQ4NjQ4NzExLCJpYXQiOjE3NDg0NDg2Mzg3MTEsImFjY291bnQiOiJoZ2J1Y2xvdWQwMSIsInVzZXJuYW1lIjoiS1NUT0tFUyJ9.f6ZRcOiV-A9nV-u2woIsVIxsXqQSxtQq5Lqh9-I6M4ldA3ITd57zoL5l6SU8b0LjakqyqIVCDJorX-F232HwFNlcRLc2v8GV5YkM7eN94IruipfVF8Bun8VvL5PxdWPaSqJrn0QR72ApqOggvf-Rv_MCmkm-_1ch-z0lbV-SZfP9vea14_c1_0kNVdjT0mRprG3XbIuBXyjHT5LCTfsI92nqxG53hNVhNPWpEGUlBZcSm2Z1caGypT2XyXfOjMf-GMeuXSD3yp9gLclwHGQ2-YuYpSfAwxzdHFt7lnO0DsDXyMmnlORTM1Vr8fyjAytyJLEO9TeXwxfFIAG9ph5aHQ&is_paas_login=true,Submit This Form,1
2025-05-28 16:10:35,https://idcs-67322d8881824b13b3da16015007f9e2.identity.oraclecloud.com/oauth2/v1/authorize?response_mode=form_post&response_type=id_token&scope=openid&IDCS_CG_ENC_VER=v2&state=Uv26mA9K5lnRX3_RR-n0xv-jx_gVnITuEy91NtW7w-A&nonce=eO3Hu_bVtkvfwTyZDDZkHljCedmCpc3zM5DjRXjVV6w&IDCS_IS_CLOUDGATE=true&X-HOST-IDENTIFIER-NAME=mtucn1.oraclehospitality.us-ashburn-1.ocs.oraclecloud.com&idcs_app_name=opera-mtucn1prod&policyAppName=opera-mtucn1prod&policyAppTenant=idcs-67322d8881824b13b3da16015007f9e2&idcs_app_resource_url=https%3A%2F%2Fmtucn1.oraclehospitality.us-ashburn-1.ocs.oraclecloud.com%2FOPERA9%2Fopera%2Foperacloud%2Ffaces%2Fopera-cloud-index%2FOperaCloud&client_id=opera-mtucn1prod&IDCS_CG_ENC=true&enc=aS5Owz6BpxDwAgAAtgIAABAgtgIAAJwCAAAQAHoZ_IDgi_UgpvOzctx02c9XxmrVOHB9ev6YEyjfK180BEOOc_SKKwYwGA0_-CUQfQzgLW-BYl2iRwweM-cGgQyj9-RcRc5gKwl2cRrEbgIxSIu-WqeBwbvnrjMyKiy3ZE5eNoZKWwVcbJC-xBoYS9QAdKQb5d7VoRjsHATJkGNIuKx59RIpN4PPd8u05xmUTgQu8JaQS5WHdWQuwyWQJdrJeg4Cw02AgilPDqfAceA6UWJ6_svi9jgfcq38VTbtVEpvdAIFp469XWZ1LKWSTcxejX4PockQrsuicJY8-jn1Uzw0DKO96INW1laHESOVM9FseIDEs2VilnDyJtYjjpTpS2gfPVmFKQbUuGmzA4gUKtD_PTNOBkMA4WBipQXuUoM9bzFD29ow1aNbpn7kr0MUw7lU4vpHLrSZh86MAVJxTVjkXJiPM9o8KHbfA1mrfu7fM6qSlO7A9WrkDxS7XNyhiaC5jD2DVpeIcDuukTUEy6oax-Dn8nWcLaDxoWOBrsqM_qwgTIR5U27KM5BhnTXukfVQ67-kt4scZgrISNjRpBYkAnjFL6QsRUOqUNEceieb8i3Fu3y2aPzDc6_Hn81xlqeYhra86k6cXA0FSnSUaL7qJBOIdZK-A6indTTFhJ1WRo_1xJ9g5UjzHqoCfjmFZCF9wb-KXnJ-GO12xyhcmqxoua_WxpQxjz1BFr9OMMVHRTcufFtmKiTfirg_kq3g4IkH0BkAXQs3NOEgx_wdPQ86P0AEKNjp8CPTe8cHRlo_AOWX1WBtCXewqMvX4azhRj2yLspipYMDzWlW1HmJpwQNg1UsIteliWIRaDyuwAMqX3TkunmP2b7TMAC7MM4c9ZREkTqV6I52Zec3mWoPWvBvZRex4b68vMReQRtwwnx1rafkpU75fOVym4euDThMXwG8rRZ6PkHFB3rpTbb9P92ySFz_HAmBDxqK_PjVq4WOiG7TGbFglS8v8g,Login - OPERA Cloud,1
2025-05-28 16:10:35,https://hu05-ssd-ohs.oracleindustry.com/oamfed/idp/samlv20?SAMLRequest=hVPRbpswFP0V5D6DDSQptUKqdFHVbO2WLenU7c3YTrBkbMo1pdnXz4QidQ%2FN3qyrc849597r%2BfVrpYMX2YCyJkdxRFAgDbdCmUOOHne3YYYCcMwIpq2ROTpKQNeLObBK13TZutL8kM%2BtBBd4IQP0dUpIjtrGUMtAATWskkAdp9vlwz1NIkLrxu6V9kXmXKOK1kn65EloFACVo9K5mmLcdV3UpZFtDjghJMZPD%2FdbXsqKhcr0prgcWb2f820ZgGycTzlSfMwPG5EJ9iCPuBjRAtThAzjB5KqH95CL94bq%2Fw7CWW41CjZvrxtlhsGfoxUDCOjdbrcJN9%2B2OxTc2obL0zZytGca%2FFxWfifKMHfaa%2B8bvPGyJdMQQIS2BG%2BfcS29WguuOUbcVtiyai8FVqLGfYCXxK9lDdDK9WneLkcJSaahF0myXTyjMaHp7DcKfo4HlPQHtF7lSImw%2BFJ%2FN%2FWz3j7yO27%2BhLyb%2FSqz4kZ%2FXodoOCF6Em96%2FxVz53P3Fa%2B6P0H99pxyR7QYkynBIZxdpkkisiyLs2RSxGmRChbPSOzP63J%2FJZNIiYH3lp1r24o%2BOJ1MUuyTz%2FE7V%2BOVf%2FWN16uN1Yofg6XWtvvUSOb8Z3BNKxFeDKx%2Fv8PiLw%3D%3D&RelayState=ZSBO&SigAlg=http%3A%2F%2Fwww.w3.org%2F2001%2F04%2Fxmldsig-more%23rsa-sha256&Signature=etbk1XGx0QGSs6nOfkrpZ8P9l1COEwSwY%2FCEDNuaR8NWGUJ3RsI5eAYlk%2BD4CSacg1%2FgQNvDqYDCntuHLeE0CxkWj%2F3aJPmrv5wJ2amUnXSxVmOeByFzM%2B3Y8%2ByL45H4GwYYVgghyHI8b87kaBZbM738vxsgmuNpIZXIf6IqNpcT22Yxs1M6K7Of9a2h90Z1xsZQr6YZKMTcb04n%2F21LxYkHp911a%2BjrJzR4ypR7l%2BEZHmytlry4D4Oki5GYzgGLetTFcS%2F9Zu5vz9wINpsOzH3HLEdIeSehKLqQJHcvwa4zWbrdNsthlGB1vpFKUYesdYrUDtXkU6pnonarTjpNFQ%3D%3D,Login - OPERA Cloud,1
2025-05-28 16:10:20,https://hu05-ssd-ohs.oracleindustry.com/oamfed/idp/samlv20?SAMLRequest=hVPRbuIwEPyVyH1O7DhQUotQwSFUpPYOHempujcTO8RSYue8Dil%2Ffw40Uu%2Bh3Ju1mpmd2V3PH9%2BbOjhJC8roDMURQYHUhRFKHzP0mm%2FCFAXguBa8Nlpm6CwBPS7mwJu6ZcvOVfqn%2FNNJcIEX0sDep4RkqLOaGQ4KmOaNBOYKtl%2B%2BPDMaEdZaU6raF7lzVh06J9mbJ6FRAFSGKudahnHf91GfRMYeMSUkxm8vz%2Fuikg0PlR5MFXJkDX5ut%2BUA0jqfcqT4mF82IhPsQR5xN6IFqOMXcILJwwAfIHefDbX%2FHYQzhalRsPt4rZS%2BDv4W7XAFAXvK8124%2B7HPUbAxtpCXbWSo5DX4uaz9TpTm7rLXwTd441VHpiGACE0F3j4vaunVOnD2HBWmwYY3pRRYiRYPAU7Ur2UL0MntZd4uQ5TQaehF6CynlE0JS5LfKPg1HhAdDmi7zpASoa7Uxqpyt5Jd%2BzJt%2B5w8nYRa8fT0GqLrCbGLuB38N9zdzj1UvGp5gfrtOeXOaDEmU6KA8H6WUCrSNI1TOjnEySERPL4nsT%2BvWfkgaaTElfeRvahNJ4bgbDJJsE8%2Bx59cjVf%2B3TfernemVsU5WNa16b9ZyZ3%2FDM52EuHFlfXvd1j8BQ%3D%3D&RelayState=KPhn&SigAlg=http%3A%2F%2Fwww.w3.org%2F2001%2F04%2Fxmldsig-more%23rsa-sha256&Signature=LVFYV1RevzHOrluTdxgX5xglsYgBCiR2OZQ5FqL1ycmpQvi98G2qb6%2BAOamuLxRQbMHokujD8%2F3UVhdWhDZrehNMSZU4utp9lvVeFVMyKj%2BHYZdJXJIahyaC%2BgEQUReRbs0oKxKSIO1ekknXDF1tSslCNLTjRZV78DGqYzsPiAraVNBvT%2BI7nf0LYTpMdPjDnw1mhqbBiLzDmJo2i3P%2Fw8cbKvB4HXImmwKoUqm5ObQwq%2F%2FPPqcPxDYy2F%2F%2FOjcM4XPE9rH0VHTW54VKlc0fwFi%2BLkZ52GZKBv8pBwafN%2FEnQTgkq9dKvD3pZNW3BR0AJ0xzXNJIrtDLeUo8gGuYvQ%3D%3D,Login - OPERA Cloud,2
2025-05-28 11:47:45,https://www.univision.com/noticias/edicion-digital/estas-zonas-en-texas-estan-bajo-amenaza-por-mal-tiempo-hay-alerta-de-tormentas-granizo-y-tornados-video,"Estas zonas en Texas están bajo amenaza por mal tiempo: hay alerta de tormentas, granizo y tornados",1
2025-05-28 11:46:55,https://www.univision.com/noticias/cronologia-de-la-caida-de-ovidio-guzman-el-hijo-de-el-chapo-video,"Cronología de la caída de Ovidio Guzmán, el hijo de ‘El Chapo’ | Noticias Univision Narcotráfico | Univision",1
2025-05-28 11:46:11,https://www.univision.com/noticias,"Univision Noticias | Noticias en vivo, último minuto | Univision",1
2025-05-28 11:44:42,https://www.univision.com/famosos,"Univision Famosos: Chismes, Notas de Celebridades de TV y las últimas Noticias de Gossip en Español | Univision",1
2025-05-28 11:44:13,https://www.univision.com/temas/noticias,"Noticias: Últimas noticias, videos y fotos de Noticias | Univision",1
2025-05-28 11:44:05,https://www.google.com/search?q=univision+noticias&oq=unividion&gs_lcrp=EgRlZGdlKg8IAhAAGAoYgwEYsQMYgAQyBggAEEUYOTIPCAEQABgKGIMBGLEDGIAEMg8IAhAAGAoYgwEYsQMYgAQyDAgDEAAYChixAxiABDIJCAQQABgKGIAEMgkIBRAAGAoYgAQyDAgGEAAYChixAxiABDIPCAcQABgKGIMBGLEDGIAEMgYICBAFGEDSAQg2ODAyajBqMagCALACAQ&sourceid=chrome&ie=UTF-8,univision noticias - Google Search,1
2025-05-27 23:22:44,https://idcs-67322d8881824b13b3da16015007f9e2.identity.oraclecloud.com/sso/v1/user/logout?nonce=6a73d4e5-5194-41e2-9a22-a007307e58c3&tenant=hgbucloud01&domain_ocid=ocid1.domain.oc1..aaaaaaaacuigpodhvv6maozhy6he64rmuhkw7ytdcuyelxll4fkpkuod6mxa,Login - OPERA Cloud,1
2025-05-27 23:22:44,https://hu05-ssd-ohs.oracleindustry.com/oamfed/idp/samlv20?SAMLRequest=hVNbb9owFP4rkfuc2HHCzSJUlaBb2tLLAhvam7ENeEvsEDuF%2FPs5QKSuUttX6zvf7RyPr49F7r2KykitEhAGCHhCMc2l2iZgubj1h8AzlipOc61EAhphwPVkbGiRl%2BRBb3Vtf4h9LYz1HJMy5NhDKAF1pYimRhqiaCEMsYxkN%2FMHggNEykpvZO4eqbWVXNdWkJUbAh2BkQnYWVsSCA%2BHQ3CIAl1tIUYohKv5Q8Z2oqC%2BVK0rJrqp1tDnstQYUVkXsxtxOT8UQjF0IIe46tDcyO0HcATRqIW3kKu3hsovi7Ca6Rx4U9efVNSeltBqGCeyq1HPN4b7emecFGW5kIrXxlZNwHQBNS02gkPJS9iKvWJXYWpMLdJTNzYBGOGe70jwYIEjgjGJ8W%2Fg%2Fey2jdttp9MESO7nOsL7crn8%2B9j4z03Pn8c1erJ1uB%2FFPjjvm5zIK%2B9WVwW1n0drXxzr5gR1TVtpGzDpkknOjN8fRBjz4XAYDnG8DqN1xGnYR6E7hcFmJHAg%2BXnukp3luuZtcBLHEXTJx%2FCNq4vFR6ebTr%2B0GAbhe4sFlfkN55UwBkzus8XT%2FSy7KJxJu6PPHMLVlyoujhNHgDfHQZHe%2FVm99L%2FfrdxN6l9TjfqzXZN%2BY89xk7HRjNn1y5ns3Xz3%2BN9PmvwD&SigAlg=http%3A%2F%2Fwww.w3.org%2F2001%2F04%2Fxmldsig-more%23rsa-sha256&Signature=GK7m%2BbCASMqeFm7QgHH5hxRqMb%2B05I%2B8y0nZylCWRI9%2BY209Tf4yQDjBp3Ar3wWuPdrmtGab6uCUuj0qPTGam2RHfSmN55sKVLcycHdngiqjj%2BJQBWg1xZs2JWROvH9Cf4s2gqy8hK4hLeTg%2F0Tnc9ZOyzt4BHLYDPuTzGYS%2Bq8PLgfa9E9mGQ1Bn8nMuEUs%2FSO2v5%2FTFPTb%2F17jPMPl1g6Rl7AHWcud%2B1u0j5WiuYIbr7jMQ8lVps4FlwyqzaZqe12fT9%2BfPejTQGdK5ckVFi0AsJjAoRkcD%2FEgW5AAu1qkbnR07G4cepRdewkTDZoNg3ldVlnsjLZeOrfXoH3wUg%3D%3D,Login - OPERA Cloud,1
2025-05-27 23:22:44,https://idcs-67322d8881824b13b3da16015007f9e2.identity.oraclecloud.com/oauth2/v1/authorize?response_mode=form_post&response_type=id_token&scope=openid&IDCS_CG_ENC_VER=v2&state=5SAXuiWLWfDjMUs35s6VwB88_MHdiqX9D_kjws63lkg&nonce=D-O7sekc0AewA67vmQz7XInHioxxT9WdfZBH0Px9owk&IDCS_IS_CLOUDGATE=true&X-HOST-IDENTIFIER-NAME=mtucn1.oraclehospitality.us-ashburn-1.ocs.oraclecloud.com&idcs_app_name=opera-mtucn1prod&policyAppName=opera-mtucn1prod&policyAppTenant=idcs-67322d8881824b13b3da16015007f9e2&idcs_app_resource_url=https%3A%2F%2Fmtucn1.oraclehospitality.us-ashburn-1.ocs.oraclecloud.com%2FOPERA9%2Fopera%2Foperacloud%2F%3FTPLNG%3DE&client_id=opera-mtucn1prod&IDCS_CG_ENC=true&enc=54_hFs42Zo_UAgAAmgIAABAgmgIAAIACAAAQABYK_VxHhesDFrYGK_DMgsQA4dwAw7K3HBkIbQq5yLVLkSwHN6MqWGJDkZjPPEP0GpfvkZJCusqlJ5-fVsFqyQRarS4Cydf3UTXIXKu3mvWbjdx_WYylr_oU9Y5W_l5kTgQs__G38GVNiIdCEQX8gegfU2MnAMdW_UruWcjh1uLTq-JB_DhuSRXKe411xtVZuI74VUI85YPxVxJttGbgfV1V3HiwK8hupKaIs932Gauluph_tD07cDoXeQIgvrF7RH7R1BGFh6fZ49mAP8u5TApopinQ0Ehac9cD_W4OrRPU5t5BtkMJlftTPp1hFaPfV2aPda4DxHz8iL17u-XwpjVFGxIEXvCIlYey47U9UT74AQj2v7SLyot1iQN2onxe3bGdBYsYeD_fJ54EFWOyrFgnIvUac_S6KsGJlA8Sv0HIAGO-_TiabRWpAl_gWQjn9ljyLtlM3eSHo1UnUS1tnYp55sWLdO-t8VPooEZhOw6Grf-dsj7uhDPnyym_ibF8pFMMd5jH_EsWhiRFXPIhTX4QTN_m1BfYK7fhHSJCDyPb10LNAdxMpYYxNOR_naCMR2KjyFIgwJas8V_IUBqJ1UuPeydPgkQmuJEjiUBm2ABM2q7CVZXhdC1bpCaeCwTfGVaNtX9aYOP8Pz37UOpkYXrSC2daeZRo6CidvU7OyGJfvGZgCu6V5-DdJxuw4I9xNfmAgkVOCvqha7GomtHvjB0mSfxiqrYIufCWg5VCXc3XgCknWq-v1Xfp395rFwhb8goT_8hKCH6Qif1Noguzk90cHGzKcDE9c7-wknZ6a_pKkPW-1UstlbULoLmpPWAnyN0o3pnPsPSMh6JrMyBO0ZWIrxamvZf7KBVNzkecRPCzweBrm7Su273lQxlahAgxr_rFRgRYHRvBZJyx2t7h8Z3YS_h-jpO5e00NxyHuxldI,Login - OPERA Cloud,1
2025-05-27 23:22:44,https://hu05-ssd-ohs.oracleindustry.com/oamfed/idp/samlv20?SAMLRequest=hVPRbuIwEPyVyH1O7DhQwCJU3KFeOcEdOmiF%2BmZsBywldup1Svn7OtBIvYfSN2s1Mzuzux7fvVVl9KocaGtylCYERcoIK7XZ5%2Bhxcx8PUQSeG8lLa1SOTgrQ3WQMvCprNm38wfxTL40CHwUhA%2BytT0iOGmeY5aCBGV4pYF6w9XS5YDQhrHa20GUocu%2Bd3jVesW0goU4AdI4O3tcM4%2BPxmByzxLo9poSkeLtcrMVBVTzWpjUlVMdq%2FVxvywGU8yFlRwkxv2xEejiAAuKmQ0vQ%2By%2FgBJNRC28hN58N1d8OwlthSxStPl4%2FtLkM%2FhptdwEBe9hsVvHq73qDonvrhDpvI0cFLyHMZRZ2og335722viEYPzSkHwPI2B4g2OeiVEGtAe9OibAVtrwqlMRa1rgN8ErDWuYAjZqf5%2B1zRAntx0GEDjY0Y5SyXu8ZRU%2FdAdH2gOazHGkZ79xvWafCL9xy9mt0epCPxXaePg1GL8sYXU6IncVd67%2Fi%2FnruthJUizM0bM9rf0KTLpmWAuLbQUapHA6H6ZD2dmm2yyRPb0kazmtQjBRNtLzwPrKL0jayDR5SZDgkH%2BNPrror%2FxMaz2crW2pxiqZlaY8%2FneI%2BfAbvGoXw5ML6%2FztM3gE%3D&RelayState=AB7X&SigAlg=http%3A%2F%2Fwww.w3.org%2F2001%2F04%2Fxmldsig-more%23rsa-sha256&Signature=dUJjVEjpIlEDqrEowidRK%2F3WFj4E%2FGMh74s8U7BTt5xO%2FOXUTvpCtLbeuXeeuk4Bwfmj7s6nBSeW2lyqYbjhcidn18aWR2SJQg5pd2oRWGf7c9n4d6SCJhDP6Pn73poCl2EFB62I%2BL2uOX0rNvJ5SVZU2YQFDpQ00PSmSB3uurbnBJKtUwKkcP6JRF6yVtGnG%2BAdWrqqZ5SGkjN%2B%2BnMnyTXCZ5k%2FKuEoNB%2B0u7XpKNqvHljwaP7nonLq1Q%2BBsYkwHxnccCOvcL%2BYvbP2r3HFI2Do%2FDR9TIEKICFg%2FeJIZkAzUp%2FcrDwvZIJ1tKaXseo3ecSb1NBz2vt%2Bvzaac51qMQ%3D%3D,Login - OPERA Cloud,1
2025-05-27 23:22:39,https://login.oci.oraclecloud.com/v1/logout?nonce=6a73d4e5-5194-41e2-9a22-a007307e58c3&domain=hgbuiad02prod&domain_ocid=ocid1.domain.oc1..aaaaaaaacuigpodhvv6maozhy6he64rmuhkw7ytdcuyelxll4fkpkuod6mxa&tenant=hgbucloud01&domain_stripe_url=https%3A%2F%2Fidcs-67322d8881824b13b3da16015007f9e2.identity.oraclecloud.com%3A443,Oracle Cloud Infrastructure | Sign Out,1
2025-05-27 23:22:38,https://mtucn1.oraclehospitality.us-ashburn-1.ocs.oraclecloud.com/cloudgate/logout.html?postlogouturl=https://mtucn1.oraclehospitality.us-ashburn-1.ocs.oraclecloud.com/OPERA9/opera/operacloud/?TPLNG=E&TPFLSCRN=Y&_afrRedirect=54715670700984,,1
2025-05-27 23:22:38,https://idcs-67322d8881824b13b3da16015007f9e2.identity.oraclecloud.com/oauth2/v1/userlogout?IDCS_CLIENT_TENANT=idcs-67322d8881824b13b3da16015007f9e2&X-HOST-IDENTIFIER-NAME=mtucn1.oraclehospitality.us-ashburn-1.ocs.oraclecloud.com&IDCS_SESSION_ID=77fc1f11c4fc432c96e7975dc4b60a59%3A8df87a&IDCS_CG_ENC_VER=v2&client_id=opera-mtucn1prod&method=encrypt&IDCS_CG_ENC=true&token=vmipjtfdoUQECgAAygkAABAgygkAALAJAAAQAOG5eH-pkRgg94ID8FQRjqHAP5DaipDgw1T6HybunKIPpaFNG3cbNDvciDm4TWlIwhHPel_Kr7LRXeOrKhZN5I7Ht35ttoyk9osfj962vxy_BmKm8TDYrN0eNdnQZzh6fHc5Pzzp3rDSUFlX6NOxf6Hfjw1zqdVIcs4_vgiwqizrxNmSsrhgz6CF80JH2DoUaY4YuGvm8yKyBYSO5L9VjRhQsupjbbui_SIuII3tELyRtCPDVYEkiMe6N2EJHm4LOoptGGAviNeBVzdDgOx3YMoTRrbDTY1DBZqpxa28RUEaemgSHrG8mfuvhMf6F9BYILdAkm-6NYnxIUbwrUi8v9iPRQWjem_MY8rv9ZOP_sW5TkAb2t4eZhetB36J_4AWSGDx82-NPrfRgynYutrEoCSH2atqLiwJ8X7Djta6sGi2miHvAxWh5hRi4bpHELa9wNpfgYb6qH7PsYOfzWLb57SZQyst47OJcf6REV701U3HkCa94De7MZjCZlOTUbP1JZyViCr55_OjGcovHqHcbFNMi8eLR3uTaaI8VtFJ5VYJbpLUndmI-wA1wCyXjONrBN9aWyfBITphc_yyRnZQMqx14D-J6I_Rgf07cPgK1F319ZQkDn-s37iiymMaEnLrbfIhCeuDe-mMWPObl7BEPCmy22DWhFrbqiczx661lR5R5bvmVuyJRJPgnhz_-Oa9WkoBCMsD4eoUK568GujHR_NAFLHkkul3l4PF7ezq58NhCgY0TkoZ72VeqNWiHNNxl1rhWiu9JJC0C0WoD08wM0SwwAAuJZCn1lyotTcv52ds8R9eNPaf4pjp5R8jtDFIyWnuG3lKFVp6DZY6QDwZRc7FnUoyefAzGy-60ibNc4YKkPYO5XIqTRuHMTi381HXHSK5X0W5OOHFcNuUDrNyJI26pDuWxujXsYLkb17P_6cc1UH3ZZnsBil1uVjrtYjefKHAKbgaJR5SdBjM-1J77QSnZDY17w9zl2f6pgsKpVq4aSIfZMOdlstTeiZ4s6RRTr63LkUygahDVGXtTnqfAylLAr91J8ykrmqaiupT0jQoqJMBi79FB-XHGyzGJFAm542HIaA8JCtybW1BOqTb17Snpzi0wrDfwZzGukpcUHe8mOdRDZwK_LzWOqg1f2OUAS_SDbAxXx0wXv0zTOMlhJzpBpY_lEfEfz2N9dQQXUUEjkGR6iX0kGDy2akxd7tvg5cTDxZyOUFOJAIz1NYZVUJRqHucRkwmaPhsBZRAzVKMpPnB31wb4bt320Ee7RIjUvgqrScw45T-Mqv_4hUMulpfz8JKgEFKmFUJ4VHQzJ-ZXZIPhkp1lUEe0PdS48qPDOhmW8lX3pSEC5QSgn71erCt1zl3qg6YviVoLzXjxF0hOB11TgdURjBw6G6wV-4uLbyUdP-_JVqEFItGbjFiPFZvkh6YyWROl7hWqdONXLgyHohqt7qVnhIjvGOW-ojMMqht9ERNgkvkbIENdH9zddSan8soyRj8mr4QZRoVVvcXE5RY9WqC1YrneYe7_qBax2-Za5otv1lUo_CC8wkVGLapNkIQ-SomgfvkrsK25ip3UwXgYrDLBWsu8GCnEEuTzn7-MTzh2SOuVx-j6hl-US3rRBQeFp-otE9Llh32sJmlvcnFClNpTOwRX6jtDTcy1nS15N7Gkx1ihxT6j1ArrcK0gjM0wnZNMNdxmmRZ9n4GfyHkw2NfqXakep4K3APvkkaAch8Wo4-sAAECdsHcIoG3WrofFBGFz73tIph-MYP-po4oUWLP-6bpu8K50kqc4BkAgm6lUES1DI52YQfFnFyQqS4j8PSfcdIdmNZ1WN8Ktc_meieMmKRM-0qGX8fAJ8EOpxkgtRZXMuNyeU8-eY4w7APG4cnBJ3ghbXzh5L8EDsrjils1eStqID_z3U_QqlwRcZPZi-24WnSJbo0_sIriZVeoNvMQSemg4rcBToFx5LfoJn34Ubah-a8l_KUyeRF9HvJSR38DBdXkHZFBao1lvf67ZoQwjOxh5F5fs5XljVBlcZLZ_LdmKh9srz--NdpwwWfXnwR9fuhREf8Lm28WTTDPkMembOMbB00fnSn4ISOFD6oJvv9s2XUwK-3ZXqoF21dDlyrgXcNV4txPbCS9vRkP0f8CQej6Vm2IGaj9T6uryx_1Q8-EglUnbkgL7yTSsA3s8sDQNSNz77kwdWyuS7yqpuQrMYtRvRwTrJCK006Gx_RDS8c3z4NeONBGrUa8tBl-AmPc4nOBoR_0wCOpnOGAZUzzReFhZf3YP9MPRzlvAUQu4_rHTp1gE8E-Gyz88FYdz4D1Ou0m9JZbLWASKiZPCHPmZZuSWCmFZ3PPFP79ZwUbpLpvYkPvxwPa2Py_CUBKtvYX9JgFF4nokhmcpYGcwC0h504QfBkN1btkcYyAjQbn6AKQsWla4rygaCtv8YcABa3sB_IsxP7HS4M79TfbMrqXOF807MhlbyXIMRjXscLYmYPYPbNC9iLhQYJE1hnMQWoC4abJEVsGRvyYyscmEBTvMiEoFeJwwpAOgwlu1Lx6_RQ065xttYbP17MMxC3XdJ4D-l1Za39B9q3ZHJFqv08MzHVZaUyLyUg1ZhGAUrCQHMcPFAT3ayjFBzLjvxAmVH9lXwE_UlP0WB4NGOxd10yOw6SZyQCbVyAdh2h8BaDcTdVCxiMLE1Ir2NdslX4nGDBWYqKgL1kZXwxREC5zJeLXKZbiI5xU5aV75r0sQQK1ZV4C2I90YPS1l5FyLohXugsgyhAfdHI6PUI3Cl1dg-3BkUNu7Vv0msAY-khpQU8SfH0TQlI_k8NZwjXOUv9I5FmdjTa2_Fg5gMytYyesJK6BYcKuRcZYmcpyp9nFGS4LC9zLaszVEESlPctuK8meHBYzarnn_oQG3axVehFt-qMVshTwS6KDHAJbe54EoOGEDhMD3SW3LUPP8xZkll8FcnEA42jLT8mQIf9247SaRlQNsllF8NnZMwUos-Al-F-6SbZDH0Q9k6FDE1ewbkeaGtt8XPFnCAGDlODTwx1TkElvzvD3baruYPO2Gn-xNzCN6fMJVpge-oPu86pNMAQv5WnKbctIiigJm3cmYACmOcOoi_93dX-zRTkwTzTVC8k-9L41mX0B86zRs3oq7cVOF0V3_FPiIz2wMelWkh4swb14pI0rI8lD67RdmxQnFMgV9k2tp4LsE1BCd_LjWE_3zpwVW6DKxFnJl1MyHLzjThU74LQe_3WVDe7uMhz7goyjIII8EW_OrvxZ0awlGhaPM1rf0ZJy3WgMdPGjckRxfXpsaLLuCJvTfLsmCVeYG7QJIgNFQ25jPoGPPqH5Bd0y1IJbefqydXwW_0q52T524v9xu6QyWcI8DYIDbmzysr6-I7Omph_AlUqsfg,,1
2025-05-27 23:06:26,https://mtucn1.oraclehospitality.us-ashburn-1.ocs.oraclecloud.com/OPERA9/opera/operacloud/faces/opera-cloud-index/OperaCloud?_afrRedirect=53743669265285&_afrPage=1,OPERA Cloud,1
2025-05-27 23:06:17,https://mtucn1.oraclehospitality.us-ashburn-1.ocs.oraclecloud.com/OPERA9/opera/operacloud/faces/adf.task-flow?adf.tfId=opera-cloud-index&adf.tfDoc=/WEB-INF/taskflows/opera-cloud-index.xml&TPLNG=E&_afrLoop=53734230900489&_afrWindowMode=2&Adf-Window-Id=hl1rqzfep&_afrFS=16&_afrMT=screen&_afrMFW=1058&_afrMFH=1469&_afrMFDW=960&_afrMFDH=1440&_afrMFC=8&_afrMFCI=0&_afrMFM=0&_afrMFR=172&_afrMFG=0&_afrMFS=0&_afrMFO=1,Initializing Application,1
2025-05-27 23:06:15,https://idcs-67322d8881824b13b3da16015007f9e2.identity.oraclecloud.com/sso/v1/user/callback/login?nonce=cfffa733-14ed-43ed-a070-32fd78703cf0,Submit This Form,1
2025-05-27 23:06:15,https://idcs-67322d8881824b13b3da16015007f9e2.identity.oraclecloud.com/oauth2/v1/consent?OCIS_REQ=MmozSSdEHO4Uey3mbjEE5jhFU%2FhYxWqW8byB3Wqx7ZJPUH%2FxtA3vupXblsjR76TV9iadITmlTXQnO0rM05FTkIUGG9PuTu3A8Rv7zcmEcF8NOnGq2K9iSTq0q9O%2FteQTJxl%2BJGA7TX8vh%2B0hI0UJlFFIJeePODDWoHzLBCfY%2FljQ%2FqMbiMET8KnV29zJHggwG%2BX0qOxJGwmutLv0CJ7spnrXIRQG%2B%2BXhtfpLwocnlUKWT7JCSEaH2JahuHUK0mKvNpeFLgZjILxQtXUE91sPYyKOpmYq9e%2FEa%2FAgyiC2rdXvm5kDSpoqAbVUNJTVsL69UgLC2XbVwLuh7OyJuY6P%2FmQB140HqtgSqkqX6mw0hYGKFZplWme9Qg%2BbA%2F6Vm80pLYZu3i5nzKo3o%2BuleRpQA9vwrLqgHyzd7DMS2JTy3s%2BOwhknpOoUUhH%2F5NScC%2BN%2FTUfj0sn9cWrtABOhJsuIhXbWfL%2BbBz4R60UJ69jDNn5CMYPacjl1GBAQ0aHiIGWDa8NfHk4V%2BLlseuZkIqDBzyuFvi5BSR6TQ8B4%2BLD1kDW%2BJbpdYzjhIdyRMHx%2BTq4dSppddfQ1B4732prxv5RMU1b71aTS1SjhAbLefsr9BmKKnhWSlmm9R%2FZ0O3c4UBWhm2ZIeiccNkgaKaFzRv9tfAjJ8kDALOIyG3C0c5ljhGes39vPEqsQe6xb57Lz%2BwHPEN6qCv5q8SB0TVwh15oFUHxavTMj2zWg9Z4mvw4TlUpy0e5rF39aY14tEK51BNT79gnbprutEUm0JGVkg3tbGgt9uIU625j9%2BjPhtn43UtSTHYZSdixfwo2FLjMQP18AUtrYqp%2BTncDUZs9wnqbLlEyCIQefH32F5zbx89DZ1S84VRaUIjpUe7BOsjGHSct3dg3FCb%2F373ygw2FWwacUayWG%2F7PgyXqale1J11AwrY%2FDc1fYLM7H%2FO%2FDxxD3Dr%2FGsbE0e1u5KT%2B4XuM9n8Rosv6XW5iaOelVJFNG%2B0kzn%2FuJBNQC22VcathacxzQZDxj8%2BxxGll43jNqwDLfjkJpif328bfXsUeeo4XmVYyHC8WP1q%2FVAEqD93rnxto7svhAB5%2Bc9brsWtR8uQsoempDLV6U0TphM8pJqXG%2B3A6GyRuRsbe%2B4jCb8%2BkUpb9AMnBWFlUd%2FrAJ8uSh6GcQxcuFePwn4TRUDtLmXdRJv0mKr2g8DnBo4BZkJZyiEeogHUFupgCtHkLthVbXnctK6WDPoGm%2BHyTa4NSwe6TeGJtPm8WJi%2B2ZDLxsj9XPH6fqG68xzSpBd8lmFI2468HqArpgA5ZJTKTAD1huja2i7WvmuniLL4nXf7x%2B2rZhSSIRqeGpUbj%2FmCXlZUsR49XTIwMcUXyNtYyxDY1x01tDQdh9sal1gonqn%2FFY%2FdAC%2F9jFrn4j0%2BIpoNA2zGOC5QmDtGIEcpFRxtm1B%2FjaXNh42Z6pyiKDXKZ6nGcJ67Ym7j1tSvRUNR55R4RXTgSEddLIub2Yb4QiVGsRmb2Ouhg1C%2FSx2AT6ZWEIPCwGU80EQWdlioQqMC6jocw9EiJy6ayxyG9MtAYf%2Bo%2FMoEufcCJf2yFdGRX5cSRDHyxS58D242ttAqbtd8Nb7bWCaPCDCkeSmvnbJKcZ0oplHpTVGnyZNNXF99KkdGCX0lHj1gbardImLE5pEu5WJKOu9LzC8tcmmwab%2FN14BjXRwC2rYa415wEJurUJ1Ytpwe6UQo5X8am7xiZQ4qoTHsebN8E6dKkaGt%2BgQ%2FdSo%2F35fs3o2XR7HPiBVmUyOYCYnB8yAq%2FnF1BfExW8LkZ07THiiQV%2BzyFkPTCBapNBird%2FEl7vojFQYqrV%2Fuur%2FT4zqTd8uNZ%2BrkMnddrm7yXxOO6Movs8F%2B4DjHw%2BYNxIwjdwCNjoIa731tONArm0gE5PanBAGbv0hBmAN0KBka8OE74IIcj0%2BagV9x7MDaLM78vzagrNttsGW9CIenpI1cXUon7zP0AiBVerbTNSsyNoL8EGtNDG0NKSRJV09LsVX5hvPImEZLFtRNDaxPuMyaCA8oZJWChioCdnli0i3KYYGsLxpuukFKdWKi61XxpkpVNyn3zBmzy3aNT%2Byp9b32Qag0eO8P5BN8JsrL9DslqPcHn8470knAop8xV8R4yGqZkl0eT4omHDM1bSLsAh3w1kDVBU8a3AkdhfTa6EkuoGlDnK%2By4lrW8jT75DxfkyEF21wiPjndvGgB7FkZVjM9a2ZZEjnrp8beqQqiFvnrLkkfLcSpgZNT4L60I%2Fl1PKmKJLuyx6quO4fgruWoXCicTu4gMWZscVYVdo3%2FGzv1kxQvnxxXQLrfUEI1L3iaqJZbBQU2ZxuMTbhT%2BkXIDfwsc96%2Bn8VdJkGv9x%2FeWR0DQNdxqDbucuhfb4Rzie0IQbJHuTCPLlHSbuGE3gbTQWTkADAeGNeBt3vRHKUXarx%2FwKYBnC%2F5C2CPF2kmxYqsXYX71zjc9FvP58LJHQWszbF5yjAetCmaDibu40NqocNzWVVXH0N%2Ftmb%2B1wUUf%2FSt1jNn2QC%2BRzTKtOJdAuG3S5PvGH%2BxVKpQHvuH2rKPerC1wDZ8GFhO0utFIbeF6kHsmBMPuK6pL3Kv8tfSne04nmMe4vtNz6xcYBfYDsxKERNsZRUrM9XLoXdhpu6j%2F%2BnyBMn282zilsI26JGAHlCxISwVG9522vIgnfmK%2FVKROWYE6oeEWqruWA0DuTR4K3beUNqeCj3oKLftRPkRHytkDvUctvJ8P5CqqID3x%2Bq1LPtxG6XmlaIcVpvVYUXrfFbS5HzS0ELjtZnerkErDiObw6hbLkPakyRS6zKCmcmLKZAk4z6VF13OP6xloD1CecqZReNRvEyIDF0RfWoryxjbYRPvv7Dit02eIjuwwbOyhIzsbEF2L00li66ZWb%2BuTczquCnO5GXEhh%2F8FhtoZ6BI7wgI9vURmzS64ccs5XuLusO3cnZK3VBCHEz%2BLdSlq3NcCQJrzji%2BAn%2B7dIw2gnqpWc7vCAu6A4cZwdJxii9srmBOzXaLwtCzuJArkg1n3sG8ciRxXzNPcmmL41k1zLZNVx46DGEch4r%2FEasAbceB0WDs6ghNcSBpDhOtQZQWCnQ5JuTi3fRKZHhO9e2WoBGLsIEehjbAsFcBECwLOpdJFw%2BBDjfNLQ0XOKev33u%2F4%2BVB6exPhADfmcjaxwIWvi1Ll9DFVqsd9J3YjsFxu34Qw7GhcQENf%2Fs43tlvlu0qSZjSPWKHOn82n7mnJdcKCGSO%2B%2Fbu1R3R5FqFHARDRi2Jt%2BjAkL23pefVRWZJ16OJ0b7isDvkrFlgOAfn51uiDmRKk2XEao5Z411B2ceqOsCdWUT3qPeMcFpa5c%2BnJ1bZRtFDf7NnhQw8HitmJzPzkrUIvHncvqI5%2FCqtDyC%2BFgKcHAaR4KbXAx9Mb%2BuyJfxBUYw3yX1wBgPLrpp6g5mDHxvb4AhK1aJB%2B%2BvIWrMhseTRs3QclAJEoDfiL5vAobAZ57D9fuUKoV7v8nslHFMMp1elUK%2Fwga0qSK8sqyMs%2BorlNwWEvorsTUzvxMCHlkqGVI9AEfdj86OyOCDJkdnZBhN4i%2FHUIpU0FStc9oeMGHmzvPOM4rEztEe8dUoqCpFVDdR4vUYWuICattqJfYO0U5Zks7nu1ovH3Aw1IQICDhZG0gKyzFdwJEZAdXckv%2FZ5dKN0%2FED%2F4g0WHyCZ1woLEVEi8nGD4l3CzyLcj0mTJrETNjdLk6znlmyUActepvVXON%2FNxyU7pCqUnR4qmsBtkwKoB1dUXXE13Xy33Pm%2BeNkLpGVazHKmIap7e5VtovBhJQpQpcV6kTn7KO1wcWYM7%2F%2F90b64FbYrq6ZN8AZYO%2BlXgUrNTvfGDVBKc24FIybmn4zYR9YuD%2FtH6L38XBgxSI7i%2Bdc1u%2BITelUvxIOJzKOTaH3z8T5SjLy0PLQ%2FEDLvVebRCxrcpPCm8XbCsNQomNznKLxo%2BgtPR17HtVANL4qGMl%2FONFVEtRWW04tvLZ9lLn8CjTLSgAf7%2FpuBczCOGIIb%2B5z8honglF%2Fhq5vdzewWWFUuXCemGIPIYGi%2B99i5d%2Fqm4oNK%2FaMg4XOBNaPV5UfJZA%2BuTACW0FydJuZUp%2FungUEVw62qJpgQk8nII00BDSiw%7EVNZBsfJ71CN4QR2EJwGrttzc1Xy45RA%2FCnE23ZDf%2B7s,Submit This Form,1
2025-05-27 23:06:15,https://login.oci.oraclecloud.com/v2/storeLoginInfo?redirect_uri=aHR0cHM6Ly9pZGNzLTY3MzIyZDg4ODE4MjRiMTNiM2RhMTYwMTUwMDdmOWUyLmlkZW50aXR5Lm9yYWNsZWNsb3VkLmNvbTo0NDMvc3NvL3YxL3VzZXIvY2FsbGJhY2svbG9naW4_bm9uY2U9Y2ZmZmE3MzMtMTRlZC00M2VkLWEwNzAtMzJmZDc4NzAzY2Yw&access_info=eyJraWQiOiJTSUdOSU5HX0tFWSIsImFsZyI6IlJTMjU2In0.eyJkb21haW5faWQiOiJvY2lkMS5kb21haW4ub2MxLi5hYWFhYWFhYWN1aWdwb2RodnY2bWFvemh5NmhlNjRybXVoa3c3eXRkY3V5ZWx4bGw0Zmtwa3VvZDZteGEiLCJkb21haW4iOiJoZ2J1aWFkMDJwcm9kIiwiZXhwIjoxNzQ4Mzg3MTg1MzA4LCJpYXQiOjE3NDgzODcxNzUzMDgsImFjY291bnQiOiJoZ2J1Y2xvdWQwMSIsInVzZXJuYW1lIjoiS1NUT0tFUyJ9.SmFfOsvQZj6omAjZ7mjKTL9BqEO-vSPD8MXbfoaHq9X3CULEo999y4HhZCRi7e90LjvxIZMp0_Bqjy1NdoSkigsCxJa9TW36J5kJ1XuVkMHiyieY2HulC15evsDw5I5P2Chg0bI0Njnsr_7QqLReHyENayYpvlDGRNnYwCRSS7PLZmjrDGNjuOrgB9E4My-GERooraJYU_lsSOu5OhShxxSZLs_yZ7lcX3rTUN2Is8ptumS33hwiOJMrjZ0DQUGnSofOjxaysX3yqMn7f08fINM0Zmsmgmy_mgHDr68yRACkyDIpZBI68hIzU-GHp1StqgyBbNVgPjjy0Zzlm0aVrw&is_paas_login=true,Submit This Form,1
2025-05-27 23:06:13,https://idcs-67322d8881824b13b3da16015007f9e2.identity.oraclecloud.com/oauth2/v1/authorize?response_mode=form_post&response_type=id_token&scope=openid&IDCS_CG_ENC_VER=v2&state=kEBrLbggx3jnvCQTyqWfXXT1ZOBX5GaRpRVIpBY4OyY&nonce=vv_RWP3ZfIj-P3MzANklD91myLJYYU2nqOfEKR8wc2Y&IDCS_IS_CLOUDGATE=true&X-HOST-IDENTIFIER-NAME=mtucn1.oraclehospitality.us-ashburn-1.ocs.oraclecloud.com&idcs_app_name=opera-mtucn1prod&policyAppName=opera-mtucn1prod&policyAppTenant=idcs-67322d8881824b13b3da16015007f9e2&idcs_app_resource_url=https%3A%2F%2Fmtucn1.oraclehospitality.us-ashburn-1.ocs.oraclecloud.com%2FOPERA9%2Fopera%2Foperacloud%2F%3FTPLNG%3DE&client_id=opera-mtucn1prod&IDCS_CG_ENC=true&enc=5yKOJ5upeDfUAgAAmgIAABAgmgIAAIACAAAQABTx4u7bML0IE3hkvQ50pWzs6TG9jmViWsSLGGFZVo7q48hWZsSviiTcR5Khn_qvOUwde2FPA1g2op0ax4TgPY7KiRBFMQyIm1shbRt8XfDgwfYiWTgx8e_HCWIzPD6MUQpWufutO0GcL7jBbJAg9FmvS4K8azHR3OunXXm1GS9QmoNXCh1E1fS0FZG_LxOpiqNbTkbgiM9dtF1qRsQ4v90N7y3d4iuc_dYs8-RIut0PPUmq7U1nW1Cv0ms_nTPwB_7JfvtJf98cImstsoyhEt69McUcLz6HZeLFd6zpzjGbgZwxZKCR_ZJlRVi-G_xwH4KiA5lXuTd5tej1hrkX5v8REl2_qM-TzXsm2JtXnAcp6nDN0R2CjeVkniYu6Dzu0xr4a17trdBOSbWAjraij9hBAYzem_ezJxtx_LdP4OsaHHUg1_GCPkTXJrhDvMg0MJ29r2VAOlxUkqn1_Z9l8Y3IHcun3sSaoCC09695da2Hn0kcxauU53VwcpGn656ePUj8TMq2CIyswvcuJrG-Q20Qde_8dMLXrkzwpbcDAhBtlTW5385W3IiYv8Y2SswqGIpxUFmBPVKchUpbZduNlgOx7k3t0aemPwJ6uTh9e8_K4mrtBryV-Rk6rwKe3qPiiDxMi2FkYg8B7K9Ft3l6xDGPqiqSOGqn8eDpf7O42mri8CoOYgV6Pp34Zw_BdZbhY5GyrRRuP-QSL2RbjEbNPMwtnkj6fzKDeRjPzWuxY0VNW-Me-OIHMnK7Lh_z0BM8oXvRA6jrRobcYLWvJxdx__zyXWR4k4WJ2vzRNMvNKSoOuXLp9mS8c46nrSKKLNaxdtlTk3lOUOOrs0n7xVudLqk9CR5WPi1cOlzJQN9F09BxABSb_HWlg_R3LXwAC3uUqdZCUG0yT2znKtBfyMcuNGVVLeRuesWQ1UpKGuyj7d43,Login - OPERA Cloud,1
2025-05-27 23:06:13,https://hu05-ssd-ohs.oracleindustry.com/oamfed/idp/samlv20?SAMLRequest=hVNdb9owFP0rkfuc2HH4qkWoWFk1pNKyARvam7EdsOTYWa4D5d%2FPgUbqHsrerKtzzj3n3uvxw1tpoqOqQTubozQhKFJWOKntPkeb9VM8QhF4biU3zqocnRWgh8kYeGkqNm38wf5QfxoFPgpCFthbn5AcNbVljoMGZnmpgHnBVtPFM6MJYVXtCm1CkXtf613jFdsGEuoEQOfo4H3FMD6dTskpS1y9x5SQFG8XzytxUCWPtW1NCdWxWj%2B323IAVfuQsqOEmJ82Ij0cQAFx16El6P0ncILJfQtvIXcfDVX%2FHYR3whkULd9fX7S9Dv4WbXcFAfu2Xi%2Fj5etqjaInVwt12UaOCm4gzGUWdqIt95e9tr4hGD80pB8DyNgdINjnwqig1oCvz4lwJXa8LJTEWla4DXCkYS1zgEbNL%2FP2OaKE9uMgQodrmjEyYGn2G0U%2FuwOi7QHNZznSMs5ksRfl4%2Bv22NtsN%2FI7VL%2BokovquPwao%2BsJsYt43fovub%2Bdu60E1eICDdvz2p%2FRpEumpYB4MMwolaPRKB3R3i7Ndpnk6YCk4byGxb2iiZZX3nt2YVwj2%2BCs18twSD7GH1x1V%2F4SGs9nS2e0OEdTY9zpsVbch8%2Fg60YhPLmy%2Fv0Ok78%3D&RelayState=9Pif&SigAlg=http%3A%2F%2Fwww.w3.org%2F2001%2F04%2Fxmldsig-more%23rsa-sha256&Signature=GbNTRliW28%2FpZSDFj%2BnmWV73MVyrMpA%2F%2BBplvoVr14Ut1PuLpX6B4hdFIwU7XGJZvX11VpNqR2gvTtQHnq1QBEdqxFesFFanXVv4dsf7gdJuCUAgz%2FJRoIPbvKj8ZtC7OvpycX%2FS%2Bid%2FCe2E7ODq6VZ6izvpgIaZ2s6CiiDDvgo6xBgZFHB5CDimcWdqJBR4rQ6Y6ZRl6rQMXOq5VsOOy7MlpaLA9SheEHcF7wLljCKZqwTb9VhuEpvVr416Tb8g4j9YWKkGh0TqN4zgKoI2XvE4shHhX5yG%2FEB%2FahyPSXSInFR7yWAianSUEsNsS4G8VwsXL4hUBDCHSzq0RHwlTg%3D%3D,Login - OPERA Cloud,1
2025-05-27 22:50:33,https://idcs-67322d8881824b13b3da16015007f9e2.identity.oraclecloud.com/sso/v1/user/logout?nonce=e7e5d54d-6810-42db-8f1d-2dfde7fb463d&tenant=hgbucloud01&domain_ocid=ocid1.domain.oc1..aaaaaaaacuigpodhvv6maozhy6he64rmuhkw7ytdcuyelxll4fkpkuod6mxa,Login - OPERA Cloud,1
2025-05-27 22:50:33,https://hu05-ssd-ohs.oracleindustry.com/oamfed/idp/samlv20?SAMLRequest=hVNbb5swFP4ryH0GjCE3K6TKlmZiJWuVkDXam4MdYglsgk0h%2F74mCVJXqe3r0Xe%2B27Gn922RW6%2BsUlyKEHgOBBYTqaRcZCHYJkt7DCyliaAkl4KF4MwUuJ9NFSnyEscyk7Ves1PNlLYMk1C4HUAYgroSWBLFFRakYArrFG%2FmqxgjB%2BKykgeemyHRuuL7WjO8M0ugJ1A8BEetS%2By6TdM4je%2FIKnMRhJ67W8Wb9MgKYnPRuUpZv9UZ%2BlqWKMUqbWL2Kybnp0IwcA3IIO56NFU8%2BwQOXTjp4B3k7r2h8tsitExlDqyF6Y8Loi9H6DSUETnWcGArRW15VEaKpDnjgtZKV2cnlYUrSXFg1OW0dDuxV2QqjJSqWXTpRocAQTSwDQkaJQjhAcS%2B9w9Yf%2Ftro%2B7a0SIEnNqFHz8%2FVcHx9PjD3rYiaX9GfsB%2FNb8XmQ2u98YX8spayqog%2Buto3cSwHi5Q07Tm%2BgxmfTJOU2UPRz5CdDwee2MU7D1%2F71PiDaFnnsLoMGHI4fS6d8ue5rKmXXAcBL5rkk%2Fdd65uFv8Y3WjxrUXP8T5aLAjP55RWTCkwe9wkT48Pm5vClbR%2F9BuDMPVFgrJ2ZghK79SwVVyzHV9P7PWk9ZeL03abNMMsFy%2FxwyBIJvOXZ3El%2B7DfD%2F%2F7SbM3&SigAlg=http%3A%2F%2Fwww.w3.org%2F2001%2F04%2Fxmldsig-more%23rsa-sha256&Signature=fWM2ebmfVOcP5VzMxfz4zuqPfuHP2UOGK1B2hk9k3Bm3dMNVKurZdDeLozf%2BTtuwJ4hTONzGwASQz%2Fi4FSbmQYXHnqHGVY955qsZiZLGfbnuXeVtsHfq3ZvjfFrm2ziKdrY3XC1mKAHUhBkrH0lyCIT%2FTcKv9l17ac4IuYodnPzBl8pSuCOhbFEzjhYffGa8pHd5BokBaSShff1BKrVhlh0p0gJWtMGCjwKIlP8gcEwxWPrh0dIwXFWDh%2Blr9f0BoXp6GQiv8EYf%2Bc9vq%2FE9rwoqN%2B3NuPDS5HCHIjMSVa%2FPue3GBm9jx25d%2FzWf0BIYE09nOakvEiK0EzWwt1db6w%3D%3D,Login - OPERA Cloud,1
2025-05-27 22:50:33,https://idcs-67322d8881824b13b3da16015007f9e2.identity.oraclecloud.com/oauth2/v1/authorize?response_mode=form_post&response_type=id_token&scope=openid&IDCS_CG_ENC_VER=v2&state=GrWZDcZJMyngTxJo3CYSnXFFszmD4vtd8smcev6aTbg&nonce=zER7iJl1Qw3QTAI4X0Oq7QNE7fpz-kS2V-C5resNLDI&IDCS_IS_CLOUDGATE=true&X-HOST-IDENTIFIER-NAME=mtucn1.oraclehospitality.us-ashburn-1.ocs.oraclecloud.com&idcs_app_name=opera-mtucn1prod&policyAppName=opera-mtucn1prod&policyAppTenant=idcs-67322d8881824b13b3da16015007f9e2&idcs_app_resource_url=https%3A%2F%2Fmtucn1.oraclehospitality.us-ashburn-1.ocs.oraclecloud.com%2FOPERA9%2Fopera%2Foperacloud%2F%3FTPLNG%3DE&client_id=opera-mtucn1prod&IDCS_CG_ENC=true&enc=mHD-_6PGa8vUAgAAmgIAABAgmgIAAIACAAAQAO8WLWXz-7Al-WMSsp62IEwAKGXTZLr1eapvLvBk_VJmaiRGlhlkgv0Dy4nk9CPtUFaKKgZALQYsXeOcIV6ZTEkmkgh2BzXzSNZWUIF8smy_zxa-kBNOLG8BbEIr9AMZqPwi9YUYBNDMpU1DXZGplorjyyDzRYWDRdEMjG_sTy0E7AH7I8UiKYmm0rFb75pFfHqzsKxjypP9eEpAAJDuMbeXkkO-c6ltHoLbAlZ9pDAbnf12_SlY6gDcv2WDxWz4BEqCL_VLd6CqqZhtS5i2q4Z0YgMCAVQTsktqKranlY4rswVc_tm1pnNk_gizfqTpkuhq1AcXyhmYDeRgSThY-bwzNGGtTcXe3bMdF6KzMGVasSiPsG_njj593KoAvMNTFL1_pvTFd3HCNtpaiDPx52ALKTTwbyUxGZtkfdpiiecOdj3ekA_1yLHvDd-pvfp-hoimit8vAx4ItUhdjMNGRP0IHntZfAGdDLa9TC5PfAAct716AM9o9PsnEK1M2m2jx983uJLFsohJ03XVixtWcHDONOpq3HqU_ealmkOJJEj8SAhYc1pOMms0vfPevJwUzKuOup_nLPr4f4OZldbHbiUxf5-LHdPXMReqoQimQK1SNVZ7sTLlfClfwAOlpcjXRmGKOkXFmB48xnXS3oCaRuMVovza7YZjDtL7r5LS-xOov3a2pSBD7jpy2W_SK21yzq6s2OqYrXOtiktbqK-Az1OsldO15nSU8HECvICaRmEz6GrN6_m0ktlJ0obXRjbmHw6W2ey-TL6x3bljn_ba0z6kCSFFw9OyXhJAMncoqXDe_QkCm91JK83Hxs7UEz70WMZnF8HKpaRzFFgfStrxv0tlEhihnXb9zIijAybOLifPO1yPr47WYYf93fZ7BHQ77T8mwCYIe-WZ-IxYXe0nKUeeYMXAGmp8D4GrhyU68pWh,Login - OPERA Cloud,1
2025-05-27 22:50:28,https://login.oci.oraclecloud.com/v1/logout?nonce=e7e5d54d-6810-42db-8f1d-2dfde7fb463d&domain=hgbuiad02prod&domain_ocid=ocid1.domain.oc1..aaaaaaaacuigpodhvv6maozhy6he64rmuhkw7ytdcuyelxll4fkpkuod6mxa&tenant=hgbucloud01&domain_stripe_url=https%3A%2F%2Fidcs-67322d8881824b13b3da16015007f9e2.identity.oraclecloud.com%3A443,Oracle Cloud Infrastructure | Sign Out,1
2025-05-27 22:50:27,https://mtucn1.oraclehospitality.us-ashburn-1.ocs.oraclecloud.com/cloudgate/logout.html?postlogouturl=https://mtucn1.oraclehospitality.us-ashburn-1.ocs.oraclecloud.com/OPERA9/opera/operacloud/?TPLNG=E&TPFLSCRN=Y&_afrRedirect=1046984808424473,,1
2025-05-27 22:50:27,https://idcs-67322d8881824b13b3da16015007f9e2.identity.oraclecloud.com/oauth2/v1/userlogout?IDCS_CLIENT_TENANT=idcs-67322d8881824b13b3da16015007f9e2&X-HOST-IDENTIFIER-NAME=mtucn1.oraclehospitality.us-ashburn-1.ocs.oraclecloud.com&IDCS_SESSION_ID=be3258adc2da4d82a7aa1df545dc04b6%3A8df87a&IDCS_CG_ENC_VER=v2&client_id=opera-mtucn1prod&method=encrypt&IDCS_CG_ENC=true&token=ASRwHZwIWHYECgAAygkAABAgygkAALAJAAAQABzBB_R7Z-ECoFYaciQVyR5t4hkcwlcjYspAbKvM3MayZ5HXWj74zyJYnv0nDPBLE-Tclc4p3M_it747teemsxJ5hXJGkIOK0iyihZMyA2yvaIfEO3JRC8qWVpu6Q2_aiAWjA7ZrLxdAhqqFd0CqKcDBHRf9aJ40BM53hDjRQVk1LoOe0q6AUayESSJ0i3JTubS51nyRlyppMaPjfirZW5cfgs6A5Uet6cftbEBRjGAvCOtyzb-e6QY4tEgeoG5qOMkUiBmjtVzQnxYYc2nX7asEkyoSNShlmVbq6NpUPDEnK-HPepvtp8m677msC4Sr6iTDj9fYV0M3s3DTLn-lSOQOkZzP2uOk6PYxRwP1x9xCJz5u1WAi_npfhjjvhyXQeYz9Ad29gekyKLNqTlL20D4lLpaL7CalOOhQ9OY1HZupVQJUGFPj6LW4yFKbfxjaOjhI5yTBuVBFn3sY945aYH5UKorL8ZcR8qS4oH9dJUiDMEW1yKnX-q5gkDrgAgVxhnI9cBkopom1kSOQyl7GiaoX-ln3v0nMFlwqx_AhuHziliYN84ZMcH7SbVGVlBBE7cOiS-yxjs9K9iJ5uXuLYrJs2eX0k7KLhtJ4q8fjkDr9PC65bK4qmH8fo7AW8srxKoOakQkVv7UQLJawufpxk6gtfrfZRtwCxQF4JQrOVCHFTkXmw4qnjatT3ubRBBVyPgYX4CRRGZtYiqunRFtQma8IWcUaTtetHFcYHOtqwI-HcVxeFETCjP_kPqiiPXpQZny5MmXjXHc6RhwelBf4QaOJq67jkdpgPuq7v7dLjyUt82tjUSxjlJHvH4W4YueML8oRmFlcmCimgPEss6g4U7fx0nY_uHs03Q2HrXaOCs1iXn0xiIUvp6FoLYYQcDW6igIGXx9n3Gbi7zkowLepSTR_e_fUv5GvtPkkdmoL_RkhChmoTQAhM7sHswGjrw_dPQ9sHxfbFEzCDlCPeq4ZK1aEcurtrbhlbIyXsJrGYqvVGn7kyyHFq_ccdsg444kMl8lR30fvk0nlKbGuaQzFYAW47rfSdQcOCjrlhaVJ45Or5O50c-W1B5OaYRI8TeBWzJAswcBthA_gtiw5Qzk0qg89NXp6Pjpm5-jkKJCf5gwXAUxe_vjbQzpQ5uQCHjBFJ5v6ZyRWwYnhmItGn-qj__hi7_hA_Nbs0grTG3et05_U5M1JnbEcCzZYgSweBHbfWd3wu1JnKSz7sh8BIgmamgr4IbIqJHCmRoPBnvtnvJgKXjGWqkt8WTbSyYRFxNTCFcT4edVbP5tghRNlFWZUtOxEAbHmayD2vHmXj5x20RW7x8s-cXfZZGPY74kBJq3SrdEcZiSTBbPJFp8q5AE9756cotksyRUvnBizI99QyaKN8k2sn1Oxk1ASmpfKDnCsr2dLwzwIvK_hWpzJjIgMcVneMyu1ivmJhFVtXcJS60UInevNy1k3lZT64Sah_Hv9szHvkE7fV96QYydGxWCobYexca9I3TS-gQ4hXcozRY5DCNfamOl1erZwqCJjnEdlygX0Ouk78GOW_H5KWb6DaYtlbOrBvdeaKTK-dIpaJZmpZrlaytXZqTSmSr_tH2zuHEhTSifGt5Lz2vsved6ZYHvB_bc6fz6aiueq_8wtS2X0QXvfBktfron5Dl9_jNa-0de5ZP7Kh8Iu6rZe_oxu0II1bjlPQk3TAaqXl7IQNFg0z6AxuxMEQnoepTZktkyOWZz3bP9JS3HjCGA-HF8lueIzRcuhPypKMQUhwPRIz_oMpMfnRoX91FbIfdgH0j1RpfWeuPtXHLEf7ka2KyI-T8CzN4B5GFFUfxRDI3op_9Fp1bs3R3AnHcB8Pw_MHsOkFFVxyhvWF-HgNJskw8ofDJJTY-T6MUP-CjLrIB6N5kTEyPpUfS_ffZKSUpRKTt3FhME-8p4PRFpqPJX5H5AwtwLRAyHbt5Rl2Y67i3dKeWBuSAyU3GNUbTDdOEVdZlenVlTNSgGV4WGcbw_A03h-3MzEyt84Jg4Ex1xh2P8EzV-WZtNJRK347Uoi76-3l9xVmsZ7uSZh1xn38z2D1Hntd358rqpxoRCw_9wu89lPshqJOxUerx8UxUsSdx3hMe0bhM5sI2yOKr5o4lbeIGpRoLVnQEmV_Jcf4kpeDDFkTMuytMVj1YRvf7NF7pz1ACK47ol3_fvsFeg8g-6Qbx5cwBWPKQWGTYnuIH8XXvPr6wIuwkEAfkCoMvdF1YureB_I58zqp955X0ED5GXVW46zCTL7nrG7QBuASp2H-FW09bnBN9lsa_Srgo6ZhXZK8njSAtvZQF5w5V6z-fQwCMSYm3f67Oa7GyNso5OPVf61lAmRPzYOFEbiP4981aCd8sa19KgLwGDg_zT2Jl0n3HPwrdeAVoOILtMhgevRHX7_SinsejbVCSyxKIiXpC9tV-6qiboqinlASXFQWGhttEKi64za6Y8cfWcpMGJrHR9jkijxPmjjpfZhODNL847PgHRe32_DyFSGiats-d4nn71mkU6U7YyUwTRkKFvrqW-NW5YnGq4ruRk4XU7UhSQID2j7Jzn4zB-0z41uBSC7lzZwLRTpa-Eox-fyM1tkrkLAMDVUlWIF8QjrN9ad5kgVqEAEOlM4nJgnxE3Kjjn8ebBcCk7LTGHirecP9myfT_98RnpOx2Tl-VNe5y3HsLCaNY0e8AMiU2VAIxaYdGzvQh2g8H3_FXmYIZpoZqkz4wAWld7AuIbBBPto3aoB6sOTG2BQ6TFlZrw0AuY9G1yDa2OM1GvZWfSwLphWRioi5UDPwdv8QYxegDoNoub4KY3TfhSPxF-lc3jJbUKo6c9wVamgCPQ4ktb7kk14H8WvdrMp0jT0Y84CkbA24jG6yyyq4TVa6ixtzZfMOELznRR8t9TBHv54cMedCQkP1HiONWwq_NB4NeDLbltp27cQy8nvCIeRZUfQ8iKBt8CLQl_CJHfZOrSIYpapskQLaSXDtyUrRuHZ5hbF7Lmz3rW5FG3jK7NtlYKameEV1gEFH1eGx-WlxAZNR-Dua5Xi5Gp7BtvvBjhws5d2z3Uce4Vrsq1Lgz--Zz-vdCeW1BcshCxQncedHt5Y6cxa6MnQnOeX6bZc9d1EbhLld7LITfT4qcnYm5RJ3MwPD06gcKZsespdWTLiXXHdXWxYB8Zm2PZzWUtYpHrfoDqYzYH314wubB02U6IfNj-mzrHmS5-ZaumcsIh91iO38l-0ki1qRTm0l4DX6H7HzBZX-Fdkx0fENLmixlQZ3FZnIIQjmsSfPpkgiLjq0f_M0yl9V3QPCt38N9Y3Pw1NjvF7MXEJndqb51-HJMC9MX7T_BDwU-sSHA3T_NsDioy4eTLPaaLQT0-ZOTSPWvvQSAVaHe-KKgxYjVj3QqHQFg,,1
2025-05-27 22:32:43,https://mtucn1.oraclehospitality.us-ashburn-1.ocs.oraclecloud.com/OPERA9/opera/operacloud/faces/opera-cloud-index/OperaCloud?_afrRedirect=1045921790864561&_afrPage=1,OPERA Cloud,1
2025-05-27 22:32:34,https://mtucn1.oraclehospitality.us-ashburn-1.ocs.oraclecloud.com/OPERA9/opera/operacloud/faces/adf.task-flow?adf.tfId=opera-cloud-index&adf.tfDoc=/WEB-INF/taskflows/opera-cloud-index.xml&_afrLoop=1045912489280626&_afrWindowMode=2&Adf-Window-Id=w1dvwrd8oek&_afrFS=16&_afrMT=screen&_afrMFW=1058&_afrMFH=1469&_afrMFDW=960&_afrMFDH=1440&_afrMFC=8&_afrMFCI=0&_afrMFM=0&_afrMFR=172&_afrMFG=0&_afrMFS=0&_afrMFO=1,Initializing Application,1
2025-05-27 22:32:32,https://idcs-67322d8881824b13b3da16015007f9e2.identity.oraclecloud.com/sso/v1/user/callback/login?nonce=33a14edf-2f71-417e-8310-4dd015c54b4a,Submit This Form,1
2025-05-27 22:32:32,https://idcs-67322d8881824b13b3da16015007f9e2.identity.oraclecloud.com/oauth2/v1/consent?OCIS_REQ=z28HKCFrw%2BKWt9gKSt9o8jet78N5X8uqREe13pWUIkW4Ph87G7qdMzPrRIk8TX4ehD%2BRCqROn7TL0ilLsXtj5MArC%2FsdntGMuAgrKb95%2FBgZiSKpU%2F98W%2F9uir%2BhsGsU0JdybQ03cJvxj%2BEBYPbpGq96I126nDsGN0YhgXZ1YFozbxN47GLaLtRu6sZl2GjJO0Gtf%2FNXRRCQNTR8kjaUaQxp%2Fs2TJENZCyOc220Lax6wENSrRzB3W0uHvTnlaQpbqlAYY1GSvEW2%2F4wQ%2FZBEaFrnGKcJy1MuA4Dxtmhy2w228VBfQjQCVJNslg2sEwPYKAYtLtYuZiHsdnlcaHJUHM0I1W57yrX2suIcKHiNl1VJseWFDwxwxe1rOySaU%2BSPdiBuXwVEqgL18aJd1hIuxXthwqqR%2FxH3yIryNhBjGzKgyL3bIpTY0Ktc1nNgliZbETpiOL4%2FamWKOlj%2FGAJ6DAh9bPAEKzcVqQ1zD1aBQLzu4RogfKWSGo0Swyf94R0QpqHCE2Ce5v7U1MJwrFW4f7zZ44YVuAZA%2FHW1eezSuQmPtRKvsvKofIPolFtZivdFCfcS4oKpqzRZYHoQHA3aUevqKw8%2F2tMewnXrsTk%2BoM6EmKjZSji437Jl2PYI6s0Sn7PCnMQ9gIxjudNyAe3SINpqBU6dUNJ8Mc80C6Tt30EDm3JdKd1fB3qvxUkWl%2BfSsBLL7tRiNBKC3NSC3ztecTY8zvrsD6R8MREcu%2Fewy9dBoRKqCa00JdEARKcWAtsrBiBNsB6DIUpTdUramPFm8YXUBsHZZYeu%2F144s81OBNjSRFfY40XL8DOuj4ubZ1cbhlMY9dWcnWqByXfnvlH7IQRDPpKYzkoavVqwJCNwwUjUJqQgWv0POmaPhzLsEFjyAz3btGD%2BtzrEoPks8NJNmxfMhEs2MpmxwPvV67IlN5tVeVvwpb9XMld4Erok%2BaOEDmlen5Ocg%2B1J2V7MAuod4S0Sw%2BdHE5NuNkHiBEPdaI%2F9WtsqVIPXbcBUy%2Fx68sHz3K944VnRez1sjdO419mSt003RPlaCZBDELR6yNli6U9lBTtIunxowlWsV2Q1ISeBZIkXH2SKW4HpbnDtAGtO7%2Fx3%2FzgCupGrEUOdKYgsXNsBCP%2Ftqqyc3dvaNCO48WuyE6M0lt8wQEThCJlB0vAqAZeKe4xePYIyq0fhgLtf5R39%2FtgPsm0YxB6JsTN9Vrx45MMFBcCx1eLn1ej1H9jCqJG4jkYtGPLnfqd9fxV10jznxmWqwIbci6pti4BM69cZJjcXum21xejeowtR4UONWL1jWPFhGLgavIsYBQ%2BZmD21n7Dhl9jgcR7VlvDh4bbAzKHXOQbiRpWDBNFcFxIpX8u4pSBupcEPgnJGoi7hemt%2F3LUkJJsQcsLiKB9drhqwZI0YFZ9z11zBdW6nikJi45eaEopXVZUpaMtgh07toEJym5tVg6bqBhDGAH1VF2ysxir%2FB0K8xJjN%2Ful9JJowcNObu6vX%2F0iWhMQZpIf1SjK4fM57YrC3Bj7Fp4VJH%2F4gvqUxbo21IXwJhUo7wDmmiM%2F1woIFheWeRA9UDYu2jCzVZS0E4fRzJlW4VUHYQ6PnXp922ViweE849mk2GkWAT0mMRT2qsmTXUuxxmU9Rip2DZAc1vhjxulNPavFBdd%2FGhmpI3Tm1uc%2FAvaKb7a0D0Ez2kQTK1PXtcuJSQnk%2BRu396korj9AblubY0Augkcii3Cz3KcqQwGH9YxrChj2LbopqdWCiI1vTi%2Fh2qzZoVeyuyFn%2FbKi2zHwXucyHkxeewDtb8Dh%2BezfCtVmqWnw%2F5cUiyRIVGF9HnsoMlhQ2wYtJ0f4AlFr5c5xlem48qSGnhthydSPdyiW4MNpEqZWLWi5I0QPmdtKXjIXbznLZ1XXhjNWA5zJsCnJ2vsKxvvD1T9EKHDbEdSh7gGlXLucZL0I%2B2eMjEAM8vf%2BXHDuk9hjZzUafvVNGq0L%2Bqx6GUg2uzkAwoo%2FDHMqC7OSQI5eOr6NYZdKVHYn%2BLHhNgCfmBSwosfmoblZvcs1gmY3mO%2F2jI9jxBlJOhPhEOAabJkEKYuZTDPF5lFPnNTkwua5W96csdPoNSE8FahovllkYdSOuSGQtSQVkeI3UDKws9ZlxYLljycOapSSQErwR9ay3h9dN8epEWvj6a9IZ6Uv8509AC3FEkbtBuza9BcdsNkMcgQMvpc2E%2ByxMo8dpIMMnxgTkbwtXbR3oI9syqyY39N9bhHMdXfeHiQRFJDm14P6b8txK3yfCKggvsW1V2x7XkoF5%2FIfDCYB1HwBt1Pq0bCa9jK27%2BCBkcRfCK4G3BAj%2FRcajz3aUFaa2EFlPlkUZB5TeuVQe6MxdGIG%2BzKn%2FPJg1B54FYrAUr1jMtuGKVwyTgbswSKElZckHscalcvpcRCAVdWeMat5Ol%2F6YqYTIJq2UPVojWlTqyU28V9htDwsb7QdzpEF1VHzra7eWovMunEfIqXBkOijbS%2BzDJYJPugcBGqWQ2rB1U4HE3fHKrpnvCXyTYAsxS1xfQ3dBN2TZeqSa0IIDwd4wjnd43jRDgP3CXWDP%2ByOxOA7Hrjjq3bRF%2F6nL2ilfrPn6Y%2FWuplX0rFT9MsL8TVpKQUD2qFdo6S7xydktvX%2F9psZd4IWZGqrazhhiSPqbxrx8TwK9OXVxSDOMvraWjyof2WpZj0ujxM8zbwE%2BK0v50BxE1hHYyN%2B78PV6quSJoX4WFbaruS06%2BdJzA%2B%2BdQZpZVHqrjjQThe0y7JrsNW%2BTUKgjTXJHAfHqRL56XtSK5oPBkKxx09ha9tARH1DXAb%2FDUoLnH7EYx%2B%2B%2FNIEldFql8EFJG2m9Gs3a%2ByxWoN9wiAmUG34mLtozZ2Pk3TxNt1I2sO%2Fprt2WU4Qk%2B0stOfd747oNTfZe%2FjhxcD08XQzzxh9ym8ivHxUp2F20lRnGBR9zpCnhU8K7oHTX%2BbRfDpnJ4YDv7PyEW4fVo%2FVRaIeeSIlsTS70lLgs7eZwytlxTASg0m0lvVGECO6svmMO8tsSpIH%2F5Todf%2BnRx76XSh4SF3HrfRKLwVftmE5Kpqq8zsm%2BvZy3efjaq53PndQOwE8dQ%2BOcOE4GIleHzSf3LSZK2iLxhRfSjS6o8LuNL1odbuKqbmf9fNMVat%2FAiWvItJ1%2FeZcpDLHbBweooDqScNZGg8P3q0JZgTo4q%2FghHCV2XrBsuqgJmXSPHQG%2FMONc9rtTADE1Uc0EuVYlgV%2FFV%2FPO6QLHE6QuKrZYfXYnuJ%2BhTQegNouCj5WyVPcOiqFDrYNeUUTHEArlDJWs7lEO8kbLrAmcsvo2ulny1ZxAAWjuPtn6lcJjaiKnMEB1upZNoEpQjVNUzeYICvSHKUhKvK3jdCOFWWPhvzCKpsRqFA9DGwh12L3ZYnf%2Fm2uufPIbI5oKRpKrjm1mjaM8TelsR52WfkuRKVpNXTLjU%2BBFWK3K5Bxu2GfiOLAjxwzuWa7EoMYwG5PKuWi%2BSzx8qPtT8pnhhbC9q0XQvENujOMo93jo4W7DlgRieI2Vq%2BJ66G%2BW2z4LLYQvQOnEbRzvLsoy2jS4YZWHkHLbKXDqFU2ZjAfEDfwsGMDfijpQy5uhvGk2rezU%2F11ADZXNTKkMw6XGy0tUmFD0PIMcxr6v9QiHIS%2FpMnfjoXRp93hqfr9jNPVR4cKS6xFRxraqJJO1ZyDVpPJno6Zz0y1ybgigyU2YCnRw6I5HDdrJK3R%2FrS9QFjLFXMMoIHKAwgyFVheLi1a4cGcM9b3H0dtDSWMx35GGUvsp%2BIsoHAR3fsB4GjhrqKFPQJoJaFEm12bZgVydpn0XQeqUevXYUsxaMghGEJOYbmxR19Goqtbfq40LXIIijoDdOBxptg22w%2BXVMgAYp%2BfCg1DFFFYcSMKZcVCMmOolifoPrT7%2BKDPQrdh8mD9kxqxi1DtcXQ7ogmQ8ZXMnzvGOImq4qjLNX2o8aRT9PYaWJGHgYFubi3T6Wo3Z1CU9V%2B%2BJLVLrQdsf3V7wVnUq9U5%2BX3YkEzde%2BY%2Bv6iFpxE%2FaPR8bnk%2BYvBsK9swsyMTjuN2IiOfVS7FL04igULPnjMTKzJpUR73mfH9q%2BQP7SZkrBG0gk%2F5gNjheQDIyrT8IZF%2FiZxsewnbLqn6pzyRdL9oNaYb7g5a04%2FeFbKjxxccaNwo6nAnj3gNsxDGesoDE%2FYe8KeCop3MWn8l1CX92k7EpnqCTBmABrTwKXmAewkA%7Ej8WLi4SH0zNPEfBp2kWocauf6%2BMcsyiTvJii%2FCzPE8U,Submit This Form,1
2025-05-27 22:32:31,https://login.oci.oraclecloud.com/v2/storeLoginInfo?redirect_uri=aHR0cHM6Ly9pZGNzLTY3MzIyZDg4ODE4MjRiMTNiM2RhMTYwMTUwMDdmOWUyLmlkZW50aXR5Lm9yYWNsZWNsb3VkLmNvbTo0NDMvc3NvL3YxL3VzZXIvY2FsbGJhY2svbG9naW4_bm9uY2U9MzNhMTRlZGYtMmY3MS00MTdlLTgzMTAtNGRkMDE1YzU0YjRh&access_info=eyJraWQiOiJTSUdOSU5HX0tFWSIsImFsZyI6IlJTMjU2In0.eyJkb21haW5faWQiOiJvY2lkMS5kb21haW4ub2MxLi5hYWFhYWFhYWN1aWdwb2RodnY2bWFvemh5NmhlNjRybXVoa3c3eXRkY3V5ZWx4bGw0Zmtwa3VvZDZteGEiLCJkb21haW4iOiJoZ2J1aWFkMDJwcm9kIiwiZXhwIjoxNzQ4Mzg1MTYxNDMxLCJpYXQiOjE3NDgzODUxNTE0MzEsImFjY291bnQiOiJoZ2J1Y2xvdWQwMSIsInVzZXJuYW1lIjoiS1NUT0tFUyJ9.ZlLpwk1Vi8W1IedyHglYEckx1tQDW8MuAQ2yu0qODFDKzRPgf4CuJ4T9h-UGpuOlwfLfnusS4ccfRAoTy0OVzlWPV9k97cIO4HqsXNoU3SdFttla3ku_bgkvu6LVrdPV8GegpfNAYenh5hGyiC_gtNjnufU0Jjjln9va6aGwkhrBkg9Jks24XzzldDihINUNMw0V570-aVwUoG5CUqcEkbp_laS7bIbx_94eke11CNh_yjLy0j-jGCie4rFegv-fGTS8vt-MxGCU0tuXqCBYWW6eDpDSql6PkEZaFawU9QVKQLCRwCzrH6h5L6oCxMty1iUbFr6GWe1ED3vxL1gi9Q&is_paas_login=true,Submit This Form,1
2025-05-27 22:32:28,https://idcs-67322d8881824b13b3da16015007f9e2.identity.oraclecloud.com/oauth2/v1/authorize?response_mode=form_post&response_type=id_token&scope=openid&IDCS_CG_ENC_VER=v2&state=SRUU4U-o2lYZi9_CTGlzJnU3ayxW_E5N7ZccPPFS-40&nonce=Lg-yQdVy-8P_85TxpTnmYKhrl592MRaeAUHq_LWhCgA&IDCS_IS_CLOUDGATE=true&X-HOST-IDENTIFIER-NAME=mtucn1.oraclehospitality.us-ashburn-1.ocs.oraclecloud.com&idcs_app_name=opera-mtucn1prod&policyAppName=opera-mtucn1prod&policyAppTenant=idcs-67322d8881824b13b3da16015007f9e2&idcs_app_resource_url=https%3A%2F%2Fmtucn1.oraclehospitality.us-ashburn-1.ocs.oraclecloud.com%2FOPERA9%2Fopera%2Foperacloud%2Ffaces%2Fopera-cloud-index%2FOperaCloud&client_id=opera-mtucn1prod&IDCS_CG_ENC=true&enc=CxMitaCKvPPwAgAAtgIAABAgtgIAAJwCAAAQAKavlKI-1Y5q_URFtVGZvSgE8Nn2p9pv75h2oUF4Q0BNjDoRB1BHpqs5zXCeAf615Ic2udERCs2X9xk96jLvgLRKFYnJpF-IdMxgAvV2ytUyXcT0jbPJZVt-izxcnCANznnMfdjYOFexUsbLVGufgi2jI8wwhHmngeFMpruPsM6zsuEm_EBoZrVmR6deVwEITvIUpn1A8xoQD7-mMi9u5Nllk08ptQPX9ZXnzMgAZBwsKk8wF3m_oWdEzC5IUed48814goafEr3l8vdksYabCssEJzIjWhLZ-71nF4qV3jjO8rbiiR5B1TBTQ8QCJ5POxoF7k00zbnPfkkwGtBh2fWNXOESnqFM32viNt-DhG56jamvEHIC5KNuSgwRoFVTRUTWO1mn5gyW22Vrl6KlTfo75wnyvYMwUox_Sr4BG4mMaG5DQNZGXx5TA42nQBLtU59Yee9r1P9Cjpn0YKXuZLx1PPxeAyIRvATcMjugkhKkJiLZ3kw6NHGaP2qqS-pS4lCJAgwS6_81HmZWxMkqhD9T9oDqhGWRe2jPBtvIlAKL-WiMgRfmNZM9zlnw9pRsE1_6tiHo1Y2k9KDoY2gCEmCkX1M2mYvEMXSrUUcAiy0hOdjPaMrXHhGRS7MB547VVjX4x0bdroV_V4VESwAzlXElWvi7tYXbhqbsaixgS2emKjHoT4fpqspHGHxkkzkczz5KMkmlgi1UvNAOq0y2dbIBWX1Bxr9GD8QvUMZmTuN_VY0EDtmpKemEnTWLivdj7kc5bijuOuyzhOa0PQAhpaq-BO4JhsjZq4-jokh-xva1_5UvVnxQjrPaIRUPo2-Z3LLW-rVDAySOMacNKt9bWdeLGhoq2PoNRH6eNK54uU4Wms0ILNu8u1UndLa0to2ZKqSG610IEtkHWWzGbIRWbl51DN_h21l5XqxAX0qIzVGsXusRdN84aWYP8k52D4uFXo-OxHKes9nuLpn_AcA,Login - OPERA Cloud,1
2025-05-27 22:32:28,https://hu05-ssd-ohs.oracleindustry.com/oamfed/idp/samlv20?SAMLRequest=hVPRbtsgFP0Viz7bYJy0LopTpcuqZWq7bPGmbG8EcIyEwQUcN38%2FnNRS99DsDV2dc%2B45915md6%2BNig7COml0AdIEgUhoZrjU%2BwL8LB%2FiHETOU82pMloU4CgcuJvPHG1USxadr%2FUP8dIJ56MgpB15nSJUgM5qYqiTjmjaCEc8I5vF0yPBCSKtNZVUoUi9t3LXeUG2gQRGAScLUHvfEgj7vk%2F6LDF2DzFCKdw%2BPW5YLRoaSz2YYmJkDX4ut6XOCetDypESYn7YCE1gAAXE1YjmTu4%2FgCOIbgf4ALl6b6j97yC8YUaBaP32upf6PPhLtN0Z5MiXslzH62%2BbEkQPxjJx2kYBKqpcmMsy7ERq6k97HXy7YLzu0DR2jsemdsE%2BZUoEtc55e0yYaaChTSU4lLyFQ4ADDmtZOdeJ1WnevgAY4WkcRPBNiTHJMMH5HxD9Gg8IDwe0WhZA8pjF9nDcT%2Fj2vu16XH0t45fWV78%2F1%2Fp7DM4nRE7idvDfUH8591AJqtUJGrbnpT%2BC%2BZhMcubi65sMY57neZrjyS7Ndhmn6TVKw3ndVLcCJ5KfeW%2FZmTIdH4KTySSDIfkMvnM1XvlzaLxaro2S7BgtlDL9JyuoD5%2FB204AOD%2Bz%2Fv0O878%3D&RelayState=gxPx&SigAlg=http%3A%2F%2Fwww.w3.org%2F2001%2F04%2Fxmldsig-more%23rsa-sha256&Signature=UG0FJrgCAhh7ITe86XTaG6CwraLSywhhAnk3rBdPshAJc%2BzaOOL7etwAOk%2FFDhPI3UIYNceQmvUJ7OgbKhvF1QPm%2BL0AnyU8xLltZmAuBt05H2sk5a5vFsGYPQAFTGTR1MW0ow8xbiHdjMCLR1m9uVAYgIrO9M4xZM670FtVy2a4nmiRtXfvgjYJ8jGEjnYQBK%2BcgQwkM5IVtehdSr3ZL5ZaP%2Fx%2FlnqNrLyY%2FsnHHeP0Dazl0FsaUj0pICChva5Qt%2BF7ZfFQaYOiRnrX77MbhMAJWMyf9rhp4XQgezzptfU2yfG3gxdikrfNo486SB7Ahibxtur97fxZhT9SQevu9A%3D%3D,Login - OPERA Cloud,1
2025-05-27 22:20:03,https://idcs-67322d8881824b13b3da16015007f9e2.identity.oraclecloud.com/sso/v1/user/logout?nonce=52c8ae7f-54bc-435d-8c68-b4a73cc67516&tenant=hgbucloud01&domain_ocid=ocid1.domain.oc1..aaaaaaaacuigpodhvv6maozhy6he64rmuhkw7ytdcuyelxll4fkpkuod6mxa,Login - OPERA Cloud,1
2025-05-27 22:20:03,https://hu05-ssd-ohs.oracleindustry.com/oamfed/idp/samlv20?SAMLRequest=hVPvb6IwGP5XSPcZKAUUG3HZiSacersMzxi%2FVVq1N2iRlqn%2F%2FRWVZLdk29c3z%2Fv8etvh47ksrDdWKy5FDDwHAouJXFIu9jH4s5zaEbCUJoKSQgoWgwtT4HE0VKQsKjyXe9noF3ZsmNKWYRIKn0MIY9DUAkuiuMKClExhnePsaTHHyIG4quWOF2ZItK75ttEMr80S6AgUj8FB6wq77ul0ck6%2BI%2Bu9iyD03PVinuUHVhKbi9ZVzrqt1tDXskQpVmsTs1sxOT8VgoFrQAbx0KGp4vtP4NCFgxbeQh7eG6q%2BLULLXBbASkx%2FXBB9PUKroYzIoYGhrRS15UEZKZIXjAvaKF1fnFyWriTljlGX08ptxd6QqTBVqmHptRsdAwRRaBsS1F8ihBHEEG2Atequjdprp0kMOLWD37AJZkmaej%2FH6NUeTJK0F70Ex2OY2%2BB2b3wlr62prEuiv47WTgzr7go1TWuuL2DUJeM0V3av7yNEoyjyIhRsPX%2FrU%2BL1oGeeQn83YMjh9LZ3z54XsqFtcBwEvmuSD913ru4WfxndNPnWoud4Hy2WhBdPlNZMKTCaZcvn2SS7K9xIu0efGYSpLxWUnUeGwPsxRlW1%2BLvxkqysfR42%2FfW0P2Gr8TJ8TVdVEOjN%2BVQ%2F38g%2B7HfD%2F37S6B8%3D&SigAlg=http%3A%2F%2Fwww.w3.org%2F2001%2F04%2Fxmldsig-more%23rsa-sha256&Signature=c340pXEImX0479qtUoloeMZJyn%2FXLa6OLy0VPa57KRBHeJZdEXa3TJK50hTDVaJ5qkyzAA4hb9Wo6rR%2BnvEsTuvRTmvG6XaM%2BUeeXcq86D6fLq56eoIjeP0KryGMOES7LOjVq5wnpnIxlGaBQjnnXbyk86KAQvNx87ueHzAT82956RV15vEQv2NUF8bs2FuJm2kCYg4K9P2wUfFSY00o6dkbEvf17oyatX3l5IfrV5FzoJAjlR%2B6wXhGqZKOFspB4RlYRGkaGaR%2ByZKzfTM1o4n7PIXgOe4bdLqqbg8jSvdGyu1gXdUJZTJU6ARNkkr0q%2Bp5K3qi%2B%2BnxVngLpsGJ0A%3D%3D,Login - OPERA Cloud,1
2025-05-27 22:20:03,https://idcs-67322d8881824b13b3da16015007f9e2.identity.oraclecloud.com/oauth2/v1/authorize?response_mode=form_post&response_type=id_token&scope=openid&IDCS_CG_ENC_VER=v2&state=hRrZBQ6Hgx_4350XJYPreYkB9oQnEjVS-ciyQ6rcOo0&nonce=NzrK1BI2YOYkFkJuTZHi_euIZ1rjZ-KVN2Cm7Fm9SJQ&IDCS_IS_CLOUDGATE=true&X-HOST-IDENTIFIER-NAME=mtucn1.oraclehospitality.us-ashburn-1.ocs.oraclecloud.com&idcs_app_name=opera-mtucn1prod&policyAppName=opera-mtucn1prod&policyAppTenant=idcs-67322d8881824b13b3da16015007f9e2&idcs_app_resource_url=https%3A%2F%2Fmtucn1.oraclehospitality.us-ashburn-1.ocs.oraclecloud.com%2FOPERA9%2Fopera%2Foperacloud%2F%3FTPLNG%3DE&client_id=opera-mtucn1prod&IDCS_CG_ENC=true&enc=OLHJNKYXD1rUAgAAmgIAABAgmgIAAIACAAAQAFrRDoyUMJqg5T8qGewfp_pSK4ELW73kwGQS6-xW8oG48292iq5IuLNVPoLGVzDWp1x5auAd0SB5vT74TO2QKRuwmZ4cCSmiPUVNHS2lMUWMDwQAxhncbqEcPlIdAoajexAXNEKcCe1maqT_UlaKqZNxR0dN5fCaZNlPSB5NRs6Ky7tqXNrlEXQ1onnIZ033iqiEF9GM54OChF5h-43oN5Snl2KpdRVsZdgfSwW3hWXqIuLAE3DsmaXFONuexRSuZfXJiDpRPOx1esQGvIMvoZQUXpfOgogx_PgeNXm7Cn3jA3EeqdzLDCyKTN8syeRBdWvN4cs-dB23FpAIu5lgCFx4pFe7JNhiY9kYhWbcoaTYVZg4qn3ndnfd6XBX9aUHcIY-5DH4O1vC4nzzzrUya272fCps1pEfoLrlT1twyJ3oWgsABj-F73IViDwb5x4W_Tj-IOO2zH0947E-EIbnghsqo0UGh-IGKw9rVzdXZOJlneG_ayD6x82AV_K7Lg11cR6rFi5B_0Uwsjx3_w79m7Kw1-Ninjai0y5KF_OLnWJKEe6ee4BuiX_ogeSWHPPnq9nEGvzT1ZuEuQpOjIaIf7zObv7787x-m5uSzHzfppgSCLGfYT-1YYMO0c8-lTieSiJRX8_g_-ooA4wWXKl53VScKgSofOypF15lnQ87kDREdb4BkJb_BQKkg8LURcxDP6vBNfxIiDH_J_neZpOmEOA_930CPZMpdTbuTHqlb8xVb8KtbqqE2whfW3v1awvhzuERFaF4ZctJb5fi8_KJ79920pP3e1u5R0CzHDYcPsdVfPQXB6gf28LUm08gjRBDG0Bd0NPIcmjrw2ndd4OnZF7kstCqm8mc3O4YEHqxSavfe6vEQYjrbV8PRXqVS0CW7c1eSTUSW2v7IWIw2RzOpfUo5yNpf2twTElQt8mQkzY8,Login - OPERA Cloud,1
2025-05-27 22:20:03,https://hu05-ssd-ohs.oracleindustry.com/oamfed/idp/samlv20?SAMLRequest=hVPRbtowFP2VyH1O7DihpBahYkN0TLBFg07V3kxsiLXEznIdAn9fBxqpeyh9s67OOfece68nj6eq9I6yAWV0isKAIE%2Fq3AilDyl63i78BHlguRa8NFqm6CwBPU4nwKuyZrPWFvqX%2FNdKsJ4T0sBOI0JS1DaaGQ4KmOaVBGZztpmtV4wGhNWN2avSFbm1jdq1VrIXR0KDAKgUFdbWDOOu64IuCkxzwJSQEL%2BsV5u8kBX3le5N5XJg9X5ut%2BUAsrEu5UBxMT9sRGLsQA5xN6AFqMMHcILJQw%2FvIXfvDdWfDsKa3JTIy95eX5S%2BDv4WbXcFAfu23WZ%2B9nOzRd7CNLm8bCNFe16Cm8vc7URpbi977X2DM160ZOQDCN8U4OzzvJROrQXbnIPcVNjwai8FVqLGfYAjdWtZArRyeZm3TREldOQ7ETreUsooYST%2Bg7zfwwHR%2FoCW8xQp4cfx8bRejrJVveieCj%2FJ%2FlZPVeQfRt9nPrqeELuIN73%2FitvbufuKU91foG57Vtkzmg7JlMjBvx9HlIokScKExrsw2kWCh%2FckdOc13j9IGihx5b1lz0vTij44i%2BMIu%2BQT%2FM7VcOU%2FXOPlPDOlys%2FerCxN97WR3LrPYJtWIjy9sv7%2FDtNX&RelayState=oDe5&SigAlg=http%3A%2F%2Fwww.w3.org%2F2001%2F04%2Fxmldsig-more%23rsa-sha256&Signature=iBMsEl%2FrnnC7dHUfGMud6GkYx4z0mFptQ5D7z7sSqchKwfpFmVDQr1xQWxmZaKnmXYMpVSki8IeTwtRpAlcx3ue83JcwHIrFmGVitCvGQ1yp86sarLTWHHAMh%2FPTJVLe%2FUbjsLvfdJqV7OHELi97ArJMpKX0ic1C3exO2R5q%2Fx0FVpVCdQqhlIOh46ElxBr0PuJ%2BEMFADqOevD16rqIif7hQ6yS6yS%2FSPOlO%2B5L1x1pG0pKs3orb9Us%2FDEXBAz5RZSDdrQlhk4euMItoRLS3NSUIRs4Vvu5Ez4xaieNQaWbq%2FmbK6RWdbClhXeFVSEV4%2Fo67tDJxohiZGEeWs2RdaA%3D%3D,Login - OPERA Cloud,1
2025-05-27 22:19:59,https://login.oci.oraclecloud.com/v1/logout?nonce=52c8ae7f-54bc-435d-8c68-b4a73cc67516&domain=hgbuiad02prod&domain_ocid=ocid1.domain.oc1..aaaaaaaacuigpodhvv6maozhy6he64rmuhkw7ytdcuyelxll4fkpkuod6mxa&tenant=hgbucloud01&domain_stripe_url=https%3A%2F%2Fidcs-67322d8881824b13b3da16015007f9e2.identity.oraclecloud.com%3A443,Oracle Cloud Infrastructure | Sign Out,1
2025-05-27 22:19:58,https://mtucn1.oraclehospitality.us-ashburn-1.ocs.oraclecloud.com/cloudgate/logout.html?postlogouturl=https://mtucn1.oraclehospitality.us-ashburn-1.ocs.oraclecloud.com/OPERA9/opera/operacloud/?TPLNG=E&TPFLSCRN=Y&_afrRedirect=1001939360364998,,1
2025-05-27 22:19:58,https://idcs-67322d8881824b13b3da16015007f9e2.identity.oraclecloud.com/oauth2/v1/userlogout?IDCS_CLIENT_TENANT=idcs-67322d8881824b13b3da16015007f9e2&X-HOST-IDENTIFIER-NAME=mtucn1.oraclehospitality.us-ashburn-1.ocs.oraclecloud.com&IDCS_SESSION_ID=cbcd26918cd04d59891999aa5c57218a%3A8df87a&IDCS_CG_ENC_VER=v2&client_id=opera-mtucn1prod&method=encrypt&IDCS_CG_ENC=true&token=TuTiEIGn9cUECgAAygkAABAgygkAALAJAAAQAPwU_9D4DjNGKUwh_NPUWhui_nsONcQWNpj8teFKLsGz9psTnptI8srN5wmXNGzrxlDI2CT_zENZqxqkPAr4cCkZCr0gQwAeY6vAZH_B4KNJYZA_ozxxuL-5VyyzmfVu8Av3utqUHRWBPKCaKv_39wXsDa98uGnL_uGtXZQAh6tZCu44q1nPKeYWZhQf598MSHH_ksDRV3rT8hdCVptx5l-Ka--DEAfW3412-6WdUzeT-dofAacVsvmVSetr2aN8fRGQDFk6WlW2cTo4FZPnh4RUlikMbAKyIz8PyF9ZF2RPDroOi3Beu3se46W6XnDgWNMW9AUOp__xxJLkBq_EJnRdtR1WY44kOgCwRu1IrPRtLpB7Y84aRoQYDz6nFxo1FO5vQlioXVhcA10PYLCy3Te0QCpqwleeFGAsMt-bmOPltaKWChtspISd2QLRDipknVEdB93yDeEqDb7yMMz5A_unoUhQ_qd3yw5_zNQZo_i6OqziGFNt0byCncDucaVnlRRKjz1i1THg0QwbvAIkKbsuAuT9knp2T2cygE1DPrs-YTJG3_5VI_ZhxI4l4YFU1p7sgfoWlX3wwIKKUkjzc74P91iEGO5qwz86i9QbPaf8iYKysBzYeZcgIFzjFL2jY7UYq8wUy-s8cJBGPQEvdxreloVFES2rE_MQaeZHltL96llP6jfJ8YO-4nDK4WMY0nkZ7GgMFdEN8uZHY7uXzgy3RCJq-rvQIYDU6tgy8O-JuDN3E1rkve1Cph1S0jKyGUN65GhnfOglbeI0DM9hVymaLRC8QTzYWjmP0PLV4DkFHvTdWd12N_Aelr7N-jB6lVUql2MFi5FFVvD-WSg6oMQj3yd3QxjVMkuVnvHa2oHlj-0exymVol2PxdKyo3ejDh3kjZ8nifxbKxEl5LgN7TP5mF1gPlnzcMJFB-WNR-W4Sb3OOJygf1Ms-XSPu5t3HlraWa6MSvnk1FOo_7XKoMPmYsL7l_b2rCONat_oKwfzM90lsdFWoGxdpHJ8tg5RUiM-4H184Cp0EUUJZ76r4Kkr8VSpiEhIUMulcx01bfTmNRC52SwSEPICxdkmxVh3qmxp9s9vY3kPbbmqLn83_gyA3sPUCSQMbmktx1cJoZq-YcH_NCdZbDin3_0iAqOMXd5Ij2z7RI55eLmy15GIedFrKj8u6zei4YV2FrHixsYt46L_qkLiQkL2dsiB8FBUJWIBSNpgcjlQKMHkTDRTQ-fxmFvKKAGANTvfSTMlIlfFMFS688cRmjpmfgDDR9aTx2wvdaRUieNRTl5kmKD5bCDCqFf6f2t0NfxOmQ4rUrMGTOn-VYgq8Nu_QD0GU3lw7_VJE2uQE-KtZbOsykQONrw08qhbNCpPPLkirxULq5_SN_DXEJmdRCiswDwnY4LLLCzqC3E4QAJHJ7k62EatLev1sStSBVljNz9FSaR5Vx5Owi-yGpNJVUPvD4-BltPCEAmQcXBZa37WgsFtlatPS9xyz07cNA3VOKpbU8Gs8UdYq4USwzmqqY3QG9wnPL_eJf7gSvxFGs-Xw3zTP0b2zXRr5okwJb6KswgnqDzpnH17uAGaRLKARXoKJz0pWF2TQNgkcJlJlmX-_E6tw1duQ6kHPrEHha09ectz8yppp7GX3hmgKlQEOq2vd3UFzstOr1KbUTUBsDhpjZT-q1y1K4Uf6AsJhq8KIYwXs8u5FKVpA2OLpNuBrKDJ5BJ28BAbBESqjEGw6nBrKKSxH9Gt-MdB9bO3zFK0SpTl22MxcjBi1Guh0a2fE24XmX5IuhObUcBl-zAKRBI-6M20okJxnSxaWFf_VXk6ONyk-LH1h4WUtwFzpLot-MT_cQ5CmoClyCayB45KK9_B_Ff-ByOuqzJ9Qw2ylISpjuQ_xkwyNlp_Aux3wiUzwN2ASbU1sd1jWwF6rDBcJc8KzPI44ApViWJlJSAHnvBRGt5FDipNG1ND_8aY86TboJfV1Un9--dnII8Jqyk9uk20mMUCz4mRRNB6Y-syfuQSC2zbIPbRLqvZxnvYMo-CajoqEe5F30BQ98P4OswuXgcmfXSqg02lBz-YWOhcE-ilvw8YqcLRYopfvTgrknir8ZiaAgspJ68JbQB2NUcaqehBz2Dc3sCVorSErwjG4ZvSYtZvIcVes4uwyXAfLk5xX6qWDRsCTrnfPaym2AscR55qolHAgT35cZdOwSJ8DZkV40pPw6s_1cFQ8kqglPPONoByVI7cOBNLj6onlPPqP1-hqDdPL_yzzu9ijVPQlgdxLnYDKYqdCcB99rsvfHzxCetI8QAXBSFlIV6Um7qHJOOeOueSejbxCr5TWHRw9-zWeknzYs19Bi-OAon71-rGouweKRkyOFU2wg1dCwmoUTr_805sh2DFzpSx0rMWxycheFTf23JrqyKf07OgkCMAS1vijgrE3jkmTUIOAA-5GSkusRx3TlSOp5AhvUtGZRv01Nt5CLPk5mbxTjGhvP6pYe4zTtAxkwyemVylPDtF6ik24MIgUC4fPACA61YeWEKEY5eXx5GlxM0kHvM0IzB6xHDmcabcS8HX3b_elTuida0qulbjwcWGghgUNdf35lgnRqIQgH0W5gLl3QWlUla-_0H_qK-MkeEbEgft0KzP2l59PLdMPa2SoUmbL280QS63C1xC67WtmtXbp-3SJkfE7-FC2vg1q2KPlcBZTlnbvGBl4NU87Ae_GMt9wl1ap-tFXzqorpBIMRm4-iZs5MgVvbw_Dn2lF66N2Ga-a5e3dJD7x2XE6yxuDxaKBvF71V09C0YWqiHCnsChJxcTYYClEjvemsftr9y9nGng1aIjJQfa7-wSwGl_SUkoiiiC2LGQA8RbKzvrpGWteWE3oEMw3EaUQmkODZjPhnFK5Y96HNffqKZ8lpwpqM8oX_rYrZWuSrF51TUnKgAkUDsC2R7k63a5CQonj32hVUPJr3UDwJgbULaHQ6-351ZXWFJnJy79gO-WgyKl309l1qya4cBsa5yZK9XijxNJO63dmdOKs_dhy5XGaLoAEgxFr40EpxW_oZFeWA4fAT3PSAowyp2VyTcUdro7AinWjAUctYtQYZSad0RcVoJgeG5far4KYEq7AWu8ioR9oCTYUhhGV5ofRQZJyb6y_jx2UJRGUAj2rntPOk7vKHOa9anDJGabvblNg3sw-7B-9aRW1WXTw9KxbNGI7ENVDglaXbbpfSigaWJwJVoQG1tX5tNpe12B0Fv7iCZLPwNc_tt43jg4QKSYkUitJjit_kysdRXIxJCkmGIVbhxrkc3pZ6FmJrsFlTgXL7wigydJBD_cW6Ec2ofXXZ6vw2B6yF4hyIdJbVPSA7kvpXEClJmjerdw0qe_M_T7imRwN_orlm1JPBpT86rauyPtmlK8r1K38g,,1
2025-05-27 21:31:25,https://mtucn1.oraclehospitality.us-ashburn-1.ocs.oraclecloud.com/OPERA9/opera/operacloud/faces/opera-cloud-index/OperaCloud?_afrRedirect=999026734646637&_afrPage=1,OPERA Cloud,1
2025-05-27 21:31:18,https://mtucn1.oraclehospitality.us-ashburn-1.ocs.oraclecloud.com/OPERA9/opera/operacloud/faces/adf.task-flow?adf.tfId=opera-cloud-index&adf.tfDoc=/WEB-INF/taskflows/opera-cloud-index.xml&TPLNG=E&_afrLoop=999019344423132&_afrWindowMode=0&Adf-Window-Id=w13r2xal0b&_afrFS=16&_afrMT=screen&_afrMFW=1058&_afrMFH=1469&_afrMFDW=960&_afrMFDH=1440&_afrMFC=8&_afrMFCI=0&_afrMFM=0&_afrMFR=172&_afrMFG=0&_afrMFS=0&_afrMFO=1,Initializing Application,1
2025-05-27 21:31:17,https://idcs-67322d8881824b13b3da16015007f9e2.identity.oraclecloud.com/sso/v1/user/callback/login?nonce=e11f96e5-6774-4999-ba35-85f08136ebdf,Submit This Form,1
2025-05-27 21:31:17,https://idcs-67322d8881824b13b3da16015007f9e2.identity.oraclecloud.com/oauth2/v1/consent?OCIS_REQ=UBvzRsobAiaHU1L2N%2BiGovIMhGxW6FhW%2FHF0KqPNljcueBhfJjS0EqS0tJgQHMCeRSDJq%2F40%2F0Y612e8FMnrE%2F83P229doJXaxdszOO7kct93ozhwjgBLRgyPaiUG7YHlFqXGOTU7%2FUBTERcgLZH7W2h7aJS9wfHOAihyxBi4Zbr71d5DauigNum2Xvpgen1H4cOjChVy9WJEKSmm%2BjUW1kXKTSU3jEu5Y11ehV32Dz%2BIeLda2VSUqJtsJfwwTsDVYMg1ts%2FYw7p5SsI5yWmSzOo7wxqJcTjPa%2FhreDxDBohdjchg4G4mSwXtLTp1EntSUI9cNhmUfVdsR3mPV3UHeJmaAqEUh11TA4xy291%2BhKNR5uA8PWNgLUCBaLgUWSipJUlfczdArPMPjCK8Fx6UvWi05nIGseFSCg9d5Pey6gTGSOLELJnohdSpT2hc%2BrnkbiALF8tHUici4cukzHmKatD7cA4ompFC6kE788CcD6ye76s1ryBgjexfVi%2B0rSTZ4F4yvwGn16jAwYGyD%2F2nUs%2FO7nnppzTuv6aSvHEgVkEq7N6NIl7fnRSaUJlmZLALf2v3Nx5vdWN7eZc8GUTZ5hKoA7vwLLZh3PHxNkMVODb7GkIYP8%2BPh2C5A3lEcYLRjLL6aY373szJDBDpYAVarT03YOrHekb%2BH9uRGvc8rvOcWrz9wAFRGnz1o7DUS6A%2FKOKTuDfBKv4dhBnDqCkSKA9diCyYtnku2J74xojR%2B1JONAVGZ4Pz7DC3DQFxO%2Bf%2FSCCVZh0%2FREf0sug5Kbf2eBPVrro3fncqziodxPuA1zL8PYxtgiJhHJTbo1GBttS6GxIbbGAtEWuzsmZ7fFCOYR%2FF6y%2F2A62S8rt9ZTvaLLLGMXjVR9eonN5Fo0nrjYyQFEq8%2FQRbkAjjvhX4jTfSm2xH%2Fndz4XoROLAjf%2Fl54hYFFNf%2F9ofKp7w2pJkbMSrv%2BjifVBEau2RA2CQAmRs4pXGUtVwq2QSYameBaBBKOPJX7U5yn17d3nqglMVrt8G%2F2yc1X34k65AeIWHLxlEpF1NOJpKFNSeJnWuBGOMhZGv%2BArK0n9imXKSaBy8WzIpL%2BIErxT7%2BHa00l7qTdHqGn7v%2Fqr%2BmJAxcG%2F519qUVftBuQMi5WjfYicaQZHlTtWIy4KTtrIlJkEgd97zjTKshJuQ14M%2BSeaR%2BygYEWn71rnMJXcIPGfqOFZK06lQXzOfanC%2BEXLlpX66A0FHKa8Ebr6HRC0u59i67vSCwcdDJrE2D7AVQo6cihj6%2Bn4ZhWTOTxghg2d2FNmA6%2FmxIlTGBT74tLGyb7qD0OVkIdmaIzlQbtrjQHrSgNoQITt%2FN5ZaIV3ILqRmLL40zVBEPz7fGCJkKCTuSFp%2FPHX%2FuRbNsuEHiVNVBT8mb7KTm9grdEvMDgWzA2DUdvXjYnfbJRm4DeC6SBawgs4hjTu8ni1p7m6UoVi%2FdBVujHxlp9duir3En4p%2FJPvMmhrXxmqZ6x1cQNozv6BPfUuYJaJ1jBs0JZlDAmEPX8Ta4imTUBd6Tu%2B0U1IyWnnPumTUJLhy9SHTAasQasC4XBMEQnfP4MXLWJW%2FHe1p%2FJnSpvZonC7hon57WobbUFXHGUzs6OARJBPmEl50dcKCSfNGLbR5eU3oDVZyR%2BkpFjuBsUYZ7ci88hrt4ywuioeTewd9mmyxhh%2BwE14TQujkZHU%2FcHIOZ92DMmJHv0uZ8eiFA6Z6GjFKFcPsOPrINGhIgZEDJLDSwqx6uG4NiJcTlNI5N%2BcilTfCMJJWVI9qpbBIs%2FzY6wjPz0ndN6w9M5yNqxgathLDdqXK17jzZu7Vs8NjpXwissNvuvRL5W7aSzQKs4n26PEEM8DsJlKlJN972VKuLm4Hg%2B1fPvMCUuYZ0Pq%2F2OsdCcSbaUm3ZqV7ZPCaSbRZ6XiukyPE3qhj3JHhlX6nWIoiq93ibdH1LI6YDn%2BPvm86s6SooXTiyIj%2FV888S8v7VqCsSrO92%2FGum86qvVaftYkWlAimtsyTOuItQFXEEv5eS5NnTkNHOaXLi44plqD7dCxpzCf1kkEFFOxufhHEQrl7L3vQp72FUjmHKmYg8M86F5wf1SewEgzQ4g1Yej90SAD8W%2FXuafRcR2lLvHFApxWl0LA8Y5v5VI5oalEHJn34FZl4CWbfTLPJGvzvPgqPC8unvlXPF%2FeTBYsUgqVLf6fPfGqfyvYLAExvaYLKrERpkluEV7XP%2FjVoNG24q3IJhXRyl7GSqlt%2BXcgaI%2FkeaM%2BkLuhHS0NGIRRfBo8HteUsC42JLUIAjLA1ek%2FbsfEPGzhgRhtJxZHCXaIoEc2Nm%2B1J0%2BLe7swWrD3%2BUYzo7sw8CX0vrA7W8pNNHh9RwY5mefZ2urKNHm%2FkxJjm6MZx6LympuRuMUwYNzpcCcj3qD3gTgQoj415Qudrh3NukEaPgi4GiPVK%2Beh4M5msLUk6iiuJIU%2F4tTl7%2BtBN6yCrEi24PU1gvuUpamP8zexMQsPJRcuvgEim8rGEEHxAUKMWRZbtZDmrIKmxTFoiZczRsuy5aaX%2B6cMkjSxrk8Qr8zUdGCEqoNuy9fTr2IfcPVi%2BLTdIviJV1FfwauwLv%2FR17DZYiO9UmO213vmR%2ByYHLOBGyQisHvtagZqOEnQYe92jMzlS8FsbfJQthO2SCbJ8h8rnp60SQACInacLEPnqV7Uq6tJzxQeXFxgd94s6jzIRKA7qiJgB9gHcch7lTKPPVzr12G%2BQe30cFX%2BhMmVgjQldTnEWdJSJbM8fpI4gQIpy0XplXI8HzPlNzWFBSgzMbsqv6x88BHelyYBlZ0DpbdSXORGImeu%2BfQnJG%2BsuE%2BmP65YI0kzYgCe%2BA95uxjDuRggaYYKBu9EwJx8mXl%2FRzzLiNAWzBeRqmVTGUTHr9WhBDJrQnnO0x82gM3gsYg8S0nF2QhTV6nPUpvCls9nVKaG%2FteOQH5R4UZ3xMKceTQFOOUBhVF4DbvrCtTaap8eq2zI6pN4BgZ2kXbEZTIqqvPmlwBocmHRcY3HFpQQUsQdjAo7%2FeWS5%2FlZup%2FGAj%2F7Rf9Xx1Q4xygMFNAtGKESgQuI%2BUPbMdl5jx9CgBTeiyLRhoap2nZl9obCMZfDmacnoJ9f%2BPQyKWbMr1zU2rTJxq4U3eGILy7dpoUQwEOCOdfOB25dUuElrdA4IJuEP2UEOzYBS%2FbRnxgZpDXNeUyLhfLxAo%2ByPxJvPtuwRoNZJaHpQtyE6dbPGw%2FsvXfsJHpgpEhOf6laL5m%2B0QMHWFZ5wDt3R4uOA3nGL2nw26bIx1QK9c5VGLlyM%2FtBaxZ4ksDcb9uCUw42HArvGsnL6NFE2c7pn%2BQs0ua2RlEF6x9eMzMM1UF69fQVfZCur%2BC69W4sx3wWPZ%2FlDSRcufXzgxFNLSQiEtE%2FNSVtauHd4cc7w09t5kP%2F2Yoo2iDTm4OxICgnVlUYn8KsLylLz%2FzVcesAMyq80My6SLYmIv4EYcSTR86oZmkX04dIcSPqTmECVBMaBT%2FzBN7GgZWN5prDwSsDsOH88y6%2BavwJfeskKQsLQUBUrveCo9VnBJd1GDiIdHSXHjR5MLyFUiy5kBgn6RJ5f8k1P%2BYgINVhUhhFOJuBW4yH8eD2DIcY4icj1wWeUWCXa%2B3CK5c9vC3biFzxG1ARxNGCXMV6Vyurn3bHFxcCHs34kM%2F%2BjMsZjoJCA8uyG5VnZooTdYr0vRBCxnaWNR8E6ewICUje%2Bbsfft%2BUg%2F1JdlNWsKQp%2FAr1f5jkDeD05sCU8HNz3KiUcMqZBDHKy69OdT6p%2BG%2Bxd1zBjcNJkolFZY2ZowOwd71v6yD7qgnceFU9qDIwFTrNu5XxzpeWfYM%2FSqnEAeInIrUXlWyDxCFQ%2BqUQzI1GnO3z8AJ0blzoMNx1zplpDsiKTqc4pgALQ4L55atDa5f09TONoCmQyGdNqirctsnNYSu%2B9PgeOdnIIW%2BQFZUua6jE8KM9SSTULub%2Bx1F2Hzp5N4OdV73CZuTGVgXeyrTtyjFBLfnoBat9VzVpZbz609LR9ZTJPN0f834EbyP82aV4%2F8auSD%2B3hATM453rHYlf2FnXkb%2FgO%2BTIu%2BNmOAcIDiEhwdQVTxBKorRsCwoboeh6NOl5HNOOAEqKBsldiU7PFEfS4HA%7ExKWw6bltg%2BsqWBHzHPRsIJ%2FQnHVKbKWZI9BJUi4cAkY,Submit This Form,1
2025-05-27 21:31:16,https://login.oci.oraclecloud.com/v2/storeLoginInfo?redirect_uri=aHR0cHM6Ly9pZGNzLTY3MzIyZDg4ODE4MjRiMTNiM2RhMTYwMTUwMDdmOWUyLmlkZW50aXR5Lm9yYWNsZWNsb3VkLmNvbTo0NDMvc3NvL3YxL3VzZXIvY2FsbGJhY2svbG9naW4_bm9uY2U9ZTExZjk2ZTUtNjc3NC00OTk5LWJhMzUtODVmMDgxMzZlYmRm&access_info=eyJraWQiOiJTSUdOSU5HX0tFWSIsImFsZyI6IlJTMjU2In0.eyJkb21haW5faWQiOiJvY2lkMS5kb21haW4ub2MxLi5hYWFhYWFhYWN1aWdwb2RodnY2bWFvemh5NmhlNjRybXVoa3c3eXRkY3V5ZWx4bGw0Zmtwa3VvZDZteGEiLCJkb21haW4iOiJoZ2J1aWFkMDJwcm9kIiwiZXhwIjoxNzQ4MzgxNDg2MDM3LCJpYXQiOjE3NDgzODE0NzYwMzcsImFjY291bnQiOiJoZ2J1Y2xvdWQwMSIsInVzZXJuYW1lIjoiS1NUT0tFUyJ9.gRbKKpAc8SOJIOpespuzOePkgGDxKFz30eVk9WuO0sLekS1lT7WKjHbRqP0xMyFz5lmbCGq79tm9OuSgLlJlY_NOs-jEzNgSNxYY07MyehJoGJb78ch5f_UskKgfGa-zJX3c9z2wVAnjgztn7sOg6Efz7YDhZQApJOXhkGcc5BLyySbtAUDtneEF7VPFVFtOhxSfjFKpe-crNz6uSMI8loepU2tnrBFyN01e0EJI-Mggg-vPy2mdrPIPWS6EsqslEPlpax-1utI3tFGotkzpDAF3vdyDhT91u4bp8xb8PG2YgveXZazD-9MgwZs-jdVMs3Y8i-bFUSdKKRx4xmUnhA&is_paas_login=true,Submit This Form,1
2025-05-27 21:29:05,https://idcs-67322d8881824b13b3da16015007f9e2.identity.oraclecloud.com/sso/v1/user/logout?nonce=e4db0ceb-0c9e-4efd-a211-d0614840c00e&tenant=hgbucloud01&domain_ocid=ocid1.domain.oc1..aaaaaaaacuigpodhvv6maozhy6he64rmuhkw7ytdcuyelxll4fkpkuod6mxa,Login - OPERA Cloud,1
2025-05-27 21:29:05,https://hu05-ssd-ohs.oracleindustry.com/oamfed/idp/samlv20?SAMLRequest=hVPbbuIwEP2VyH1O4phQgkWo6FK2UaHblotQ30xswN3EDhmnwN%2BvA0TqVmr7OjpzbmP3bg555ryLEqRWMQo8jByhUs2l2sRoPhu5EXLAMMVZppWI0VEAuun3gOVZQcd6oyvzInaVAONYJgX00MY4RlWpqGYggSqWC6AmpdPBZEyJh2lR6rXM7JAZU8pVZQRd2iXUEICM0daYgvr%2Bfr%2F39i1PlxufYBz4y8l4mm5FzlypalepaLZqQ9%2FLMgBRGhuzWbE5vxTCoW9BFnHVoDnIzRdw7ONuDa8hVx8NFT8WYXSqM%2BQMbX9SMXM6Qq0BVmRb4bYLwF29BSvF0kxIxSsw5dFLde5rlq8F9yUv%2FFrsndgKE4BKJKduTIwIJm3XkpDOjASUdCkOX5GzaK5N6msnwxhJ7i5H9%2FcsmSe7bXgc8xF%2BCld%2FO20%2B0Ry76HxveiIvnZEuc2a%2Bj1ZPLOv6BLVNG2mOqN8kkzwF97rTIoRHURREJFwFrVWLs%2BAaB%2FYpdNZdQTzJz3uX7GmmK14Hp2HY8m3ynv%2FB1cXio9VNhj9aDLzgs8WcyWzAeSkAUP9hOvvzcDe9KJxJm0c%2FtQhbX6K4OPQtQXf4dPf2LPiQFQH5PR68rl9uzbx7uzsuzCFnv1zSnj8v3qIz2af9ZvjfT%2Br%2FAw%3D%3D&SigAlg=http%3A%2F%2Fwww.w3.org%2F2001%2F04%2Fxmldsig-more%23rsa-sha256&Signature=P6toKSmwZ5MgMTvu4i7T89%2FY4L40ntvwFkhXSUEffCn1Dycej9KeRdaZE57OBBn%2B6fQHR%2BtTZlxDmJpUfNCzQLtX54a5b84dWah93F7wRZl3EieQfwZvwVDm8ZIREJP2OLy73NJ2D2QZBvwdJgNiLfdeodp6xDWIiOHJN3lKCNhaSISorKcAjKbVUd7H87a1IvRG07OfEoCygaXjOPe42e8RawlEPoLCnFc4EUtDyXATeteRWtE4rQWedNTTxMAbHCxMvyJeXwdbPS2%2F%2FBd%2BsSPhOYqWeyILx5Rrh4nrguGMnli7MxC3iZW1Q7P4CTQCY9X85I1mtUKxQ20pu0XpNQ%3D%3D,Login - OPERA Cloud,1
2025-05-27 21:29:05,https://idcs-67322d8881824b13b3da16015007f9e2.identity.oraclecloud.com/oauth2/v1/authorize?response_mode=form_post&response_type=id_token&scope=openid&IDCS_CG_ENC_VER=v2&state=7c9beqvrcIGjfH0jnXslrMh4CFr5Cs_fatQEfjueI5U&nonce=l0lXvO7gKJjykq_MOKoBGupXY9FXTfju0XIsACHRmQo&IDCS_IS_CLOUDGATE=true&X-HOST-IDENTIFIER-NAME=mtucn1.oraclehospitality.us-ashburn-1.ocs.oraclecloud.com&idcs_app_name=opera-mtucn1prod&policyAppName=opera-mtucn1prod&policyAppTenant=idcs-67322d8881824b13b3da16015007f9e2&idcs_app_resource_url=https%3A%2F%2Fmtucn1.oraclehospitality.us-ashburn-1.ocs.oraclecloud.com%2FOPERA9%2Fopera%2Foperacloud%2F%3FTPLNG%3DE&client_id=opera-mtucn1prod&IDCS_CG_ENC=true&enc=JJmSsIC_2tjUAgAAmgIAABAgmgIAAIACAAAQAKgb2VtI6SZ2GvhbdfTavtF-1qcRfF87Mi4cozlIL9InYViy5TLvv6U-2ePZOCRhq-h0R2Dmdj_1CYgHCoPNZyQRKukDLlTmPD0Am_n-qE_Lub6i0iHXxrcZ-Rbt4REZzZOqRC8mM1_OAajmFjYvwq7AM438nvN_aqhhfOiWBR4FMg0RZ3UaprvtO3PbfQnKzm5fug_nw7B702nG2thDlxr7kK0be3IYeRTnHzZGrj180cpI27thTUY_FVgKTHf70daAv3CZLfNogtsd_RT1ZWU8cn2YyRf6jYAN6DZHiYGbGkupGV7M-dOUtGLwWAeV00sS6uWbm1a44YLTJZLwf2kgGbZLpJrDaB_cRbT0gauf3UmyQZ7R_aABVmpeqz1TnGkFqJcMKt6uRtO1KrFLi_W9AXjJCYy3m0fNSCnNpsvuSwag64iJFlDiAf875S_2raYGef8Qm4i2z2oCIb95LM9yOwi7yLq3NP9Y67BR9wiYuIa5JVNyjUbzE5zkjtLDMMDLUtiM4dqMqag2mN95XRwI1iWqsgTZFikYDQq4LMhQ7RGzhI2I9ji25sv_6CfOOCI10rIN-HZgrTnVapwYzH0bVQlvoZWcolYGWksh0Gku4hVCTLQxeNinCBhS66n0fiLng9Fku-Sn4iltUy-7xMW608RcfvYf1D0pgkzm4kl18m0G9Wicdc72SPO9R2o0BcxLqDDlo5ySRllTEoxUbQVIYwk_ElSzlunnQlM7Amjl-VUfvb8ZklExR7PsLSVAKNc0eCZ1iitvgj-M7gqOFyO6H-RhIu3sVlNnKnDpJCdg0aBrHEZmr5SW4eU3LVZi8E8WJStPf-JaSFYOsOoeNEdZzNIz1Fp1ZVfbDkitx8xnY4c5_78R4W9OTCivZ-1ICelu3_1J7holBLIXHr7GoH_RqYggunw6DOvNwTAMLcNs,Login - OPERA Cloud,1
2025-05-27 21:29:05,https://hu05-ssd-ohs.oracleindustry.com/oamfed/idp/samlv20?SAMLRequest=hVNdb9owFP0rkfuc2HH4tAgVK2Jlogy1bGJ7M7YhnhKb%2BTql9NfXgUbqHsrerKtzzj3n3uvR7UtVRs%2FKgbYmR2lCUKSMsFKbfY5%2BrGfxAEXguZG8tEbl6KQA3Y5HwKvywCa1L8yj%2Blsr8FEQMsBeuoTkqHaGWQ4amOGVAuYFe5o8LBhNCDs4u9NlKHLvnd7WXrFNIKFWAHSOCu8PDOPj8Zgcs8S6PaaEpHjzsHgShap4rE1jSqiW1fi53pYDKOdDypYSYn7aiHRwAAXETYuWoPefwAkmwwbeQG4%2BGjr8dxDeCluiaPX%2B%2BqLNZfDXaNsLCNj9er2KV9%2Bf1iiaWSfUeRs52vESwlymYSfacH%2Fea%2BMbgvGiJt0YQMa2gGCfi1IFtRq8OyXCVtjyaqck1vKAmwDPNKxlDlCr%2BXnePkeU0G4cRGh%2FTVNGh4z0fqPoZ3tAtDmg%2BTRHWsZ%2FlH4tXpeC3i1m3zZDdf%2B4zDaxm%2FS%2B%2ForR5YTYWdw1%2Fivur%2BduKkF1d4aG7XntT2jcJtNSQNzrZ5TKwWCQDmhnm2bbTPK0R9JwXv3dUNFEywvvPbsobS2b4KzTyXBIPsIfXLVXvgyN59OVLbU4RZOytMc7p7gPn8G7WiE8vrD%2B%2FQ7jNw%3D%3D&RelayState=rWDp&SigAlg=http%3A%2F%2Fwww.w3.org%2F2001%2F04%2Fxmldsig-more%23rsa-sha256&Signature=IKDp6AQEDyHLldoYwkCBvofNyBmuZbipsOyuqKKKmZtanNIehcZAqQDpGNRu23V3jex1wBFRaFG1Za6P9EkbJnYpf3VvHfpidjU9oy3R3XRNATYfgGICLz%2FK4TnvyNZiT75V0cTlAwKpOO05Q56YUdfp8AcICOuBrHb6ZwLa6W9RnCW2Ezdf4DopaAiM%2BpAAdqHR7yLPQ8bjFJV3qaKxnYPagNspRbm%2FyxH4qd51JpefC9xaGBx8zWBPSC1QuEa2d2eIq%2B%2F1euk7gn57RK2kihXbCheSbX%2BkNlNykhof%2BZyqa51H5KbScsPp8t2Y%2BiELWvlXKYX1DMI4zRJyK0pJqQ%3D%3D,Login - OPERA Cloud,1
2025-05-27 21:29:01,https://login.oci.oraclecloud.com/v1/logout?nonce=e4db0ceb-0c9e-4efd-a211-d0614840c00e&domain=hgbuiad02prod&domain_ocid=ocid1.domain.oc1..aaaaaaaacuigpodhvv6maozhy6he64rmuhkw7ytdcuyelxll4fkpkuod6mxa&tenant=hgbucloud01&domain_stripe_url=https%3A%2F%2Fidcs-67322d8881824b13b3da16015007f9e2.identity.oraclecloud.com%3A443,Oracle Cloud Infrastructure | Sign Out,1
2025-05-27 21:29:00,https://mtucn1.oraclehospitality.us-ashburn-1.ocs.oraclecloud.com/cloudgate/logout.html?postlogouturl=https://mtucn1.oraclehospitality.us-ashburn-1.ocs.oraclecloud.com/OPERA9/opera/operacloud/?TPLNG=E&TPFLSCRN=Y&_afrRedirect=393715670884092,,1
2025-05-27 21:29:00,https://idcs-67322d8881824b13b3da16015007f9e2.identity.oraclecloud.com/oauth2/v1/userlogout?IDCS_CLIENT_TENANT=idcs-67322d8881824b13b3da16015007f9e2&X-HOST-IDENTIFIER-NAME=mtucn1.oraclehospitality.us-ashburn-1.ocs.oraclecloud.com&IDCS_SESSION_ID=226292e1e5d041abb4ad44b410106ba6%3A8df87a&IDCS_CG_ENC_VER=v2&client_id=opera-mtucn1prod&method=encrypt&IDCS_CG_ENC=true&token=FBaP-6BLTSMECgAAygkAABAgygkAALAJAAAQAMjqlbMDeefLT640XAUBcPq5X93EjJX6TJepluGAQt7Tycik2MKm7gOxB5-gOFeZ0OydoRJPv77aXk_kdaZNoOWMHPzyX4xIQ4rVN7TZbjk6d64WRGcpvKOO5R-svuFNEu-SYvvkKEcgpN4R0VQlTmnrf4ZPKUQnOXANstPFnOagpz5zkpvXdIwLHAIG1QL5hbP395cRDfoJN_gVLvxry7S8P3_70ipc5aSWiTSBL_935OaGF6kvKG4HpcYCNgKju9B-L7zD8-nxeEe76v0uzA4yW3-fVb1LZ8KPPehaLPHpciwVXrt7vs17GcHEwy2vk3MV0hJm7FrBjbersI19SQX9ehk7jXighHv001zSk9OS68jBuu098ywoKAa4vQ_keYEzZcV4IC8vPso7liYbNj57kuxTQ5Dz-kCFrMjXeI1sFCuX9od5d4i3J76g047x14DNIRio1BC2yqFQQTWni87_MFDgRMponPnrW-vUyQmeRWrc0OtHHeNYg5R3sHLS1SbHgjykD-MkMC8PHmcgVnqn6I-_gFkKZSw4jBFKYp3OKllab8XYis9f-HlzMvVtA4vAHoq8LqeMPPCb2lwLjzBeHmJalp0b8pVa8--EM61D6g7KBlzanZLq42Iy1Sgx_shejV9-5eIgRNo0eqbOMiUqQ4lVOH9nYd7nWbroew9IWNx9bITxXYFN9A0nia1RENzJ4HwMPVTKVh_pi5gwY_s58SXIjwFnFG3W0EzzyA5J8oemh4Pim8uqMKPfK6JGtNYqnTF05BOkfDJAztGnhrwmSS-M4vFJRrXYjNx1-ZYXjCOmde01k_rQoY_ee6Pqr4mfDb3gL-IKbSSTEp7UgxEZg3VL9pbfznvfBjYsywGFXWQBVEIqneUMF_nRI9Ct631nisoR2lwE-HpIsC1saE2jbwAaZftDB3loSTTuXAB5cciAzbn1nifj52J5wlvdcHfEBT6tDDoRXBmqpqqFVWTDJTmSNZ1YH4DzUaXjm4z8NKQ42sAfd3BuqdaG8zF92uTvoEidMy1ztW6au52doHxnl1EY9ANfz0WXuVRvhHMOVgja9jytSAOQUTg9wdaUuKQ3d8PdVpVhGE_X9Iq4JzMVSr3oAgCklbTHLNYQXB4bZBoOoGX2yyeo8-2Gbq9s3MK6m0ZajY2XQOxzI-5Bq6SqzEX6CHRE0QBiOKvzQ75KHZRnz1nKKV-IrHX2AX-U8eFnHBWfqAofrsrjECjs08stog3tPyGgQxXVW5n_kuieLVA8d96mIEPo8p5i86uQ95BNljfA4PV3e3_rspVtRXo3P-FAtUrEC8T-NlGmGTM4bysGbXvd-lfV6HhCM1TTC7NXjvCDQfy8WKqB_qwQKs9t0nEuXkdAgWdyRYfw7QnUnQD4eJYyRVh8oNoiSDvjNfW-5KSNC-2ZL21tvQXGUVE6DvlsyYABnLp7vV1wnMuXkaeQ3PkFCU0sHTjUMhKlgLzUWMIHrLYg3JkbgwOiDVJetoTskXj6k3h7k8OSwUqhT-zfnnhhpxPDRW_ir8SMz8bZHfCOt6J_RyUM0xRIKe18eKMhpJdiQbsGu_W_tOsvu6_MHQV4jWY5gTNd0uiqdzsEt_ra8yZIn1_KDn5gCMQ5aN0EOF40tViVwb4-sxfkz12JCkONNvPThU2R-3EQiIPT57TxJEoI9F_2qcWaIlRSpauT2hQCTg1K3h2GWOr6Rmf_nBGmpAZCvIPTUPpk20yCJ7laVg16rdEwHSYUjvJ1RaTpG-3-mDWKE1qVlEX-pU19k6jLxeIfdToUzqEe0qy03U10Z9lODuHcTOG1DdAmHI6XS14ycIzMkcj4x1Ifvd1yQjTbL366IYitsUuApdpSEh49MT-id1WR1iryLYC1XVIYyhJ8YKoy_DhH1IGiak2VO_RVS0MqMncVN51hae-iuwMiwy_Figz0qU_Loq1ZmJIWuBRU2vAg3pXJyJA_aOtTCAJgv_5HLi5-fNThkJRDtjgMIgzzhlFFc5ICyc6sdsuZKvaMNH5uH2GEZK3pUFV1CmklTrK38Fp2A_omO82WcQWZGJXoivwy4T10DZh9hq4eoz6BKuGElxmMeyftfxTO45wvCgvhHBeNITpGmWvysFQ12TmGc5w3koyz0TVhkkJ7vfL27JzFPF54diPTM4LtpTbbzxXQneCEutXMBy7TykouO1Uv53qp2IM54qe648C4erMe1Sb5cM2mqVgy8RdJEzeArKNlbHRk-9NhVrpfeewyek8Zf4JSFcLpWIRIb9Pw3xx0qtN6c54caAxg5n3LD_gCJzfmbtq2iC5g9FNBhaA7zz6s9z1eLHBWX_gHhD18Hzc_JiKeLw528nBDiQtPAeMtfnctnwTT5pEvyp3u374DsjqrhJDYWpqLn3U2Uw4AKz3UFGcGcqPG2gRVzxalGyZJPQh-Auvp8LW4OYBude_zIHetTMxuMpV7v0YDlYmn0Btik5k4QD2yFdsrHG6CGFkqqEUuBAy9GqH4avQuK0ZMiG0EouQnZNyR13ON8IEFlAyHW29oKfmSiMeA6BTlPNVGhB5PBjWwqhbZsmJZJtoZrRi1VgQ15CsCeREw-b3czXn_lxKfQ_yYmO91PvF6HNptzQ3bjBhG7A94xvUip88bdxMiGpwpI0jHPUusV_UawlCEDEpwEMfCNitxtEYXiy24UT3uJSrSOyqTvt0MUnLyCfxNl7qYiYOa8gSEtQKy_8Ziu2_0ZEPqLInUy7aHhzS88ljaSkh6MYkGysP5pdxLIbzYYnbK8YsjbMxYdtg2ehGUh8p1USp8Wo1jXOQChi2CZKiKg2YeSIDdz2diR55pPkc-BOq9yqDacgmQnJRAQnjunZcZsTpmW81IVLmOAwKjuXMhXmc-UeHayXCPwRG1p6mtxXjFJbvzk2GkfSA9tqJ6JnqicKoPl1eg3RiNVvBifQeaylRF5oGjyb0-WcyN58fjsQe7EukqZmArYQFut3M7HaAPGrcMwVBQ_znd39rfcKc7ZWczfXZJrRaOUdGXlHzR0aHHX-vAlSBFsz9Fu2Znl9W9HrB7hzkS4JFZwoqSPZJvHe-jzBJmQvV1KAhJeZbuR1TMh9omu4dc2pGPHCt29EcBbZEmj99Im580hmY1mp-33vNaqvgrGcopbwiqLaa1IwZv7A28ttYuNRuLyjOANLAwRitkIlg1X5nk207ZQbHs8XlA77zJYA9FVbT7Uf0qgS2YWjoaAx6FipGamRAHJTywiig0RLLcCG8zKo9UiTTnuiWhKYvOYvjeh8_o3-X5tyLCXvqpYyPVC7LZmM5wqIM2CDnQ-favBydCNqKMtz_vCS--3Xw6DMcZoBoPDJdx2-alR8WkuMDqSQaBf4JHgyzNebSjDooA6amMIa2agfY2jvYSPmY5PA,,1
2025-05-27 21:12:58,https://mtucn1.oraclehospitality.us-ashburn-1.ocs.oraclecloud.com/OPERA9/opera/operacloud/faces/opera-cloud-index/OperaCloud?_afrRedirect=392753690709932&_afrPage=1,OPERA Cloud,1
2025-05-27 21:12:48,https://mtucn1.oraclehospitality.us-ashburn-1.ocs.oraclecloud.com/OPERA9/opera/operacloud/faces/adf.task-flow?adf.tfId=opera-cloud-index&adf.tfDoc=/WEB-INF/taskflows/opera-cloud-index.xml&TPLNG=E&_afrLoop=392743659406302&_afrWindowMode=0&Adf-Window-Id=w13r2xal0b&_afrFS=16&_afrMT=screen&_afrMFW=1058&_afrMFH=1469&_afrMFDW=960&_afrMFDH=1440&_afrMFC=8&_afrMFCI=0&_afrMFM=0&_afrMFR=172&_afrMFG=0&_afrMFS=0&_afrMFO=1,Initializing Application,1
2025-05-27 21:12:46,https://idcs-67322d8881824b13b3da16015007f9e2.identity.oraclecloud.com/sso/v1/user/callback/login?nonce=134ebf6f-453f-4b78-8ba0-3934a33675cd,Submit This Form,1
2025-05-27 21:12:46,https://idcs-67322d8881824b13b3da16015007f9e2.identity.oraclecloud.com/oauth2/v1/consent?OCIS_REQ=ATCsZCEEDJ7Oa%2Bil183roTsMH5LOKuVrqO7bSnCF9YgtgEuo9sMrxJFyRlWr0M2Ku0OAt8mzFKgchWgnDNeTZvQa3o7mk6TIc%2BosZGIFnJ16TjXqZCzzcN5ihBfFhx2DiatuvXHGz7ONXUCR7h0nW0%2BFVo75Gc1GMaYnZHoMpB6LOsV4hH9RbZfWlgvoY9LSOPioPLe3xJiJkftNIJZJ4Jsw1LXA9dJ6ay9MGSVohCDdXjXkA6Shh75ec35Lx4njylHp0xtrl3UGnG6JL93Vpt5Zd3P4PVADBvRlHjERDPebY2R%2Fbdd5cO8aBulutuwzj0rj2IEz1HWblr2Ch92p7pl2Vj9caZyBr4WJRGB3kTsq5uS8d9wN4TfiUDy30uKk0EeoRvfL7IlM%2FjHEk4cu6V84zcgo57p%2FGMcBvPwakWEHcI9u6Dmtp3eRXp3Bp4MpLP8DA6XXDX8kwCMb8Nd4P%2BdbAfa2pB3G43WASjWIoSubVYfy9wUEm4dcWLRg3Slvp56JquF15xOm7fjO684BL3eQFJ3C1sr7S8YfkRcYg86QGjhUVB7iGyDi52yNbdX9wsSoQ1quWrCknk%2FR%2FvBClFhAqKs9p7m0kJSau%2B9sMhfOVJZlM47PZ2nEyyb%2BTHuYrif102P%2FCsXlGYutcNKifSbhWqD%2F0qlUYLvj7PEYJ%2FPmfT6yD7eVAEzJT%2FjGfkBg0Xo%2FXnamNsjNRabbyojsHz0cUngiI85QRQk%2F39dbL1pVZXVA%2BIpNqxoFzDkgUJD1KIrw%2FFhUwJNObCalGRtc0igZmVdhv9rkjHGClu5SzR%2BJM8kFsTXxcuwZ0VQFgo88mZaJ5GRyRP%2FfZ8jk0S%2B5nXfBFkcPHGYButInH%2BwYcDHDhaRxXCUIVdc%2FABEcTj9rNbjfJboJVvjQBcPHXjVtH75%2F0hfwLqOJG6QRUyPx8BDUxYfZmdsQB3r0jPmgI%2FHV0c7g2soYeBbLpvGisK7SwsmL984j%2F%2Bnyd%2BHYff2Mw8c00RnjGrK2MfwsD%2F0IAAzMZvj1rw%2FN35oXG8RtYNgfWNTd1NCPD5vEKbXrdndQAg0D3mNlwhc5JUru%2FYbBzuDlSz1enOlWKMnM8wvqIddmR4xND%2BP007pdCKqRTsxonw8dYbOstxflsbEWywhHFGpk6Bb2TJrUDFytupxscXCWZvZkhsNBzeQvUCxHxaGrrnCn9NtZq8NB4aBPmbtw0GKmdtLLsuTCyIw%2F3mu7NaZzrYsiDtMhNJ9pJ8F3jfM587kAVeM0HkyryJMCnDAT%2FFeH1A%2FHgnr5Enf7JQzcl1eFwhEk5HHXqQ4TRmO8ONRdODxALZiSMdfRMuXlYmuJCmXiABgV7NLL7x8enFra43jRd2%2FhpNCoIwOD%2B6bNGTeOetTC%2BpcFPxwRFq0Xww0yYXtk3vUhmgRyuVf%2FFodCe7%2BvS1hpPYNaVSoDQ3dX7HkM%2Fo7OK0yoVOlCzJzEbZ8hGcowhgBF0iSp2dJ%2Fy3WbGjIA%2BDbE%2FoaGMrL4pbacmo7p1bdjqH1vlEoSk8aoLkxIvozKTGyEcBmfMSlCn%2BEDML3cVQfAvuaRb2VOyqfrTZUF2nCBuwgUeFs8gVBmePEh15A1tMDy84gzJZ2nxqVmO1Csf5WNCce9iLdMvAr9dVpGNCtcn%2BiIoo7HD4C7p4Xf1U5wYGUqWmqu8EgUNNQfINRM9raCWKqSNr6ymX0J9PteQYpvVPG3KjsQcyqXfB3PyhUUMKdWJZJYIL70xv4Hj9rW%2FW2RQ30vpYqGPMLsqDvX5CoCYbWjh4l%2BjuzqqCs5jRa9QIad8RD6bqKFTPAQiE3P3xpGI8%2FH5RJghb9Sz8giQ72uJLso9C%2FBg1fYs8krWA5yrcnsxzG1kpp5L9qCVoovOLa8nBPEXeJ1EhfKwVj48Br2ZmeSQE%2F8cQ22%2FPdK%2BaFwzUeCTHrST8t2pFEcZsi62vRvVYcnmCJBQt0nMvXmkuS41eR0db2P2D142k%2BmfBaIhcDeQZo7IFXCLqWUhZUYq9AXPhDaO7Rncz07zOyVgkobHTnGiT39NxU2Kwu8yc6pdpk9%2FplO%2Fp1NGwCxm7ubZPO2ZsuoSl4fW%2FD5dwRBl1lFyoImIQVhFGSPm%2F9EtUhnFgzw%2BB3J71dORm1cKP4G7SedOAcFRnbLAhLnSae%2F2BASPd%2FAh3euzCnIFEbTgXq14IJfK5MtubyOoi4IG02Ny7bTMFhuwrsrMVA6UYGbwAbB6ytfYyl3wIGXniSluyimotp8XJct9ILEsLekBQnIK%2BLHtqvfGMfF1WXuakh2LT6breFh%2FBtjp4hyQwuH8PsxejlDUpvjVqJxzSX7O7Xst6dnkWD35kdhqYmqWxK70b7SqKLl9ENNw99BBTaBO%2BKjTIjON7UA8kHXQxpq%2BL2U3oFocJva%2FA1JayykLGK%2FDin2ddNvgRph5IjglNcrkqOhaYvIfZYHiqV2cus61qNGWWwKy3%2FE%2B0HC%2BCodJtfv%2FBoNLhaK8ynYOritXwxLuiQY%2FhnGA2tpEgIDxcWyyL5tfmg4hV4xyWHLlCq5T3%2FAHa2IAcNMg9gnxx39%2Bd%2BBTI0HbJSFZ3BBfM5xFb0OoSVRztb6AWNrNDRLafTawnIOOZHwqQdrSNWv6qr2DD2dE9WdQhr8IUFU3A1QPkVW700fygd1XLkuy8e2pr%2BAVFwZwCjzxJlkYKpTQ7i8hpvE8XhAck8YlbIB3XElYlPywPIRBN7ygaf%2Bd%2BKanasYFYrGWHvrBnBplR%2FLQsefKMOyujGlp25yvEo9IHdy%2BYAj%2B82FwlBBZJ4jaYIWKAZVw%2B%2Be9UIyh3KeD4VeVE%2BAHkNcQnrsNBNg%2FvkTQv7XDByW05zNhdC193GpZfKwRv2i6HHj7ThjWyO5oroP7iEIsixGxZDE8WfNh5QfFom0GklqVM8HeyJUS9q1NmRd0p8IYNbXmkM5%2BdI9NbfBuCUtnYewcXhrjpHbLUjQ12MjYfsGsZf2C4xTSKG0oQdZR1Xxzgjqx1VMt4CfFj0KPisuNpYN4w4Ab3p7oCUEefiXy2j7Squg4wjFqfZaM4LHH61atF79L%2FtDb4fpVI7Lox7ILP5mz%2FDX96HGrjUDG%2FM3HV6i%2BiN8obwuHHPnwZ7ZTH%2BUorQPt6tNlWMnHbz8RgDpQ%2BIyLCnq5WTNn95SLrxKz7mtc79G6Cli421u%2FZl4Ug5MQuCXgrHfcsogWfFXCC7QTxiAbdLWDzQsjio7b6Q%2BTDh8%2BDzJx%2FAprxH4FYVcOki2sLtDMWBMzWPL%2FgGRJA2Cw3VDrxOkElwdrdXw1FD%2BZm0SfYmFSjADQb3LTzJi4fl%2FvVtfAgQsW3WRefz4RcSmUlqIhuioP%2F1SNE4J%2Bum1JH0MmB%2F%2FbTH5ViCRu0Lc7wiWXplvfvt7QNQeVHPjC32TSP%2F822TcXsyZzIbECOjSKoca%2Fl7O%2FqVLaYG6pUfy2TWcJ9Nfn5S90kF8eUj1g64k4yMOAX0zBeH1i7I343Ys%2F4ZhuvaS0waAAJYAi%2FBewOcOJnTHwA3c72Sr%2Bcn3%2F0s4UieO8H2t9tTJts5qtmIocJx9noandoCrV9hHHdFvZMMhgNFn2igyiYEzG%2FLJPx6zks3u%2Bx9%2Bgg03PQUzXPJW6BdjJ9RntwLDeR1vHRz11Lko%2BvOphArP95PePwyFiYxXO2Mr4XIwMA2mokOWHOiTcuyQpgbl1RhjaUHG0Eg60WdvNHwAaNaIlnoq%2F5vzbCmWkunIR%2FojFPGjm%2FAGsWju2GpRU7WGyDL5y7A2QxCoyEAz5X8WrK5zmDnk%2Bc7J7uWGXePSMQzi4ZXI%2FzlltJKG343dlknJBVXqoCU0yLb9vjYlwrDL6bLi5lFHbVJatrRSUgDxWMloANenSkuBbmj8ttJulinrPm%2F6bie9wmFkHZDO4gOlfwDPE7nkIDvu%2FkvV%2BXrgH9LmKOYUs4MYkIVa4MttwV%2FKRtlob2q2k5tIoWQsp49VDwveoyM0EzKblXCaQlc1s5GTiY5rOtnf6tImHvrc4EOEoynfP59QFKumdvLNlO5woec9nu%2BhxuRetz%2BX8eNIvCYbufIKci5VIOV2%2FBdKwFmaWKeHpJ3%2FcxdEHkpb81EdiwcxaVs6Ivcvxdu%2FdiUawas0wbwHTFwZJ%2B1bAXca5sEMkQ%7EK1vMYntdEMnNbpx46ID6fyeCA%2ByTowsBeFHxyVF6H24,Submit This Form,1
2025-05-27 21:12:46,https://login.oci.oraclecloud.com/v2/storeLoginInfo?redirect_uri=aHR0cHM6Ly9pZGNzLTY3MzIyZDg4ODE4MjRiMTNiM2RhMTYwMTUwMDdmOWUyLmlkZW50aXR5Lm9yYWNsZWNsb3VkLmNvbTo0NDMvc3NvL3YxL3VzZXIvY2FsbGJhY2svbG9naW4_bm9uY2U9MTM0ZWJmNmYtNDUzZi00Yjc4LThiYTAtMzkzNGEzMzY3NWNk&access_info=eyJraWQiOiJTSUdOSU5HX0tFWSIsImFsZyI6IlJTMjU2In0.eyJkb21haW5faWQiOiJvY2lkMS5kb21haW4ub2MxLi5hYWFhYWFhYWN1aWdwb2RodnY2bWFvemh5NmhlNjRybXVoa3c3eXRkY3V5ZWx4bGw0Zmtwa3VvZDZteGEiLCJkb21haW4iOiJoZ2J1aWFkMDJwcm9kIiwiZXhwIjoxNzQ4MzgwMzc2MzEyLCJpYXQiOjE3NDgzODAzNjYzMTIsImFjY291bnQiOiJoZ2J1Y2xvdWQwMSIsInVzZXJuYW1lIjoiS1NUT0tFUyJ9.bHdpFWjv_IwP8Gff8lSFDlkVf-jduUGuVbmwsJsBXwaOClnHcnrxfMyiPWkrqH4NsukpDh476gT9Tll5H6UmknKHcp-ID0y66-Q5bIIAuNQnRtknWe1xuYnF0tbdhNeC0bm0tpyEEuGzOuvhYwLo4Xv0IwzNy_zcsVK8s-oY-chIdyWCzvYBUKs7S82GpdosHy8qLahkhw5WR7soH3ZVw-svTJicnLjoSINrcQI2m4nHBnpEpcWwQmszYYGCXZllH5ZtoRFQb9FNm50dsKI7iQyD-ZFwZUdcIsCLTCEpmEBugWME049fED3bjmoFEmhssbNf-c5pUQvKWS9unb8m8A&is_paas_login=true,Submit This Form,1
2025-05-27 21:07:04,https://idcs-67322d8881824b13b3da16015007f9e2.identity.oraclecloud.com/sso/v1/user/logout?nonce=5cd259a0-cf53-43a7-aad3-a2b4fcbe005a&tenant=hgbucloud01&domain_ocid=ocid1.domain.oc1..aaaaaaaacuigpodhvv6maozhy6he64rmuhkw7ytdcuyelxll4fkpkuod6mxa,Login - OPERA Cloud,1
2025-05-27 21:07:04,https://hu05-ssd-ohs.oracleindustry.com/oamfed/idp/samlv20?SAMLRequest=hVNdb9owFP0rkfucxHGAgEWo0Gi1FGi7BjbaNxMbYi2xWa5TYL9%2BDhCpq9T29erc83Xt4fWhLJxXUYHUKkaBh5EjVKa5VNsYLRe3bh85YJjirNBKxOgoAF2PhsDKYkdneqtr8yT%2B1AKMY5kU0EMX4xjVlaKagQSqWCmAmoym4%2FmMEg%2FTXaU3srBDZkwl17URdGWXUEsAMka5MTvq%2B%2Fv93tuHnq62PsE48FfzWZrlomSuVI2rTLRbjaHPZRmAqIyN2a7YnB8K4Y5vQRZx1aI5yO0HcOzjQQNvIFdvDe2%2BLMLoTBfImdj%2BpGLmdIRGA6xIXuOuC8BdnYOVYlkhpOI1mOroZbr0NSs3gvuS7%2FxG7JXYChOAWiSnbkyMCCZd15KQaEECiiOKwxfk%2FGyvTZprJ5MYSe72tfz1kMq7QaGC6f1jPh%2Fzv8mPadccn110vjc9kVfOra5KZj6P1kws6%2BYEtU0baY5o1CaTPAO3F4WE8H6%2FH%2FRJZx2E65CzoIcD%2BxSizUAQT%2FLz3iV7VuiaN8FppxP6NvnQf%2BPqYvHe6iaTLy0GXvDeYslkMea8EgBoNE0XD9Ob9KJwJm0ffWoRtr5EcXEYWYKXQ0ryZXWXDtwIr55s8Xld7L%2Bz%2BqZeHkQSub%2B3vedv8Hgme7ffDv%2F7SaN%2F&SigAlg=http%3A%2F%2Fwww.w3.org%2F2001%2F04%2Fxmldsig-more%23rsa-sha256&Signature=B7bEjFc1gLD1lJIH2ixQZ71%2FwC8Hwx2ppCKTDMoMj0giDwdIPPbVH76em4%2Bg%2BA6liVCTBiYTXjqDnQ5yBMq2OsFUkAvIuF6t1dZUpfYxlkHXAzrkwADE3n6fML9yRt4FJbIuqNn1ksU%2FSUzDc0x97f8aQJ2dPP8S42YLti0h8rPnnsS%2FUnNQjXsGmBOSYzeW3HqEYk2m3BZDxCLYcF%2B3n5HQGKslfU%2FIboW9p%2FwCutn6EGaZsqUsHgSziUFlbN4J24p6K4wauejwpmZncQS2YMVFTEBqOAeLYlqwtRFrVsqpMdovbbe%2B0bsEfhwgIgux4A01qcL3WnTv88m54LLCVw%3D%3D,Login - OPERA Cloud,1
2025-05-27 21:07:04,https://idcs-67322d8881824b13b3da16015007f9e2.identity.oraclecloud.com/oauth2/v1/authorize?response_mode=form_post&response_type=id_token&scope=openid&IDCS_CG_ENC_VER=v2&state=AxRcCwZ3Az5_GAfJgXvfkbBU3UXll01mUjBS0dv5wy0&nonce=CGkhzYo5ScB1HiszbFlrq79BahMmF-mQpVGHdFlR9bI&IDCS_IS_CLOUDGATE=true&X-HOST-IDENTIFIER-NAME=mtucn1.oraclehospitality.us-ashburn-1.ocs.oraclecloud.com&idcs_app_name=opera-mtucn1prod&policyAppName=opera-mtucn1prod&policyAppTenant=idcs-67322d8881824b13b3da16015007f9e2&idcs_app_resource_url=https%3A%2F%2Fmtucn1.oraclehospitality.us-ashburn-1.ocs.oraclecloud.com%2FOPERA9%2Fopera%2Foperacloud%2F%3FTPLNG%3DE&client_id=opera-mtucn1prod&IDCS_CG_ENC=true&enc=4ykyHVf1YUfUAgAAmgIAABAgmgIAAIACAAAQAH9xfRDYQba0un6Z7qaIAn4EZbNDcJJkKrzYqlgulnOOz8-XnwohjkwcpwWKnRjeHP3P6A5eMEPmxrtzhQ968eHVzK9Xirw999Au1K-1MVCwSAczgHO3k-NRqe_h3wmr6FtHZKv4C4rYJHUtFAaCNxIw7E5vl-RLE6nsxhU2ScrnDpcWc9TJvZ_ro6CHHxfENnhJ5Exyuh3uYYy7xQ5z2rLF701nFK0b2V-PxXJjRf5Sw4BW1dfdD4lDHj2-R6zzJZsIdOxcoZx4Jsv95gocy8cySfLKB_dhRkp2worXCBUqNKEaB_e2f60yQ_tsxsvrHEmJVQQdxKL8MPnU0-PTVKNgiBmjDqjPo9vuSTNd3kJtgcMsYdre1mHupeVkjcXChDzrjdMc5vQd4eZFeidhqFZED-LGKcFnDmgD6B82_VM9LzRtO5AmJXrDY7-jZ4F33zRn6SV27EC1PreEDajFAamzL29sAd0A6VTMC-UYTVajqQyNnhdUVx8T9Ai9dhnwZ7pKnlpli4mXqAzznW8eDLNQFA3X7sSPymi_abpXq8gmvjmin1bP4rpBL2oR--4lyZ1mcXDRk18fSSKX6R_7pP2jDFoUzlV1K8wae1qZbsbmThPe4PJ1Wb_F3rZ0XOzWtDfSGHa8ChYvBLUB9Yzbc1ZbJjN8Tp1lJRv-f8FTfREUbOTJi8VGymEL-3_tWtjyiGeOwsypfw7x61UArCU1BJ1qB_9TVBe5G9_c6J1Bk2_yCc5cKxokmPUn-NKg2HOYxCnig7usEL2pN1WVrDUX6KdkDduYEmCE3WUzw_vZi79ZgG2tNkEcBl0wngSxZYnpEB7MmrXuuucmK0seepzZZAHbkEx_IuAoJf2OSQtpA_7Ya297SQhE1r_iE4tI5etRnH30FjZjJtOt0PRPTS_eTE5NsIfagooztn4ILR-b3LJp,Login - OPERA Cloud,1
2025-05-27 21:07:04,https://hu05-ssd-ohs.oracleindustry.com/oamfed/idp/samlv20?SAMLRequest=hVPRbtowFP2VyH1O7DgBUotQsaFuTO2GCkXV3oxjwJpjM1%2BnkL%2BfA43UPZS%2BWVfnnHvOvdfju1Oto1fpQFlTojQhKJJG2EqZXYmeV%2FdxgSLw3FRcWyNL1EpAd5Mx8Fof2LTxe%2FMk%2FzYSfBSEDLDTgJASNc4wy0EBM7yWwLxgy%2BnjA6MJYQdnt0qHIvfeqU3jJXsJJNQLgCrR3vsDw%2Fh4PCbHLLFuhykhKX55fFiKvax5rExnSsie1fm53pYDSOdDyp4SYn7YiOQ4gALipkdXoHYfwAkmtx28g9y8N3T4dBDeCqtRtHh7fVHmMvhrtM0FBOz7arWIF7%2BWKxTdWyfkeRsl2nINYS6zsBNluD%2FvtfMNwfi%2BIYMYoIrtHoJ9LrQMag141ybC1tjyeisrrKoD7gK80rCWOUAj5%2Bd5%2BxJRQgdxEKGjFU0ZGTGS%2F0bRuj8g2h3QfFYiFXqs4x8yy9ezts0GT98cP5nG%2FlkPhShidDkhdhZ3nf%2Ba%2B%2Bu5u0pQ3Z6hYXte%2BRZN%2BmSqEhAPRxmlVVEUaUHzTZptsoqnQ5KG8xptbyVNVHXhvWUX2jZVF5zleYZD8jF%2B56q%2F8p%2Bh8Xy2sFqJNppqbY9fneQ%2BfAbvGonw5ML6%2FztM%2FgE%3D&RelayState=j1nA&SigAlg=http%3A%2F%2Fwww.w3.org%2F2001%2F04%2Fxmldsig-more%23rsa-sha256&Signature=PkWFiPEEfztiGJZtd5%2FZMfbsYB9J%2BVTDOpKJlA6wOcT2UUCh2lsghytPowtZGiFhsuu6HonM5s3ebU3Fzoye9wZj7rCvO78o%2FA0kGxsLPg5ITIzqrh9YDvmz%2FiimulVzjlM8mTvbmsl9bSopOHMXeH1ia3FFJH3dc7oGcGRzAOlSvwNm6ae%2F66n5r%2BoOY8RbT7sIqfTbNBCzODG6Rd%2FtBRMNri0nKrRcE%2B6eGhIh2CC%2B9sur2ahCVXQ7UCVYL1UeKQ1NF3HlnnDCZq5WNFw1cYwQc1cB5Lldxp66d2fIeWm8Slh8RSfPToKF9j9OCwHpBR5bQndVqfQG8Vju5xVFBw%3D%3D,Login - OPERA Cloud,1
2025-05-27 21:06:59,https://login.oci.oraclecloud.com/v1/logout?nonce=5cd259a0-cf53-43a7-aad3-a2b4fcbe005a&domain=hgbuiad02prod&domain_ocid=ocid1.domain.oc1..aaaaaaaacuigpodhvv6maozhy6he64rmuhkw7ytdcuyelxll4fkpkuod6mxa&tenant=hgbucloud01&domain_stripe_url=https%3A%2F%2Fidcs-67322d8881824b13b3da16015007f9e2.identity.oraclecloud.com%3A443,Oracle Cloud Infrastructure | Sign Out,1
2025-05-27 21:06:59,https://mtucn1.oraclehospitality.us-ashburn-1.ocs.oraclecloud.com/cloudgate/logout.html?postlogouturl=https://mtucn1.oraclehospitality.us-ashburn-1.ocs.oraclecloud.com/OPERA9/opera/operacloud/?TPLNG=E&TPFLSCRN=Y&_afrRedirect=478852867388040,,1
2025-05-27 21:06:59,https://idcs-67322d8881824b13b3da16015007f9e2.identity.oraclecloud.com/oauth2/v1/userlogout?IDCS_CLIENT_TENANT=idcs-67322d8881824b13b3da16015007f9e2&X-HOST-IDENTIFIER-NAME=mtucn1.oraclehospitality.us-ashburn-1.ocs.oraclecloud.com&IDCS_SESSION_ID=f5bc1a188b304a4985bf72650a6adea0%3A8df87a&IDCS_CG_ENC_VER=v2&client_id=opera-mtucn1prod&method=encrypt&IDCS_CG_ENC=true&token=0wvqUBfxSeoECgAAygkAABAgygkAALAJAAAQAPazJf_Uh2aFBNaEwFCsx9IJSrl17gw30_Oe-6vQWT4m6mEgh44uXt4IRVcaDpfoT76LADfdbyVzSwswBAcTe8SfRRTrfitGIxQgjHzOMlQpGSI6tQv3GeIn06_AqkV2EJ_t6B52r10y0txjqlQVL5o8z_cUVsjj96ASHxUa9li7RyIyI3lAz8FEqml3fLJH-CYinp5MEyoipOB2ReeMNaVSFaaVb3tw99Oy4eFEfw0qDfmh6ZtVLrTri0gyV5rkLHE1wqOTk8FBQ4_kXrRnEBOVxPo5m9_8Y4LYi_zeYFsgGGdbsuo9Q0CvYUrU5Vt8ANbAzUmAqVQ0mktO5pPzMDThhEM7fct-v_0gOKsmcFCo4y_7ks_2pAOCQv9TVMGZfbJgl2yEE8xWA8SHHM80SyjyZyGSJkev07kOg9_JTBQs22iO8Z8-58v2Nj13G0IZUkAvGgaQlpQL5H7uQLcHc5fePgWw-nAfitp9vjy_YJvAGFT3tTWXSURAvQt7YwcnlfvncRp8c64DEQK9ZuKHWqAd12E_inyUINUhAuk-NZA-QQKvrkeii318KNPK10YSVR1u6dglPfIWQtjE_rkJr4BxNcX36Peyhli17E38Gz50rk_i2jlGn2QNPTQ8bV4L3ZSbH2wp-QycvAPBT0oM8xxnP4oxXKLwL_5YL0sOx_q7QT52icGeyYHqSHUNs5-lrF-ExMeqsPRsdhg2AqIljSWHR1Cqm3IFqLRKyjBdjqm3Hj6CNPawQMZjJme6ukDNlFZ8s55s4sQLRb81I1soSfsFmCSYU7LZenrnWQxuATKugHKXrhcKVR05oDNnbRCs9RESqJgsxbEmKSHKJGL2lRAH7IlvRV2qkk6YNprA6Rqha6B63-NpE_vyPlBCinAaEyhxMBf_1XLSd3M0eXHOhTwvHWU8qdRh8bSEusGYKe9pnpJDyFzswlfMrO0mGKiwvn749XAFsDf_GVN6ZmgP3_2UCpOR4R2F4bqOsc--iVAuP2N2nCg7zSf28djjDxLFje8OaJl443SlxSoPFt93c0QT-dGauxA46aHEtANt1aF5O5FS64ahIi9wwe0lJkTfRYZW2m_o5hXbjkBzrCWfzr-98zZbITbVo6jV27QMYIHxK1r55oVnHDhSiyrclLZp2pjtarhV6QIZcJeX2T0pA5vhZEYH9ywx1NmiUjbSNoB9k6gBc_IwD9uNFTIRIBXHX5vYf2jIJdhHRZWCUGpwjWsNpLy-tJJs_TQAv9AIBP34coUuWPawZFXtUJoMfsNlNz1x7y3rZ7s-4iu8ov-YILkC213HVO16dYhXFs9ap1Sl6UqS4dM1Y_oosXtsTZ7h0_UqMVxhlHxzHPekkbx0wF22XVKd70ou7nSQjp1uyvkV1pG22J21t-n2ZwRRDDAhzSWh5JApBg8A1_0PeuCgCKbJcfwzja8uYU6VpqWdxKclOvk41rBSK2I-CIfSmHc6gwjE81P8Q53oUtqLgkgsDXX7aGyyjydYsU9y5s0HTEUue3wSDB92rKfbmHIHPGbx_Mq_MlZIoReFyUQOn6HyYf41UeVXV-quDaXs3kdQzShpviCDkV2ln0Hs3XiM9j_36EHYeIJIvf8TI2nIzx98Vvk1jITFp817TJ2Y6zZEoCfkwF9cAN9RhVQcGjy1t7WFdgbpwJi7Ndil5WUh5GLp-kOMO0bbd_kcI5TCfBgENRsljOZ6AXOk_n2-FEU41zsrZhh3tEVHj1st-gquoCjnH3a_EHUs-jOdTWEoMrjthFz7rjch6al9ZL6JL0u-P6SdDL5pmz_-qyTfLlkSM_x_3D6KXBkwwjJ0VpJDK80IKiSmTwAlEqJ1koPpr4v31XriWJH6Q9cte--GrxBX6Y9FQqiuTxiV4rUqAo6MySPikyQGAFtpiPUTjISGMC2l36vcZkfkh6gcA0KEQ6kSe_WYMtBs4x1DBoniy-JJWAcwSXmlGV4_UVP_h0-9-L7RKRNrA5B1IYuJ-91LuflScdlY5wb8wN4jvof9aNsf15snlJQLitwAB7jlrkbdI9pmFOs4Me9wv5UkrDAx-49Rq0aihu8RPf1ct5KHKHeeF3fEkLEBkDQeQuI8q-q9FqD9qk4fPkhyRxfMCVJT2omeBHyCO8Hv2wMxn0pHDrLhcXUisBfHnQK9eMX2mOr6QBK__I1lqDvRWJjT6uN4V9RoFpYNIfS2T4zoKW-t3me10RyZ9xm3YCccS3KQPCEzheemAQ5wJiai-dRYo_ikkjO7KbY5RyHEOIKB6Im1O2si5nkFRaELc8FJiB-PYklndgF-0uPI_D_4_BbzkW8ew1Ewb1h8yjUOwfTUas6l77K-PaMSuVE4jglogg6ekyiwugzeNFYqLHOU6kANvG_nAPZxJZp_40KtpXCmhpaumPtf26YLzgwqvoklBzsANE4_GnTpI_B_kA4Vx39Z6Xy50bNPimxrq5Hlvu_oHdNDYuFlwKDhs-RvC6rl3pOiCLwVfE7LVJhlITH2bFUEFh84zbWn1qJL8uY8MrhGFUWMH9J30DnrKT7GRb9bGpfLuU8cimZHYTOOhMOrow6ZDoNWwjLcXuqJ_Rw9LOanPFkzi_4l8F1HXrOPedp0xgyJQgHZ-Dc57JXaPgS69qB05lIf7P60fTF7BDD84K2E38n7cknRFJBcSYucEzaaNhrZ9k_Gz5WOrACMz2HAT8CrMpUj-KvgE0cXRdY8Gl3df-sg-5Sj3LMKCaCZre3aHK-8sunihSNwkEey2QMinB4Vd5Qy1u5S7vwz_v-pXa1AAB4Jr4liOkfCIgjDiMdrsvuT_BwcUiSwuZrsZeDjZ9c1jJYMgx-T_9wm0JRtRS-KiySo9HYX9B6-HDqGSfP_oeVhJi8S5AciVf8FOcpXHguyLdYIgNXWZXHsG8qj6nlDqyCtviGWzPj2oXttu0zJ5J8K0Fbrvtt4uLX1sKtIWT3FA1PgcW5LTYCo_QXFw0Fj5vggavmU9LfafLlChcSgj61GDPoxcQ8En6f2sW2PyhqnoZXSDLobDdcA0wl7tbENGGW_rGD0mdwegvRWX2iW3ipr4XrbpDBEMzt3QSi2sOipc0g00EkKmKvpv96I0pKz2jOts9TO9KkvCuO_sxwOLuKsjofIPMuKkDuK_j8CXCr0MGXPwBfnlz6DNxB0FQBCG8UhEpude0e-lx-zVKezD-LNOnZmW1TOicRdXS6lRjOxUycG9taD5wcqhjv_rhrOc95E5MEYRRVoqfmjF_XH08TbMcCAiG2nIAWenFuJGXGYqlG2oCAAG9_8PFHAjtxuWacuWmxgcqz9KWRxrVz35VhVOqfbY_ota8c3VhMq7DA-MZvug6z6jVpBpZ9gm_MfM_wFxLhzwrTznTNyEIsbh-ImBs--SW5WAloUGw,,1
2025-05-27 20:50:06,https://mtucn1.oraclehospitality.us-ashburn-1.ocs.oraclecloud.com/OPERA9/opera/operacloud/faces/opera-cloud-index/OperaCloud?_afrRedirect=477840469916267&_afrPage=1,OPERA Cloud,1
2025-05-27 20:49:44,https://mtucn1.oraclehospitality.us-ashburn-1.ocs.oraclecloud.com/OPERA9/opera/operacloud/faces/adf.task-flow?adf.tfId=opera-cloud-index&adf.tfDoc=/WEB-INF/taskflows/opera-cloud-index.xml&TPLNG=E&_afrLoop=477818822577266&_afrWindowMode=2&Adf-Window-Id=w13r2xal0b&_afrFS=16&_afrMT=screen&_afrMFW=1058&_afrMFH=1469&_afrMFDW=960&_afrMFDH=1440&_afrMFC=8&_afrMFCI=0&_afrMFM=0&_afrMFR=172&_afrMFG=0&_afrMFS=0&_afrMFO=1,Initializing Application,1
2025-05-27 20:49:43,https://idcs-67322d8881824b13b3da16015007f9e2.identity.oraclecloud.com/sso/v1/user/callback/login?nonce=6784ad1e-2902-4aac-85b0-a41c50b786fc,Submit This Form,1
2025-05-27 20:49:43,https://idcs-67322d8881824b13b3da16015007f9e2.identity.oraclecloud.com/oauth2/v1/consent?OCIS_REQ=5p8ah5bIFL5%2Blv5nhcVy6gwR%2BKyJDu4isMfYbQAmErSGJZT%2F%2Fis3f%2B3a%2FaKyTx43dl9dAdzATM7aEcO0DFRwE9HcwtJUS3xhTjotUwyt0%2FqbsiyuTgGs6thK8pAQiji1DzR23WY2Hp3DOa50jQ1rckEzlTAxC6En2TR5UsX14WF0pk9mWKd7eR1GRfQwqzrPOmkVbbGAExvEtBWqzehTVlJVf%2BEZIY%2BqfnLi5ozZm72jMx0r%2FKBuxCLAtE6Z6OkOqXSW4eaaUfWCluIlWNXTqjYvgiT%2BCn6n6CxntZgdRIyIKafhshm5Kwxuhlr1iXKCgQ4yXtlsDaXYUJxrUpL6bxNv0CKerQjuBA%2BsJAU9Xi5qngdaK0%2Fe5DIb3eBOc3R2atZ7VSXqoC93iHepJiP35x7lbotHLMk4sGhNdwbwtitj5ziNlT7Ib8X501yUlyTpbot8W5FtkbxtLSa%2FuSn%2B9NdqFQA8ECcT9R%2BM%2Bzy4QI%2BJgFaLjsTzeh0RAwIcbU0zKqdrBLzd13udvV%2BQWLRWtSsOSAG092IHMw8dKr936s0NJhygyUAyBsBywCiL%2B3jxAipUA4BjZxy65JemT6nDeWAtjuYCaMue77uD3iLOGp4GET5RmfoVHX5izQPUow%2FI6h8MhlCVKhcpMHAiYvWUf1Uyw6jeyCjPwh0C7R7tn%2B7GMWIFgs%2FAqsjlXkK0QS7ifZvlZXZbChZrqlmviVWRsWYB1JRjOoyQHdivhXUiqyXdbZBz766Q1IDhiWfHEUXR318Z%2FBi92noOV7nHJCZV%2BJyTmxSadzFUiMXzTVyGvcrdmsSQMcivSPltw3Mt4BgjeRN2oXcY4IMC28CEEf%2B8OWELJm6x7DO9IjgelRdsJZxHr%2BkYtTl3ZcurEVn5lruwFP6LkwFWTtkIcdz4xzHxkY6IFH9FNZM2rywcH6tF%2FmF97FfCj19P8xM4MUOhaO0yCXxHVST4eG3zo36Brv1sJvswJNkVoyMLKp4TNVBARyUQ8dZjuNo1%2Bpzt7HJaAv0ccuqLbZpJXDy3bR1RN8L2BHgZTrsxge4FMROiGxRW6nnWETLgdl97CQyYxotvVFrng69lQjsJm4EzUC5SopO2PItdVgVHCPlJsGKq0bViX1aN32TlYfDYMssyIsepfdEiCDqG8olFyG50dGuITvm97dhJ1pM93GEtwznMSD58qKg17uYw607M5LBWPtnmvG77eRgs%2BM9UImjY8GfuCG1bgW2e86RaPt7QjGxsGwefRvTsgP4DnP6T40UTHAKYgpvIc%2FB8Rh9vb9gg0%2FWiFAVjKjNSx05HluVEn1r%2BURakYWKmp0%2BF6mYFW3LkK%2B1dqo1sDgviWQ1tKZP7ddazCN%2BkUf3z9kSyJI6KskQTBYaWfl80rcYRywtZu%2F1eU9WqJO%2BSNUOz6L%2Bp68yIXFSUhEtbIL2mUg4CQxTFb97UBXDPgEOXIIoPA%2BIsI6RaMSHmx70Qpz41VT6%2BBwdVg2M1b9XSKqYtW0k3bwXFMKDlAdrSIEvNtLBY75k%2B%2BoL9SmHReC%2FmDhRHuZszHwzFEFovKm4Mai2SopsP1U9cY2ecNXrUPqg%2Br4%2Fay%2FKsv3g%2FwNkBViVE97TQ%2FrrH%2BNurSvmQezbAj0%2FtxcesiAfizxeuazbVpLylLBTeWLIX%2FUSx4V7OJmsHv4viDBz1E75kln%2FI%2BrvgMRLXk1HyWk%2B353bno7xMF1VBadmTb2RMO6i6q34VVnNW%2FmFJ6FmbAfbVaVz3%2FhsVrnW%2Fj8TptOZ3nmvyebRTck6xhmy2uFHooVFDoxC43QzKLvu7aVzg0F1G4EV3mPixSq8CuBnFKEq0V%2BVQiJNbKXgr%2BYmEhhmYgPXFpJu4DHUWYzq0Ai1jpoAFYqEgbSP%2FIE%2BbbzJKT%2FusfvWgCrm2%2FqowtM%2FWFItn1JG6Uz6Ovk70PWnoYhwpMXM0DjZntBeF1QB26d4Yi%2BLw6Xcle5qnWBdX%2FTpcBWr5aMZXa7CZHcc%2FAbEH%2BGgBR2eg3I7A2Jd76PUJgs8KFEbo5%2FR1JgblvF3iRbiYhL1yCMQBAHJv3zgs4mgDrKb1h75wjm%2FcNFRSdiApckFUddJOcFttiTECHpreEXiMt2hcqjIzJWPQsod%2F95LZtnIYFNcrg1T1ydiGAMDvg8shJFVmWopArq7aUr4nHR55VQbc71AydY%2B2CGGQgtK23hwPZePfI8rVbNGLvxUaRFktwojTLNwx5DflVeYVvngIts9wwG8zUco3rbyle125zXItqzlvQ6XfYnLrza0tn9LRT5dL7S9jEuD31z5nBZt5rnelNWNNRwy1X%2FwBvhjis3%2BqRofsty9xZ%2FO0bTvKhSmTkJA0vJbylEj3B67uTGHfmGID0Byuz6PiLCi6t9uX3bI1vcNS4G2qMDzVcGno2gmZdSjQpto9QglLkUh5mUx5KqTRBN%2BG%2FtIbFMNr%2BG2dI%2BeBPOAh%2B%2Fbi%2FpJ8CXLHPr3zYamXTJvgbo5Ro1Oj1GcsHBAei%2FW4lzzdAsjdC0sqydLZ%2FT5NKXINX8dEAQSTTuKw0O42rEMCI8rigW5Pt5iuqyCFNJ8ZnnvhSrkh6ZVcu6g82WPTDZIxI%2Fj8Ty%2FSP0d9sfO9EEAzTS75SWao2WNbU7NXLXJeEqAYpJ8NWKsIon4L%2FJVmvZexgREAghDEVlYuVLw4678q4E0HxmukhMyUtF1KgiDdVqGUN4poyD78SqgUPBN4MMT3TFfNrpjeUJxtJWsftf2GFvcx3zQyaDTIq9agn3rw1ERCvuCyysTihqwjv1JYWGq%2F0MgNf%2FEYtE5blIenXwHzUVmhBjcPGCr%2B2eQ%2Bk9ttYPrAqIJsWR1eQBsuBxxpU30BgOT4LUpkQPKbNkFYvSJ8EejBG5EkI08ZuafhCXiTNDGNPAR250wU2RDKbqaWiRW9cRAnMqo24nkD16rcmphzg0zBBQ4DemEzxNHN7albugSfVxCbdU3gFhSQ2QbaiMyA3vRpNDidqPbzIFw4wsjGNQpPvcHNVVT60yR%2FxM6pHrk26rTaDEJ4TFUVPPGke7Hf4ONLf60U0G7mM9oJCZ8wbDSB%2BMe%2FUt%2FuTGVmdBibcSGd0TvbMj3UeVOO2Hv1MrPVLxypUf%2B%2FACOQ4A%2Bepv5z6kfs6tEgVZdtz2j1l%2BoDxIF7%2FWSEs5eE0voviomVoc0Kq8hUT6YK%2FKdLqDAU9mBVC0IaXToaJutw%2FnCQIpb1TpK3wCwLij5AcUlKxcwbXRFiHuE82n%2BN5B9S23MdWYrXe%2F3r%2FxIcmiJM6GyPDkOxOuEti2Fp52iuyoIEbBUrs44GCgDKZpbjQxcgwoU%2FSDVa6g2%2FI6a4pcvgRtGQkIZ3hIhfNE2EReMjAn9W3G0YgXqnE5d2rOx5V2CKAIo4WGievx9lHVwctU2TNy6hKmhjj7%2FMn5IKRFSntoqrWyhHM%2BSd1zqR%2B26txCXbrX0DMCp9JopN0t8i7vBLf6Z%2F4684wqlD5v37gmZu6MkN7iw4346DXrQM%2FNNvuu8vrKUuqSLdk7gZXOpfrqiBBByPs9qteLfJLuKAeiPN8M26wUXhfLO3A4fAMVKg7c6CIDF%2FtsuParqdsY2pf9fglrWHeN0uSiu1l211uAvxXEVHmf45FPeE%2F33gkqsVqXCwx0lSB78nfIvaKWySzMI08idwbzr29JfCZE3DUXaL42tUmylUJ%2Fi3czTheUadkOb%2BI22TF3Rv8l3bwWraOFw%2BeTlqz2R8yu3SBOLGJ7USdslXaBTHX8YSYe%2FBb1ZULockywJWsy0gaxNhtmnzTWD2CKzmb36WHiuRoqMfOVRs6Z6%2FHIAkMOFTp52rpgXxQb17xrRfMHIRDYG1X7QbuyGczQC7u15gmT9gDiUYxcRwLfx198499aRiUFLYwSey893fmCIrAPqvicOh4MliTnVf49YpgVRasYm98lImKZvxqy5L2fUAh0nGZTgZX068CQneiCjk8LSpB6mhMUK8rBSiV86t%2B0xdXEdKR6cHKupjdIRlauoimZA85PacT98OT5Xs8h19uOu6ZwfersqoM0l0gevXzlFrELlePZj7VxmpaT11B3EooPj1nnjjzryTRqWU%2BkziNUYm3b4%2FOLfpQLy8cXhnwa8IypdtRw8vOFluzNbrTQY1fDhZOArZtg%7EyqccqDPeePfI3xjsRGyAnxC8UKkNjGfZU1aef1O2sLk,Submit This Form,1
2025-05-27 20:49:42,https://login.oci.oraclecloud.com/v2/storeLoginInfo?redirect_uri=aHR0cHM6Ly9pZGNzLTY3MzIyZDg4ODE4MjRiMTNiM2RhMTYwMTUwMDdmOWUyLmlkZW50aXR5Lm9yYWNsZWNsb3VkLmNvbTo0NDMvc3NvL3YxL3VzZXIvY2FsbGJhY2svbG9naW4_bm9uY2U9Njc4NGFkMWUtMjkwMi00YWFjLTg1YjAtYTQxYzUwYjc4NmZj&access_info=eyJraWQiOiJTSUdOSU5HX0tFWSIsImFsZyI6IlJTMjU2In0.eyJkb21haW5faWQiOiJvY2lkMS5kb21haW4ub2MxLi5hYWFhYWFhYWN1aWdwb2RodnY2bWFvemh5NmhlNjRybXVoa3c3eXRkY3V5ZWx4bGw0Zmtwa3VvZDZteGEiLCJkb21haW4iOiJoZ2J1aWFkMDJwcm9kIiwiZXhwIjoxNzQ4Mzc4OTkyODEyLCJpYXQiOjE3NDgzNzg5ODI4MTIsImFjY291bnQiOiJoZ2J1Y2xvdWQwMSIsInVzZXJuYW1lIjoiS1NUT0tFUyJ9.er9xMoQCBFtQji9nejZxw2YIPxrrmmucVOyp4cp5B6wOitROC4xH9VyGebekwURaXjMMFccunmEcPfCGNowk6RJrGmTbjPIj379bczZVjhDGxH8GL5PUILZk_vNbTRbqhR71bCBxCHFvuqWlYpkTw9F8k1ratmPvkCywsmC2f1maUbO83-YYwGNEgJeZ09H1s-dXU5MeGD2y6TaSNPbpoCwokCeG8PclI6wYDm0vWghLzmNcQ6cW0RD3dlGITVzd_i6YgP-f4h7d8DKUtTUsiZhn3iRBpZugG3n1zmnOAo6Oudcu19L9Wwr00Kqlb2vlz8GqI0J1fCi4bWqlzNVKVw&is_paas_login=true,Submit This Form,1
2025-05-27 20:49:40,https://idcs-67322d8881824b13b3da16015007f9e2.identity.oraclecloud.com/oauth2/v1/authorize?response_mode=form_post&response_type=id_token&scope=openid&IDCS_CG_ENC_VER=v2&state=X8VM1eE6QE7JrzRtGScgGxucxNTJ5rqk1GQ_XoQpF0c&nonce=whRlX0BBeYhx5Vi-GqcleSMhAJ0dKkDY9dE350RBGg8&IDCS_IS_CLOUDGATE=true&X-HOST-IDENTIFIER-NAME=mtucn1.oraclehospitality.us-ashburn-1.ocs.oraclecloud.com&idcs_app_name=opera-mtucn1prod&policyAppName=opera-mtucn1prod&policyAppTenant=idcs-67322d8881824b13b3da16015007f9e2&idcs_app_resource_url=https%3A%2F%2Fmtucn1.oraclehospitality.us-ashburn-1.ocs.oraclecloud.com%2FOPERA9%2Fopera%2Foperacloud%2F%3FTPLNG%3DE&client_id=opera-mtucn1prod&IDCS_CG_ENC=true&enc=fdFAII4Hq1TUAgAAmgIAABAgmgIAAIACAAAQADxrsMzJeWtmMgCeLZ2Slwx7fS1VXbqez27bNG7uXUoiJejfgdrZpD-zUNSet4nkDrRoszBFES7QRInIZXddw2ZyxPrbgMkKzL5BCMOitiwQFFOZ4qM__yuIzdqnqdrbzrKUN4QZUPcdRWUkBvmhFf6a_9N_O-4SZT8zyRVYn_I89cuwMDci-63jRxxfgw8bZBMPSB9RMapgcgEsqUvD0WE1g2im93nzQmDjanTcBWLePeHGQlVbdbh6MXrnJmEuIavFyr_9dkVMbvt1EMXQ1Bo5IsW7HEQvsavSftUM-5aEdGlZbJ61u4EddO3VvTXr9-g1_SJpmC2i-r44EOJBOU4bWgyvA44kZrSKDtcg7YzAEQmsThdgPhuFkuNOdvkXeyYhSkF0iGsjzJBxa73njV-I62kAqKeGo0K6-ZeL3CNGcbUYLItlu1aYGpCH9iIwOz0HHPTnanqWHCiOAsnBr1kQD1zTPjUievrzOOOpbQCJNKx-VId28yMTJQAJunNiVVkgM1Y32cQptn86dtia9bSA53fpvAWffMsG55yHYZxBWnLqH-KTd83cgcfKRGiQqwXQNwVnG76yNh7jsuvn8WJN0cYWAnw4AgHIBtqHQ6AAHVEokU63ibimDmlIYPyqqgCzEG60WgQ1NCGKlcw13tRMvk0DWkPkrK3IPccmaLXTWD8IwhnxXONefEJxloUTKQcpqGT_IVxm-aeccrwNx-1EhrvDmHhOJY44B2MB1ZR7PlKKdCXbvUICGnaFrCaBNNCXzbkBNKnsMix6SBTnnoKjIbjYPGKZzskv-7R_cNmcb61uRAjSCUnjSEjLs4E_t9Lx1Wf8JkaYpB6Z-EdJPJ7zjvk90v-W3jV44ERkX9ihYlJygnOSy_Ga_Tw3ud0_sxqivHNLptEA7Cw1y4x6t1-nohU5f7vjwJgB7OOGwNj1,Login - OPERA Cloud,1
2025-05-27 20:49:40,https://hu05-ssd-ohs.oracleindustry.com/oamfed/idp/samlv20?SAMLRequest=hVPRbtowFP2VyH1O7DihBYtQsaFuSG2HBt3Q3oztgNfEpr5OA%2Fv6OdBI3UPZm3V1zrnn3Hs9vj3UVfSqHGhrCpQmBEXKCCu12RboaXUXD1EEnhvJK2tUgY4K0O1kDLyu9mza%2BJ35rl4aBT4KQgbYYUBIgRpnmOWggRleK2BesOX04Z7RhLC9s6WuQpF77%2FSm8YqtAwn1AqALtPN%2BzzBu2zZps8S6LaaEpHj9cL8UO1XzWJvOlFA9q%2FNzuS0HUM6HlD0lxPywEclxAAXEVY%2BWoLcfwAkmow7eQa7eG9r%2FdxDeCluhaPH2%2BqTNefCXaJszCNjX1WoRL74tVyi6s06o0zYKVPIKwlxmYSfacH%2Faa%2BcbgvFdQwYxgIztDoJ9LioV1Brw7pgIW2PL61JJrOUedwFeaVjLHKBR89O8fYEooYM4iNCbFSUsH7Gc%2FELRj%2F6AaHdA81mBtIwbEatyHXP482X%2B%2B5Btpy%2BH59nPp%2BUztDE6nxA7ibvOf8395dxdJaiWJ2jYntf%2BiCZ9Mi0FxNc3GaVyOBymQ5pv0myTSZ5ekzSc1005UjTR8sx7yy4q28guOMvzDIfkY%2FzOVX%2Flj6HxfLawlRbHaFpVtv3sFPfhM3jXKIQnZ9a%2F32HyFw%3D%3D&RelayState=yarZ&SigAlg=http%3A%2F%2Fwww.w3.org%2F2001%2F04%2Fxmldsig-more%23rsa-sha256&Signature=LBo%2FZCCXXZa1xvw4NNbNqHDVKcGPn983b0WibiWTsUMfMvP9wPOAyhJnoWG32tCaB8rgdCmuAGLPdyEVAXeyKEOhM3vObbL9GPenKnMrhSCrsBzj5ED%2BaUg8l3nCAD9kFYSn7o97dXEOrjdhtGkyukVCiXOJirXj%2B%2FJp9UuyCvndzLr5BwFuZmejKmenoc8ETR3jR3xQeQGEFftH3FvpzMIQty11UfpMgtmr%2BN7PI0IWuJph6Ne%2BGj8j4CDgxkU%2BQLxV%2F9OzAUEwIO0miSV%2F9HaxTXvyogbKOEcj%2FvkFlhNscVg90cMn2i7Ag5k0UBTTZRWc3nHS1zIxrfB0GmGegQ%3D%3D,Login - OPERA Cloud,1
2025-05-27 03:58:43,https://idcs-67322d8881824b13b3da16015007f9e2.identity.oraclecloud.com/sso/v1/user/logout?nonce=ac8799aa-4428-4cb6-90ad-98a58cc6044d&tenant=hgbucloud01&domain_ocid=ocid1.domain.oc1..aaaaaaaacuigpodhvv6maozhy6he64rmuhkw7ytdcuyelxll4fkpkuod6mxa,Login - OPERA Cloud,1
2025-05-27 03:58:43,https://hu05-ssd-ohs.oracleindustry.com/oamfed/idp/samlv20?SAMLRequest=hVNdb9owFP0rkfvsxHFCAYtQQSkTK7RjsK3am4lN8JrEaa5D4N%2FXASJ1ldq%2BXp17vq49uDlkqbOXJSidR8h3CXJkHmuh8iRCv9ZT3EMOGJ4LnupcRugoAd0MB8CztGBznejK%2FJQvlQTjWKYc2KFDSISqMmeagwKW80wCMzFbjRZzRl3CilJvVWqH3JhSbSoj2ZNdQi0BqAjtjCmY59V17daBq8vEo4T43tNivop3MuNY5Y2rWLZbjaHPZTmALI2N2a7YnB8KkdCzIIu4atECVPIBnHik38AbyNVbQ8WXRRgd6xQ5E9ufyrk5HaHRACuyq0gHAwisd2CleJxKlYsKTHl0Y515mmdbKTwlCq8R21Nb4QygkrNTNyZClNAOtiS0uyYB6%2FRYSP8i53d7bdpcezaJkBKYTnd7eCSL6Y9l%2F9Y6vK9habq3m%2BdxgtH53uxEXjpTXWbcfB6tmVjW7QlqmzbKHNGwTaZEDPi6G1Aqer2e36Phxg82geD%2BNfHtU%2Bhu%2B5K6Spz3LtnjVFeiCc7CMPBs8oH3xtXF4oPVnU2%2BtOi7%2FnuLGVfpSIhSAqDh%2FWr9eH%2B3uiicSdtHv7IIW98sF%2FIwtARHsTXjcLmo%2FxXdl84Ir%2BK78Z8HnCye999AhoHEGH9fLJdnsnf77fC%2FnzR8BQ%3D%3D&SigAlg=http%3A%2F%2Fwww.w3.org%2F2001%2F04%2Fxmldsig-more%23rsa-sha256&Signature=MCwE2OjU%2Bn%2FGVkQ%2B5DOuoPIt%2BzXkI0EMTkwwJBj3EsKMEDvbbznM8uXI7ttnTXu97pzX09Ry4cOEIzdqWsM%2BtKc2nbKg2ZJ%2B6mVniqfj7H2C%2B022mnpyikVDHtEqJ3kOca4NJu1nB2vgx4rRt%2FaqO859lviLPIn4tpMRKIf3hbI%2B1S8K4oernEeDB9bkv71bJWUWiDeWirVRZcx62CGhf7sBQxlxS%2By7%2Fg9t%2FxNkN3aeXDHfdHsOhmG2GSuN0jgBOdR2UtY7BpsoDCWsfk7EtESSn3IkaD5umYpg35UybmxHHG1C1y3i4Y8qwyU8r040gzMzeKJq815sBCWZU5tUOQ%3D%3D,Login - OPERA Cloud,1
2025-05-27 03:58:43,https://idcs-67322d8881824b13b3da16015007f9e2.identity.oraclecloud.com/oauth2/v1/authorize?response_mode=form_post&response_type=id_token&scope=openid&IDCS_CG_ENC_VER=v2&state=BT-H8l4QzpHd4STEZpKwOv2PAgrMryszQWe7stJDvxQ&nonce=gPdMqyvTH2qlVt2lgXHMgnU7xoBV7AUra01aRtVeaps&IDCS_IS_CLOUDGATE=true&X-HOST-IDENTIFIER-NAME=mtucn1.oraclehospitality.us-ashburn-1.ocs.oraclecloud.com&idcs_app_name=opera-mtucn1prod&policyAppName=opera-mtucn1prod&policyAppTenant=idcs-67322d8881824b13b3da16015007f9e2&idcs_app_resource_url=https%3A%2F%2Fmtucn1.oraclehospitality.us-ashburn-1.ocs.oraclecloud.com%2FOPERA9%2Fopera%2Foperacloud%2F%3FTPLNG%3DE&client_id=opera-mtucn1prod&IDCS_CG_ENC=true&enc=dXjiowdYasnUAgAAmgIAABAgmgIAAIACAAAQACo2839aplDo-7QIr0jLQRPRPaUX3Zc9Kn1nwuy-69P92_D8gpakHPvMfY-_QKLiW9e0FACZ4GEteawkI7ep-miVZ7n0uCw_Zt_ppglwmXNqHVt6d6Lwv9kiQYX1ZRN1EEYmMla-sNNNkrojOWHvu_ntEiU-qv6k_kUrfkycWvrgb8YD3RSOpwPHX0QIwftZ9u8z6hKGFMeWuGkHlUbO8E7s-ypq78a4NrFnUgfrGg0Kl4_MEa2xtibZmATxd4UF2ChaZ3k8qAt7DbY36ch5a6dCBe1KQlS2lQmHZNF9TUCf0rZpKCaU6LRFw_fuYJtV-0V3625s61JRGO5Ud1DcvC_XJLzQ87iZc8oBihdOym0-Ygwb1v6adacMpJir0kQhxA6LmcYC5_XwqYSrD2UxDxFygiVtILQsIsZDw4B3KiCWFV9sLyeqM2MioNiwsNZ9KEjqy6cqlpGnVfkXFxsmDuGZnCyHvwZmPNj4AzNr8pFFCvzejxPiiiN-bbKW_sJkktey6jV1FOj3IaJp0XF3mBvGGVnqmgtFxF0z4XImErY8m0dpz5JnjW5zcvBJaxwWFj5fUd8DJzUDzQJLz_0ICcIG0j4A7NMp_D4i3ewW2SZsg9AracYSlxI2y0AnjcRiIjC693dTjeNKQpyzAQBPLnHyAc7e010kH83AfRmfY7n4RgOoOxUDEZ-QxQbpewwSRfknj22g5wEa8i4Y8TUDYQoCvYcn_eEWe_282e47Bxy9FTPSEWKFXzRQTl0OvNNfqO1x2MKO0REZRVDQJ-BnpV2fBNx0dv9-RrTkCahow2l6v4WGt7afIUKHQQsJEyYMrLOIuczYsjgigrYVLrp6tmmpjxWAfO1cI9iV--AyEEyg0xhXsk5EyU6Ta-yzPA0Oos2LsDt_6ODIzph-RMhPH4kAhkkRIFFV0lqES9oO8UnD,Login - OPERA Cloud,1
2025-05-27 03:58:43,https://hu05-ssd-ohs.oracleindustry.com/oamfed/idp/samlv20?SAMLRequest=hVPRbtowFP2VyH1O7DihpBahYqNVkUrHRjaxvZnYgCfHZr5Ogb%2BfA43UPZS9WVfnnHvOvdej%2B2Ojo1fpQFlTojQhKJKmtkKZbYm%2BV49xgSLw3AiurZElOklA9%2BMR8Ebv2aT1O%2FNN%2Fmkl%2BCgIGWDHASElap1hloMCZngjgfmaLSfzZ0YTwvbObpQORe69U%2BvWS7YKJNQLgCrRzvs9w%2FhwOCSHLLFuiykhKV7Nn5f1TjY8VqYzVcue1fm53pYDSOdDyp4SYn7YiOQ4gALipkcLUNsP4ASTuw7eQW7eG9r%2FdxDe1lajaPH2%2BqTMZfDXaOsLCNhTVS3ixZdlhaJH62p53kaJNlxDmMs07EQZ7s977XxDML5rySAGELHdQbDPay2DWgvenZLaNtjyZiMFVmKPuwCvNKxlBtDK2XnevkSU0EEcROiwIhkbFCzPf6HoR39AtDug2bRESsQrV03j%2BW%2F7dX1Usyq36sHlD3bw8vNpHqPLCbGzuOv8N9xfz91VgurmDA3b88qf0LhPpkQN8e0wo1QURZEWNF%2Bn2ToTPL0laTiv4eZO0kSJC%2B8te61tK7rgIUWGQ%2FIRfueqv%2FKX0Hg2XVit6lM00doePjvJffgM3rUS4fGF9e93GP8F&RelayState=HOfa&SigAlg=http%3A%2F%2Fwww.w3.org%2F2001%2F04%2Fxmldsig-more%23rsa-sha256&Signature=hkNPNYN2AJ7GDbQS2GCZ2c3uuDIZty65AkpzHj8GpKhYu%2B3HhvXXiOZCmrLW38iaTHEFBP9f0YkDzMjbct8tgK9ihD8TNCf1co%2F8%2Bn0vtbr%2FQIoiTgCS82cPNbNVU5KbvgiOikGvWbRobcpIOFBNgSNQxjYV5r0ALss7lMHavfWTNc6zb81ATW4o0xIactSqBpZYkonF04zG32bOjjIwwnLNvMAw5bCUY8tV2IzphujBF%2F3%2B9lryGo5yh5URK04FPjUFII%2BU1Z9rjk2DyVr%2BfrJyCnRsziNs1iGF1mrBLqUyCQ%2B9dogsLw2spDyszN0JAvnAs5xoP2ruPUijkbP2yg%3D%3D,Login - OPERA Cloud,1
2025-05-27 03:58:38,https://login.oci.oraclecloud.com/v1/logout?nonce=ac8799aa-4428-4cb6-90ad-98a58cc6044d&domain=hgbuiad02prod&domain_ocid=ocid1.domain.oc1..aaaaaaaacuigpodhvv6maozhy6he64rmuhkw7ytdcuyelxll4fkpkuod6mxa&tenant=hgbucloud01&domain_stripe_url=https%3A%2F%2Fidcs-67322d8881824b13b3da16015007f9e2.identity.oraclecloud.com%3A443,Oracle Cloud Infrastructure | Sign Out,1
2025-05-27 03:58:37,https://mtucn1.oraclehospitality.us-ashburn-1.ocs.oraclecloud.com/cloudgate/logout.html?postlogouturl=https://mtucn1.oraclehospitality.us-ashburn-1.ocs.oraclecloud.com/OPERA9/opera/operacloud/?TPLNG=E&TPFLSCRN=Y&_afrRedirect=503643079421230,,1
2025-05-27 03:58:37,https://idcs-67322d8881824b13b3da16015007f9e2.identity.oraclecloud.com/oauth2/v1/userlogout?IDCS_CLIENT_TENANT=idcs-67322d8881824b13b3da16015007f9e2&X-HOST-IDENTIFIER-NAME=mtucn1.oraclehospitality.us-ashburn-1.ocs.oraclecloud.com&IDCS_SESSION_ID=75ffb202a9a4489cbdcd32e1b36b6c60%3A8df87a&IDCS_CG_ENC_VER=v2&client_id=opera-mtucn1prod&method=encrypt&IDCS_CG_ENC=true&token=OsbNrXNxS3oECgAAygkAABAgygkAALAJAAAQABftLepNi6RNvjg2XRgQhYpZiAQj9u1bpmlb_akMChNykfy6qyVrzjCSjRfNjotj_o_ZmYJKdFb4kWgfVH6T5PGfDmDf0snrjETeIIH1dtUCS6vIGG2f1PrV8O4DXHh4ZAigbHudFhiaJ-B5nayhlN-7itzy-M_dg4SeaR5FTH9y1rrywbmz9Hxb9HECh-bx4iKdEMlCY7699s1-AcYdY-c-07Yft2udfRsmYCd97J_u84WYY6wTbBtKgXQ2sVyYB9_TsOwltGMU5gF7k9lidsZVvGZH8PQYKa4wNxNu5Qg9qLwj4JGxSJjmi6L7S88qLvQCxw6N-Lr0V3-kszJF2O-ra5Db2MBmj9DDrh3qYrWuTCo2hoO8rdvZyPEOaYQ0qzm-p4OEKwOyYMtdU78kDS1sk7SXij7hl0UWunn8jLoesaRBY9mvu-tVzuf4EesJDO-J4gUjLDu2rG5icBpKw2U_FdoncO1o1tNZ2RdCvk59jQ3NW0btX5AoYJkA_kkglKCsFX_UskcUFLiJn6HB6fBekSHq8DAfSFSd2tR3174T290hxeZZsr92ItOpRuDk4FvqET5fLvpIQYrHC4SEGksWj-KDDGgyH-8NDT0Sb1zV5XamjsBTyaGy9ZflXEEkn2TDqe5IWSnRvCVfSo7aQUkRlYhF-lTtjrvsMMi8rvralsWn7_qKiMXgFsp-AuqUDb2wcoWObJKNrIrOOGhJf1mZWmlFnQh9qA1gg5XAbeuZZJAEBxKUVBXPTFM4LxaI2iRNerRe6VI5qV3NoJhE3mxhUln-4ONdwVR6KZuoDX24P2mmEURLywCSYz4gTx7ht38amBhZnIncIsfmrYISVZ5jcfP3LA3EsJUaZEvmvFmdROKLi-HBwdmW515fEprVONT_Wt090hvSdwWWzV70QvhR-DJyiLwYQk5xbSVur-xkqDwBf2scpLvBlA627jksdyqi95rY3nPsHsCb8FP0TLbL4wZNT3O4D4eKUsqQqkJwxlD-eewNDXA6jEnZyk4Nnjx7F238MFT0ijR4Y58QJL96mFiQkfsZAOkO0aDx9ol_AG9Sof912XeTIceOTjG17Zj6QTMxDiSE-zx2Nm0RDolryPOKrjEkzKX33t6OHeBmpmpkUwgTudjXshUk1xy8ivHPEqQdghPzPSpKG2-eb4HbhZVVFiwNXQvCA0NoZl8vs_ZwQavgLrbFSa78H-HxZNbM7cL1vD0oDUdh_8RUKqxJLwJ1nxq4bvK2gNRWeeEdtxNKKRp5B9je_thbDaCLhI1lrzcB8u7XNaTNrXJLb-ogsKTvZ0QGT7zwu5tQF9e5yTpfsJ19zYkgIDAK5hYMcLfgeCdSZy6ZOFK11lIqavfsJfr1DkWxRuYzU6RtJnYr_3OqgeGs3MCc365PQBQNX7pB05ZFN9xtuBkkG5zomC-xty9BljdinSBERvCDxpk4Oa0DYD67vLj-Bmuox5H63I8MZMP2-vDpuMD8PhQs6pzCP8gtHn5paB2DxWXTXV7gpEfFa6Y2dCO7BP0t7X1-h6KzncdbGp6xFqO18zdthQc3tgY17iHBgdvYjDNO4fC19Xe1Z24Gcmo5P1gQwHBVY7V6KaKuwBgGPedecXRzSK2SnUaEoou498oj8aZIwxM_r8jx2YIbrQgNSeqUKJEoRKHCu2XTi9kQivGYibVH5CYwnL2ZYaZj02u1f4VI67pZB-3eSgeJ7cro6EP6hGhVXXkDOQRIoNgUDlv081Ry8wgUYVYYEYDGjD6Upg1seK-c4LkBurV2PHTSKg_pmofOnxi_2WNy54uk9yZIeCS_hPA8rQ8NY_lWTyDr5XIPFDCfjtfPvCN_meIsM_NVksmNXTHbwEIrxnm8vQxYKI7qIHpd84VLFgdp4Bv353DeFamjpqzxVZpx8qNeXInVy5x1_PPWyAQxqnai11d2uDJqIbMV0cELHJquJZMuVFVm7dxX5Aj8Iq1SJalaCs4CNTKbakNBXGQ4NEqXlc13cCfWIb62np0ntLnj4QlyQn93hg42TjMdXrt68UVsmkI1kgKWm43srWclmcOdk0hU0G7mL6Wksl1idKOo49j6rB1JIXhiGU5BEeRza85T9hMF62PlJTQ-dNYY311NSzmEx6hOEDghetwoH7kK3TqbFq2Z2S04JW_mm_RJ2O-AW9lsxHOxVp8ylGnx-f_oUenJ-zypLnqllQ6aROeRxtcH4B-XJHSL81uxa2vgB48_WCD0rBTBuQLC6n9S0UO0GKY6kBIH50o_id160yYuCZOFc25E_Oduog6xXzjsYRhKNaeqpUQIPXBNjsA2A1H1nEm1EYyT0WJjwNduU50ybgsxDGs7BwMuw8Qon9UsG8Rt_A-0sIeg9EVMNHQf9QH2WmG0wlhTHrNHZ5G6bhBXsUVpuZh6CpcD-RBtNhMpR_xvm8FfRbVqK9UYigH5fWgAscrJCfko4J2_94cY7gPlWD4fQ7xAZzxBeQG2mRxUsTe3OAF9TQORdZb5YL7vKt6dhtxA2eVZ9CSx6RqQOQ62jfooymBpwBinDW_rbz2gSLxsPKD52-zrf_aOE8Pk4xuD3FTOF017qDckCwMjyJDPXJ9eew9RKgAfu54fouOTK7UCqT2knnlRmPLSbwMPneYDajg_tnDfoKl1eQwi7UyQygv8kjJiCrjDmq-Bh9-wsJIADjSAv9z9xYOhP2nIXjvekME6wViBJci4N61cDILfaobbhFX115thEET7jfCz0E1WLg-ZSpMaSMc7xKIKfKFhuIhvJjOW_mJdRFbFjJn2pDxHgyN8j90tVE-zsYN2W3bPITKmnNbak-BVwlO6F3RoJgBgEW4GOaG0YiG64zOeIfkZmElS7Qtynry4JX4fvpYlKePR8in_UJ3PYH_xy39eOH-7Y1yMyq9aSpSY-6zoFh1YnLfL1onq4a-fGYLGbZqdZP1pQ9WeYq-17-zXJ1yVcZCaiuuluV5RmqtfLeOR9X3Or9MY51ERWTfUAsYM_5epC8xh7R2G3dAVIPzWt9r0ZvCtRL1RTPuwfklmoYah7tm63p-uINRVkg_0GpUbZEAqN7IGPaCaaVSQWLvzADwm6DnHSJ3xS6tG3wdT6sNCtXfRrsT5lkIRErCpdo3kjVQCmd3yQflQSaNqCfN6dmpj7egRAjsnzBKaE5Yu8zZu-Ei7R0vdkJ_SYIwbDAiInSdWlATq2KILv7_ZZOvIjBgP2S7l75YUodF8BAnZT5QJoxfiu6F-N_YlL8yweU4hbEyjpq5V4vU5EHUmPIo_ddkdN8LCuId_7eNA-pFg8nw-TpxZRdoBweOOUDQxEF6XlNiQrsgHpnjxKE1FSwxNahMdbCTkbYC2XGGldfG98buqeszpiPIUSErt8wwvC4flkRLITRM9KClAUA,,1
2025-05-27 03:29:15,https://mtucn1.oraclehospitality.us-ashburn-1.ocs.oraclecloud.com/OPERA9/opera/operacloud/faces/opera-cloud-index/OperaCloud?_afrRedirect=501881128658463&_afrPage=1,OPERA Cloud,1
2025-05-27 03:29:05,https://mtucn1.oraclehospitality.us-ashburn-1.ocs.oraclecloud.com/OPERA9/opera/operacloud/faces/adf.task-flow?adf.tfId=opera-cloud-index&adf.tfDoc=/WEB-INF/taskflows/opera-cloud-index.xml&TPLNG=E&_afrLoop=501871518074795&_afrWindowMode=0&Adf-Window-Id=w5qxuqrrm9&_afrFS=16&_afrMT=screen&_afrMFW=996&_afrMFH=1409&_afrMFDW=960&_afrMFDH=1440&_afrMFC=8&_afrMFCI=0&_afrMFM=0&_afrMFR=172&_afrMFG=0&_afrMFS=0&_afrMFO=1,Initializing Application,1
2025-05-27 03:29:04,https://idcs-67322d8881824b13b3da16015007f9e2.identity.oraclecloud.com/sso/v1/user/callback/login?nonce=7304827c-116f-494b-b8e7-61a873034d26,Submit This Form,1
2025-05-27 03:29:04,https://idcs-67322d8881824b13b3da16015007f9e2.identity.oraclecloud.com/oauth2/v1/consent?OCIS_REQ=BFw5wPiej%2BblLgJ%2BxRSe%2FcpvLzs9HS9o3PAKm3uV1SEok4qvBDfsTfnDHleVjqzPfHQmtwQS8BoXkeEMb2lRdZlFZVC1mNrFPdvvItQFR%2BK4uDqK7b3jxjxyB3EEI7lJ4ryvLRu%2FQnSB8Wj0TUp0ZlEjE1wVgjH2POPTnzMHS4%2FgHQ8GDGqBvcmufSwtZMWF0RqJTn43lRahfGgvY35777sPRCPlX85nM88sTnu75PqX%2F8iHIFHA9T7ui7x%2FItfJE%2BF9zOmKeCVC%2FKCcLOp9125nZ9n7mg3854JgiWLcf%2B2Xv0LDWb2RKpF7c6aaM4BQyPN%2Fy6CsfNjqxyMBxzBx0%2FDhjrS5lDy2X0ralaj1Kmz1bCWv%2BzBMTtBi9ddkw5pLK2jkubD9Qo61J9RmRJwYh6scr8l7pzpfueXuWw8wPkHdiyAzEfw5kyAsXfMFYmRabtrhPPpJTBeeMhM4%2BaQGjlEsvsgTYQGRjVG3tWd3cFP29zcONI%2FXSxgReF7xNHAFfAWbNf%2FEW9A8frxGOnj10pTQCMCg6Fxn2vakiBHT3UkC%2B7Ei%2FAXiaqGFrtl67T5oHhU2ooDsqj8QjNYUoBcHX088LX%2FZLNxa8U%2BvMmvbWus9sOGJeSZBfrCIDp2Q2sB5Lw8pAIMhcr70wASVpFn2q3XwhUvPqz6WE0THlcIHpcknPZs0XHFzQUBcQ6sSdZscQxyMe0JFf9knC0z%2F8TdgpS3D7TTXNrtXXghx7RpmjsoTzpd8J%2FuWYVrvuFaFoVGYUkUKd1GmuTHMRWQ6nJWdYr6SgDz6kTEiyg7PX9E4UIod6Y0v15Sanr4Hkhufm8E5Z4LnB%2BhN5VRzjs0rHe4IthTUgLkGZvjwitUA%2Biu8EM1OxkTvzUFZIMQhB1Hp9SYaSPlWQTH7LL%2Ft%2FIZDqaIRlUdZ2SzGZC7sJuTZsZcuaqEWgcFOAvbNniy7Qurxijid0CJkcjggC%2FOx6euBruVxxwRtYyA%2BnpszUFpsRFbYJznnSaSMVZx8F95maH6gOhi9uFfdGuYegmN3pBsvjktXRJ%2BasPak1EYWhmEZ64AHgimD8uzZC8%2FdilE2cXdCdQpGfOin0N5KCB%2Be3%2Fwija2uDYpkhvIR3nHqPlpGo2Vw4HF0e3MWubPdSNbFLnsdRg6dgJjwyKfup9nfF2yBHlw%2BCh2N%2FAWHbKHKQRbLv4OvPMp8jl4tMb6GdCrhwxEgyewPmHKA%2FDruvkfIGSWaniUlheeLTyJzOmpeCS%2BA8p%2BsDhNiGIlvSZLbx5s%2B82fpait5oWSfW0SzZcxsmdPU5dNnTYqxJ6C%2BZGb0omOUECnxUav0B2oyHCCpI90sETMF3nw7NsEMtlC%2F%2FAlwcodxpE9RnOtFloGPDYsH%2Fv1uIjgE%2BkebcunKaZRMnvk8l%2BXLFqzBjSRL%2BN3jjtNQ0Z%2F%2FuNHyOQckrDtVYcisE0P10Gnkh5Onq7gKiz0Idg5tapaLCs%2BQmn32TINNzr6529TFbk3Y1LjxRFgHaM0rxJWmDAFoFB%2FsJfa5SysEPBqrYn3qy%2FF4qIj4g5UBUByiZori8yjubJDIE24nxis6ohwBs41aV%2FIWfsV2i921J7V%2B%2Fr4TcbiCvipsS8RNbtq10XtcC9zIMiMCCEwEL1oV7kvI6D9TWF1tpqZEPxAJhltS4HabgmPU5kql57%2F1VnR0fj3lvC05P41EhinAJ07y0u0vklRH0GJAmdquB3NXDEsk%2BMWQyPXb2xOM2TmpDmmaoIC4xksw6WaMPww3gvrJDmLgw%2Blp1cHzfqqC5Er0ImZR9L6M13X4y6%2F62dbpL7MBGeHew3qJss8yREAiNbnPwh7OR8pbVd2AxepHaDNcrPC3%2FZzkSniy3%2BxQK2gOkQm%2BiMVz9%2BWUexlm2Rc27qpiCeG%2FKayQqw6T%2BxKg3RyH%2BZNo7%2FjXAMPm7NA5HfSzpydlnoL%2BlaUKBquN3RKhB%2BDiOEbgvFjyyGpBHlREryagxuEgG3hIoe%2Fp0pCYFOAV%2FZG%2B9HWabz4dQhC0aniDYaEeDlPzbOt5j%2BztpLdawM3FhJkZ1fnDCB49dCOMggHiTx9Gi46J%2B5hgTFnwFYIWkw%2BrXq7gts46zN69w31KG%2FYpM96fHhC0yg8UBCW7XhmikGwfxZYahOP2TGEdvzoeu9%2FqoDNoe0Zy7v9OUce5b%2FsYjzx3juTMk0Z3wYyoANB7d1OzqnXe5MHwjXBTeaGQcFXigKII0O0bAg686qfxcrK1CUhfss8pQgi7%2FR40C36HDKxooRacroo2N%2FuOj%2FT7KYDLQZAVsBohadkGyalq1sSgJk5CMLJ%2F4b3frmgsUSPEeVy3m6Zod5s1MGJSWSc0VT5I%2BAQumdDXZbFC1Y9d6E3etUhozYwMgnTtlGtTf4C4r0pvWNW7U%2BaeJnxfaSZGXD42v30%2BeynT%2FXjuQAM8ODdtSwUPD26lJDrk%2BAqSY0WJzeV5L4kgXnFVdgt862OZcy7obW3eucXN0vRCqst8hyeW6%2Fq4uCaUxOJnG1SS%2FepFwW1KMC0usqx17Km0uoQWRMyI%2BjIPCa2tg93i1EywYCYhtl0xr5HYLSXImKLyfYC03%2FF03GY%2FIfrs5%2BBqF7DGTEEWrQRtpe95yHjDHiQ68hFVWmJ2Ku%2B9YOTF4L%2BHy6znluuRBNLzMza7eG4aGd0oaENNCywMOyv1vCNvuNjYZhhqs1KEhL8U6PKCz8ECyK0Czbms99AdQEaKtmiIdhDqMrnx9odSIc2QhW%2FlKdXLMRtm0k2dXntL%2FatYP4oGyqOZ%2Ftd8y0ypr8JLO7NP4UaYCjpnRksKfBllfarlt3sqIfPtu%2B68ZZ61NF2pCIPCDU01h2V1SqCoUYToYRD54PFRt%2Fwl3iI5FRdUGOoZRLXhtLO9wdfVm%2Fzu8Listw03xT5H5TdUEz8vDIvB0ymcLNMwvWNlMaMkrnF2WO7gZTueg1yItlErlEqyJ%2BuwBC7ynnrxpPIsp4TZ1Wsi6h9CCgL4DFur5MfUw4Cmav%2BxcIDGj%2FeZksYll4InXdVICa0yUqy7c7HSJE3gj6doccvdAlrMriB0sqlHgp%2BHpeT99k3DxaKQREzieYtF8UQeT%2BTHHMFZBfcP28DXwIhSNAuMkegqzIUJlvLFy4ibakM4CpoAR5EW7BLXy%2Byb9gCDhpx%2BNqPY1XM%2FZdAM6W3728sHuYl3sIvw%2BLUuoHCwkxA85uK9xPtGo4td3yoMAn8Q5zpePdeaWEQ3v9y4IxZtItXQoiHV4EBx8qlxotSgElqn2B%2BomhVM87ELFHRaj5nmDwDXQYMwrT3CDcxMp213vsOGkHP870Bz%2FaSihwXXh%2B94g41bLCRlhqW0Srf5rotOkeBWM5Y6Elg%2Fz3pRiitgjtAulohzFQpi7dXsp9J%2FRvimQDiS3YBoJLzCDVhGQ%2B2ljcZjh80WYwJ3bb1jORnf2053irtOyZaRAf2DGFd9NjXwKtQirYZm%2F7KyTghSQJobzwVHRoHZp14L2tSrI1JbSQpmU0jwFtWEOZXtjAL7ypfvct1hnGL2vElNqVQ1%2BZKpXmiA%2Bm1DkT1GiCPGE%2BS3zh%2B9eyM9%2BRmh0XpgvE9AFsfNaheANOIQAyBgbWcjEiY0znQUHgctpEFFWPfrTPCK0OejzX0ZtT78wwgLkHrYiNA1lQvesC%2BGE0Q52DpGfxUMIBfZWKpEVZ5WoNxrrw%2FuSY4hSlYeiwltKlOIfj3ISf08jiP3YTRmjryXIxOSE32fX9JCQ3JZkGT6%2Bq5R%2Br86WO946hvjhJMg4yAzRzFbk1fb5e0AfYWk4YTeNvAgRgxzWIP%2B%2BQ%2FcynCHEajSUh%2Bowv%2BDS3%2BfO0ewYlQBNaodujiBA8XVj5T3H6yykMASNBkc%2BwylHth6Mybfo9kHF0z9OwzNIlF5AqOnv%2FNiLzdHn93g5AstrOId%2B5xvBmQBr3tJWG7xJ8OoJ3Xx998g9%2BXJLxsAdMARbZRHXdHkTwKLHF6tozHz8fDQ%2FwnnulcGX9V9C380DWSHki6Z7RuzS%2BC4NsoaSZf7jAz0xJkZzSqelB6GMdTyJ9MbqLA9HCQOFJszTy3p7uuJ67NqBMtkyZZZPZ40fnpGCHJM2oxmJb6507Vlg16hPHFOR90o%2BfWM9mp0wL1hKk%2FVpPptbM4oLaAO3A%7Epb6Yqsql36NzS4Q%2BukiazbKra4Sz4bJD2NtURUnDijw,Submit This Form,1
2025-05-27 03:29:04,https://login.oci.oraclecloud.com/v2/storeLoginInfo?redirect_uri=aHR0cHM6Ly9pZGNzLTY3MzIyZDg4ODE4MjRiMTNiM2RhMTYwMTUwMDdmOWUyLmlkZW50aXR5Lm9yYWNsZWNsb3VkLmNvbTo0NDMvc3NvL3YxL3VzZXIvY2FsbGJhY2svbG9naW4_bm9uY2U9NzMwNDgyN2MtMTE2Zi00OTRiLWI4ZTctNjFhODczMDM0ZDI2&access_info=eyJraWQiOiJTSUdOSU5HX0tFWSIsImFsZyI6IlJTMjU2In0.eyJkb21haW5faWQiOiJvY2lkMS5kb21haW4ub2MxLi5hYWFhYWFhYWN1aWdwb2RodnY2bWFvemh5NmhlNjRybXVoa3c3eXRkY3V5ZWx4bGw0Zmtwa3VvZDZteGEiLCJkb21haW4iOiJoZ2J1aWFkMDJwcm9kIiwiZXhwIjoxNzQ4MzE2NTU1MzY1LCJpYXQiOjE3NDgzMTY1NDUzNjUsImFjY291bnQiOiJoZ2J1Y2xvdWQwMSIsInVzZXJuYW1lIjoiS1NUT0tFUyJ9.Y57iDyDSEwz3XFJFECEwo3UFzVvYW6goMFjYGT-9zPPQyx2-P02xKdEITeG_0aj8cTDwTpzPFTuIQVMTTuYiVSXX7eVBOnE7fOPgN5Im7mK3cIQoSu7a5qUhFSXIWtSTgdlgO2IizhmxoM5O1-4Lu5GNWb_1L5iVCxA85xpO7mgSyZtmKA4mF_TH5qQzKkPtHMLW_7LTSdeQ-voaIbKK_7F605HLNSyxV3BAvLwv6akxfsMBewPa4vXUAkcBscTqDwLscJgjsGdWgNkYl1GvZ5D6NsBtWzFtQeWISJfQluOQezNsAmNGgTZLucTwpwvj4EXPZqIteYj6EzXp113W8A&is_paas_login=true,Submit This Form,1
2025-05-27 03:28:56,https://idcs-67322d8881824b13b3da16015007f9e2.identity.oraclecloud.com/sso/v1/user/logout?nonce=32ab3abe-8d16-47fb-948e-5ddb325b93b0&tenant=hgbucloud01&domain_ocid=ocid1.domain.oc1..aaaaaaaacuigpodhvv6maozhy6he64rmuhkw7ytdcuyelxll4fkpkuod6mxa,Login - OPERA Cloud,1
2025-05-27 03:28:56,https://hu05-ssd-ohs.oracleindustry.com/oamfed/idp/samlv20?SAMLRequest=hVNbb5swFP4ryH0GjMmFWCFVlEtHmjbbyLJ2bwabYAnsDJuQ%2FPuZJEhdpbavR9%2F5bsce35%2FKwjqySnEpQuA5EFhMpJJysQ%2FBr%2B3SDoClNBGUFFKwEJyZAveTsSJlccBruZe1%2Fsn%2B1kxpyzAJhU99CENQVwJLorjCgpRMYZ3iePq0xsiB%2BFDJjBdmSLSueFJrhl%2FMEugIFA9BrvUBu27TNE7jO7LauwhCz315Wsdpzkpic9G6Slm31Rr6XJYoxSptYnYrJueHQrDnGpBB3HVoqvj%2BAzh04aiFt5C7t4YOXxahZSoLYM1Nf1wQfTlCq6GMSF7Dvq0UtWWujBRJC8YFrZWuzk4qS1eSMmPU5fTgtmJHZCqMlKpZdOlGhwBB1LcNCRpuoY9RgPuDP8DadddG7bWjeQi40Vjs4tEm18fddCoXSEavi%2FjhKGyRSRtc740v5JW1lFVJ9OfR2olhzS5Q07Tm%2BgwmXTJOU2UPhj5CNAgCL0C9xPMTnxJvAD3zFIbZiCGH0%2BveLXtayJq2wXGv57sm%2Bdh94%2Bpm8dnoRvMvLXqO995iSXgxpbRiSoHJY7zdPC7im8KVtHv0sUGY%2BiJB2WliCPoL1SSpeMh%2BLJNT4Odw9brey1kwS%2BBqlW9meXP89juh369k7%2Fa74X8%2FafIP&SigAlg=http%3A%2F%2Fwww.w3.org%2F2001%2F04%2Fxmldsig-more%23rsa-sha256&Signature=fVTIkL28rtYL456hnpDJ56PpzTiFy8sWhUEw0PzfrLsgd1t3UKvqiadMTV3XLx%2BlNSruu3qoUZmEwDQajCXu6v7Gm8sjaUvik61Hqiku5YkC3mSn9vLeV0%2BX%2BUB66eC9aQuIfsq6uCGIUO9%2FO2Czw65aCMLXOlO5Q68ZYY357KrsWPlOMTK3im7eiMKoRUbI8kf%2BvyKTQ%2F34FSX5dQVDDX2llvnhmUyP0QU%2F42B21ePlhxf3Xc7pgo9RAbhuMVYv5Ql6ujFdtx42HFXJERC6EQ4EM4KvYEjNDSqGNlh%2FxaVvYo8JlqZKin9zLTe%2F3XJeHlAMGu%2Fr1Z0yge0q%2BVnKJg%3D%3D,Login - OPERA Cloud,1
2025-05-27 03:28:56,https://idcs-67322d8881824b13b3da16015007f9e2.identity.oraclecloud.com/oauth2/v1/authorize?response_mode=form_post&response_type=id_token&scope=openid&IDCS_CG_ENC_VER=v2&state=flWrIvtHzxlu3bIy7qK1CrRWOH9o6WrsOTwka7CfmG8&nonce=T9wps8VBcwGHYmKT0uk4D5ml81wKDQtPkgcxLhVnnEk&IDCS_IS_CLOUDGATE=true&X-HOST-IDENTIFIER-NAME=mtucn1.oraclehospitality.us-ashburn-1.ocs.oraclecloud.com&idcs_app_name=opera-mtucn1prod&policyAppName=opera-mtucn1prod&policyAppTenant=idcs-67322d8881824b13b3da16015007f9e2&idcs_app_resource_url=https%3A%2F%2Fmtucn1.oraclehospitality.us-ashburn-1.ocs.oraclecloud.com%2FOPERA9%2Fopera%2Foperacloud%2F%3FTPLNG%3DE&client_id=opera-mtucn1prod&IDCS_CG_ENC=true&enc=rGpMRsBO2zHUAgAAmgIAABAgmgIAAIACAAAQAH543jz5MGPvhN-31bnzM-1cQwJddrS4wM2EbndEbloQ9QgBZDxkj_DSQMBD8VkDCJyo9BWAl5AsdhKs3Xdkpp9QaaD8NJRV5USWtA6XfR5yic3PgAjpm4OOaCTRsLcEdZr6HpIra3X4WA4i8tzI748tDwOwm2YCH2sTq7_r2g0buSxT0Cr4tJqwqEOL31LCMxo3L3xXN7it3hwaTZJddaURXtAb787th1jNmcmpCINoDXF9p2pjLxPy5ohKQK2Un5Dxe23ZZJbSFbc94n4TPms-t77f6HpiRaeI61kHyU7mYObHn20tp743sHW04KJ7YXiX7bCEcrZK775NizB4O21wERfgsyuCrwSXI8RO1kZBJ26wDyunCBkHZANylxs3PHqJD0uv1H_TW1VAduXYLNuwbU5Fy2JgFFdiSvM8lYYtoFvYPEpVFjEbb22MRNOjXsWLR4JodJu9qzhMKFCcTdC45ds3yWM6mGmvkd5_7YQsGGhZ6oug3Dd4-xDcz6f2S-luiqCmOA-q9iNz-Xu_w-Fcz6kGpYFm5YeUZ5VueOMYfJn4UAEPs7e5cMRNLJJ6NK_1k1jBuxKZzH9u8etRjm8XuV4ighk1ke9gq_Zi3M8VBD3jUg-38H_FQzDpfO-d_3yV_RcSe4Rd77ZSmrTqEgXGwV1RLhb6AYVtmxewd5qC3rFYlLQ4Vtn4T184H5-MKxHpT29DomzqT0srmqhx6lRKH8AaIO2EpdCaQC7FGNSC8ors3XOExs19b5ZA86A3DnRciTkFWIhXdp0LLJHmOUG1vAUzsimvdbC35i-8WphTLQuW6BZxvcLESKS8jJk4sDKvAjqlnk5JZi92XnSt9LNHLWNW_yqVNo0u-ZUNHtk2mZSXjETv5i3wEApGYeJIVvqW8V9dZJiPmLKdbWuqyYsna2daaLjIr0R2iz3bZmx2,Login - OPERA Cloud,1
2025-05-27 03:28:56,https://hu05-ssd-ohs.oracleindustry.com/oamfed/idp/samlv20?SAMLRequest=hVNdj9owEPwrke85sePwESzCiRadyuk%2BaOGqa9%2BMbcCVY3NZB8i%2FrwMX6fpw9M1azczO7K7Ht6fSRAdVgXa2QGlCUKSscFLbbYFeVndxjiLw3EpunFUFahSg28kYeGn2bFr7nf2h3moFPgpCFtipT0iB6soyx0EDs7xUwLxgy%2BnjA6MJYfvKbbQJRe59pde1V%2Bw1kFAnALpAO%2B%2F3DOPj8Zgcs8RVW0wJSfHr48NS7FTJY21bU0J1rNbP9bYcQFU%2BpOwoIeanjUgPB1BA3HRoCXr7CZxgMmrhLeTmo6H9fwfhnXAGRYv31xdtL4O%2FRltfQMC%2BrVaLePG8XKHozlVCnbdRoA03EOYyCzvRlvvzXlvfEIzvatKPAWTsdhDsc2FUUKvBV00iXIkdLzdKYi33uA1woGEtc4Bazc%2Fz9gWihPbjIEKHK5IxmrP%2B8DeKfnYHRNsDms8KpGU8Gkyb4XP8dt%2Fc9%2F%2Fw6Wmu6NIvX74f0l8xupwQO4tXrf%2BS%2B%2Bu520pQ3ZyhYXte%2BwZNumRaCogHw4xSmed5mtPeOs3WmeTpgKThvIabkaKJlhfee3ZhXC3b4KzXy3BIPsYfXHVX%2FhQaz2cLZ7Rooqkx7vi1UtyHz%2BCrWiE8ubD%2B%2FQ6Tvw%3D%3D&RelayState=9sm0&SigAlg=http%3A%2F%2Fwww.w3.org%2F2001%2F04%2Fxmldsig-more%23rsa-sha256&Signature=ZgtARN%2F4d66xD5s%2BJ6hOT5BzYXDELWd%2FipQhhqHVKiKQiLKmEprw7bcIp2hpKNPDRgDARQybtnxqtY5AHm%2FVkNjgQCyf7loZIpZmWzSb396rAkqtzD%2BbqcMFh8de9OQDeJRmw50sMf9NAOYD1xlKWge2fOyvJMwiV56uc9XjDS52bZhHIdzwPey6VvItz6%2B6m8IMZTpQnCOUEevlO6dWQBSOBAzdVWK%2FAbta60kxglUkIRinDZIyLKBoqA20%2BXbkB%2Fm4m3Xb1MEQSDoHMPqGj%2FdHz8PoyjlMKhR%2FEoVrWFQsrSsHKiC1JN1t6IpAY%2Fi8uduSLi2fVa12n8allYSNlg%3D%3D,Login - OPERA Cloud,1
2025-05-27 03:28:51,https://login.oci.oraclecloud.com/v1/logout?nonce=32ab3abe-8d16-47fb-948e-5ddb325b93b0&domain=hgbuiad02prod&domain_ocid=ocid1.domain.oc1..aaaaaaaacuigpodhvv6maozhy6he64rmuhkw7ytdcuyelxll4fkpkuod6mxa&tenant=hgbucloud01&domain_stripe_url=https%3A%2F%2Fidcs-67322d8881824b13b3da16015007f9e2.identity.oraclecloud.com%3A443,Oracle Cloud Infrastructure | Sign Out,1
2025-05-27 03:28:51,https://mtucn1.oraclehospitality.us-ashburn-1.ocs.oraclecloud.com/cloudgate/logout.html?postlogouturl=https://mtucn1.oraclehospitality.us-ashburn-1.ocs.oraclecloud.com/OPERA9/opera/operacloud/?TPLNG=E&TPFLSCRN=Y&_afrRedirect=717950992181886,,1
2025-05-27 03:28:51,https://idcs-67322d8881824b13b3da16015007f9e2.identity.oraclecloud.com/oauth2/v1/userlogout?IDCS_CLIENT_TENANT=idcs-67322d8881824b13b3da16015007f9e2&X-HOST-IDENTIFIER-NAME=mtucn1.oraclehospitality.us-ashburn-1.ocs.oraclecloud.com&IDCS_SESSION_ID=690e9ce7f40d435b9b8bcbf3c3299afb%3A8df87a&IDCS_CG_ENC_VER=v2&client_id=opera-mtucn1prod&method=encrypt&IDCS_CG_ENC=true&token=e62erFktt7gECgAAygkAABAgygkAALAJAAAQAGDvD3cpZMYFWRS3W9MB2w-yJr3hGblihhBS1_WPjIbBVxVGjhXuq704aX9AcGD4qx7GIzFOEkuuBolcSY0z1EWIPGDFJkGpZZ5I-GE8Ni7az-L3w4na6Wq0u3l0hyw_I-PSP1wkQhwCMbl6jA93et5dsqFE-fZjgPzsMmQv-Ijre_kBOLHgsQ5P-9GVElMt9N_dfWobbkAQIxIMGwXdu8rtzHFGa377p37kMVsBw8TAnjfGwS8RS_HMXVt3K0IxzNV23gPFLuFsUzOdGaW1_mzkOu6GiEp6zpOJr57lunbjBTicXx4znaO_O0gGgBThswdMvjt18vTPk0jfhAakhacx3pQo6KbQRfi9EogqrrgWqmRQzjxpbI5g0OIfmn3Et5Pnes8XOpQgvf76YYM4-hnavA9CBQ1MV6hXs3kzXAv_NhUaryqjyUvbpszbypc-PERaWfp_VUW-njwlQqnGNMgHVKJ-i_gBzXmliSeYO7oPwjr0IelScdLR_uqYZLwbVUXgU4Ia8b5QOfwA4MEG2mlTQLdYUO9nd_ks2dmyQeS-TnTWGkY4Uq38s0yi8mMADrEEpLNpPle0LfxBg879Sse-sLtePCV8g24yREW_PWX0ZIitPDBKfvhcCq58xANPpJDay4t1aVoPYdWBsw_2vqbDkf7z9zlAQM2kG0MVb4fyLNJUqnJDhmEkp3nZ6Lw3_JDUxOTqphCw7Ks2tkLo43sOlhfrnZ7_eQlFgm8WwjUO1GyIZJ7m2GNgdHOjULaI0DEEvTv7qF8ITdouDSetzIgyitSTSsoIkr3ZYEhUvg8SwVXQpA1wcutB7NK9hfYN8ha9QOEt6H9z3svyfzIUjirgCkbWXHFSYPT4Kl35MImTJJyvcFAvfdo0pNSGHV4P6QAwIUge-16MlKc1bWrTPAeQjrxsf1GPWc0NNB2Wbks5ymftUFWY6yptRW3QqIrCL_sCTP8FvCc91QNGKBhJ8bnF8J0RrwEWKJ7U8k4Jb2hd48vHa3WPZ-BWpqOzNexNBdTmbBej4AVP1ryxTVO5JHKSuUmdA60byG2gOxJPzLUkuBShblvzLeCZx8g66-HCqyBSRmi2LvZbhlEuLhkmw9HE6XSxlMPUZV9wM0BSf2Du4Rw6_2amREh-B6TRhI9ipDE10xkTNwpTC8hsT0XLzN9jrbqib6XYUVtmtrlUj0H5Xfx2lj_XZ4C6M7MSrTm3UtxWeFQGgDA-31df8h8QlXIS3ZRNWvx9bNKc0o0PQgKS8eIyd38cBHOnflH7H05AcIke4y-u3RNzMfm7iNopl5LR9nNAhSCNsPXwHTZxGS41HI5hM0AZFa45qGviWOUirzFEe0tyeUyeMWF8LEczhgp5LBqUagmqN3MQZxYIfLVuaKjaiJLnoM5dlWkARJELPxy8Nytm9FGuiq8LabEsWgYvICXH39Qy-b36F6ppJaShHwPHM2ND2Uzh5AMVOuIkwJgJQ5xRu4eu2nxMgY56YTJrce3QcpOZenGmrdCseXdsOiBUyniCrAAgOkXoDzzxobZFFX1KmPZBoJ54BFKhkaVgQ-QCuFo4sPTovFdt658Twl_XktYFGrsl4yu0cmIfBpNPBfXxzqf8Lb5jkp6YecTTwokRUk1zURE-HITcLghjMRhzzlIda-CTQGbGuGh7EJ2J8hAv1MkDr1QRBTL8iKDWgYdI96y-1cOOZCoVEIwDy7sM-YZsL73zHdeyVOphZ43QEI9GCzlnU4XaAanOdL1fzy1pKTCFh1oy4G-RJNlbhOjfvDBD0lqpMfMcVBHGenahhvmwFdINFlMA1DBcB_chzAimZOHe2LiOQ1luaC1sTod0sjP60nP6MvDwqVLjj3nu4p5UjjIb-1btDT_oRiM8cHzak3hnsSlLuJdVrFB-rHeIk7A19hpU2Po6NBPSG-0czLvv2fFcz_OurjMPEPZ-77vboqoC1fcU8cSs1a-qCIUJQZBTFsxK3j8e-mBqN8T2wt9Vzdbxc9lYYHpKf04NE5lFV_T5WalCz-QoZ8ST-HgKlegsa7-wdY5pX9oA3KrCceaf-KTMnZxDk6PxP082xh4vJJgCmZzD8S8AJ8iUBLLm_rw7HJe1TCLM8iVZJNrbN4ijHdI3k79kJA_uKiM9ELipmDYBjU81iPMrG2OvKJIY0ar2C9rREIwXXwVR7oCaDvMHhqe6Zot-pdsag9LEVrV5be9Wzk7pIIvCklj0Ubmd6EFuvD6Woqu5Za-5JX-11I_D4jp4L2blg8O2iCRLzrF0G1p7x1mj1JRDfDAJvwr_zcgdVi7uG_GJBOehYNCFXwr7PtZRSeNtwVmKURDVZzSyas3at7y0vnYPRcETEWw2fBNZfx94UrsYnEeLnMoAyZ-_M53uaboIVbHQXB0GpXHAofgD0mQSL46IGdabdZRtKe01v4MyzNirmeCS3yllav0kqbeKWxau_d7VB9mY8_iG6HVKbSy596oJ1wHgn0krC1fGPGIdOA9CS9Kf2YiXPZF40hQoNNB3w_hLg5_mhTKI9a4Mnnixldg9_-t1f250n4WUJVY9HkulPZIkVeFzhTkwwxnXbX3atZCRCscAZGRgK-1MR9Ut7cNVDqixAQKZ3VKQsWgR_NJxhOAnTRkr40FmaNraUrVZFQaRSZ7WlBtJ8WMlqvf1N3HZYBM5qjb8-RMfOMmVQ4JdWkRNoTncefZ8xZfXWVGpTIimk7grcUjXsrYoGqBOlE2fJ-YBBLLq9Fgj2LyrmqcCzYBRAO8jAwsmCohi2dpoQ_zhRx2rJXLtRZnI45yiKLL9phtW-tX05IvEK4OR9g0nnNm_8DJ3ZeooGUQmvRLeMJvf7kBD37THHI2B3m8QeHsSUrKbbjeOgPPomS8QOP0qa1BgO-Mc9hWTcuSF0rXdYd7bigNoOVKvumjdc0AydgdZhLmaF97r4_G8maQ-5O1cInUG71DeePsLArGY_B4UGxB9Rn51Is89LB-3LlylVpKkYUtPtuu2vSaSDByfSuj6xw_uzUqFxo7zcu7DbN4hfbHFmz8BxjYCsrsV3EwZhcKfKxAqvktRfY19i6PVYzQw9OYDIh0o6qLWXVgZM1owcyUoMV_rI1vcrXXxnbhx6lDKGfCstVysQx3Ae-rhhSEvPJV_VP4pR4JJs7C5xksoDDGr3Wy6LXX3a9Vk-vVoHOG2uM4rvQSn2w68XEEfX-muXRj4cBxeWtm_OZA04seCcwzK8d_lUOKcEmTrvFcWqI94rKrOP32A2bxWiswKAwUItl8DzwL8ofTjnCG5nEQn82JkskpIQyf2FhmOa3yg1ItLTvbw496_b6m19k5TcoQwTGhpftJa8NvcZ8m3jbXu_FFgvT0n6Aumz7LG3S3IUxbyNYCrf0LdjEPJ1I5B3ZhOOgn0hw,,1
2025-05-27 03:12:58,https://mtucn1.oraclehospitality.us-ashburn-1.ocs.oraclecloud.com/OPERA9/opera/operacloud/faces/opera-cloud-index/OperaCloud?_afrRedirect=716998688223025&_afrPage=1,OPERA Cloud,1
2025-05-27 03:12:42,https://mtucn1.oraclehospitality.us-ashburn-1.ocs.oraclecloud.com/OPERA9/opera/operacloud/faces/adf.task-flow?adf.tfId=opera-cloud-index&adf.tfDoc=/WEB-INF/taskflows/opera-cloud-index.xml&TPLNG=E&_afrLoop=716982503930405&_afrWindowMode=2&Adf-Window-Id=w5qxuqrrm9&_afrFS=16&_afrMT=screen&_afrMFW=996&_afrMFH=1409&_afrMFDW=960&_afrMFDH=1440&_afrMFC=8&_afrMFCI=0&_afrMFM=0&_afrMFR=172&_afrMFG=0&_afrMFS=0&_afrMFO=1,Initializing Application,1
2025-05-27 03:12:41,https://idcs-67322d8881824b13b3da16015007f9e2.identity.oraclecloud.com/sso/v1/user/callback/login?nonce=f0bba8e0-b26c-463c-957e-b3e7df4a9394,Submit This Form,1
2025-05-27 03:12:41,https://idcs-67322d8881824b13b3da16015007f9e2.identity.oraclecloud.com/oauth2/v1/consent?OCIS_REQ=c6Zoud%2FExLQhnwLO7%2FWkC7%2BTjvEcwEm8rcPIV8AUk9Tm2jDLuqCpvQyia1C7KWcPsax0ROJODFQk548wRIptm6IhvPsiq174TVURmt%2F246tfoJ0r49ooM30hK7YyBeOwK7%2Fe%2BAGPefBoX5rD%2FVs6Qjp7aRptxCZ3Wa8cRnJHHbeo2sjYCu1WbcVNrcUMODGvLL6IkUbuQrnpLiJWhAWVOwLxC2RghzTo4NjCaJ095FQev0YRKoubvXrNMNmPwtjVx4zlsfvxE3ByU93uFX6b2z0PzN1yPs84F6%2FJBqL%2Be3N6EfNOSrzJxGByIc41Dw4n7e8FBd%2FvuVT8HJ%2FBsGelYqGP9bzddsjIN3idOp6wKdtlWRPLxReFP5nL0htN37n5yWXGBhFZV4nbPCYifIFalp4%2FIFPNMj9izXFsR7Dnwzr81u%2Fap94i04uzjFsMdWZyd4uBe7vTmemJcSy7kWB%2B7GefWRiccy3pPh5T1CN%2B5PWY20mRCGYfoX23GXCubfqOkURAlEJYFPN%2FTffzZ6zTTK860P5fzrYqI%2FMowt8F9O6mzNOsGKtXtdhHSxFb27GhSieAOjHPsfut%2BTfybOdmSef7QPTJzlRUx8jMaLI8KCFSWwRRzOXBqj0I0a3isLw0HdFIkfYggTHMu99Jg21EI4qpjmf3zE4BA7UERfRZRTqQVpyMwbbN9yNSr6FLGbE7mUgUCJdtNOd1XIkYUoNERXd8qkTrvTI%2FsewTsqfngzKck5Y6xg8wMOEMLfQZLUTfI%2BjmYtVSJ97yCWaNpP496jZfQE0NyqCDGIRRHh9CytaxDmknSjMuxjBkv73wIofN0VpVbohotOn%2BmWqSoXtIRnykmuSJ7rElAV95lYs8RawOOhyJpB8z0%2FUTPjaG7BDu%2F97hBkgKNmsOX2mqqWkQ%2Bgx48V%2B%2BA6H8NtXnmMqDWHHXIH84CqsDyGTn%2B8RHdDpNtVL3bQixO6eH3sEOnqN1uveUMuOndEU7wOZfM848TnI0h%2B5LVD51HJhZulnCYLchIkaAgxztBHVV%2FTbfWXDmNrDnbQtFhOewlye9xnnxBpbMqxfZkDpxxhWu4QqtH%2B0J1ykN0SO7qwMdLWXSk5waQjV58PQejM7c6ZcLIwPfZZqxSfquuXtJ4qvmG1SDkh9QIdjY1%2B43YHaCVq4qv7soTKc3jn7mZjSp2Del7a6d1Hmq5n4IriqNHrztm%2FXw4S7dLa%2BnOeMtntd8RB%2Bzt1fwJDNn2f8II35%2B9nPlGHfIhz2CpYVe2aJlNFzzIg788MSedK7l4tgAIYmvbK7pc9SIz30%2FJKg2GdQQgUWWdlRveEJnMTj1mDdiywxSTr8YftSyDEOubxPgOk51dcBfm64cRWS%2FyQwLn%2BOh%2BlMIt2L%2FtNTHgL6txDi2AxnMWXjjAfszztG7bBQDGx6osWUuh9CQpPpGBbZA4No1TbATmommhP3us5YdDJBnDNqaY3M8m01TqKt9DhRTHSVwaz8fQIw02l6RJ37FIj20jZSKSooQAqRXwyfHaLY7JXSlJNGIcrP6wyHlRofn%2BHWUR6cARtRAGX0CXePOX3gZrILViBeAVH1C2ydSlQZIBqXlFgip0r9g0RGN9tEkgiK2MN44LUZQQtILsFki52xORNivhCjYD%2FXORi7m4VYvz9KnrMwNHfz70p1eJcqXfHYqriV5xCWiFqulvFHecHDZEnYLaHuWYDlaUMTJ%2BLlrdkRMGc1U2T8xaKouvapsxOEQsnt%2F5bAPH52ttXw2iwVo9Ar8Di3P0rf55dR5rFqXRAfHG7HWrrLy40nVodzYDhInvtjMruf3yEwXSPPcF%2Bc0vvjWmwWAt0j1A%2Bf33V6Y7iyiAQCi%2BxiL7GlwoI0eBKd0k43hWchVUweNo2UzZYb%2F6I5sNTfhkii%2FognXN59NRlDxDaOeuNG%2F1ZgbXJj%2FrVe2GmjIeg%2B%2FjUiDaKA2huzfw0ZDe0IWyLOuCiFv6ejzreSxLvOo5anMQLTRDVMYTmSbVZ%2BtcVNQ2EwjvnfO0u1tFjuusS3e8h5LgsoFp62yBv9TkDsybCNVe9ae6PJqTdlyMqVZ5iTIuxSNLEV1UOuE2fkxMtiFib3LeSmtpVQVUz%2BNcVT2Caz83aBD3G2lD%2BjjuRixvMrQcnLx%2BBhd39ykzDj9MfBqUvQHhoPiZYSnaVdfDOkmLD%2BAGOU1vaDm8F9z56jvY7rUQYof0BY8H03UOwMjsYMVQ8pOcwEYFe2ux4uBRqUtGbstgX4QpagmlZM32LCAzEFDbxymk4%2Fx2UZfnAgiE07j4K%2FMM69HfcOGex7gYp3p2ommeR1H4hs%2FYv63zAPwq9co82r%2FID3Lw4Ubm%2FKy%2B%2BEoLuNfCSZS2EfYAnZBxkcRBU%2Bp5MzFur%2FPQDGQ4oOa0khaq5a6n0BIXQGJXoYctnSq164B1SfjT35eTGW61MasDhzI8hBmJ3TgEmhTj4n91gwviIJ5r5jnLa9uD6w7GvbLSzET0NNH34jIT7AttpSCqYjvLZ1Ix7skub7pXxpxYB7AfZudlG5U%2FzVGuTfKy6%2BKvtI8YL7Fa7PqjhxR03TMHi1uxtig%2B0Zyl5GfmFtCPfKLg%2F%2Fo01njinGyQjBd14ITeokmE1M4k21wu1g0LW96PecKTzWCN2Fck1J%2BjyGKISzFeHdPcGfX2TSKyruH%2FYtn8NLyDYam6cXkHL01dfFDM7UqpveO5nlrYZh5cneF8H9rrTQtabdNDUllQ1jIrhxwKDHBMZjiQL38YnIcZRHPSvZkPIAkVNmSkN2um4m8DkpZVW%2FWZma4cNvKlwO2YwkTSC0pa%2BjmMaVACOSMYz4ELht%2FSvno%2BZTTfN9YfkkgWv0pvkLVN0o%2FGnJZVpZD6Mb5xyssI5JHlTi6ttE7rC32SEy48CtdrmW8%2F1QHhrsLpiAc2y2VGTjZmOBgKl8ZTtM7gSvlt%2F8PcJuap5mAXRMbSUOFQIRHiSknIivQPXpD6yTbvs%2F0WxWnlxTQxBUNKjZ9y3De%2FWJ9lJV6L4SScBVbEBOwl2k%2BleVIHAMlr0x3TLWMRzfh1uQl2pN6LXdu%2FUn%2F97WADijUE%2Fr0OQXAErOjY0gb%2BBVwPJXbh6f3RMxySaqSjAHolzQ1ZbUOCfePFWYM42LSGCOa71Uh23NzKFmE7avzRlIWh4KquS1ZmUFu2PGhrQvM%2FMpBySvqze3%2FpYGD49GttL0D2SUT3bkNptqZXohDgmehmucXrDfk6mHKg4vQX8KExD91TqnwIX0fbiDJcjW80ndoJOZWG42c52v0GCCK3MwuRRxxlkPbb6Unyl8dMtENcUE3S7IuX71NETEqUObtoxfgimix4Am64Y3nMFonHy73XT4pi3tOGRYNlUo8WfipmxwSx3xbEXlRNXjjlMcwM2Q6fcySzXERnydUIhVGuJjKbbzQMw7oO26p0on18WsPhyXsRGUGe3MiuBwP%2FkRPtVzAbAG%2Be0FDbSamdL7Qw6YQj4XsoEro3iq8PFbTOegCzWPbTvwSe4h430z1lLXhtuJXh2pvaPCsWUfkxSAah3TcYkBNbIw68L4pJJx%2FlDmJdUt20m6TAbfHsX7fwyRS%2Fcg%2FPJ73KIjTFzg8WzkoB1vrWTAl4rGzOUU9GcHZZlO7u6ZRW4jgXbV8vKGi3g0Q%2Bc5hVwrBLOy6xb6IH7Io1y3XcGkKKAzsCdWvqYMlwTkKhqx9iWexQGKS6UA5rIWdiAQmW00OpqyQ9M1aFKC4epM1WATCkKYqRKohW8SxnBkiFzsgUlUX3DYyPiFrSFdwaUmkstiTxng%2F9VsOqospvSqcw728JkCin9Jfgh0BiJI8Ybb%2FNn2QBpMJZGU6qRs5Kn3qgBVchvb7j2DfupVgEEokpohzi%2FCu5kXKKmCfxQbK%2Ffa7kwMWQRrfo%2FGySPefT%2Bd389iFPBbZGOwDxZgRGJaGUw6FbIpo1BI%2BhNUrJrDxn4nH0Q4ao68fCObXXTUrhfEiRnEemEyJYZZPpnon1VAj3z%2FdR5gZi8nmHP9zqHu7wvD%2BvjyMNLsRu7UN3woMIZDdeDrBvHyBDIkTVmS33b8d%2B96na2OBJzOLdlFiTnPA%2Fl5r8e77%2BBgNtF7xRQa3q2%2BG%2FMC9UqEsVRiZT5xfZruGyKcEOW8YYAvVhG6KeQ%7EFruSb997YOajCEJ%2FZlWYfPpaqcTwCZM85%2B8vBqtbjtI,Submit This Form,1
2025-05-27 03:12:39,https://login.oci.oraclecloud.com/v2/storeLoginInfo?redirect_uri=aHR0cHM6Ly9pZGNzLTY3MzIyZDg4ODE4MjRiMTNiM2RhMTYwMTUwMDdmOWUyLmlkZW50aXR5Lm9yYWNsZWNsb3VkLmNvbTo0NDMvc3NvL3YxL3VzZXIvY2FsbGJhY2svbG9naW4_bm9uY2U9ZjBiYmE4ZTAtYjI2Yy00NjNjLTk1N2UtYjNlN2RmNGE5Mzk0&access_info=eyJraWQiOiJTSUdOSU5HX0tFWSIsImFsZyI6IlJTMjU2In0.eyJkb21haW5faWQiOiJvY2lkMS5kb21haW4ub2MxLi5hYWFhYWFhYWN1aWdwb2RodnY2bWFvemh5NmhlNjRybXVoa3c3eXRkY3V5ZWx4bGw0Zmtwa3VvZDZteGEiLCJkb21haW4iOiJoZ2J1aWFkMDJwcm9kIiwiZXhwIjoxNzQ4MzE1NTcwMzY2LCJpYXQiOjE3NDgzMTU1NjAzNjYsImFjY291bnQiOiJoZ2J1Y2xvdWQwMSIsInVzZXJuYW1lIjoiS1NUT0tFUyJ9.fFXX5ml55aOrPmFMV3ZrPcJ-0WXR4TrSPFyTH6LlzijZnsJ3N-gQ_6HbZ_h4nAfJYvben7aFPoOuIWOI9FuK0kFSzFUtyMSZOOKzJ6xn3FaKdRV2GiUeIxVMFhvEx4J4LCfTUuljLvPeaOnY01gr7sYUNcliTWydneqtkK6dJLH6jdFdA1IcNCzUZjw9IOrDfDohLmvm9F5kGUP9g-XGYkjRkWa7Kf9Byx0W15YYFqzy2C0vc9pESJ-cpOB0Mcx-97IbI_44FngfTd3yCoAfgnOX4K5WdpD5mV19XSiJBHB6LVZno48BCJNTj3DHDau9wUhFghgJr0gN4nfPmTCXzQ&is_paas_login=true,Submit This Form,1
2025-05-27 03:12:29,https://idcs-67322d8881824b13b3da16015007f9e2.identity.oraclecloud.com/oauth2/v1/authorize?response_mode=form_post&response_type=id_token&scope=openid&IDCS_CG_ENC_VER=v2&state=RTPEduMNNTmYy3KKKmk3XD5ptfSwf2LuZG0huMwvoyI&nonce=Z32lQFGBFCycqgXq-VsIA_rLKbTJKpHsWGo-iEAPg0k&IDCS_IS_CLOUDGATE=true&X-HOST-IDENTIFIER-NAME=mtucn1.oraclehospitality.us-ashburn-1.ocs.oraclecloud.com&idcs_app_name=opera-mtucn1prod&policyAppName=opera-mtucn1prod&policyAppTenant=idcs-67322d8881824b13b3da16015007f9e2&idcs_app_resource_url=https%3A%2F%2Fmtucn1.oraclehospitality.us-ashburn-1.ocs.oraclecloud.com%2FOPERA9%2Fopera%2Foperacloud%2F%3FTPLNG%3DE&client_id=opera-mtucn1prod&IDCS_CG_ENC=true&enc=PsP5kT8mQmvUAgAAmgIAABAgmgIAAIACAAAQAB6GSMl3dcdxJmhXTABZyuMMgC7H8vtjNQ0MKbEHmUH666mhJ-Z6I52SV6y03TMZ6s2qAVj6XyEurXEJxr87aoWVKawbzV8qOOL5vr92tpAcTeKhjHOQ2d9oLRwijEzG_r0-32ncCL1_0-bFe8nfmHu2V63jWKhpSs7FK1KQ8sC_TnLG6AjDn37Ry8vf0UWDn3KtlkXHYsQW85OgCEFC41iIm4x8YlAcPJVryyyKAG2bNxqzw_y9EDMcU63kWWblgDdJbRp6qc2Q9UtrgZ4ptAUbwpjKgtQkluEyslGyI18B-gqng67xnYOnKvEhyx_WzMtdDNaf8HTCZB4S9QN5IQU3v5_rC-ZcUPBgNqxNE8cHeh58H-9SBaanMLdt2Bo5CCk1WBeTyY6Qsw6YaacTTwyJzO1SW-k_oSC3X-grAX1dcp2477170rLSDncFrTWl16mvB9foUK29ghdYOfl_QRUUc6PliyUYdigc_AMqRbi2K6OeRtRJZS5Gty1v9G87fGpHyF3a63gnI78_0jBziL8K8mtdUpvzlvtevIsqkUsl7zN6F-gGnkElmLH9p9w39VZbTArwl7YiwdV0ViYIBVwLaa1C62DiQG8zK-_mMiBo0_4olmOyQ8iOgpKVnT7L6hOiURYf_iuPa-i7JqXAMWBdkOhZyDpA_9MWZ3vlw7eXrw92B9hE8HD692z14WnOEdFsW2kg8fQ0_empPSWMHf4rskc1bMhX4GTtPOmp9Rb6IjMp64VOQX4C_mRds4GCYIgoNGBV_MB6k0w7Rqz6k64PWFIxReiPr13rEcL7zdlQ8wXxwggo5eX1g8oHZd4KQzN0IlWCL-es6LT-IueEGVqntJhe8Q3PtFh4J9ipNqCRmkhO3l3BGnSllgu_rPHSt9S5bK8w8mWsAySjqLyrCi7jxMo5ZrNb9UFey2iaepb3,Login - OPERA Cloud,1
2025-05-27 03:12:29,https://hu05-ssd-ohs.oracleindustry.com/oamfed/idp/samlv20?SAMLRequest=hVPRbtowFP2VyH1O7DhQwCJUdKgaEqysZFW3N2MbsOTYLNchsK%2BfA43UPZS9WVfnnHvOvdfjh1NpoqOqQDubozQhKFJWOKntLkc%2Fiqd4iCLw3EpunFU5OitAD5Mx8NIc2LT2e%2FuiftcKfBSELLBTn5Ac1ZVljoMGZnmpgHnB1tPlgtGEsEPlttqEIve%2B0pvaK%2FYWSKgTAJ2jvfcHhnHTNEmTJa7aYUpIit%2BWi7XYq5LH2ramhOpYrZ%2FbbTmAqnxI2VFCzE8bkR4OoIC469AS9O4TOMFk1MJbyN1HQ4f%2FDsI74QyKVu%2BvR22vg79F21xBwL4WxSpePa8LFD25SqjLNnK05QbCXGZhJ9pyf9lr6xuC8X1N%2BjGAjN0egn0ujApqNfjqnAhXYsfLrZJYywNuAxxpWMscoFbzy7x9jiih%2FTiI0EFBMpZSlpFfKHrtDoi2BzSf5UjL%2BPF7c5KLV7HcnFdc7ub0Z%2FFy%2FDMaPa%2BbGF1PiF3Eq9Z%2Fyf3t3G0lqG4v0LA9r%2F0ZTbpkWgqI7wcZpXI4HKZD2tuk2SaTPL0naTivwXakaKLllfeeXRhXyzY46%2FUyHJKP8QdX3ZV%2FC43ns5UzWpyjqTGu%2BVIp7sNn8FWtEJ5cWf9%2Bh8lf&RelayState=E-d-&SigAlg=http%3A%2F%2Fwww.w3.org%2F2001%2F04%2Fxmldsig-more%23rsa-sha256&Signature=TbzZKUBxu85uNBJBB8aJ6x1i1ahMMzKCfcoN3mWPp%2FLg1nLimIEC8AFrqASxIY33Vs4iqolySdyn%2FhyG79EJLTthreHfSTXgxoPyURQeItwWgMBU%2BZvfUPfJzM9qm6uYy%2BBcb%2Bz733w8JWDo68oElaAdT53yPmE9bkg5aQkXNcJPvHij4fItyo7AnhTCOQhwr7w05Jgvj7sg1jPHeMG2sz0Sa7%2BnoRQ9yuCxNQ4QpGIBWsGX9MfPFUWOeqsCUokjb2oaSIK1zGgIbGXHoORiG9p%2B0CzM7ex5D0zFq6ljPrZwVSYJANLzzNcogyRVVwfz%2Bffvms5U7qb6ilUll%2FCLWw%3D%3D,Login - OPERA Cloud,1
2025-05-27 02:11:56,https://www.google.com/search?sca_esv=526b12f34a0891cb&q=giant+trolls+near+me&udm=2&fbs=AIIjpHxU7SXXniUZfeShr2fp4giZ1Y6MJ25_tmWITc7uy4KIehZSPZtq-ywdxHK81a_1UWm-hTEDwowP4WTUORcrjV2i6YZOgbGIbSKvaPDZmQkPaEXTq_H5qWZVIeoy5b2ml4GiOLNbZ6r-qHu_GQqiXQ8ZJsAIVqYH3PebytroXn9DRTcXGuSHjq6LCz-hR5d8gvlq07uZzZ990HLqf_1NERCNIBK6PQ&sa=X&ved=2ahUKEwidiMe1ycKNAxVfODQIHQDPGWMQtKgLegQIDhAB&biw=952&bih=1314&dpr=2,giant trolls near me - Google Search,1
2025-05-27 02:11:54,https://www.google.com/search?q=giant+trolls+near+me&oq=giant+trolls&gs_lcrp=EgRlZGdlKgcIARAAGIAEMgYIABBFGDkyBwgBEAAYgAQyBwgCEAAYgAQyBwgDEAAYgAQyBwgEEAAYgAQyBwgFEAAYgAQyBwgGEAAYgAQyBwgHEAAYgAQyBwgIEAAYgATSAQg1NzY0ajBqMagCALACAQ&sourceid=chrome&ie=UTF-8,giant trolls near me - Google Search,1
2025-05-27 02:11:24,https://landtrustalliance.org/blog/a-giant-wooden-troll-take-residence-in-a-land-trust-park,A giant wooden troll take residence in a land trust park - Land Trust Alliance,1
2025-05-27 02:11:24,"https://landtrustalliance.org/blog/a-giant-wooden-troll-take-residence-in-a-land-trust-park#:~:text=One%20of%20the%20latest%20is,whimsical%20creatures%20at%20TrollMap.com.&text=Constructing%20Thomas%20Dambo%27s%20Mama%20Mimi%20from%20JH%20Public%20Art%20on%20Vimeo.",A giant wooden troll take residence in a land trust park - Land Trust Alliance,1
2025-05-27 02:11:14,https://www.google.com/search?q=rpark+troll&sca_esv=526b12f34a0891cb&ei=MR81aNmAK5Wr0PEPg_rQoAU&ved=0ahUKEwiZ3fCZycKNAxWVFTQIHQM9FFQQ4dUDCBA&uact=5&oq=rpark+troll&gs_lp=Egxnd3Mtd2l6LXNlcnAiC3JwYXJrIHRyb2xsMgcQABiABBgNMgcQABiABBgNMgcQABiABBgNMggQABgFGA0YHjIIEAAYBRgNGB4yCBAAGAUYDRgeMggQABgFGA0YHjIIEAAYBRgNGB4yCBAAGAUYDRgeMggQABgFGA0YHkizR1DCCVjJQ3AGeACQAQCYAZ8BoAGZDKoBBDEuMTG4AQPIAQD4AQGYAhGgApgMwgIKEAAYsAMY1gQYR8ICDRAAGIAEGLADGEMYigXCAg4QLhiABBiRAhixAxiKBcICERAuGIAEGJECGMcBGIoFGK8BwgINEC4YgAQYxwEYChivAcICBxAAGIAEGArCAg0QABiABBixAxiDARgKwgILEC4YgAQYxwEYrwHCAgIQJsICBRAAGO8FwgIIEAAYgAQYogTCAgoQABiABBixAxgNwgITEC4YgAQYsQMYgwEYxwEYDRivAcICDRAAGIAEGLEDGIMBGA3CAg0QLhiABBjHARgNGK8BwgIJEAAYgAQYChgNwgIGEAAYFhgewgIOEAAYgAQYkQIYsQMYigXCAgoQABiABBixAxgKwgIQEC4YgAQYsQMY0QMYxwEYCsICBxAuGIAEGArCAhYQLhiABBixAxjHARiYBRiZBRgKGK8BmAMAiAYBkAYJkgcENi4xMaAHpo0BsgcEMC4xMbgH_wvCBwgwLjQuMTIuMcgHUA&sclient=gws-wiz-serp,rpark troll - Google Search,1
2025-05-27 02:11:05,https://www.google.com/search?q=rpark&oq=rpark&gs_lcrp=EgRlZGdlKgYIABBFGDkyBggAEEUYOTIMCAEQABgKGLEDGIAEMg8IAhAAGAoYgwEYsQMYgAQyBwgDEAAYgAQyDAgEEAAYChixAxiABDIJCAUQABgKGIAEMgwIBhAAGAoYsQMYgAQyCQgHEAAYChiABDIGCAgQBRgs0gEINDI4MGowajGoAgCwAgE&sourceid=chrome&ie=UTF-8,rpark - Google Search,2
2025-05-27 02:11:00,http://jhlandtrust.org/rpark,R Park - Jackson Hole Land Trust,1
2025-05-27 02:11:00,https://jhlandtrust.org/rpark,R Park - Jackson Hole Land Trust,1
2025-05-27 02:11:00,https://jhlandtrust.org/what/programs/r-park,R Park - Jackson Hole Land Trust,1
2025-05-27 02:10:59,https://www.google.com/url?sa=t&source=web&rct=j&url=http://jhlandtrust.org/rpark&ved=2ahUKEwiZ3fCZycKNAxWVFTQIHQM9FFQQ_Bd6BAhCEAI&opi=89978449&usg=AOvVaw297eVwheHh5IsurVNfiyW3,R Park - Jackson Hole Land Trust,1
2025-05-26 23:25:29,https://idcs-67322d8881824b13b3da16015007f9e2.identity.oraclecloud.com/sso/v1/user/logout?nonce=2fd41893-f10a-4040-9cb3-af9fbd26c53e&tenant=hgbucloud01&domain_ocid=ocid1.domain.oc1..aaaaaaaacuigpodhvv6maozhy6he64rmuhkw7ytdcuyelxll4fkpkuod6mxa,Login - OPERA Cloud,1
2025-05-26 23:25:29,https://hu05-ssd-ohs.oracleindustry.com/oamfed/idp/samlv20?SAMLRequest=hVNbb5swFP4ryH0GjCEkWCFVtLQSS9qtuUxd3xzsBE9gZxyTS3%2F9TBKkrlLb16PvfLdjD2%2BPVensRQ1SqxQFHkaOULnmUm1TtFreuwPkgGGKs1IrkaKTAHQ7GgKryh2d6a1uzFz8bQQYxzIpoMcexilqakU1AwlUsUoANTldjB9mlHiY7mq9kaUdMmNquW6MoM92CXUEIFNUGLOjvn84HLxD6Ol66xOMA%2F%2F5YbbIC1ExV6rWVS66rdbQ57IMQNTGxuxWbM4PhXDkW5BF3HRoDnL7ARz7OGnhLeTmraHdl0UYnesSORPbn1TMnI%2FQaoAVKRrccwG4qwuwUiwvhVS8AVOfvFxXvmbVRnBf8p3fiu2JrTADaER27sakiGDScy0JiZckpKRHSfKCnF%2FdtUl77WySIsnduYxfty9LMYln%2B%2BYJ%2F6wyPRWMRN%2BizEWXe9Mzee3c67pi5vNo7cSybs5Q27SR5oRGXTLJc3DjfkgIHwwGwYBE6yBch5wFMQ7sU%2BhvEkE8yS971%2Bx5qRveBqdRFPo2%2BdB%2F4%2Bpq8dHqZpMvLQZe8N5ixWQ55rwWAGg0XSx%2FTO8WV4ULaffoFxZh68sUF8eRJThVYTUn41USF4qUyQnP%2BOsftyxyVq4P4equ%2F%2FupSFbf8wvZu%2F1u%2BN9PGv0D&SigAlg=http%3A%2F%2Fwww.w3.org%2F2001%2F04%2Fxmldsig-more%23rsa-sha256&Signature=Cg54or2qYBB%2BbyLR2M%2BhnIZ%2BAHk8zaSzPBAUwxvVoaTGp7N%2BUYcTEgKKjgxTQXutkQqentlS8Wgibu9p8rLUkD4dZ5ozui8EJDOjV1Uk4DXO2G%2F9aPAAZWq%2BCNF4YqtRBygS5njHWbjYmwlKICiGZAnMTOLVTOrLD7xiZ0b5en36X%2Bpl7f7mX5Z8krYtOAQ9bBEli0aiHoz3hG8B3veVR9CdIsplKG89OzSqbn75ivv7PG7GVREpC2Nx%2F97gmjbDz5XOkmfXOj3E15K0oxXej44gSFBrHBKwtbzXbrpPMJAyzubQF4dcBRZFOrPValVFRAFesI95FJv8GXNAL%2FDDwA%3D%3D,Login - OPERA Cloud,1
2025-05-26 23:25:29,https://idcs-67322d8881824b13b3da16015007f9e2.identity.oraclecloud.com/oauth2/v1/authorize?response_mode=form_post&response_type=id_token&scope=openid&IDCS_CG_ENC_VER=v2&state=DiQFLMMyX5V5ndakgqPB05oh2DKBi1PKudRXA97GBEg&nonce=P0TZhih13IN0-Oc9S1NFqaShOwMVxYWnDstkhaCb41o&IDCS_IS_CLOUDGATE=true&X-HOST-IDENTIFIER-NAME=mtucn1.oraclehospitality.us-ashburn-1.ocs.oraclecloud.com&idcs_app_name=opera-mtucn1prod&policyAppName=opera-mtucn1prod&policyAppTenant=idcs-67322d8881824b13b3da16015007f9e2&idcs_app_resource_url=https%3A%2F%2Fmtucn1.oraclehospitality.us-ashburn-1.ocs.oraclecloud.com%2FOPERA9%2Fopera%2Foperacloud%2F%3FTPLNG%3DE&client_id=opera-mtucn1prod&IDCS_CG_ENC=true&enc=ZNAsJzj8bS3UAgAAmgIAABAgmgIAAIACAAAQADM0XpkFAN2SMa70r0Yy-SPaHbsstAyz9GdYZ8Nhdj6cHEpTGy2mnbJ7LPKRICuZEw4RLcNlRMDbEvRuMlhOxoP9Y2QfbxoAEih2AoZikWtVg9xfCS0E3wWe4MCLUnUrgoTIL8bzrDA33H_6dBaTw1arnrgN6ecTdoS9-wH-N6e_NiO99pm3X_ZTS2YiDYDu8CIuIBdZJWYDlRzJzyh4sa73HUbfDOAhcLhr_iXk7aKzBxG0o6QFNwC-ng3nH7WdqV6NHA8O63apfw6OVh6UighcW17fL-gC-Y3W_S85anPFZcZdOmippAjwHtTzC0706ABra7CLV0pe2GthJawAS4Qo9XmMaFUbqJhfOIJyfemIyxMVGVeQ16Gr5_pl6in320gKHTbmUHxaZP6y_xJfrHi1s5NcHUbbq1_4kGn5wbAvJtiH3FffleTon9oZhwU9n7EbxzyRMrs0XQlPWWUZQrkoZKvVDU02pyYTIrbe-fgSVVcVlRZXiI1AIcCDmEuumtDlC_xpoYLsWbj3mICGmkiRw7yLjXP2jKZQD_wg9J1eAGo3r-kgsLOfo0Jstxsh5X_J7FKxtp90dXkYjtIjKrKD_X6QoQo8j8Rf-HE3Ir_f0trjte9wv5bng12ivOLq6cJ9Jnfqvnt0l_JtO8SG5TVmmLU7uZO27luHbPvbGrXiMAhuR-Vw6vIM5qqhGL2cK0D1j2rDutLJ-i6OEtL81-oLQy_YKFsU8voFFQIigty5WiX8T9G6HEV6FOwgm4d1_0Xdw0EndJXNsuaOA0MpBOiNKKLEapZfpcnhdI7Z8MPJKECwgOghYu_ujHoaPXMeKSAGP-Y5LwoyLcCiRZuRwGpk78h5C-Hnc5PE_1w_OW1vnz2lDmm2eQteBpPIIinzRYItGlnW-LLyTvpfXZ5ZR7ZSYki6w4ETq5j2XtifvYC3,Login - OPERA Cloud,1
2025-05-26 23:25:29,https://hu05-ssd-ohs.oracleindustry.com/oamfed/idp/samlv20?SAMLRequest=hVPRbtowFP2VyH1O7DiBUotQsaFqaIWhARPam7ENuErszNdpyt%2FPgUbqHsrerKtzzj3n3uvx41tVRq%2FKgbamQGlCUKSMsFKbY4G2m6d4hCLw3EheWqMKdFaAHidj4FVZs2njT%2Ban%2BtMo8FEQMsDeBoQUqHGGWQ4amOGVAuYFW08Xz4wmhNXOHnQZitx7p%2FeNV2wXSKgXAF2gk%2Fc1w7ht26TNEuuOmBKS4t3ieS1OquKxNp0poXpW5%2Bd2Ww6gnA8pe0qI%2BWkjkuMACoi7Hi1BHz%2BBE0weOngHuftoqP7vILwVtkTR6v31RZvr4G%2FR9lcQsG%2BbzSpe%2FVhvUPRknVCXbRTowEsIc5mFnWjD%2FWWvnW8Ixk8NGcQAMrYnCPa5KFVQa8C7cyJshS2vDkpiLWvcBXilYS1zgEbNL%2FP2BaKEDuIgQocbmjE6YFn6G0W%2F%2BgOi3QHNZwXSMl62%2BUus64Vbfqd8R9eDSs7y7fxFbkmMrifELuKu819xfzt3Vwmqhws0bM9rf0aTPpmWAuLhfUapHI1G6Yjm%2BzTbZ5KnQ5KG87o%2FPCiaaHnlvWcXpW1kF5zleYZD8jH%2B4Kq%2F8mVoPJ%2BtbKnFOZqWpW2%2FOsV9%2BAzeNQrhyZX173eY%2FAU%3D&RelayState=vwtu&SigAlg=http%3A%2F%2Fwww.w3.org%2F2001%2F04%2Fxmldsig-more%23rsa-sha256&Signature=gnrU8Xt3L5xgVA1%2FzxTIRn1GrMc%2BLl3OQKZ8I%2BO5U1Hnhav%2B0W7sUH0oI%2BBjExCPHSUYkCGiSdaArOPlk9N3wYAzX1cmCmHBI%2BuPjGHZFR69omOmsw5VS%2BNZP5akDGJscIdJcVUkHNDiRaCHnwx7oq0JGMo0lJFA5JK%2Bzt%2BBQTVNcgipwZj7IMv5QeS4TLWUpdS08%2BzMqiPG1YorPW%2FWM7MGkraZUQmbjWVzSZEusLnUES9oJ5ZyA4VDxQNi0%2BDqa%2BiHdLTJaqVJikn3tyJjuFQNjNaZW1y7XTpK9UrUs6v22JQdyVTw9B3LWdcA%2Fy5vZJsRSN%2FF%2FJWywHgEkYdaIw%3D%3D,Login - OPERA Cloud,1
2025-05-26 23:25:25,https://login.oci.oraclecloud.com/v1/logout?nonce=2fd41893-f10a-4040-9cb3-af9fbd26c53e&domain=hgbuiad02prod&domain_ocid=ocid1.domain.oc1..aaaaaaaacuigpodhvv6maozhy6he64rmuhkw7ytdcuyelxll4fkpkuod6mxa&tenant=hgbucloud01&domain_stripe_url=https%3A%2F%2Fidcs-67322d8881824b13b3da16015007f9e2.identity.oraclecloud.com%3A443,Oracle Cloud Infrastructure | Sign Out,1
2025-05-26 23:25:24,https://mtucn1.oraclehospitality.us-ashburn-1.ocs.oraclecloud.com/cloudgate/logout.html?postlogouturl=https://mtucn1.oraclehospitality.us-ashburn-1.ocs.oraclecloud.com/OPERA9/opera/operacloud/?TPLNG=E&TPFLSCRN=Y&_afrRedirect=962683095409577,,1
2025-05-26 23:25:24,https://idcs-67322d8881824b13b3da16015007f9e2.identity.oraclecloud.com/oauth2/v1/userlogout?IDCS_CLIENT_TENANT=idcs-67322d8881824b13b3da16015007f9e2&X-HOST-IDENTIFIER-NAME=mtucn1.oraclehospitality.us-ashburn-1.ocs.oraclecloud.com&IDCS_SESSION_ID=ea1bc17e5c314256b5cdd84bfb780e21%3A8df87a&IDCS_CG_ENC_VER=v2&client_id=opera-mtucn1prod&method=encrypt&IDCS_CG_ENC=true&token=exBM7H7zg3MECgAAygkAABAgygkAALAJAAAQAMSi9hCduJHa9vnID20uH5a0FxOmB_mJzYl5NDmtUCqRXm3zZloWCZiSUTmRNH9OJczoIqTrbGdIuXdTeCV15ufUOLgx3HuMCdG3aWapZ10d0qL_83l49anjjvqwiM44oidJA7baXNuph06hglJF3upQZSX7ponKeGzLs4WX2uCTRYcZxBuTLH8jgGHgoX8s3Dv99phtHwyxEM4cQOWZTnKMDf4jYPQZ9h8LxKWFmHkPT8w1-3cYtOIgUwEnbU0aRI7fbmDFdNUVeb5UQIpE0DiDc6SIfQPU6aWzeNkyg3v87M_aYX-fYSg4U76AfY0GlU1tL71AeP58_LY6rxd6dr8U9DXosvR3RoDHEjXBw9SFNgKnCWQWqiXRVqtz4YWrUHl_C9a1UmX-yDvT9jNeNmdk8ZFWL3h-3Gz9rcIbNJP567ssW5fWHBenVfLR_3htVlHDljZPg2bXKPDFtObVkjkaPrG6CbamExcisIx3hGYtPas9O1PQXyoO3Pl_57Cw7SXG_f_l3yXFZ0vVHYMVoC5AYQtLZTfs5c3gE18rJv9fsu5naDSbuNhj9QVQK_AI2jJOXfA5_TbTPWFVTU7IPuTZw-6t3gX0UStPaLFRT3uUCjnm2isCZsnXJI6EbOeIFTIdsGKH7X14iNTwDvyENteBqa3NHNIftrwcUE7mag2FYQPEaYFz_U5tBgSBiqH9VMWAJGTzX_q2OuaeZp1pdg6GiHFGlj3tfDU00tFV_Tethp7Wag2cc9ptV7Ggb9Oeq4oToEt3rhwAY3Zggxo_mCE0-4TqZg6bJsOAUIJ7aD0zP2RF5RPFN-k6-fn6LA2j7drucvMAchAKJl_M0BVqKOkqEBMIQoIVDJdTwruf_nQBNMcAq0HYV3UcjIVcCF1g0scFJLhb690S29hXb0b_3kEQepGiFhgIH3hdSON4totr7tbxJ3QH9oubR9saZVTtbBnPohAHQOi4hrFVbWol6sb4GVAKlA5zPsSisPdRG2M07-3EBACX0E9tbOhuCAvlczbLq-WF-pHVWfPFSSLCiImjmViEJ8fXTdRK9fgU510w7_tm-6ia7tTYGEc8Lwaa1X-52K1EO0Bt1SFZZHsjGjqIikLumAc6Qu8C8JRTGaAmUWm2xyWFdTQoWLdQKaal2MAgsjWzvRz1qLehS94PNGw8JJc5fFPeR7pOeTK7LK3D3F7C9C6R6SdzKS9WXEKi6ozyc2HU-j1zcd9vpGqBeiEc_amsRBgTJgVHN1bF7i25lo60nmGnaVkDepcVvB52RwVYXxia8Q0WAa5tMQsE1icQabUAD7osKsicYOE-i2G_EtZYeyMQt8kBfTjWyA3IvcBTq98RXRX3PnjVyLDcrj1z1neX5NtnZyVgpIjfKwmgKqXK6BkiNJ4eappnhVvN_g-f558NRm-cUQ_qtKY2xlcka7dbbVdWjVUQVeMqF1T_i8u7gtQlPR48Lfw7TqV9eZqptHzjhLF0H9vcwaOQJT_F_mE1fgfcNTNPR7RRXtu0l--zEPK2YmdHv0IEl-8r098-WzHbB68hxahInyHQh8KEpHOy-WCo_mTJM-pz5Hq8CdO5dY2FPvPoVOK0CidpDYw66qiXzbbhszhysufcbKH6ZUvo2qRo29wow2pNI55CsonOfpPFHNpCsHhJglIG36d99OSljc0D810kuXGMgwzAd19I3m_peOjmT14RFpHDyKcbHf2-4TSThSkSgOMaEjDF75WkriTLGrmIgstSMfzndgVjULszSC1uXVecs3bcYgeKi8glyfeiVrhhr2rYqy1Z_wbnr4G6NPnhiEvtFBc_7rd8lpHZ2xQF0_-ffIxtsfShuP6BCL4TTINDEgIOJtb1HVhMvkwN6DfIBno6l6P2FPuHMf17ey9A9KW1KjsLwT8fugIBXsPrZ3yHB4A9T1bp53V7Iy1V4le6XEeQM4qoBP-ilbeTtSETH97Dnx6NoV18kZLYeFveEUvJ7kvIH55cpW6N5Ha0dZGp300eTx7WN9YgybbIP5yqkqYmOO-eUfRHz4tZDVLZ5yAerLYh-KJh0feSvn0BELa-hqcauJpgF5r9RzSydWjXO7zwTvflZOarUkSOAES9SzQC0gIo_EjLcKItTUR8CqVXrRRTmN4s7qdOAxIenOIz7LU91DSOzqNu9DVABnD2BPYALXQ3grUCTEWC7w1FXq9fuQgAngzMnqTXtWdhX2OsNC-6qr-jQVBSOvq98dwtkBsxS7N_yPkFJIbcEzdxrLPfTWS7WBV8S7BOfDAqGeEURa97wIZDyAqsuL16Px6DEe-FnS72N0PK9NF8U82z4FTDxthMZyUyuXnqpGZlQ9dzu8hFzEoFiThaB269nj-_9InIXQ1ptFLj-RN5ZVjGhe1EbMyL6C6oE7NrEM9jQE-q4AErXpFwcaPcHgRk035sfCpzvGASqFPSJJ4ih1vFSAKlFOme8qVH_CISgT-uws9jjrQNvNKggifP1BkeBT5VWHWGRCRx0RdlbRoUTKJKvqrunxV8DwbLKsWOMImU8Xivp3nuaXWJh2R8CWHWi6aBwmfh6VgaYmIXdC1ngKJjS5UiZBkGPMTUwq0qSK4Cb1JLop95gEeNZzu3vjHLAD3zQu7v6OlhqoDSe5AHBgRGLqz5YYsi7RnY4XjS_7dVfeRYSh8N6mDSSBACJaFMwIRTMsglAmF1eChCTr8MYcPxt03WZuK_K0-XoBnSGvm6-Acs0VifR5nhKmmcdamMLVmePIoaID2GKU5Mq-oza8ZOi4ANhS4TnoOgHo6zv5TsU65h6HEZZ2rkybBL0UZYl7wd2cRJLNIC6jEos43d6rhCpHZZ_pRxQAKzzdKCg8i8PQOlCyZ8usyaUAhcUxAzoqQaW9z0n9z4BH2joihLVkvmTGeHNSeOoM_OqW5zuS0XQfs3IXxfW6j5jpBgDv-_REX1aHcrb83TXsSONA_rZa60bLSCrx7W8w9fHdc9Nx5SWK509pG5mmAs530xEV209-qkJLauO9KSxbI8Fn70DL4j3HudW91a23CgvYw6aCPVrauV3apaetVs0uWSK4lJckvlGh8QUamfW_BtLYz0uN8MXwhIUQ5nkJ4mSEOpQYvrN7-7xT7Y1G4_LfMmNoZjMiye6FoWLrHNEk6fKilI0PGrRMPWm5ml_8uqN8uj3ShGPwnm4QgBMcWB0galmHwo65dNDZYQ3Euh0knKSmXwU4cU8QcIH-ifMr9kOcDDrQJc8g5ruFHMdcqAal_fKN3hrATDkw_h3-OLl3mTbWmuATY3OmrZOVhItKKwUqBHOKu8ETQvQ2xTiB0AhhEUL8y7FTpnjkjIJd8EayRl8bYwhBjEKfsf97Ju4ejWTLNSamLRyO3tFWjUOzWRkmzc0CGCBNTDrKvaf2yCsA,,1
2025-05-26 23:09:42,https://mtucn1.oraclehospitality.us-ashburn-1.ocs.oraclecloud.com/OPERA9/opera/operacloud/faces/opera-cloud-index/OperaCloud?_afrRedirect=961741280301074&_afrPage=1,OPERA Cloud,1
2025-05-26 23:09:19,https://mtucn1.oraclehospitality.us-ashburn-1.ocs.oraclecloud.com/OPERA9/opera/operacloud/faces/adf.task-flow?adf.tfId=opera-cloud-index&adf.tfDoc=/WEB-INF/taskflows/opera-cloud-index.xml&TPLNG=E&_afrLoop=961718627557028&_afrWindowMode=2&Adf-Window-Id=w59putprqr&_afrFS=16&_afrMT=screen&_afrMFW=1058&_afrMFH=1460&_afrMFDW=960&_afrMFDH=1440&_afrMFC=8&_afrMFCI=0&_afrMFM=0&_afrMFR=172&_afrMFG=0&_afrMFS=0&_afrMFO=1,Initializing Application,1
2025-05-26 23:09:18,https://idcs-67322d8881824b13b3da16015007f9e2.identity.oraclecloud.com/sso/v1/user/callback/login?nonce=281a6398-da59-44c3-b075-a596e4c291f7,Submit This Form,1
2025-05-26 23:09:18,https://idcs-67322d8881824b13b3da16015007f9e2.identity.oraclecloud.com/oauth2/v1/consent?OCIS_REQ=Qp5qb15fDTu3u9raGHdvXcgMVdvNWTGpqaEqmHL0cONAhvs34ZIkgyaTcHYL5pRTmvgCxp82wCwYaY55%2BWeTmDXVyzZE%2FSiCUa6Bbbk8MAq0fO34WZE5NZkKDDiT3Pu5wHEdWnv4asN8cU%2FNqnkrkED72VYDLAR07mydZHR%2F1WEOfXmbAUXygkpiMOF%2FUemf7VHb%2FIpwV6uV1hqaTkL7hSGRjG494xsjOuXFq9kmgxLVIB4IMq6fhTfnn3fHmRSVpR8FF%2BYriA2Wf7xkL%2B50ZEPv0eLhYIqPTp%2FjCbVCe%2B6A4%2FjUby6XSIaxVnPuvfIJ%2B2%2BIxnfljFPLCvK8no8U7FaTKQbnilu7Xm0Hk%2B2iKuDCwOfvn5eklGz6IUwrWtXyYHgTJERDN2vjTdJFn0e7K5DwMbnap4A7Q0AjlS6dmB34l8k%2BIRBYTq2i8NWMLdCArxxdJdJk9MU7PrclJwiTjmOUYwTHMaeXZzrXfhYM8BL1cwMERspgyFMakh7efP6eX6CE9Uz7w77p3X7oAB5xVTpbRMECTOWYBb%2FLPi5%2ByWYwoQicUUnwFZ41DhSr0ODN6DcPxF9leqSl7%2BWq6RDQmpPqEOQSHki%2FBLn2lKOXMlMkI3r8Kbx%2BmIF2r1s%2FeCqUJRx8w3okMDVhfjaq0MF69zlBprcEfVsqmjnLFaeaR0SBjYjZ5g4kypVO5S0d4ynkyZBTq%2B6stCJwjGYlTwEJysf2Kf3cVPJyJT4ZSjGcz8Zn7ifSATjsAsVMmishzkQG4Jqe5qNn9G1ZwGrcgtgfL5V4VoSvvPnmXjawNpb%2Fi1AiIrAa77zclfsR8NihaWp7zxxOGtId8QCXeAOleI%2Fp1GUv5aTOFgs5ZeLpBE9YNsbh6mDCC9efFhPXIT0FjbQpEsTBYbCktIxb4MssTk31lGPPxiijtKEiPyyga%2B4hbOPEfQAUbKwTCObK0P%2FtrAIFa1Qby%2FC1AAXDErogJuYOfgBwDp5b91F4CjWKSCn5XSiVK5VM6tAz9G2%2F7NVIEBUWpGNQDyUHGDydaNdNx3gVLhvoPFeZdJDbKuaBUmsXUonnETzNL06bfY7KRn%2BG3oGUWSdemDvv6%2FxF%2B54QOtFRwpTf3hobCiaFXuFtk8Pz2%2FaWOB4IFQ9Ac2Em4mTUtShQxUwRlqXMQODMUOWVMDi52p8a6M1pc7KwRhGaqUugAuzFF%2BXGrr7jdiYsfO%2Furh16zf7ThcNPlSxYfuyzGOqRS8aKHSBkHj3oYNG7CerjOTqSgyfSq6xpBk1vSV9X5jT2P%2FNyuAiy0nM38BMSraERAQ9Gq8rq0v8WowaxUQj4nLpMTuBj6pqDA3jb1RorjqWKDpxgOr%2BpBSQEKFyZzDrb2cTxHSp30NOop9VYPzCTwIdVwbYMg3zSSUDe81U7%2BABi%2Fa5V%2Bi61FmAZgHUgWOz0lnBnnPN4qZaWwNNajBIzAfuT9fbL7fcG63Aawlk%2Bk0vBnmfkZ5SBTKzp0SUB1YME0Y8gSynIhLxGYVKx%2FvTqdIsqf%2FqA9mLoCGbmgux7Wghtu8NgguuGQfiq7WNXUJ%2BbaP3nR0DeUnQC0%2F5VsGWZ5bJkeF7PoXMSH%2BQcFCqhiidDwGIzPZqEcH1KlIH2i6XD00WquXvj4BqQuINnBl%2BlgPyXQyHoTmzFwabKuuvgC6lvmANYJ5tgYofwGmSZhpytKW9MxdGyFX1bqjk6L%2B3vrnlgD%2BMm%2FdATz9y9KxkAgEklm5dDQc%2F06Sbwlus9wJ5HdxZBaWKwuIAyth7y4UO3Gs9wNvthr7Te5hEV%2BlcisfargItiY1p3dodHYLcyaC48shezYNc%2FIKCbTFck%2BFyHQkSIyGDFGWZEF4quWlNVJbX8u6NZZBnjaKeIXPwFL9WtZ1Su40X5nytuGj%2FP0qajhtPWEPH%2BSuZkqWi1kCoPI8wDeiIfrHrhl5Q63UaK9rV%2FFqObdUVI7mwzbBQU28fYIZXrhpx6f8pih8Zs3uRnkkGp10PoUxwme7JJaesimkSDm3lKlL9gOe1Wgisvun0Um4LtLWlIDGlRcD5QYAYT%2BAswNHtEyYMvIL%2BktDRyoiXlM6IdVq5wSuPzCHYKSb1c3IVQ0wHPDODXKe92pjFQYDq%2B234BgfyHRWrE%2Blb%2FQbBLS%2FgpbDH0vQFZ6lGN%2BIh%2BAHX9rgKU3a1pH4Rc4VK9osIv2BbdoyhLtomh3xvNBRxnTzkrX4k3axYBnqN8PwdUjkvOtRZGGVPdAz%2BykqjttJKrU1j6eymAq%2FQ0vN0Em0jF4qvfJsHMOwSezh59pXxa14LRHy7%2ByOeEMueof6F6sO9u3OGfXw3pCXjhH2mx6czDbZSykj8g6YfB7h8kiQSWWgnCmdeTqy8LDUIOqehylfb%2FeEtIUkdtk67VFCHEpiZnAyoX97ipVmniPHzj9Pagm626QmZ%2BtYIGP4%2F%2BbCc3TLqACoBWzY9diYGy%2FDFmsdme2kGcTHpjF0Yz6eVwWEaw20nrjUF6NCJY6yG0UxxUs%2BAnKnDfxW%2FN638s2BK6qHvXuCcd6e1Dt87kggQPik1VJKUneQyFFrnPlIlrVdht4IYkd5mXxNuwALoaWP73w6hxjqd4%2ButBttgJ6LoN2y0vFopppM8MnRdLsg1jvcTuq8GkXxpsIYQP59QkmNtn3moO03MIv7IZyis1gPaVVB25X%2Fwcb%2B4McjCPy%2Fn79FtebrdKH0vvVSm0i4eaKLiEIVdYiSmNG4Ffk0DC6Z6o2QOb9TGUghkglgXSoO1x95PgEXxcBFzxm4gL8JPOaocFFy%2BoXsoTCNMSTWM2dAJaIwePhXZt14uuOWsVCj9MKRo72UL%2F5t%2BLITEPB3m5qK%2BAe9O2UHRvA7UuGYqW9vE4nIcAS72FjGOYgO7k71axZzOC5K3b2QTzajFRZfmbEH0EuEYI81PVyDLhHADYok6zD8VT1z2I5REWog2hoBZnL2oUJG8Y9UGO%2B9D0Jh2DjBX6UpOF2QovIwxaWCS3pjx5H0jgCrub%2Fs%2FThilFRs0Kb9200UyFtB8yPNj2rzkzPG4JH1XWu%2FxomPgAIdVFr6KazaMhONOu7rZXYQT6iGqaSx6fIUT9HBmMPzMsMrEqUEcl4cAzQ1VyTIVQdQeMPGyvCCyFWsBw%2Fxqlo3IG9YO9Z4WQNBdmzQLPwOv5rdlTRmhN0SYkhdhyBnbhfH5q8aPRVJKywVkZuRnyaZS5zuq5%2Bg5A1gZywkaPtgxtBoGCCc7v9OiiHcMRoaX9qEr3c%2BKhSe76a1j%2FbQb91jjyl4AYF8zbSSYy5umfCpjXeGbgk5jKyha7BMLajB0vhB%2F08QGcTMswkQ34O%2Bhw%2FHLgfOQq82iVrYpe4Q4SIX4xTEud1pxgUB%2BOkkRTmZTeykqaQmLUWTgdzNQ47gPf2RbCp9vjjFe%2B01CqsxH065irbdtSRtfm17EFCLnHhxmDimA54%2BSsnfofxk2%2Fb17sMQvURndYGk1eqXRs3e29EMbPqxKMnqiPcjJEvAb6PvPMZ4nK5xrssxJrINLJIiWnQMalO96oTAm4q04tC235IRAyfEnKDU24kTxrVVngYuvIQ4fL3eibf0sQHYtF%2FUs3qF7B9Jm6YuZSTD3CYLsIXtmlcK9i2fFqGMAOfxzE23eW%2BcTmPIcuQ5TKg9%2BZLaCPidpJsIXvjkCrGwfKpa1XpM4Of%2FmuE0J0MtBVViWTz13zVJ52Fl1R80LYp9ZhNEtW3gKq%2BYmMXzKOK1j7NmG9cm89n6mUTvOZQ0pemtTEFNSURgfNej49T4sbmCH56x%2F2Jn293vL%2F2lQY11eYtRrcRWfzljUbsU0d9n8Ep1ZcK20UvHYs9vM515Xusu4hI9GCeaaXjIHQvPTtCYAE9da1scqRkNEUlaO9l2AhOvjZXLG9Fp6o7XSoVRoKs%2BLAZElrwfunr%2BSPgsQZjF9HRlycqz3FVqeUXsYNKVbGuSlAFL%2FKrde0raEfHMkLznT4bxUj7nz1EaORiTbHiA0o6cu9BOViytq7hTo9GmUPlEhIVLEQf94fW6ESzxBqj2VjaALX5Ks1GwZxtrxRbyUgJqPm3uiu4FkR%2B9xxkBniYpSsXu2jmEiaJ3XKGfNbpnm8L0ALyAwd96vick805RcyuyTsbwwcNjlH3cq9WZzvdw%7EcFK0VztzvwPw8fgVtpX56bcmd0tfGqoEBoM%2FjZmI32k,Submit This Form,1
2025-05-26 23:09:17,https://login.oci.oraclecloud.com/v2/storeLoginInfo?redirect_uri=aHR0cHM6Ly9pZGNzLTY3MzIyZDg4ODE4MjRiMTNiM2RhMTYwMTUwMDdmOWUyLmlkZW50aXR5Lm9yYWNsZWNsb3VkLmNvbTo0NDMvc3NvL3YxL3VzZXIvY2FsbGJhY2svbG9naW4_bm9uY2U9MjgxYTYzOTgtZGE1OS00NGMzLWIwNzUtYTU5NmU0YzI5MWY3&access_info=eyJraWQiOiJTSUdOSU5HX0tFWSIsImFsZyI6IlJTMjU2In0.eyJkb21haW5faWQiOiJvY2lkMS5kb21haW4ub2MxLi5hYWFhYWFhYWN1aWdwb2RodnY2bWFvemh5NmhlNjRybXVoa3c3eXRkY3V5ZWx4bGw0Zmtwa3VvZDZteGEiLCJkb21haW4iOiJoZ2J1aWFkMDJwcm9kIiwiZXhwIjoxNzQ4MzAwOTY4MTA0LCJpYXQiOjE3NDgzMDA5NTgxMDQsImFjY291bnQiOiJoZ2J1Y2xvdWQwMSIsInVzZXJuYW1lIjoiS1NUT0tFUyJ9.ExAWTiPoYFuuJUtI5g7Gs78C3_1uUsCCOhf7kvQQITImrpCTHmykdxNlJEkXQV-69seX2nGBpMsUBRDoBREDWDiufXgMCMBCsm0TUTEj2LUawkiP6wjzvNTJVhLmckemCWyjyWfMh5MHJDdg4HwXe55r-PSxGry-jJZFFzmngeWpYs8NfoqD1qyUaf6uQbFn8cbpgkHde_mkZjn3iwSjeILGr8offTJrOuQsglafWTdDigTTnB6zw2NlE_8QR2HZeW7VP7fI415778cjRYug2Xj0WepolscLILXX3Z4hCaZANJeLuSFAY1ZRrUAHMFwSh__4DSZ0xo7QvFXQjOhp4g&is_paas_login=true,Submit This Form,1
2025-05-26 23:09:12,https://idcs-67322d8881824b13b3da16015007f9e2.identity.oraclecloud.com/oauth2/v1/authorize?response_mode=form_post&response_type=id_token&scope=openid&IDCS_CG_ENC_VER=v2&state=LE6yL8pYuB5caSIzmv6TFE8dJn5gm_RKX8c9uPTR65o&nonce=_wN9UrzZbXychOUJwhrwW3OenCTZSg50rpiz3NZk-8I&IDCS_IS_CLOUDGATE=true&X-HOST-IDENTIFIER-NAME=mtucn1.oraclehospitality.us-ashburn-1.ocs.oraclecloud.com&idcs_app_name=opera-mtucn1prod&policyAppName=opera-mtucn1prod&policyAppTenant=idcs-67322d8881824b13b3da16015007f9e2&idcs_app_resource_url=https%3A%2F%2Fmtucn1.oraclehospitality.us-ashburn-1.ocs.oraclecloud.com%2FOPERA9%2Fopera%2Foperacloud%2F%3FTPLNG%3DE&client_id=opera-mtucn1prod&IDCS_CG_ENC=true&enc=rw9jpVVOBrbUAgAAmgIAABAgmgIAAIACAAAQADaRPzAKeyyQ8SiN9Hibke7DEt6VhNL1kvxrkNV7eX07JkI1bpe-PwpCOWKOq1aCNa0yt_6WCG2HwBhveSuD0ntPb-bzF7BJJbo5fQUUFDJ0_Wnj6ll-nybwzVI88g5uDi2r8F6Pjtpc2DfccxnC9yTsDwbAawgpKf2R0xfsEeuECq80Q5WvAkcFLvDs8MQUitgYmzxAMVjUjM0Uy2wruH2QXSmTqmT2rHvhOE89R299gcx1MjcStnujLdMecPhum93_GDWrdkHBFma0LmlgbLtjb1JDkbtRmxYbQXqrm5vSe49E78f3WjKd6si8BKNu-ssEo1dxbF4cLkjYd0SzqLMrcEOuYUFZapB-o56ATTsVcrHcXrqYgDC8BwaxIwLJDKyQVqkh61KmK-mHFOnRWF70d1wwyQ2551LkWax_OXLM4rq9O8Ysd1trAomASvljlRbToSngUPMo2GdYXZs4F-2lXW_oKzHjHd5w2M4wcYIIW11fCs6BxzIWu7Kj_DzAh5HpmnwRWXxzu9Y6Xd9rQ5pDNJ5-h46B39wKrAfl9i8wrQLXEWDIIOM5jBWmAk9c1IubFqD7Jz2RxQEGrUitQZIPAY0LOYNQicLSl2cwOe4PclDJPQSCsaKv_VFZBnr2Hio_ViyVcx5_gRicCL2jElVr9fc-g8JvGjJDXBo1Cwo95fknSCEYdXPGxvWJr_uRU7W3gFgHmtXVkmITsH7h8cN2EfaFb6HMjw3HwS4ZN_49VLJ7ASZv0z0HjUGmGtIZ5uO2bGEF2J6PJyg1cbmAGkHgSORsEOChjrBHOHRKExGKCM3T_WgJSAXABSQaS1V3wwBhaCnROQt0e0xxoXYaD1NSU5vMib8ZCecB0JG1-UT2Rqm-Ch-hweyxUIUmNhhVk85Te4X94Ku7aO-0mu_Tt7LCUciQKuWZylSX5b3shktB,Login - OPERA Cloud,1
2025-05-26 23:09:12,https://hu05-ssd-ohs.oracleindustry.com/oamfed/idp/samlv20?SAMLRequest=hVPRbuIwEPyVyH1O7DiQgkWo4FDvkKClJb2reDO2AUuJzWWdAv36c6CReg%2Blb9ZqZnZmdz24O5ZF8KYq0NZkKI4ICpQRVmqzzdBLfh%2F2UACOG8kLa1SGTgrQ3XAAvCz2bFS7nXlWf2sFLvBCBtixS0iG6sowy0EDM7xUwJxgy9F8xmhE2L6yG134Ineu0uvaKfbqSagVAJ2hnXN7hvHhcIgOSWSrLaaExPh1PluKnSp5qE1jSqiW1fi53pYDqMr5lC3Fx%2FyyEelgD%2FKImxYtQW%2B%2FgBNM%2Bg28gdx8NrT%2FdhDOClugYPHxGmtzGfw12voCAvYrzxfh4nGZo%2BDeVkKdt5GhDS%2FAz2Xid6INd%2Be9Nr7BG9%2FVpBsCyNDuwNvnolBerQZXnSJhS2x5uVESa7nHTYA36tcyBajV9DxvlyFKaDf0IjTNacJIn8XJCgW%2F2wOizQFNJxnSMpyN35NZnq6entJRTB8nf8Z5%2Bv5sjquf8xBdToidxavGf8nd9dxNxatuzlC%2FPafdCQ3bZFoKCNPbhFLZ6%2FXiHu2s42SdSB6nJPbndbvpKxppeeF9ZBeFrWUTnHU6CfbJB%2FiTq%2FbKH3zj6WRhCy1Owago7OFHpbjzn8FVtUJ4eGH9%2Fx2G%2FwA%3D&RelayState=-CJ1&SigAlg=http%3A%2F%2Fwww.w3.org%2F2001%2F04%2Fxmldsig-more%23rsa-sha256&Signature=VtiFGAYgFjcYGXuhxZilzeyeuRVm7rdQjTX511c0DV5KUCAGTLNse3Qr2dnzpmPU9jPRSHwnH19HnZ5dPZdcZMre%2BlCfRQCxgvHYEvSIGO5Nig%2FlJhesovARtgK9rWBdvTVo6jZaMO%2FOwFdWOdxHBn%2B%2BK0PTtxrrSG1UxppQ6lpyq2siboMdTb3P1v%2Fxpc5Hn28LpelkvWGxPnmNwCuMxteNoZkvwMbULe5KkYWFcBCndSXjGrc%2Fo%2FtnxznHwadATsMbdLawekBlyuyx7d9lzczTGzeKpO3HA8%2BqVj0VwL%2B3RhC3WI69Xo47SlS08N44hbKq34XvPGhIXtnqhKwa9g%3D%3D,Login - OPERA Cloud,1
2025-05-26 22:33:32,https://idcs-67322d8881824b13b3da16015007f9e2.identity.oraclecloud.com/sso/v1/user/logout?nonce=819da836-e878-457e-bd54-ad1dac3274d4&tenant=hgbucloud01&domain_ocid=ocid1.domain.oc1..aaaaaaaacuigpodhvv6maozhy6he64rmuhkw7ytdcuyelxll4fkpkuod6mxa,Login - OPERA Cloud,1
2025-05-26 22:33:32,https://hu05-ssd-ohs.oracleindustry.com/oamfed/idp/samlv20?SAMLRequest=hVNbU%2BIwFP4rnfjcNk251AytwwzKICi6RXF9C02gWdqkm6QC%2FvpNgc64zqivZ77z3U4yuNqXhfPGlOZSxCDwIHCYyCTlYhODp8WNGwFHGyIoKaRgMTgwDa6SgSZlUeGZ3Mja%2FGJ%2Fa6aNY5mExvsuhDGolcCSaK6xICXT2GQ4Hd7NMPIgrpRc88IOiTGKr2rD8ItdAi2B5jHIjamw7%2B92O28XelJtfARh4L%2FczdIsZyVxuWhcZazdagx9L0u0ZsrYmO2KzfmlEOz4FmQRFy2aar75Ag59eNnAG8jFR0PVj0UYmckCOCPbHxfEHI%2FQaGgrktew62pNXZlrK0WygnFBa23Uwctk6UtSrhn1Oa38RuwN2QonWtdscuzGxABB1HUtCeotEMJhiMPgFTjP7bVRc%2B3JKAbcavxRa0ZGt1XA0uvecNsnZr5YkmKcb11wujc%2BkivnRqqSmO%2BjNRPLuj5CbdOGmwNI2mScZtrt9UOEaBRFQYQ6qyBchZQEPRjYp9BfXzLkcXraO2fPClnTJjjudELfJh%2F4H1ydLd5b3cnoR4uBF3y2WBJeDClVTGuQTNPFfHqdnhVOpO2jTy3C1jcRlO0TS7ARezoeRXX%2BvpT3hHRV3yzn4XT%2F%2BGBunx5%2B569j9sy6j9sT2af9dvjfT0r%2BAQ%3D%3D&SigAlg=http%3A%2F%2Fwww.w3.org%2F2001%2F04%2Fxmldsig-more%23rsa-sha256&Signature=hMEwyCF3TW2dMC%2FHD5Twufy3rA9YNspKILOTAZ%2FT2cWV%2FKp7lwBUCxWTDRVbnZSqCBgNWWVv4INImdiphiedZKha%2FNTIZ9fdyntgcwFTBMGq%2Fz1jOGLw51bO2GtToqLVY2k1guxh9bxqQR7futdNfMaJKXV8ckmEGgPbiSJE%2BW2Sn2kYmZmLDdKo17orIRuJ62Zx3E%2BpS%2F268qmF%2BBq0jujrZvCRKcNepz0gOFKGj2H2SB68r7QOsPS9UQD%2FKn1ayWHyoA9cIdSY1UKxAB43KOTPgLuUv70Q3Cz1AYAVE1jqw2nbRx6I1oEaYhXi7EBdGHx3Xg1U%2F7JEhIU4VapcYw%3D%3D,Login - OPERA Cloud,1
2025-05-26 22:33:32,https://idcs-67322d8881824b13b3da16015007f9e2.identity.oraclecloud.com/oauth2/v1/authorize?response_mode=form_post&response_type=id_token&scope=openid&IDCS_CG_ENC_VER=v2&state=Y2N8UFgrerSw0iRqX5yZ3zsz8bq3rc5QasT3Evd1J-A&nonce=-G8c_hSwd2AU0fAxxIdek0zoXRMiK_xxDmaYXVcrJfk&IDCS_IS_CLOUDGATE=true&X-HOST-IDENTIFIER-NAME=mtucn1.oraclehospitality.us-ashburn-1.ocs.oraclecloud.com&idcs_app_name=opera-mtucn1prod&policyAppName=opera-mtucn1prod&policyAppTenant=idcs-67322d8881824b13b3da16015007f9e2&idcs_app_resource_url=https%3A%2F%2Fmtucn1.oraclehospitality.us-ashburn-1.ocs.oraclecloud.com%2FOPERA9%2Fopera%2Foperacloud%2F%3FTPLNG%3DE&client_id=opera-mtucn1prod&IDCS_CG_ENC=true&enc=j49Qm0lJFh7UAgAAmgIAABAgmgIAAIACAAAQANisR64F3gNabFBeO5W6fL7NhJFJoc2ZECCojVmRmzl8sTwI0Lpko1tknWoiNu-Aod6I2JVm8jBk0iyYEZd1HapKL_B0y3TJrO2RIwZnIXWGnV-mn-vmIHmWIXiA-6zzvOFoZ2jp0GgvhbF7pysCVKLkXIOhEOXiK0_nG3F-l5zt-q6R2WO-nmmjvRkVR850eDvjwyBNcHEYIvOkgOMFFIZPb00omjM5-3QnJvNZhv8fFkZbh_T-bmYefTL9gfypgCd5IMRUg0QsyTl0Efa7yDe1gYREHLcAwl3IMZYFeftQrR8xwzbAfeJ9en4AFBzXsKCfI81YnWOvDOR7Pxo2Mvdhm8MpH_zxT7XAMQO3ubBwOIBzNkQcbvCOJM9-5C6paDnSDy4otJx8Y6F6jGEKMe0AgQyWrURQQ2QJdAF4i1yuvr1LGsXLO1aBGqlYNUHwPqBJ8P2jFe-O4YWEvuVv8_eXx5v5E6hUeK75AUIjDx6FdNwcRVK1cl4tlCe16VEZeJYXmEw15IOsN3wesDmxet5lTO2OG9qZBxglB0XJ8rpOwh2zNTU2GszP6Hy7ONfTeoXBLaJlv7V7RpKMgB1eR_91-rv8Ar9kdydVhzv78WXfU39C3GlJWTX53k58kztpt52d5DetcvwrQx-HXy1s8Li1sJ5s3NIzIY7RR7EWB4h4Gy3knCzNytHgO-1bWYhabtFBa0Ca6LwABTUkzDN9734v_UZOtMEVb3ZwPvW0jbR8r4EC9DfvzMCdC52uIg71qnqI5-kkTeL79oAh7rxod16R3uGbg4fiitPkL7L413Bex4pRSQP-MslcCdDSM3an_1ktnrOLzM3TyCAi9iE1FkQNlHWC86oqW5L7NtIwqWeTOIBFer9q3wdZQ5GGZyEQxp752m2Ya1XmlpOPZlOujv7_rTzBeVYE2zNR7xdBcTRg,Login - OPERA Cloud,1
2025-05-26 22:33:32,https://hu05-ssd-ohs.oracleindustry.com/oamfed/idp/samlv20?SAMLRequest=hVNdb%2BIwEPwrkfuc2HH4qkWo6NHqkOAaFXpX3ZuJTbDOsanXKfDvz4FG6j2Uk%2FxgWTOzM7vr8d2x1tG7dKCsyVGaEBRJU1qhTJWjl%2FVjPEIReG4E19bIHJ0koLvJGHit92za%2BJ15lm%2BNBB8FIQPs2CckR40zzHJQwAyvJTBfstV0uWA0IWzv7Fbp8Mi9d2rTeMleAwl1AqBytPN%2BzzA%2BHA7JIUusqzAlJMWvy8Wq3Mmax8q0pkrZsVo%2F18tyAOl8SNlRQswvC5EeDqCAuOnQAlT1BZxgctvCW8jNZ0P7%2FzbC29JqFBUft3tlLo2%2FRttcQMC%2Br9dFXDyt1ih6tK6U52nkaMs1hL7MwkyU4f4819Y3BOO7hvRjABHbHQT7vNQyqDXg3SkpbY0tr7dSYCX2uA3wTsNY5gCNnJ%2F77XNECe3HQYQO1pSyLAvnN4p%2BdgtE2wWaz3KkRFzdv1RPy2E%2FfnDH5z%2FF4i1%2B4LzoDRa%2FqhhdVoidxV3rv%2Bb%2Beu72Jahuz9AwPa%2F8CU26ZEqUEA%2BGGaViNBqlI9rbpNkmEzwdkDSs13B7K2mixIX3kb3UthFtcNbrZTgkH%2BNPrrot%2FxEKz2eF1ao8RVOt7eGbk9yHz%2BBdIxGeXFj%2FfofJXw%3D%3D&RelayState=CL-B&SigAlg=http%3A%2F%2Fwww.w3.org%2F2001%2F04%2Fxmldsig-more%23rsa-sha256&Signature=UQo34xNDjaiSr29tKLoVO2hu9jUKJ2WzQxTvP4iHHRGsuaK7GQmsJxQ%2BAcc22m0r9Wja4h83tlmc6eCz%2FV0q7IizPmuK1p6wHl4EJsMLiejVxmixMS5BZmBVyQf%2F0StZzH3mvr83U8dT1axlazsA0Skcv5RXiAbBIyPtmonGTTHln4HkVBwqFkwUN3TlpGKEUvMF1gA93tDK2Zwgp0wp%2B20bFbN5fixloP7Kpkuqbphy0Jo1gXHLM1nMFg3UXIkD0TXHtEgmbWkut4cixHyN%2FFVKjoN8agqVYnjs%2Fd%2F5v%2BqvGRolHmm6yGhe8zqmG3aSAcc9IThKZZxb5WjL0BxeVw%3D%3D,Login - OPERA Cloud,1
2025-05-26 22:33:27,https://login.oci.oraclecloud.com/v1/logout?nonce=819da836-e878-457e-bd54-ad1dac3274d4&domain=hgbuiad02prod&domain_ocid=ocid1.domain.oc1..aaaaaaaacuigpodhvv6maozhy6he64rmuhkw7ytdcuyelxll4fkpkuod6mxa&tenant=hgbucloud01&domain_stripe_url=https%3A%2F%2Fidcs-67322d8881824b13b3da16015007f9e2.identity.oraclecloud.com%3A443,Oracle Cloud Infrastructure | Sign Out,1
2025-05-26 22:33:26,https://mtucn1.oraclehospitality.us-ashburn-1.ocs.oraclecloud.com/cloudgate/logout.html?postlogouturl=https://mtucn1.oraclehospitality.us-ashburn-1.ocs.oraclecloud.com/OPERA9/opera/operacloud/?TPLNG=E&TPFLSCRN=Y&_afrRedirect=1132471334908856,,1
2025-05-26 22:33:26,https://idcs-67322d8881824b13b3da16015007f9e2.identity.oraclecloud.com/oauth2/v1/userlogout?IDCS_CLIENT_TENANT=idcs-67322d8881824b13b3da16015007f9e2&X-HOST-IDENTIFIER-NAME=mtucn1.oraclehospitality.us-ashburn-1.ocs.oraclecloud.com&IDCS_SESSION_ID=b1084ed5ae8a4428af154f1cabb1d582%3A8df87a&IDCS_CG_ENC_VER=v2&client_id=opera-mtucn1prod&method=encrypt&IDCS_CG_ENC=true&token=JaD2qSvLDQYECgAAygkAABAgygkAALAJAAAQAF0CsrqHzA9f_f1EAGmhbujKgoS5TeQPPpGvqf3uRAKwHq6JqWqnda3nZ5a42O9ixqeqxt2uFjetTVsKsb8H6KCzzU90Ysp2iR2wRlg0ogijvAICa1IF3cCqvDjRCWVNmcmR6B2XURGo4t0aW-JgugoWDc3xbQ4R4caWxim8hcH2_wqwzjaiJI0Ke5VoKthPYFKHDgInZMewhJ6fZk3fdVBPA_9pqOAlGdOTbJEf-5-zGE-MZsy3Zfx-j-O0KjZW97-2JV_WjdLO5r4urfuRqHAv8UpToXylI3nsmOyvnLjkKplKroA_wZLHzohKHfsICOYfiIV-2E2C3DD3KMbK_o8NIHIQRrkLGIXvZiW8lyzUq7Ig6U8uII8wC2bLoTxgSZJefwttr55CyZRdJwjRBjCQfkjyuvmbxeqxjqGFJYAfnG4iCvtXdRKMcAnOGfZQYNIMImNjlZw0NOowvxeJsVetCEcs3ycVTvFTZyRCQTDHZJCv9Z5Zjb3aO8Yu1uYx1G2eVmwsDb5iP5ubICk5FaJWg3XpVtAASRdgvE7zffYm7oZw23PDzPJZ3nAyv9BMTc-AuRZhEV1qmTsPkI-izRRZ9NQCjtqaUNgFOxf-U6m6kNysRVZ8QJDtEM3KPBTQ4qN4sgkJzi7z3Zq_e2wNa-c0bjKSZXnzVHQgCXxd320WDzgbgoY44hpv5g5KW_4b2IW46qAfEnHS2kX1wh2dXmmi7HlPIiYaC3bTLkQtMe7C3NDQ04kr88HgCc-UIRSuY5ho1CGg7hHKEAYHmc9HPKhJjKsX1jI7YUVOkh17_5VGGhrDcLS8aSnM7SNyw5cr0-rGOOZNEIBYNtOLITrWGdKdRMRXF6coFwh6pWU240ST7UuLHJrqTyjVeZrfwZhX8qZeAivRUvRM-ispKnuYfsLdufMtO8rmiCcnF_JSFygae0jnKGCQLjL2aXPquh1TaktV_V2gK1GCzm4BBrOMA1ieoNMetN7dagts8N_5ASPsuUGn9lCPJkd8KGkgwpTzsYhH_U1wCngRyhn6HuPZrx9dTNUWkTHlA3Y_L0JnAbDXxXfKFRZEfh0_2IzwHzsgYBnXCuE-UBw7O_OGzwfU44_heTvZEFmB8Woju4j_WZwG-Ex5SMnLJMxkM9wbGLQDARKkGFCEfGpgXRv45tRUpFN7HIcsBNPGesIi6-0Fou0swOApraOqpc9JUupFo64FNiLdYbobfs26kfH11BZvngl-22g3muT34nsbAQYHzrwJanWmDb8lDhNSuFFy0wH4IyD8zDO58_P_6nCjKMvwPFwro5A9VOAW2hwh4iGHN_0HZGSK0iBKhvoSa2JZTLq2z9Hct4P9DunvrCWJYJrBF-HS7JZvfU4eoUGKr-CTHI46w0VqRpRF4rngnt0cSn_bIy7yqImOQTqUH715-fgTgeLeHBpq6HYh9aXeY_5R2OOjTGlQ2r6EFPu9YE2-gpiQoESOLj0PS1H82wX7kiVMdBsJJAGwAS9NrALoRAALTSBxOU6XKT1q50c-pCafoae9lJWLSGVqkjFGnpqLWFGdClNauo-NJtLAnxieodLcTl3qXTuCe-9cqfCMzhP03vBMHDkfLmyz6H0KJHWExA98GidE3VUNtTSSGFftR3vlpMJzmfRvJQ5mXTiFTp_uNHUzPRvT7GW2Jc_u3nPSS7dkI8x05iluWC28iqqvWuuTDs418yC0n072nMdzHf8rvDN1qZkKRvWVy2Zb_nopI77fFgl-Xfe4XLHaDoiky-3RSjU4s51ez5TKorTcEDd36dqVJi_nhGPIlH1g_SZpeeOSrSpw5ok2ccFjkVW0fB2POcgn9ZCPdoLm3tYVSiRyhYG8Hm9Aknc4njCnw1AtZ29Gke7UE-afxn7sLAZDwr1W5okQrkjrXZqM14UPM3PMgx5FyNcQWVb7E9Xpaj-ZriGzyKRDESsK3IqEz44nnLvN4K-xwuhm-RMBsK7vm9tzLky-vz6yRkYkVSKOXsh0VoeRnx8CetYuk0dwwoCS4q4IHpqCeG_9fGacR9JFwVjjoAnB67zGGmTkNyuqBpZGWKkKvw15Fla1v6FZezOfpX8HnkwePV_v6n_jzsXr5gCmPL5mTapT_4trcIN94yUQwwshvNPmwS_s-UnHJUeOA2QM00PDrDvpWZ3XBt_Dc30lYwYt7mLBsvH0qzLUtN_2VMe0w0nJ5T04JiThZFzVT1-_UooR4PTYwYf-mIr7UdZF6kEzXfkzpseb9i4V685ovp5uYJNt9BVqPS4cYLM6KNt6kjT5MasEUPgjqI87icm95Xxp9bkCTEHpnbMuFn6sb3g3RNcWTPwgHFgjxN4oGVu1xxkKc_8yjw0EcngIfxAyjMSMYccVnkeYbqG9Rz9VoDdgP3-jR7YuEA1qngguB8odikTOpC-kWOLJUz2Stp8uuJfw0G1AM52v40UeYL6VC7rFA4X7cYkgmxmT313IkdVe3c2hhT8lUM4cpNM34VD2xA2ytGzcsLaI4mgJqfx5H1G8MpusVN19AvwT33v4ySeGNqiFBtBwBOcwUU1Pa1fsq_TwLkDvD7s-u4F2D9Duv2AVh_iqomxzIAwLR3dIMeUxXn_-0g7cCBNUzh-xLlgMj9S75JMMs1jiSYzFrtw11YCmZ5OcDpndtsLQWYg23Ek6etVGlbTgBL8XXMQ-huy0p5is-Vbm_GYVCmJOGTM8W_tBM_XHT8ILCO3QhGyEGsMJ45sPp2dzfCTvpxGupZg2TXHl93K_RtNDgL6S9af7J7B4FgBCzNCTQsi4HSHwFPmNL561yTGl7fT2MImfU6ahgQ6btDCzeZmqx1HACunPr1fQOUfP_Wce3QP9FWAlo6-M7qCpIWbagyXLT8OrI7pbXqIjyk_zaHKk9nLkG2YriWp0g1w4NXOkkNUtPkqDFxaPbQb27SGOGiel9XhkEGMZtR3E_Dfz0WvNYSGeHoR9VllG8dW3RC2h1Az_r1-9o2KCi4w5052SZ1X4plo9ERg63cG6rJzsz3W3wJ79-tfM8Wy8E5mHX-QGszVsZ7wpm12QUcTqdFgVx9JlTznhiq8H9NqwW9xDAtwBR_zs8DZp4WjF4pRTwJf-kB-DztpsXis8rkOttQ9HqhluamD75Q04Xd9bfmbKPNCUHpUNBcXrDIVpsvBLf498idnYR7Gy4dAJljfrMa-FYJQw7rBoBJkaPfDhDYfpBA6rI6sB9ZRNUvYzz7YESao991LP6-lxlEzzIX3nX-jk-gRl2k1dAXXy3qGsYabG1Z3EElGjlgo-q2L6HNzFGqZ7waU8IL3YsI_8BBTRbTX3R52rBrrHnZVt1kqh8G5pOobujjQ1MEDkUdMgsNbTbLyDLgUgYl-3FufSWR-uO_KsCVy80wZh6sUwIi9EXA,,1
2025-05-26 22:17:14,https://mtucn1.oraclehospitality.us-ashburn-1.ocs.oraclecloud.com/OPERA9/opera/operacloud/faces/opera-cloud-index/OperaCloud?_afrRedirect=1131499502040396&_afrPage=1,OPERA Cloud,1
2025-05-26 22:17:01,https://mtucn1.oraclehospitality.us-ashburn-1.ocs.oraclecloud.com/OPERA9/opera/operacloud/faces/adf.task-flow?adf.tfId=opera-cloud-index&adf.tfDoc=/WEB-INF/taskflows/opera-cloud-index.xml&TPLNG=E&_afrLoop=1131486517159985&_afrWindowMode=2&Adf-Window-Id=rke19mxiq&_afrFS=16&_afrMT=screen&_afrMFW=1058&_afrMFH=1460&_afrMFDW=960&_afrMFDH=1440&_afrMFC=8&_afrMFCI=0&_afrMFM=0&_afrMFR=172&_afrMFG=0&_afrMFS=0&_afrMFO=1,Initializing Application,1
2025-05-26 22:17:00,https://idcs-67322d8881824b13b3da16015007f9e2.identity.oraclecloud.com/sso/v1/user/callback/login?nonce=5f31d2cf-2901-4da6-89c5-eb5f929e0575,Submit This Form,1
2025-05-26 22:17:00,https://idcs-67322d8881824b13b3da16015007f9e2.identity.oraclecloud.com/oauth2/v1/consent?OCIS_REQ=SfVaBqTXWGxbigxeCvbrw%2BX%2BF7vTsF2ggZPIeauJBtMP0vK5bV6j85e0pHG3C7Or2vYog3PPXnIkQctq6Xp18vjpYQBpGQVaH%2BSsUxrOyka5IjuxV0S%2FxqEXpkGdmZFu%2BVmUsx%2FdTvRVMlRthlE0auh%2F33lRIg8gxF5KZFloTpVm%2FM%2B0pN5HdImejeus1%2FjkF2ztvFyG8MsPt9gQum0VTNjgpqGdr4WRdiaV2Lyi3V0HswIjGE67NJjBNKIrA7vwJAPt3PeI9S8DBZBOcmAKb49g%2FQ%2BYjUriMKO22Tlw0j%2Fh0GRmkBButD8zgbQYvH2W81yjxDIfB3%2FUQKBRGKhFaOksb%2Fw6UUvud4OuKS0S3JlSGdUpBAxi%2Btev1TzH4mV7oMPFhUomxHdBGyxKJniyqtr011F7CotyKG8QNn5ZZXftuBoTYjJGrjCRhjF%2BeG1cveq4OqO2eX%2F4bAVKlgjS1twlaBfJo1XFJAY8Tzi7mUQj0zO8p09mQKxjTNbkiKPpc0noGgVCV0P2Sboypvjey3SiQ%2BdU9CANvU7cTLb9lwHUJDiOunUSljWfDgPkL6%2F6mK5m004w%2FVlU08%2F3b1%2Fbb8cBoEXuQOQm2ZJfzisRy7c7u1vgGfR4zqi5BWhkOEQSSREm%2Fw0y3JJcg62vf7sD2%2FLk6hT1lvP05olQnhf0feTG1JdobmUotDnAoanLGKeY6sgMakM%2BYwoiF81W%2BPtkGpEfnZapqeCxDP%2F5f4%2FDLkY0JEjP8xVPg5HrwJeg4dS9HN2aKvQ9NGFOnmyGx3xQCsIrithQ7Vc739Y1TDg6xks4JIHQ5ar%2BsMPoSxO53t8WLMXvMC2%2FXP7mLNkWeFqmpcnfXY%2FitmED%2FonuZW7PYwJONvSZpR%2BZp0EY%2BUfqi6%2BCgaSUvVrXfKjvhzJuMx4FAXJ57ZsGkI40EZY0IxoZ5FO98bGLqafEPOqQI%2BZ5TReDjS8d6UlTXXd34c7%2Bkzzw524giONiW3vaxzOiVhkALY2AbVhTEMB4AKoSYwF1BoyUZ%2BOYMof3jcldqFdSB60aiDBDvNOc9U73uf6ST4poQdlNPLQbhWY%2FJ0pS0rP5BVo%2FioRCUiBGya%2B6R6aydCLPJK4CcB63TTgv2ptV3Lx3yIgMM3slA%2Bd4HStCwy7VNRgePRmjU9jND0DploHs4vP1Tz99yZMmlsEFo6jnnfFWsYYccXe9nNFfCzVPXtgqWHlFPF4j4NgTTuXxo7ayZSszTcY%2FlUbSJlXulqMc7Joxi%2FVJqW8m3sE%2BfQ8DUQx2bekoeHDZfFDQOTiyIOEgQHBG3igfBkhO97v8OElaIvIrWb%2FF2qHFzS5gARy7eBrEvzbSMmS%2BlMA8%2BpvAorSCHARvaWiHd4N0654%2FtPkmngWkqOwvmqJzlt%2FtnQ1WVXL557Cu4fyq5pl76jxxaEI%2FKmsPZCZ6L4r6xAGBelElt8agE%2BccJsxUAKEJsso5WYQCtUXBvEAz0lX44OUFdc25s7RoJEPZdJF4TmOSjo%2FFEnuE6UaS0jEgP8UMTdUPfs9wqVyWJ%2B8nFcdCixQisgm1EqXCaXykiQkc%2FXAtwum1DBsxbK%2FhYJm2HD0xtbkVLFZuxvzyjuj96yuxwvQ0OJOmIvA%2F1UMTCuUlRmaOT736EaYhfeYL0dmMce4PrkkNQzou1PWokpU7MAr8kahVtb3FT8eQL1%2B7TWitdJZ9ycOcGuCjCYl%2F7JpE2%2FhM9ANdLMvGVwj01QfG2KkzAox5XVWeG8VGdcv8udjhiASI1dLYUGpQAE9H9h%2F6bRz%2B7abEH53Tym1fgPKhXd7wfwVKYrCU5S5qs9ME9ZNpPu%2FPj6RUFy5%2BKtadzHqO7fNDWRVcZZ7eA8SAk2RRtog5r6v7L2QU0g84inrbzRKX9T%2BT4Cq7UHyzNnTpkk5ODycEmvdDk%2F1M13lH04qecH3ConeBlfyYNexlgNlDqEwNtyUcLKT0q28RuAUapSp3Mu4k4k6w3XCHIlxnt7XniRpEUpo9HD8HJQsdlVxs4SslHFD7DTtmZCoxC58eH44p4a2%2BR%2Bzed7pbmu58Whd6XzSOAkSXvPqNcyFGvqANwKFUHGJMdSi%2BqqaGsDoaftg%2BE%2B3TKv5u2XrQMrzC2VWMTaGfFOjmbqoe2w%2B2xU%2B%2B6577MeRQptRbAbq1ARE8t3njj1oNtD%2FHNYmaMi34BSOHfBXXZaCZCF8bgRX%2BxbG57UPXrFmoE%2BvBRop8Ayc%2BweilkanyODn8iA6Z3dWAhXEFSrMS23XMygdT4xA0shYD9dAVf%2BPFuPyoa%2FW8qdA1hKhw9%2FH4X%2FoRDMLXS3akckCeZqGeNlAqJevEQQQSdEV0H0iVtqIp4ch27f%2FZlg0sqSb86GQBMqK2ofcRf%2BA5WPQpzfR3zUH%2B%2BJv59dXKrMwy1zoWRXgWq62TkaYFG15%2Fiac9hSPBYmrFsG8ossW25Yqg0YM7OkwoS%2BgxPo%2BE5fsPs64BYvPEsyQ9es3HHUoO2iHnngxD38RiQphakTdbE1lXTN90aiovmqrfELwXn34I9QP3JSucgHvSXy3Ypm4IJ44ztMIXah5%2FYsyK17zb%2F5arDPX9RnJMruC9oUO7TaGDXvscVdVN%2BdkepuBTNQmoYwXkDjXK%2B8wgiY5o8VBJo6uT7vFmz5u6KDDCPwOpF8Vu1sSFwPIBPs5pYRJ8f%2F58vpTm7B8Sq%2BN%2FPfCoouQwrhMm9escgOsv7drQpZFpuW6MsurUF6XquS3Bx%2BsqCiHKfVHdD03gKYnMFjT5jWDe5OoDvrv3aEXVVEOTH3IOgw1UFwwnzeu5LN%2FrkvaQEPYVNQjyUFqJRAhhJh1V5Qz1ka4W379c7KI2Kf5Kp9tcjFB6sGTqu262J5U%2Bnec37AF3qyev2yvYYlkUh6R8Uz3KdpGY9r8QnqiYImsf2EpSAgGtp%2FBj2xSjZu6lO%2FKUexp0CNDRzsTQdZf2UlG1j7fQcV%2B7csLik8dzTIFMPdiTTc2hoqGONAS8FQphaMGXD7jEU5%2B7ArEHOsBLdSGZLaUktwwmBl83MKjHnh7ca5IqAHmtyCl8FaUW6yI%2BAigayMzq1W0nfC33kWc%2FzStRmkLhirLqiBl0Q%2BHxHvE7RyLeymmkarVfQeRCXtjr5q%2BSW17epqBD%2FcKoRAUMdFmZkizDasZajO6to4Qxn%2Fx94q70wzVlamDQc3NH7ONhHDsFPN23mZ8BKl5Z8WhpX%2BXISL1OvjYj14C4z1N6DQToODtXE0nwfcBE2uytvXQ%2B0S%2Fv1Dk0anxLaiBaEjDFc%2FkkHHvh1IJYBHDnSgHpMLMrh0OrxT3BQ8RsYLn1xSwnT3SXJU2z0YFiTAacZAolCPxhDNNq6fknsYbj26TZl3Cu%2B6uLGM5v8GpEJvLhMCDAiTmy3MsAJaLbseLdxPXHPkEpstJKRlciA46WMic1sS8xRl2q85EgTvec3SuM2%2BxlAPbnYI6bBj7R6jFTXF%2FRW0yeJwhH9EaAirG0CqCWYdvaSeBOr8cTC12ZMvRdFLXiJS28rchj7%2FY4pur4cRztDZu9%2BOzk9UmRfDpu%2FVAiqi4vvj1Ra%2FiiMsrzakJvZU9LXkDJPOzQ2iUWHiqthKfjrZaa742lt8YPhEDTjlJr0ms170YLCJq0yAiApVcOy5VmdV2SBhogpVgsDtdazQOJrPmd6QMSMr2G%2BzPBFjfUcpmI%2B6Zx%2BVOgY%2BRB564AH3yHO7xmCGbyzodc2zOXklIm1ld3PIcine3Ug%2FqgxJkmJduznoxH38j1VT2V9RqNm7L2F5TQ%2FCUAcGuzJLf5oMnYEUf0oWvVWrAuwDX%2FoF2GG2QyltocaH35hIYFjFunz9HtnQ3kCRV6%2FqnpdZ8Btz1lGbBjgl%2FVVGf0T6skdIJr9hPnH%2FZbn4aynFteNqYjcr5Pnz1Ge2M6l4t71qyQt6LioI0zyFNox%2Bs8rYIHipu5OxH4pgkfVvZlnnp0rvysGypla4dbx72sUnJQe72c0GIq1thZjLDP6aLJZx0xdiFRPRgh%2F18HOmiL1LcsWz7qrRzITjihF%2BoebzoQkjcBJU84dARYdFTn9qBFogEovUt7okpSNph3rUCmFTRh6lHEF91CMgAKZyalw8fQ04MgkedJU10jzJ4g0S8LcKQYRUmouJcqLvdjyQ%7EsQM9rYvmfvcgTR2LnL9Yb66DEtDe%2Bv7HSZ47MsuavkI,Submit This Form,1
2025-05-26 22:16:59,https://login.oci.oraclecloud.com/v2/storeLoginInfo?redirect_uri=aHR0cHM6Ly9pZGNzLTY3MzIyZDg4ODE4MjRiMTNiM2RhMTYwMTUwMDdmOWUyLmlkZW50aXR5Lm9yYWNsZWNsb3VkLmNvbTo0NDMvc3NvL3YxL3VzZXIvY2FsbGJhY2svbG9naW4_bm9uY2U9NWYzMWQyY2YtMjkwMS00ZGE2LTg5YzUtZWI1ZjkyOWUwNTc1&access_info=eyJraWQiOiJTSUdOSU5HX0tFWSIsImFsZyI6IlJTMjU2In0.eyJkb21haW5faWQiOiJvY2lkMS5kb21haW4ub2MxLi5hYWFhYWFhYWN1aWdwb2RodnY2bWFvemh5NmhlNjRybXVoa3c3eXRkY3V5ZWx4bGw0Zmtwa3VvZDZteGEiLCJkb21haW4iOiJoZ2J1aWFkMDJwcm9kIiwiZXhwIjoxNzQ4Mjk3ODMwMjUxLCJpYXQiOjE3NDgyOTc4MjAyNTEsImFjY291bnQiOiJoZ2J1Y2xvdWQwMSIsInVzZXJuYW1lIjoiS1NUT0tFUyJ9.GnoOV_tEs_umSzVGQ5CGE-rPmIV8Bwt1Nze9TP1O6_g70t9qSOSuyvbkI8q18WbGprYNqXJ6jJ0XNNMCnyTW69AhvFRRsZsElWZKRavcvgTddyrTB9eVpyHF3AQhg2UP14GJMOYQVf6JbLY08iuT6dwju_aHOU5Clb39E0BdtbLJe6UYTBV6PaWhJUy9_G4PAzb2aJ6UemY1ETrfRZYPgt6btJoze-O3bbwaCAXaGOnlLT97gSjWqKs8o1bcu4EzpaktynQKG5L5mXVDtrAlP7wC654fzg5-Oyuf8U1Ach-fm-ZfuNwSnKkzYCq0Kl2ATn6wOB9pxmEkl1qinRGM3A&is_paas_login=true,Submit This Form,1
2025-05-26 22:16:58,https://idcs-67322d8881824b13b3da16015007f9e2.identity.oraclecloud.com/oauth2/v1/authorize?response_mode=form_post&response_type=id_token&scope=openid&IDCS_CG_ENC_VER=v2&state=lsaD4utjUJi1fqz1Tjb8k_fd-v26ECc6gWYMOkcrt_Q&nonce=6Je20QmGDQQZxI21UfsSwt4A6BFOgw_4aU1r2TXJ_tE&IDCS_IS_CLOUDGATE=true&X-HOST-IDENTIFIER-NAME=mtucn1.oraclehospitality.us-ashburn-1.ocs.oraclecloud.com&idcs_app_name=opera-mtucn1prod&policyAppName=opera-mtucn1prod&policyAppTenant=idcs-67322d8881824b13b3da16015007f9e2&idcs_app_resource_url=https%3A%2F%2Fmtucn1.oraclehospitality.us-ashburn-1.ocs.oraclecloud.com%2FOPERA9%2Fopera%2Foperacloud%2F%3FTPLNG%3DE&client_id=opera-mtucn1prod&IDCS_CG_ENC=true&enc=fba7QW83kMHUAgAAmgIAABAgmgIAAIACAAAQACLmzp1Qp3MJ6n_SSjpMCLysxccaOxDOtdZ1BXTGbNHsOxFXS3P1H_nYt13aFHfWfocjSTuYAvbJyVif3CJEjqI82FvDhA8LtQ26Is5qh3e-Lwrh2zHtxRI9c-P1Ghcl9ouZticXyW_1hBMeQ9fXlzCLmZRsXaVBPc8Yta1Z_Ky-uj2ZV0XzsxDGqiVxTRkq572sWVuxuhhwqoHY4vvw4_n1oVBQMN69AmcWqK1ZI9rB7D1UzOafHsjVdHuOTua3jwXLcxwGYj3CTXCqO5UEsYIlIyxUUGf10rwUZvpO3puTsT3fkgm58knmQ1drXc2N7cjrOWMdAWqfIFoni5uO3uSzFQJRO3lZ_fIaBwA_S2vjgDTaTYUNniop7YRjQ_6qVaUPkXBm7S6ysEm9uPMfODv0oabXos1wJ0SzlWfi2FPtkdV-OBGI7_4Pu3yj0DJ4vhc6aDeeoLQ1-X581cJRTajM95uMPxxUz1P8KAR4gRRqYiN60-WC-hnrDwirGruGLOyB84M0NEb7djHrUrOf3k_JFCbWaNiN799_xhdh9d9mO0OuwGiU-9vgJ5h6lxqAFT04p5xUXEv5iR_6zvHtCv_5vOMEtKHGlXbyPHfLVGaNyfXiQzhuOsmAC3Jb7GfRqIVZO948D-5avyltF8vbjSh4IgQfEDOO5bxpefYPsclm9QOTWQ8NMNh4llEf0PSRHUXR0l-7LGORqbb9hiGSsFqAeignfj9mcEFBbXnNpBHPQX6RgaxWXptUbesD741nlnHF1GnaR54pbk559djrzi2wdzVCNT9godiBKEo0E53oabADGkrBBwxjA9RjIFLFufXo7uOGQT_ryXIDXcGZCzEFfxdjPqLFLwZtEcD4C4hJ1Ghy78jUZ1zn2yzy3C0ZFzrAZaKlqOy5jZ76LUG36YCUBRPUE558Mpwc4hn5ao_8,,1
2025-05-26 22:16:58,https://hu05-ssd-ohs.oracleindustry.com/oamfed/idp/samlv20?SAMLRequest=hVNdb9owFP0rkfuc2DEfBYtQsbFqSO3GgE3d3oxtwJJjB1%2BnKf9%2BDjRS%2B1D6ZlnnHJ9zz%2FXk7qU0ybPyoJ0tUJ4RlCgrnNR2X6Dfm%2Ft0hBII3EpunFUFOilAd9MJ8NJUbFaHg12pY60gJFHIAnsZEFKg2lvmOGhglpcKWBBsPXt8YDQjrPJup0285CF4va2DYk%2BRhDoB0AU6hFAxjJumyZpe5vweU0Jy%2FPT4sBYHVfJU29aUUB2r9XP9WQ6gfIgpO0qM%2BeFDpI8jKCJuOrQEvf8ATjAZt%2FAWcvPWUPXpIIITzqBk%2BXr6ou1l8Ndo2wsI2PfNZpkuf643KLl3XqhzGwXacQNxLvPYibY8nHttfUM0fqjJIAWQqTtAtM%2BFUVGthuBPmXAldrzcKYm1rHAb4JnGWhYAtVqc5x0KRAkdpFGEDjeUsnzIBuN%2FKPnTLRBtF2gxL5CW6bdZ%2F9fRxK7G1XHwd7Wq5%2Fu0hHCSxKXoskLsLO5b%2FyUP13O3N1F1d4bG9oIOJzTtkmkpIB3e9iiVo9EoH9H%2BNu9te5LnQ5LH9brdjRXNtLzwXrML42rZBmf9fg%2FH5BP8xlW35T%2Fiw4v50hktTsnMGNd89YqH%2BBmCrxXC0wvr%2FXeY%2Fgc%3D&RelayState=Vxnu&SigAlg=http%3A%2F%2Fwww.w3.org%2F2001%2F04%2Fxmldsig-more%23rsa-sha256&Signature=f65x1%2F1u8TZCCEmFXFELYbbvi3U5wtVejcqj5A%2FD5TruedmLEDn%2BmucPGUDNjz3R%2F4wtony1ibcKPwahjz7dzYCc8xbbrwVxWe79MoMeKvPCAhmaWN2vUQ7Gg9%2B8VtxQfAZvq8XNAg7WNG3UcAoSdyPVyLQ9TZUbcK0vU8YiesWi%2BL10euJ0Ij2DwsM91nbAN9q84EI4%2BHUCT615CPj6o94iCfhNyBsCk1IqZYumAX6YlJu1dll7WzZGCqH1U0Jtjo%2BBeW%2FjjDzbh2OalPxGjOllHVSB%2FPr5ej60ODBN2QNLY%2FZjYRxeEbAWATFQq8ygzBR5XymS7pROGRwchZHYaA%3D%3D,,1
2025-05-26 22:06:15,https://idcs-67322d8881824b13b3da16015007f9e2.identity.oraclecloud.com/sso/v1/user/logout?nonce=1f1a8985-9bef-4220-b341-5e54f3fa40e1&tenant=hgbucloud01&domain_ocid=ocid1.domain.oc1..aaaaaaaacuigpodhvv6maozhy6he64rmuhkw7ytdcuyelxll4fkpkuod6mxa,Login - OPERA Cloud,1
2025-05-26 22:06:15,https://hu05-ssd-ohs.oracleindustry.com/oamfed/idp/samlv20?SAMLRequest=hVPbbuIwEP2VyH1O4jhcgkWoqFi6qFBKw7ItbyY2wdrEZjNOgb9fB4jUrdT2dXTm3Mbu3x6L3HkTJUitYhR4GDlCpZpLlcXo13LsRsgBwxRnuVYiRicB6HbQB1bkezrVma7Ms%2FhbCTCOZVJAj22MY1SVimoGEqhihQBqUpoMZ1NKPEz3pd7K3A6ZMaXcVEbQF7uEGgKQMdoZs6e%2BfzgcvEPo6TLzCcaB%2FzKbJulOFMyVqnaVimarNvS1LAMQpbExmxWb81Mh3PItyCJuGjQHmX0Cxz7u1fAacvPe0P7bIoxOdY6cke1PKmbOR6g1wIrsKtx2Abird2ClWJoLqXgFpjx5qS58zYqt4L7ke78WeyO2wglAJSbnbkyMCCZt15KQzpIQijs0aK%2BRs2quTeprT0YxktxdkPn85zK940n2J4X7lp7tuqNgPFV32kWXe9MzeemMdVkw83W0emJZt2eobdpIc0KDJpnkKbidbkgIj6IoiEhrE4SbkLOggwP7FLrbniCe5Je9a%2FY01xWvg9NWK%2FRt8r7%2FztXV4qPVnYy%2BtRh4wUeLBZP5kPNSAKDBQ7KcP%2FxIrgoX0ubRJxZh65soLo4DS2B%2Fivv4xF%2FXK5EMu%2Fdu%2BnsOI1m1V4tO7z7C21fzvM7Cp8WF7MN%2BM%2FzvJw3%2BAQ%3D%3D&SigAlg=http%3A%2F%2Fwww.w3.org%2F2001%2F04%2Fxmldsig-more%23rsa-sha256&Signature=Y0YcKxdfyJ6d4q0CDIWmQFVOxVhN%2FSgCKqsSrJtUTMKvhtXQ8CbTDzGXeqpNy9mgTUpFVh1miTgcIMD5lAtgrvNr1pF2zhR7JjJLPze2PTl6Q3C0JcOsxijuAZniEp6QNlhzQ2alCnQStI9ov1LhTLRFeSJGVw4sCL2dXNjKPvOf3Rrk24tXniTZJRBJVifJ%2FLuqhvY0pGcoSOHqAyb8XS7wYVxqfvSk04Ueqf%2FtGsuD2OaAaBCPUQcQKtHUG3NBMBe99yW%2Ffj2K%2BGOG8HEpY9%2BshNcxN6Vqz4tCWQtIXn%2B6ccEr298YlsOhYoXiPPH%2FN5OW5Q6dvCabrPFxJMkcLQ%3D%3D,Login - OPERA Cloud,1
2025-05-26 22:06:15,https://idcs-67322d8881824b13b3da16015007f9e2.identity.oraclecloud.com/oauth2/v1/authorize?response_mode=form_post&response_type=id_token&scope=openid&IDCS_CG_ENC_VER=v2&state=O_iTpyQYuQVaqRuQjDqpItzTOm5wHeRr8_KH6SI9ktI&nonce=qi_GeIvley0tCxu0KrkKAT4ZdFi4h-bDWRq44EM8RzA&IDCS_IS_CLOUDGATE=true&X-HOST-IDENTIFIER-NAME=mtucn1.oraclehospitality.us-ashburn-1.ocs.oraclecloud.com&idcs_app_name=opera-mtucn1prod&policyAppName=opera-mtucn1prod&policyAppTenant=idcs-67322d8881824b13b3da16015007f9e2&idcs_app_resource_url=https%3A%2F%2Fmtucn1.oraclehospitality.us-ashburn-1.ocs.oraclecloud.com%2FOPERA9%2Fopera%2Foperacloud%2F%3FTPLNG%3DE&client_id=opera-mtucn1prod&IDCS_CG_ENC=true&enc=SCIu_Sfae8fUAgAAmgIAABAgmgIAAIACAAAQAETPocbSFOea-rD1z5PqWnQPDJKbycSrdmEvU9uWQ7x2TXGb3k-aD1epPKz9WWBowfhrm_xN0cPJihGQ8pvuaH2ekiQaB9V5f58IqivsmH9qdn_9fWgs_w1FQsZlJG2KN0F3O4v3QCoZ3tS8N1Umj0pKMcAQKK2HffPSjpj7utMmGoSjsM8nCFHEGIF7BeZArq5c1N2Fjp-OVFR1VUz2tFGkkaE5fhiuY-fhdmYllSwsMYpLAQyzTu1TN8ffHBXBfCLy4FWaaj3fXiQYbIQfQIwO3F8uFnsdHz6bq1KonZv38TwWt4_9afJ2r9Gr8bS0OFWSYyJId-x6RMZIti27hRrShcz-TxwTKkW7HRJkaEOhJREbyXFqrUbio8-6J4dlNJLiKrvGw2c6ca21ryy4vrrq8Kqw-bmo3kmG5zyw5goUCdYi34qO4LO197TDDLexNNMB3gdq-c2R5dYYPLrUYMyzbQePTYhdUHGrlRfI111b5uEVT4rIPZvucw7UazK56MFhxAd5mk4cmIFmx5cajLPX5gesSVBzmqtWmeP9PkzJH0dg7et92auTDZHbmBi7xJmAJrShS9HW7QzAzEQRtnA-dZzWwfzXL5tI4vt44l6xcg-pWC27MSa5LeIFQ588JDedJJ1VWbkOIHP3KKPwxyM2e5vikiriDSEy1LL0qTbWC5e96g1nUrMTGnbIU_-DmbSt__KJgsZw2EN0j9xbBbsrbza01uwSYIZlnf2Iu2oiWnY4LqUIeQXGvOmXtJoWF2mDsNnRUAtfh6u5x4AOfrQXlAICZS3dQ4tUo-9XAb2PnZfE7Wy6VLM-f5BxC62fc2O5RIgSwBdMrl87S74vyHJh1kwkYuqexK_dxFXAedTqthxKIEcZwL-1s_fvK8LU0QitQl9VvjebRQPMGuN5wU4pR2jawLPEczgO3GROcfdm,Login - OPERA Cloud,1
2025-05-26 22:06:15,https://hu05-ssd-ohs.oracleindustry.com/oamfed/idp/samlv20?SAMLRequest=hVNdc9owEPwrHuXZlizzFQ0mQ8qkpU1aWmjL8CYkGdSxJaKTIf73lSGeSR9C3zQ3u3u7d6fx3UtVRkflQFuTozQhKFJGWKnNLkc%2FVw%2FxCEXguZG8tEblqFGA7iZj4FV5YNPa780P9Vwr8FEQMsBe%2BoTkqHaGWQ4amOGVAuYFW06fHhlNCDs4W%2BgyFLn3Tm9rr9g6kFAnADpHe%2B8PDOPT6ZScssS6HaaEpHj99LgUe1XxWJvWlFAdq%2FVzvS0HUM6HlB0lxHy3EenhAAqImw4tQe%2FegRNMblt4C7l5a%2Bjw30F4K2yJosXr616by%2BCv0bYXELBPq9UiXnxbrlD0YJ1Q523kqOAlhLnMwk604f6819Y3BOP7mvRjABnbPQT7XJQqqNXgXZMIW2HLq0JJrOUBtwGONKxlDlCr%2BXnePkeU0H4cROhgRSkjA5YONyj61R0QbQ9oPsuRlvHz7vufLc1%2BL8XH9X3hjr5uNtnnL5tB0YvR5YTYWdy1%2Fivur%2BduK0G1OEPD9rz2DZp0ybQUEA%2BGGaVyNBqlI9rbptk2kzwdkDSc17C4VTTR8sJ7zS5KW8s2OOv1MhySj%2FEbV92Vfw2N57OFLbVoomlZ2tMHp7gPn8G7WiE8ubD%2B%2FQ6Tvw%3D%3D&RelayState=-kmN&SigAlg=http%3A%2F%2Fwww.w3.org%2F2001%2F04%2Fxmldsig-more%23rsa-sha256&Signature=TezfotLTUvk58EkvDxtNgrPYOSg%2FJ1EAwNG12RMvHNLXx%2BuSLQhsLpAY9HNn9T0ls2RPh6rL5%2FlK49hzHqme7modzUTL6SogoUlmBkXfsLVUs5tfswZln5c3yyDYdjzpL8g%2F4c%2BV%2F6FkAjiURo8rspOM03pakhBct5ZJp7ahtsFHUSpLoMlMcv3NU3CWmq095OoUIDgbTHHgDhTYrSbh7FTM623VE%2FMCXu3Y8FJKfT%2FBFH6J0XyjWI%2F3g9XyQNIaiO43iCDhVi3d1KIeWgaEWlQgCmIoiyWawKLv77d8UdRfPoKlJqDSi1z47n3ljLn6d1oPuuMj78Yz%2BLoXeD6cxw%3D%3D,Login - OPERA Cloud,1
2025-05-26 22:06:11,https://login.oci.oraclecloud.com/v1/logout?nonce=1f1a8985-9bef-4220-b341-5e54f3fa40e1&domain=hgbuiad02prod&domain_ocid=ocid1.domain.oc1..aaaaaaaacuigpodhvv6maozhy6he64rmuhkw7ytdcuyelxll4fkpkuod6mxa&tenant=hgbucloud01&domain_stripe_url=https%3A%2F%2Fidcs-67322d8881824b13b3da16015007f9e2.identity.oraclecloud.com%3A443,Oracle Cloud Infrastructure | Sign Out,1
2025-05-26 22:06:10,https://mtucn1.oraclehospitality.us-ashburn-1.ocs.oraclecloud.com/cloudgate/logout.html?postlogouturl=https://mtucn1.oraclehospitality.us-ashburn-1.ocs.oraclecloud.com/OPERA9/opera/operacloud/?TPLNG=E&TPFLSCRN=Y&_afrRedirect=266313243197484,,1
2025-05-26 22:06:10,https://idcs-67322d8881824b13b3da16015007f9e2.identity.oraclecloud.com/oauth2/v1/userlogout?IDCS_CLIENT_TENANT=idcs-67322d8881824b13b3da16015007f9e2&X-HOST-IDENTIFIER-NAME=mtucn1.oraclehospitality.us-ashburn-1.ocs.oraclecloud.com&IDCS_SESSION_ID=0ff38310cdd54c5c9eaf0b52a4adc700%3A8df87a&IDCS_CG_ENC_VER=v2&client_id=opera-mtucn1prod&method=encrypt&IDCS_CG_ENC=true&token=GwJdtLLXu5AECgAAygkAABAgygkAALAJAAAQAIsGtyNVd5YgIBrjd_Iki0Sev9jnyxxglTGpseccmPovH__ibuBGwSkew8M5S1sGmc_9GtlLUVcjqrzcoXZCbVb5_0NWcbUgAeZTYNRCY0Vl5Ta6d6YhEsNrf8rI3A3dysxb6g78TpG5cwKmWTC6j0T_WTeZiSyyGGM05z1-y3JQusiATstqP5BbZSuhyhDCUDfY-F23rQzwkupZ8HMmehHd1Vau-js0VhBQydnNCs3q8QUbQak3VWELzZ7EZOii-dOFmx4rOA-LfnOssn69ESsgHvDXzksYVKqF5QRUYSibeUpactcNV41eKXws0y983vt82G1igQeUOeLgReh6xo8Bwfo5IhZHaSkJGskDFSuFJSwzzHQsCO3e6pIkSRLj5E1Yq_nisaHNwCaFDBd2Pt2Q24SSSaLRT10gmf04JFJK20j94HZZT5YN8FvJHC3Bdu01aRQdwqTWQHSTi5YN47k2zJADOHpdcgFFDR5b3a4HOZewb3sA9Pw2r1salp-NH6n4iwrdOaAY8fICDQPHHB7f9UGjX8w1ND1u76kYh8TDsHzSizblH4os-tQBBK9VQSSfFY53V3avGgFgNYLPetuZNi_YE41EC-XtlqN8Owm_jK5d9lmEc3vt2fwkjgeLGYhAF0M3QtXQciXxAVS_UmeXwCPKYwuzSzpuzaLY2puK_QJA4kgKAYk4CZxssUuBeB9Qnp4rFDHXyC3xDw5Kjh2I-viyXf9AHGVKEjOImub2Ax_AVg7_Ai1a9l-kflFhFXeAVdwz4kUVpwUVlE0C635brat1FIRFiVaZYryhEhYDJs7iPeiW-wt4kY2v0hflZFW7plpa7Ano-z7YSHeOhAKbh7Yy8F0USQ6RrOh2JAMygR9vpIV7ZFCNXTGnu5qPeFdMLN8WkePycCrsZU4lErmaX5mBtjpOIrSdMpqTR94IstP2IQq18gfCZ4XGQ7Aom_KmoUcoiV_TpGhslg8cDuUt-rv9EovLXjqH68T-UTQIW9uFo9knLDDlgulxELWFWCI8LDFqe4SM_XDFVo_JA1mxdpLem610nt5hjA5swjm46OseFw9UB5x1g_yOOaBb_PZCqWGNF-NjLAkdR3BZWORVHhh3IIx_5Hu50_1k77AMmbeGCBo-ZCwZWtwShaRUyLxze98YE9wN2tDyO5eKpDde3HNzDs4Q3O5I1DiaS3fGJx1ToWU0ISm60KVDrRVbc9DoaPo9-AsHbpf5oi7OVTldL-LNoZvz0w87OHS1w3Vt8N3qOlLdR7xFDbTN5DqCH3NqS3Vze7sivOCMBOk3HH0WagM36WE-QiB9E608ChiIJIl5T68W2Hw5pyWQ7lHh5FvAIMXpoqity6kLKuU7JewKGo87pK1bgXWoU-S3aWfsM5AuWqZ-pv_UQOzNdK9mbe6WxKZxgdlVjVsKkIGFDvdpMD-iylmM1v-qDUZ4z9_nSLBLrnDAzOQCdrnIKBPwGBAvXf8t5BeXc3IWFqvbV3v8duxdJZ6NiAwKt6K0K1O3YriLPvgU5wLxuR7l8z6IK-63mw8hlCYRenuwoSply2Lk8TzAOg52sAjvpnFdagPXJCIMfwoQK3riEbMtSViQlBEkVVpg8LYp7TNQCLN3baTZpcPJq_RAVGkyZ9EMdlv87zuLu-ccHOGN7w2hCWW4jHTLZNcP7ChxiLxFXPIu3Nr7e5x04b5rKRVaJgrqaQn3Mb_JBQbDLPskFd_7NSG0NRusG5RKc6XOQ8ebInFpso4rP32i0_oYtSPlBDjHA9fAJmBPuuajW9Cm4e6mz_7k3yz76XE-ro15Vz4kzzmptqaYThBCwQoE4NJqNU7Denn28WAAILLJzZSYp5w2ZAKsrV9LpUEdT2G_RSqr9Eo3VBQIPjkC66hQWur3lZhIwrS_1aJekxeUW4ztnaWKP6GaxI9P3onywBGrugRF3Muw8mBEv7EiWBk8QJKK3k8_XEOGaLLUn4HfSAzUyrfvgiDKnIbZjMvHRppU_4HPhuxP7lIFdNrFNPfXG8B69OQwamUiSWUyADp1YYfyHQRuGjpRhXdrZB3L9wEo6TQ980kekeV2krl2U1R4V4RFmHf4k1CWA0JdTLQLHL3yq_FHjt8NVRQ8ZPSj9kHn7fjrth02QOSfX96trIOtxuNNpm1vxZ1NmPPd9kZ5N_D4tbWdo-TT73T0HFkNXT8cQpTgcfg9twjNJFYacqDW5R6be-9LMkJaHcw1hJQEWGTiPMoa6U_YbEwysByOKMSeequpO9rsSN_pUnCmXo9-P3xfIm-M35ij2v_gXaa8iuNkN3_hRYW1HLD9NNHDS88dNtpBMIrLkmo41HYkC5thov8cKWW5wjE2xY4jSEYHDi4ulzQNUsYynfMvURalPpzConFBLWZqg3cgvMKM1j598xx6iaiFAdb0ZdsW_Dgdulowvu7Urht6iI87bKcO8nGTz7A6vck_5qJ7nkc0Zf-Vbxh_TJwQUu2lCuS5QeeuHEf9trAGMXp2v7Tdhd0SFe2Pgh0V93b3wk8s56KKRsva0Jqa4anMaK8q9SiVfnc7R5vI19G4KCMvtAEUgY5oo7jTYZp0pJKzBanwC_L8FFDdiTs0AnXfGHOAr-6rX1q62dIj_MAhZRWLxVYHYqSokLnj99IHSIlNHj7QQygbfKuX6QJqSBaziieZJzu08FOMvxJegVnTVGczFroCasxablSJbJjf2P4Ri7LVbTTai54qxaNw97yyyzBDdk3kcQKtCqI4wiQohT6h63qsBYQrYMJMdJu5G4220jyZMPAy9ELuYufdQaU8LmRYY7r4mqkTem8fC-UdRNKvpsVMRBwYytYX-iEvTmAxsyfydbfFchSqqNYddrtX0ay7L3txirN-sGWy2HhBIxbTOC4J88KVRtqX_Q4gD9QEeM34l3RfcqkNClZotK3gWjlVGYTgF1xaJzzBNPXDQjYPty_OiUtKTMgqixhTcg1rCHS0ygDa99d8zwy9TD9DqWigffbxRZOogcfeK22REHpZEnwIq0IkEX03dVPMCnY3MHt5iR3PVx8qHPueofYjMc5u_21Fv3baz-WqOdpMH25uennXuTckDap2Es4xSuCpi3vGsgBkqEnpCO-t2nLsxwCTG0pQR3mKY2ibpga4vmhXjz_8yHIFIYQtFl17ppXuy4Q_pzU9A1P_75R3rridEATu_494Kmqnb_dRUMWK-Feq1Wf1cxF7FaR3twoEN1XD1sEBUOfQSFSBWfJJa4QQYDWpKnWBHiava_p_L7ioUEJts3QwwMWrprR-d2PwBmgk8YeqUY2Y7uOB4xef1CzI2NjXXVRl2s0JK9OMBJZJZ83-OARA5g2NLbZD4iBbbL8jg_ZBa48j96X57W3bnxKtFNu0KD82p24zSzBDYsPJ4clEDg,,1
2025-05-26 21:42:18,https://mtucn1.oraclehospitality.us-ashburn-1.ocs.oraclecloud.com/OPERA9/opera/operacloud/faces/opera-cloud-index/OperaCloud?_afrRedirect=264881468859865&_afrPage=1,OPERA Cloud,1
2025-05-26 21:42:05,https://mtucn1.oraclehospitality.us-ashburn-1.ocs.oraclecloud.com/OPERA9/opera/operacloud/faces/adf.task-flow?adf.tfId=opera-cloud-index&adf.tfDoc=/WEB-INF/taskflows/opera-cloud-index.xml&TPLNG=E&_afrLoop=264868295427420&_afrWindowMode=2&Adf-Window-Id=f4r5pgxgs&_afrFS=16&_afrMT=screen&_afrMFW=1058&_afrMFH=1460&_afrMFDW=960&_afrMFDH=1440&_afrMFC=8&_afrMFCI=0&_afrMFM=0&_afrMFR=172&_afrMFG=0&_afrMFS=0&_afrMFO=1,Initializing Application,1
2025-05-26 21:42:04,https://idcs-67322d8881824b13b3da16015007f9e2.identity.oraclecloud.com/sso/v1/user/callback/login?nonce=8ca33b95-aa77-4d17-a3f9-358fe92036bc,Submit This Form,1
2025-05-26 21:42:04,https://idcs-67322d8881824b13b3da16015007f9e2.identity.oraclecloud.com/oauth2/v1/consent?OCIS_REQ=83N6P%2FZpq%2FEUlgONRi93nl%2B8kf6imFtxdsVbMFk9Xbt9V%2F%2FmVyKIrJMQjq0GK4jMcbyfEEx5IVB2EX%2FgF%2F8cxeF66zL9VGTO6ix9tn%2Bp%2FlbFJHHlE4XMd7b0O5urPpk5NisFuY9XkofyMyBog79J3vYUr3VbLnjszrZ%2BfQV69%2Fxjzah0IOj0qVfMVtwayIHAe5uXFMhSrcgxDuERFoVpPZ2dZb%2BfzOqkjFHWjKbhjV%2F61niFJXF5zACEXX0k3DGmjQNAVgQE2cHSi9TUgytXPxn5ZP%2FrxLVYe21KkQqdLmk2JPX1Ivyoyhp0lmZIOYcx%2FkHhdok%2Bi6MA7TI%2Fa3%2B0ZOD9URxAfmuX%2BuiwYaAOAuVNsdXMAOQvZ1MYHlBkxUsHPjY9oAefF3yvocmtTsw9Q3PzCgPcB8CpSoX7dBdxCDzMqFebhMxr%2BUdzRRFABfZl%2BKZIZeYO%2BHthSZpS5e1ICZT9GZuibAHiMRdHWAkhWkY7hah9TTOviLzw1uVLTIIBYDiy1TlSIdUeCNhlhtMAlxuZAIivTFmZNXPkQIwQc70K6w4YlSJiIzqs%2BUSfF2gCn29fDMYQlVhOZnRsSmT2Ey0CerFAqvCBZeYF9X5cNarYK0XI9Xy%2BsPuBLu%2BLZgZR3STIUefCPiyLt5IYhO8pYLf2sL3higefwq5FWQBktxzYgG2Tv0lInQMcHYDiQjOMaG27W5HohQPttJnVlrg0ADdV0RGbD%2FkD%2BzKYTegxD5e287yHDtxv%2FLV5fqB1aYohYtJxm3buOeLV7OogUJinUOM4T5L5Ak6vGVrWOe6A8DN9o1c9eNnzhyhhHBL9nwq6HLfeZ%2ByvJxWC3efcKBUa0bYoSRl0OSSoG1QBA%2F4NUOL0AN4D3QQ%2F2zhnyy7TaQCfihcy1UjqVfzf9CSCQXnn%2FFWQElcZF%2BTY27gccYo9y6lrSgJNz3UpRkJmP67FPlw6tfRw7qXxu4iHUxIFoSDbKoipsZU5aMwE3HsJt2TFtsXmVcrhqKdzuSCuMgux7jyREhBcnPx0CCn9szVM56BP79JWDBt2RZozQXMt18nc54MQiyN0jEeSjhzIpYtRPdwkvbl05ZMAx2wUo8%2F0RfUNsdA1BRTCZJRmS%2Br8QuBgagVLp24eavoE9lWGALa1K2SSAx4sRXYuBiH3l%2FcUVreuEG2vN1pVDwHpVB%2FEagqIm0e997hBxHvNGf4tT52kGx0QvbtqML65hrluo0Niyc2iLlHEnWL15O2cUZJiygB4mBUAC%2BmtjR2yk8rc8C11lnkeGPXlhRARqiP3EGlpyBstyvDRkVv%2FXZ5j7FE0Q%2Fy%2F10VEJG3QcBCDfrXHSdpGZIRMX5Ihoh3v7Ku1rpN6Jq17q%2FFluRq%2BXFGGwzB43M1a9BDWvGSJsxv8VnC2cmZGClrK7L2ShzIkTyZPDSnYi91xFec%2Fg6laxHxbHE9IJOYD9ywCizTl%2FnAPPLniUejcFQknMLZYLOMT1x2dQMPL1Fwz9x2gypHyj1z1IN7YM%2BaN3Kp%2F7HbICFdUkssjGNeSDg7EK81LN%2FV3KErY7l9uXHJkaExzZc5WhEH19cLS%2F6bRjKapahLV7%2BB4BM63Bosh6WpHCyqRM63p7A2JZ5VTfkh46ddi88KpVP%2BqDWFosYcACtrQyYoFi5nKl8BkJNyXmBx8AKaZoT7Tq9owkTA1kDsJt3N2V7dWz9Bst4TOokwq6eCzD%2FAH06zh0nbUXaYVZ74JsOJZeK0Mlnw02QRsyoVqi9QH27SXxFHnIJY4v2QdDIq8bD0bs%2BpfX7ZhtaQpNUU6bHX3H9d8QvcaKQhGc5vHMFYcbWt7qMa73qMpoJW3qZGD3GltmRdkJoWCkxgNlnDJD%2FJGJniQiEajekFWQTTFrHuxVnJibRpgkcxfwjRw7oVzlevJAFqkgSZyVNnFPnFb72rFvA2Hkk7tza2CiopCLnJ%2B3omySvapC%2FtJLFhV%2BV%2BwcMsGYykUi25guetjwvS6mHH2ZF5E82TGD%2Bs5khDwuh60PnJ8AH8kzIVl2xb9k2AzBoi0HepMopnYL7ZDRESlQXrmcPCq%2FgjlpZHIsuKpD%2FOZSpHzfzJu9YuQ6lkHCe8tKWrbL5yRFTGV7S9W%2FESI4sDjbtBpVhxfRHeYe2gDR8ln9WYnvTj%2BSWR%2BIWs0yPu2S5H0piIqHMr0xj%2Fpy3W%2BFy6ufcqsFWANFU6DqLYC1KvGjOmBYmGAySxt0xgLNL3UA2%2BcmrMmxhr1YX4IjoRTLxy9eLpvQ3zBhAbtrR824oeNV%2FLzFgLyG4nXdMcbzUPL7DTtFqmaNrc3cJaibHEzwiBeDF8oakViYOuI0mhkjwrJrYCNfMeGdiAvWCg7Z86jAJUoXsWvnrwdxCoVTpSLKFMMQQQoM3o7GRZMMJD%2FaLvhTYVwtPDjTHL793UyqRkMrV43ox53CyCmrErnnI0SZbVXomZhnKdJbVCtMCBE%2FJH%2B84Y1ytT9rAtE9y9Ewc8teFTSTwRfhI7YKDOzYaWwUuv1CnF6ib2y5O6%2BVggrobjcIAJRBRiIZZv%2BESBy6ZTg3Ssb3RVFjFTwS9aXYjIheurJUhoqeUvQh5mYeL%2FmBO93jZx6QwEYuLYMckhEK8a3jEreTnBY5KHMYShKokz6FLzrvPnqJaD7lkue%2FzhK24J5ebaK4LiRB%2FTAByqdHGxaizq14bALajdGVliiK6T7%2FIFKO8mzkU3mSG9gZlFFupaWBfLWxX9v%2FqJUgALLHIcGqbUZanr4XfQe0a6k%2Fy4X%2BVNpUStV9MmLpBDTfIcRKGXzBKPOQxZLA8GNtR4QaLkhyeFqM6MOxrx8ZO%2BOEWAH2dkAsx0SHdAOlexx7oKUD7OPc8XX%2BG1SBjsWX%2BQfXdjf9zu3PdQa%2F2XuAdoSIkmB19gL%2BGHI4ZyUyFVtSozHHWNX2lMJFLRBEDVp0TwIUKHJoDLnShoLZ9PLBu8ZQDWXt7O25SVg3FUXRwHkhMnRpVXUmOQ%2BS6MY8m0yH0YV%2BDGRkRynC3K4S8biCx7KUJ6u5qFkywyI32KIXQqA2oA0pk0qIKlNCMBes7PzjG49Czckggb%2BOY%2BRN7t9Rg%2F4dSl1TCQCQaJ10aIpEQKkAf99dtr86ll3EPx5ApQwdWPFh8ydFCQowDZSa%2FiwOV8AZOo5mF3p8DsGIvmcL7iI%2FyFIFAaNQgzDkw8r3fvQJg7IYRaNpCl6s4IyKUB%2BPKzSLUkJFnfYPLc9LBC%2Fjc%2Fke5XEtZ0N0sJmvPHCpM%2B%2FUyoJ3V5X4%2Fl6DriNYWAPBwW2mwFe1pwLDLJlnubmXrdXGh7gqHqsIQxNz%2F79vgavbFgo30SmrxHaZlGYNoMQY%2B710kJh8HgqhQMh2FRwzcBIbvfkRUIKMJlgw8DO9lfzr4oaFK82vx%2FtKHK9gvxEGUjfkJ2Z1NqOlF4DtexZWVXIr2c1BxCCrzAii3Sd0iuI8n76A3zfWVHjiWqn8hXCdGRmZD8dzhWrQWX2Q2bxLswpIvFHi0L2vAqw4AHCs5iPmZNqijbFgNDP6LAnL%2BO5TXEFMMwlvjARxrIcplCs1VhQjZIf1n6qgeFH7PPHFzH3AORSMFxtTBd0fWvz0D5eGf7TTM4al%2FA9mRCcvB%2Fhobn5msb51oDMLn2OOLOTLDNqAYopb1%2Fd94WONhD4ZMl6KMiEh0nkfnD0rW0ip%2FYcraXFqEr1TfXh7vtWvrBDqPcNv5h8n8NFf0MK9JaF0zrJ76ZNc1aULjBURPhjTKUNnY5I8t9B7S%2FNrJEgDzHBDAVQu5HyeWRjPMMDfR6XY8t3e7WSTRFkDti75d2miZuEaV2hlqCSsOzEIwM0ICAsGPYSYyktUAs1kJb%2BAwX0Eue%2FWVLpSnLHXgUUOEmTwx4Y8y1mwhK%2Fy4gX010g3We2STRBitzFPBUEHxmcGxt85LbKiIaoDhXbj0IePA8rZH85wAcTLox3xaHqBG8p4YM1NafyQVuxW28CZiAKj8ubtv40kupFWBPNOtRaC5qErJcHmMb%2Bs9bsc4Wl8h%2BYrZeztJ90%2B1nwMo2TiGhB9oDturwZPHy4xRoB65OvV4CbCNY56H5TUdb4P%2BftMEPSF1sAKrBGfHaROhb3JphY%2F2zntIRe7i0RA%2BtKhI9Y9Tk89l%2FkpYAYHSbvcA%7EKXIntYZhVpIvFBYfuM20ogA7XgN5yAHEp7%2F4q5FSpus,Submit This Form,1
2025-05-26 21:42:03,https://login.oci.oraclecloud.com/v2/storeLoginInfo?redirect_uri=aHR0cHM6Ly9pZGNzLTY3MzIyZDg4ODE4MjRiMTNiM2RhMTYwMTUwMDdmOWUyLmlkZW50aXR5Lm9yYWNsZWNsb3VkLmNvbTo0NDMvc3NvL3YxL3VzZXIvY2FsbGJhY2svbG9naW4_bm9uY2U9OGNhMzNiOTUtYWE3Ny00ZDE3LWEzZjktMzU4ZmU5MjAzNmJj&access_info=eyJraWQiOiJTSUdOSU5HX0tFWSIsImFsZyI6IlJTMjU2In0.eyJkb21haW5faWQiOiJvY2lkMS5kb21haW4ub2MxLi5hYWFhYWFhYWN1aWdwb2RodnY2bWFvemh5NmhlNjRybXVoa3c3eXRkY3V5ZWx4bGw0Zmtwa3VvZDZteGEiLCJkb21haW4iOiJoZ2J1aWFkMDJwcm9kIiwiZXhwIjoxNzQ4Mjk1NzM0NTg1LCJpYXQiOjE3NDgyOTU3MjQ1ODUsImFjY291bnQiOiJoZ2J1Y2xvdWQwMSIsInVzZXJuYW1lIjoiS1NUT0tFUyJ9.KyoyFR2sW1UdF3l2tmxq8eLJI3R3dzhV_fsm3e_0FG7pwiRxPALzqnzxOAx6JTNKOR3t0Hd21ms5raDHNtRDcTc1PsJbGibKpzq-xXF9M_wHr6iukZuO8uOwM35elGFU-kNlR8duT37Xiy2PqP81C3RL-mozNtV4zQzebJvLFqWFbFOmhG0_rQLMXOrdD1nOqv8Juy_Dr6Zj9D2Wa1mYV7FkHKZvmOO5TZDhLFuX-hJN685G7H0vnq1QfgNiJUh-dKMyyPB_LS_X3zB1eIliqnby3AAPyQ0OxIAvrmnR9LpzRY2gZfeR-ZJCePwIsnmiA_M_h_CQJhveB3yncQ9NKw&is_paas_login=true,Submit This Form,1
2025-05-26 21:42:00,https://idcs-67322d8881824b13b3da16015007f9e2.identity.oraclecloud.com/oauth2/v1/authorize?response_mode=form_post&response_type=id_token&scope=openid&IDCS_CG_ENC_VER=v2&state=RRMP21fSGz8KDK1LXcc1zByf7fSaw0kVA6vlF7aXRNM&nonce=ktZOSUZc7ZqWivuv-dbVloWCbMebVu9gRj58fIbS1vE&IDCS_IS_CLOUDGATE=true&X-HOST-IDENTIFIER-NAME=mtucn1.oraclehospitality.us-ashburn-1.ocs.oraclecloud.com&idcs_app_name=opera-mtucn1prod&policyAppName=opera-mtucn1prod&policyAppTenant=idcs-67322d8881824b13b3da16015007f9e2&idcs_app_resource_url=https%3A%2F%2Fmtucn1.oraclehospitality.us-ashburn-1.ocs.oraclecloud.com%2FOPERA9%2Fopera%2Foperacloud%2F%3FTPLNG%3DE&client_id=opera-mtucn1prod&IDCS_CG_ENC=true&enc=9depY2d7VQLUAgAAmgIAABAgmgIAAIACAAAQAFRRNy8VsZLGeiNxoyakRNhKVq47D_dAQ1SJ_mM7TiyuSNArgJUWDjfZxy7uDb3mmznzxRBEKcSbovRuhQTRUkFdwpA09g5wSS4v3rBPJ9lxPPaX8dYwSQrPjeiZQDvXCIWy6N_q_fQndZbYP2zHCZpdxsJXmYc_PFjxxFnGM_q18votA-gn1Ua56f7Ps8hOytcC9XBmkhWphiibgDFoymX0-_D-obcIV5ockCC-nnxB5leuGJGrXTvqV4KR0EltIDjw8qNHj5MYyKxnaCmqu4Zl12N81HrJgwJ3HKImf3cwamwzGenrN1QGBn5x4QaFj5TpKYNFCRRoox7bWHtkNgrWdhOlALnBH9heSTtQW76DSjbFKlAn44HvygjeLq8mWHg165L1ytRXT2eGr07jCscQcvk5JDMMytY5PZpyZPV-pqPSPL8TJ2rFMn0ZjLIOMTWuXvtgp82dpZeh0sOPm7CMhP0eB_gO7hUb_Qu9ooPIRYUqMd74tYu08CltlBnDFaMqtBbTHlqZUqHrKt8moDhlf4mIpkXZPNZKHWbpI4FIGM2KOkF4aL2AuMZOvXY_vcaWr8qdT2Jyf99WBij4a7WbzEELAOnxgklfeOMz5rpnWFVZJVJ1pYhFRrezgP52qYdJrnIpIdcc9pLd7fftUpYWQg4IGQhLZOytGwe_kTIqPSbPxxe8CO6y7NvFUvI233qzpPk3VYbLklgMonrB8AGMl7VwtqyLftlf0oPHj1oyUl-URa40KJ_hkWAGTm7aV-4jUqVhycbsfeoAMq8YAuRX2UISqKgcZi6nvI6e5-9RGiAg3uQPOjCNj5jI-Xs3hQT8y1mHaMTG503EHaguAVkQ3UuYx8K4qf2c6XjVdATBqHUuuYel6S1PqkeLZ3D2PtqeTW_mqWY6G95TnzdpdnnxObjaOqzrH-BvdPMOywLz,Login - OPERA Cloud,1
2025-05-26 21:42:00,https://hu05-ssd-ohs.oracleindustry.com/oamfed/idp/samlv20?SAMLRequest=hVNdb%2BIwEPwrkfuc2DFfwSJU9BA6pNLSkjtV92ZsQ6xLbJp1mnK%2F%2FhzSSL2Hcm%2FWamZ2Znc9u30vi%2BBNVaCtSVEcERQoI6zU5piiH9kqTFAAjhvJC2tUis4K0O18BrwsTmxRu9w8q9dagQu8kAH2PiIkRXVlmOWggRleKmBOsN1ic89oRNipsgdd%2BCJ3rtL72in24kmoFwCdoty5E8O4aZqoGUS2OmJKSIxfNvc7kauSh9q0poTqWa2f6205gKqcT9lTfMwvG5Eh9iCPuOnREvTxCzjBZNrCW8jNZ0On%2Fw7CWWELFGw%2FXnfadIO%2FRtt3IGDfs2wbbh93GQpWthLqso0UHXgBfi5LvxNtuLvstfUN3nhek1EIIEObg7fPRaG8Wg2uOkfCltjy8qAk1vKE2wBv1K9lDVCr9WXeLkWU0FHoReg4ozEbUkbiXyj42R8QbQ9ovUyRluGovkuy5mnzsNBcuD%2B%2FV0%2F5aPKaPU%2BTJkTdCbGLeNX6L7m7nruteNXDBeq357Q7o3mfTEsB4XgyoFQmSRIndLiPB%2FuB5PGYxP68JoepopGWHe8juyhsLdvgbDgcYJ98hj%2B56q%2F8wTdeL7e20OIcLIrCNt8qxZ3%2FDK6qFcLzjvXvd5j%2FBQ%3D%3D&RelayState=u06b&SigAlg=http%3A%2F%2Fwww.w3.org%2F2001%2F04%2Fxmldsig-more%23rsa-sha256&Signature=gGqQ2GgcISrBjKIcYyZ7JWH28FqzFKLKtFTNAsMtZtHXlkFXPMYCx4ZiNmEGQbbFMbYHv%2FER1cUwGklj2%2B9P3ySPez00ICz9pq4FvQUbxiY8j6EqtopEVk7LO6bfE5kJ0lei4H1wJmqzE6kCWUP%2B4rxpAhZvPHvqNVrEtWG%2F4J9BGGHrAezQ7gD9DasBS2mNRNvB8SQziEX%2F%2B%2B3PDVtAw%2FcVhElJxYbbyEFSEkCX4X3BBEMAT2yxDN8TA%2BvWyq8uOmbzSxqT6NsCLBME%2FvvXU7ho%2B3dzwAyMPvDXw9w3XosPFcGCp9fZseBwieJ7XFPvYoNwWUSHXjwvuu9bzQOxXg%3D%3D,Login - OPERA Cloud,1
2025-05-26 21:40:21,https://idcs-67322d8881824b13b3da16015007f9e2.identity.oraclecloud.com/sso/v1/user/logout?nonce=9f1471c1-aa21-4e70-9d53-e1a118f4393c&tenant=hgbucloud01&domain_ocid=ocid1.domain.oc1..aaaaaaaacuigpodhvv6maozhy6he64rmuhkw7ytdcuyelxll4fkpkuod6mxa,Login - OPERA Cloud,1
2025-05-26 21:40:21,https://hu05-ssd-ohs.oracleindustry.com/oamfed/idp/samlv20?SAMLRequest=hVPZbuIwFP2VyH12YpstWIQKiaGTFsqo0Krtm4kdMCQ2EztsXz8OEKlTqe3r1blnu3bv9pBn3k4URmoVAewj4AmVaC7VMgLP8xEMgWcsU5xlWokIHIUBt%2F2eYXm2pWO91KV9En9LYaznmJShhxZCESgLRTUz0lDFcmGoTehsMBlT4iO6LXQqMzdk1hZyUVpBX90SqAmMjMDK2i0Ngv1%2B7%2B8bvi6WAUEIB6%2BT8SxZiZxBqSpXiai3KkPfyzJjRGFdzHrF5fxSCDUDB3KImxrNjVx%2BAUcB6lbwCnLz0dD2xyKsTnQGvKHrTypmz0eoNIwTWZWoBY3hUK%2BMk2JJJqTipbHF0U90HmiWp4IHkm%2BDSmxHXIWxMaWIz93YCBBEWtCRkPacYNpElOB34L3U1ybVteNhBCSHsI1SuB7Ou3DNn05SrO8302JT%2Fh7FAwgu96Zn8sIb6SJn9vto1cSxpmeoa9pKewT9OpnkiYHtToMQHoYhDklzgRuLBme4jbB7Cp20K4gv%2BWXvmj3JdMmr4LTZbAQueS%2F44Opq8dHpxsMfLWIff7aYM5kNOC%2BEMaD%2FMJtPH37NrgoX0vrRzxzC1RcrLg59R3B4u79b7zvPadxd7waH0x%2F4BieqON0lA9hJ8DTk%2BP1lk8sL2af9evjfT%2Br%2FAw%3D%3D&SigAlg=http%3A%2F%2Fwww.w3.org%2F2001%2F04%2Fxmldsig-more%23rsa-sha256&Signature=Mu%2BAtJnBT2Y3eWx7mRQEuH8bZKrNqJ1MnpGUJaLB1pcaGno%2FMfZd2Ku7IE4MnfrGaVhUl8TnclKQv7BjgbMexi9hMHeO1TjvJufwzh7LwV29itTj1x4GRAkvst40whCVFB64FGkyTY2f4fKq%2BMFP2rcHXqJU1t%2B8hSpy1U37mqDlPaVQxvzfiTYCbtJZLp6Ym5Kb3BY7Z7UR0O2h3S5RTxkgLzxXClKC4LZjr6a%2BV1Z3ydSlYrvTPOwWDhYAY9y5FifUzY0vI2e9j7jID8qg3XOTkndWpl%2FLXxo%2B3Cx9NaTthKO0e%2FwDBRG9M8LWHww4acLhCVgTey%2FiW6qRy6ELBQ%3D%3D,Login - OPERA Cloud,1
2025-05-26 21:40:21,https://idcs-67322d8881824b13b3da16015007f9e2.identity.oraclecloud.com/oauth2/v1/authorize?response_mode=form_post&response_type=id_token&scope=openid&IDCS_CG_ENC_VER=v2&state=ra31PNtuOlJ7s0qQxDx8BDFTpsVNYHG5P1PSoOOQKDs&nonce=sLP_ZJ6hcmlr2BnCwcAuzpWCSr9U-35cfY3v-8CLxHI&IDCS_IS_CLOUDGATE=true&X-HOST-IDENTIFIER-NAME=mtucn1.oraclehospitality.us-ashburn-1.ocs.oraclecloud.com&idcs_app_name=opera-mtucn1prod&policyAppName=opera-mtucn1prod&policyAppTenant=idcs-67322d8881824b13b3da16015007f9e2&idcs_app_resource_url=https%3A%2F%2Fmtucn1.oraclehospitality.us-ashburn-1.ocs.oraclecloud.com%2FOPERA9%2Fopera%2Foperacloud%2F%3FTPLNG%3DE&client_id=opera-mtucn1prod&IDCS_CG_ENC=true&enc=WO-Kz0HBJmzUAgAAmgIAABAgmgIAAIACAAAQABXdbSNIg3kDcmTP9CQHznazHC9gnUmSk7tc5BHpYCsL6FndVpNCs2XR77hlseHJMdGfk6BE7hOhvNhhLKB_FnBYEelt2ipClwNRAMsK6MppEKyJHxnUE8GSzMsXvoIPNPEe7fOY7AuXimC5kQ6SrTT9bigWGxiJ9cPnURTqqbm337DUaJPXIl567-R_UrRczU49ylYa-aAj7cXap_TjNWST-KnfVang9yHy9ZmZIJIfm9Q7LQeCTH_zgJHrl820O0ynXyxevC2xthD0aCKrgQbryX3rm2aQIxpArrKwXxMkoCfT7oYWTr3Qoc1n9QKP6E8ZEIr42Xh0T5rHNOTu4BTl8Iu9rLYPV2YIknndSAqj-ppdxRR_UpJwFImQcVTIn01Hy4BbSWzfnyVsB4nuzDRWHl_FnIfx9PlL_O1VjZBKYEvj_WguymO45LJTrlnQnmyiHZsmmvQUCDgBDS3VA_RHiT7k6HFYEuccigNtiV9tll502hms05bQpOdjnSWD5h_3PVLnMfhhZNBY2T0NsmGX0iBoHN_8jMi8ofyMzY8aX4_cpw6xFOri2XpkGFuUeWs5r2F_1gWtIbbu5kZF0RothUp6ibYMslmvNx3BYbYcZeskgaz-n1SRQ0amREmyHDldQhVMUUYXJpGY51D-wVkUC1pl7QafDEkpMYtWPU6Fsqi98TjdERsKC4LT9DpG3fdwIvI1CisgUHmjTRc3Q8rlzixWTDa98GgMyQbh-49nTDkrUwMZ8BJyHdOYM4sLrWtG1X29Lx--SUG-A4sUcXgcDDcNhycoOL_Tv6FP4dofCaeIPGjMsEHjFYMrL5nG6aTjGn7_B_1xnDP9e8QYe-Bj5vrp0P-W6NUgGTY8UU33sEqdzyMLqrasmfcuGiO-dLQrMxYBjLMw6zKhX1FkEI6j8-x-MnHwwNDc9nD1rRIu,Login - OPERA Cloud,1
2025-05-26 21:40:21,https://hu05-ssd-ohs.oracleindustry.com/oamfed/idp/samlv20?SAMLRequest=hVPRbuIwEPyVyH1O7DiBUotQcYdQuWuv6OCqqm%2BObcBSYue8DpT7%2BnOgkdqH0jdrNTM7s7se377WVbRXDrQ1BUoTgiJlhJXabAv0Zz2PRygCz43klTWqQEcF6HYyBl5XDZu2fmd%2Bq7%2BtAh8FIQPsdUBIgVpnmOWggRleK2BesNX04Z7RhLDG2Y2uQpF773TZesWeAwn1AqALtPO%2BYRgfDofkkCXWbTElJMXPD%2FcrsVM1j7XpTAnVszo%2Fl9tyAOV8SNlTQsxPG5EcB1BAXPVoCXr7CZxgctPBO8jVe0PNl4PwVtgKRcu31zdtzoO%2FRCvPIGB36%2FUyXj6u1iiaWyfUaRsF2vAKwlxmYSfacH%2Faa%2BcbgvFdSwYxgIztDoJ9LioV1Frw7pgIW2PL642SWMsGdwH2NKxlAdCqxWnevkCU0EEcROhwTVOWE0bpC4qe%2BgOi3QEtZgXSMn7ar5ZZKrdwZ8uXwU9K3Y9%2F5aNo5nUeo%2FMJsZO46%2FzX3F%2FO3VWC6uYEDdvz2h%2FRpE%2BmpYB4eJ1RKkejUTqieZlmZSZ5OiRpOK%2FrzY2iiZZn3lt2UdlWdsFZnmc4JB%2Fjd676K%2F8VGi9mS1tpcYymVWUP353iPnwG71qF8OTM%2BvgdJv8B&RelayState=nFjT&SigAlg=http%3A%2F%2Fwww.w3.org%2F2001%2F04%2Fxmldsig-more%23rsa-sha256&Signature=aK%2FMITQaLvMR990bO66vDcrRfjdMXdSymUY1yCah293OhDS4h4b6NvEoY9cEBNA%2FSvr4nMJHMM4qC%2Fb6byUAiMxvVQRQf20zSsYwQtFluWSh3QizxJjGzxekHrZIbqxSjLSZurfSTlkkmXdWnAj5RQlDY%2FVYh5DDWqPUFO%2F79984NfTngpkqSKzFJ7vK5b7iSIVoZejHLpcvcMtAatTK1RAtiYXBAYEHOmyqJI2%2Fhii2NMjcN%2BX%2FaOdGIAZDybNzM0pLJLzyACwoTWHUM%2BP%2ByXEc7jvrWvIFyXtfqRhv7DWfZbrJ3ZHXwL2Ok8uYqV2DCmfqvGKwNLnPkvYwu27DUQ%3D%3D,Login - OPERA Cloud,1
2025-05-26 21:40:17,https://login.oci.oraclecloud.com/v1/logout?nonce=9f1471c1-aa21-4e70-9d53-e1a118f4393c&domain=hgbuiad02prod&domain_ocid=ocid1.domain.oc1..aaaaaaaacuigpodhvv6maozhy6he64rmuhkw7ytdcuyelxll4fkpkuod6mxa&tenant=hgbucloud01&domain_stripe_url=https%3A%2F%2Fidcs-67322d8881824b13b3da16015007f9e2.identity.oraclecloud.com%3A443,Oracle Cloud Infrastructure | Sign Out,1
2025-05-26 21:40:16,https://mtucn1.oraclehospitality.us-ashburn-1.ocs.oraclecloud.com/cloudgate/logout.html?postlogouturl=https://mtucn1.oraclehospitality.us-ashburn-1.ocs.oraclecloud.com/OPERA9/opera/operacloud/?TPLNG=E&TPFLSCRN=Y&_afrRedirect=913157677549345,,1
2025-05-26 21:40:16,https://idcs-67322d8881824b13b3da16015007f9e2.identity.oraclecloud.com/oauth2/v1/userlogout?IDCS_CLIENT_TENANT=idcs-67322d8881824b13b3da16015007f9e2&X-HOST-IDENTIFIER-NAME=mtucn1.oraclehospitality.us-ashburn-1.ocs.oraclecloud.com&IDCS_SESSION_ID=b67a34e27a5b4dcf8d95378dc223496c%3A8df87a&IDCS_CG_ENC_VER=v2&client_id=opera-mtucn1prod&method=encrypt&IDCS_CG_ENC=true&token=01Ap104R5_UECgAAygkAABAgygkAALAJAAAQAJEVg1DNlrLWllXwEEebOOdquM_uPXHR0Tz2pV46pJdlSzFTLnAPnoybP2PAVhj4hkWok6ATLFO0PzoS3pWKGoYjmiF-J75LJNDiySVbk7NL5usqaUJCpYA2uddR6TuHqY5jdw6wMD8-4xAEwk-xXc9jGjfwkLBQvgygDwWeupC325s9LXyvYS6xPxShyEqXLQvNrbrE27NHSdwGS-bYit6GTaY3PwRaAnih7EE1739z33QbLhZ1BpGNrihq9ozqgpLKA8lLbCA5nFJJBhx5EuLQgPmzeXRzObTjCnF6hu4PyM8LzW8Akl17X_8zXfaeRaYMbtZkL_SxJSe3ufTPKn21A33Zq_W-R4k2HB2SD_tqaRZ9cfAiJcfMDAhsQtCPmgjAremalRn6VYPlhwhrgVZYpeTnn7D5gdEAdoLSxl6_Z6O8k1Rb0kst8ED3u4JEQZFVuX1zArnP5KJRWsz-RwWySApoFvWSBvcdI89LWJqp26IRP_r4a2h9lwZ59T35vHqhuKSbktG55tpkH-Bg0YOt-sKupx5PabwJFpjCsLl64LY6WdIXGRlfzzSpJD-DfLJemR21ZOR-6Ol53ECwJpDaZKLaTx8ckPed1Ei86EhLMcQhiAkyQYJ2nfbhBZ0JsxJ4_cIwEc2tkgUZkTwVNkyDRWSR9ucF40RpftpEMQBG8BqZonHnkoDK3a_nNLTPze70xm9Ca9zS5IqOQYz0o9VI5yT2O04g7fZX7YGQb7nG1_EFsjpVGYVv4CkymOevXW6BNISwJC57TfPj986yryNFR2MJFsavJydL_5f5OeE_eBA9KbLMrngbUrlnFHtKGNmZoYRx8mUhgsHkgZJM02b0LYhL1juyjbLPg_D6ipRBO6f4GKTsM_JWSdb6WjGz1Z-DlfuHk3fLtdx3U_40mM_L8vjeZM7ROOEzwUFo5t3IxPVo7Ri1Y9HhcyJuK8s37ZC7JyTTKkCUjirL6h9LCoc-P_eczQGwHYZ3I4RKccbxJ-CIwFXxKEBLxGyLIRvLDe5xrJjvVjEWuYP0AYbHYAfZCKjEbdejIZt_NkIms1pDhrXoqEc8yVJ3gpPhvcn-MGtGciPTI-5FK7r40vEEW20sVJWRcpmU3RdaM1gAJ2jrJyl0uxLo2s9SHt4filEMqn5CWB-arkB4ukbPRJftlUKWFOhqXyjjIOJho87xl46rT_y-u6JFNc1-PYEZhqfP5h5aVwGunmxkbs4GyjOaw5NVIBzEJ3gkfuthP6Tgd6nr6uaPPbewKQiH2Y0GtKocoDj-JMZ5OvbsGALWfExXZabN88DK8rRuo9v7xNLzyzScJ6VQXE0MCsb2b0UtDjjWJQsInjM1LU_b1e0FDNbNWtK1q_5aQf0K4zNxXeM0o5y-EPqIC2ndWycPumbRZ2aZt24NBbulBMicQfLIbZ4frE03s7QQ3U1UWdHf13fQsBGHL4oREktHqZuCnc7xAu_0qQwOmNmYAEAhYnbiEezYMCTog1qTYkxxF6SFXnxfaIhmFrYWUX0jb2r-INlDIBsALuuXlD_1D4e77OdKAmHa6WnfmdOt-I1pSMGNRToF5GL2XXP83hhpGIEW0pxGICJsUng_jUJ-FZU4yVlKuTw8BIkqBAl9Vf4W0RRtdPm1sByJvxEuXgTX8XNLCCQeOLCYHxBsirfwrK8yChSFNKOLi2iDP5kT84XNut4TfHjRJlSN7kWOHW-_oUA4NBRpLLor8__HzDFcx4esa86I6PncrzaqjLuIBUaTmNXI8QPd7QanRuGOMTtB9gdh7UzlbJobplB-3yyGcJn6u6L5y1SgPy_zSvyrI0AfHpFIv8Sg4YTPvAPk28tnMRZxd6Z7BBd4zZv4_vTwxy2yFD36pUB3WyJue-N1fqmod6iCTYeacwD5z1gH5vz0a0oq4tVvwobINE4rxAnxFiVYwIBaDFiujSoZFazH9vVVP5HNHVU7Hu71M0hT9qTP4E7OMEXKWOda_JCm5aL5TI4r-mco1HN7qdPYuWleDp9_oe6IN1eh08OM8ne_aU3A-yHrRFIW8RmBlNRjuKolONjVgm80QuAlWtnwe8vUR55krcd3FTzOrCFvZ8DqYy83HWkH7lDhmz7-t-h0n9uI7oCKt7R67uANk0oXXgwWiO1t5d_Zu6XlooQu83lmsfeMhIAqsYm_jVBKPs6xZo41v38DiFUK-33pyM_vz8ml5vmx-O8KUDF3vkhCODihlTOlJkB-kOt8EIi1orRjXwIFNbKYUgu7oIPQToDSxN9n1X5sM9zEpQT_cCwGOSnP6AH5U-djSmO6Rl5g5dgS7kToDWwViUXXsR7t9g3l07DZBqidYSAMebffcLux_vJJW0wW3SMadm5PCazJuEd-y46otW4jcEX3AZtXZ-U5sge0zCBwy9Hu3-r03GltmK7iW8daf4p9Pnn5H41M-kLypnJxEdeKcGFF3twCn-Gppi4UxmbgZeu7821gByJwlECMaBs6aQXyC9389KDfFsMrlQt1bTa_vyTsVbqnW_JALxD5b-5yrrHYJHnEtMWZDqRp-kzYpJdArZ7StSP1uyoFIf5pveKRF7r8G9fT2QXW663wPrZVfdQeJNLmCXhhH20e_45-aX5X5lGYPTxXYoBdGzCYAckOyhbJeczcN1zy0QsYnchGvfX9A3xRFuVDf_q2U-BWrk1rXflSSGYvCifCkH04jECk-zpex_WnNz4QHreYtuigxfhZgvd1KAGkhIBLwxtIeQHc2jbBpSXLprIWJ-58rsKaII1u2len9L4W5sD2QviEYuDkP_d4gNnw39k_-tbHUugGINyogVDcB4mISMvwysimmdasfvhMtCWRcqL5Wd2i0y1dAIYu7Ry1BexP5ARGDD8E8Vb_Ml_OSuB2JjTgpctdCszLMDKfDDQfgblJe3qexKl7L8xvuP0DPKJ9xUSf9z8jXIuA-QFRBqhlXrdTKRr8URejGE9sQkc6_ZwYJL_nOVHv3SipP2nnLT3kA6iUOfuR2aYq7xOKz0D3eKOJuQuV0x2fWIRykx4dk3wpXpUlk2aXeeDeaHui1TYQ-Q2WvOYeM9_zH60WK7Yxd4RmpzIBASk3AzT9R2JwUiZqAD8OIIjN0FZVzlRhH9_6ptENf1-YUU6akptc96NEL4PAldqqWqGfIx6F-0FAaX8VRc3lVu_eN72-S-QOep_JwG3mJRrEDX74UqpTUnAki_dgFLeBgF1M8De8EEhmv3eKvTOlD8enE-CoG8GWNDJOxjDk57xvn-2nAkKTnS5Xkz21riasyWOG0s4d4eYyHnKx_8BDcSf-U_Mk-7c0QutUV0jzU2sR0pwSsPG4DNjVuWLmklLi5PaKayyuKZsSXeNPkjN-YagZLPCr5owd8ABT59fkl2A9NJ_1r3kNeA,,1
2025-05-26 21:10:53,https://mtucn1.oraclehospitality.us-ashburn-1.ocs.oraclecloud.com/OPERA9/opera/operacloud/faces/opera-cloud-index/OperaCloud?_afrRedirect=911395374785798&_afrPage=1,OPERA Cloud,1
2025-05-26 21:10:46,https://mtucn1.oraclehospitality.us-ashburn-1.ocs.oraclecloud.com/OPERA9/opera/operacloud/faces/adf.task-flow?adf.tfId=opera-cloud-index&adf.tfDoc=/WEB-INF/taskflows/opera-cloud-index.xml&TPLNG=E&_afrLoop=911388158621021&_afrWindowMode=2&Adf-Window-Id=vwpyc4b76&_afrFS=16&_afrMT=screen&_afrMFW=1058&_afrMFH=1460&_afrMFDW=960&_afrMFDH=1440&_afrMFC=8&_afrMFCI=0&_afrMFM=0&_afrMFR=172&_afrMFG=0&_afrMFS=0&_afrMFO=1,Initializing Application,1
2025-05-26 21:10:45,https://idcs-67322d8881824b13b3da16015007f9e2.identity.oraclecloud.com/sso/v1/user/callback/login?nonce=a8b0793e-4402-4736-a1e4-4bccee2799ce,Submit This Form,1
2025-05-26 21:10:45,https://idcs-67322d8881824b13b3da16015007f9e2.identity.oraclecloud.com/oauth2/v1/consent?OCIS_REQ=mGeLBRdj9Vm3aJgFXRY%2B7i7zz3%2FZUAeQd%2ByzwKOa7cB%2FsoUWI1nzzGbSggcqOwXMTPy3fU4362oyFAVJhtSvB4iVK3huyvkBo1FgaMHKu1VYSFLkbP%2FRPq80eH2fMud87Eoc%2FQpNnW5ngigbC63ORzqdBtHLCIxvC8c043rt90dvGAKCCNtrT4%2BX%2BePnMFCZgMXYfUVYaWJbrELvMemaBZ2rK5Z7JgCf8p1zEdkYIcYV0hZGQQLcIYENPA25Q3NYH9WDYL1GK5NbUJ060dFACoOGFlmQ2BiJ0mSSDRDdZCaDDtlFaCfgXH%2FafhqOkv%2Bbr0Gkdvq5pytZOEql1PeARnsnyCRRQEqsetAHIGcX4DOzV2GBkQgW9Vsu1zTacIJ7kKljj88D52NP%2BT%2BKUaZ9%2BKKQZ4hh4sPbdU8enpmiqzRLMBEjmfeLdKRJc1QCRZ1Cehn%2F%2BjkfF%2BDzQwcNQ14J%2BSo34c%2FYxh99EZPgVee2yvAXm9tySLJqmfX36nT2pWTiJj4THIL9GmuE1sz74fFD%2BLqZs6lBYwc%2FolTRtWLrg%2BNoYageNXv9YjkXtbBTkKLIIwdfwH2cW0StJgu7eYY2aCc1IB2YfJrcQLW6vUh8jbrBWn3zV8LinefZDmXOXsFupaqXZ%2B6Q7yPUko0oWV1RFwfDxNZ2MTB%2BxM%2F1wTrruYJiweAgXefFue5ClOmQ3QSnd13ifG%2Bif4aQYEYu%2BRdTfacymdYROEeLR48tQeLsOcw0jksNVMw3xRHiAPQWNDvtDOypoNmJyjfWKWnU3WbEvLV%2BAz%2F1au5fH%2Bvp3lnjVL8jJC7lg9hv8k7mP5kGlIX%2Bh2TLvco0k%2F%2F%2BXG4g3%2Bx1dywIPN%2FvbiW%2BGoGdgZAiaCxGQ6VqfiiZODLhL7YjQbYBPDpKEqNQzCkNe6TSvzfN%2FJwQYEA%2Bx5udB%2FaYTHe8H7yrkK6eagh%2FT2liAtZeCJ%2BVmP8iB2kWvVDhUEBXjU5RSVX0VWx7EtFOkw%2BfY7ofjtvfJtiJkmUAXuT6ibAmEjLpIG44M9THugzhpdkmvHZfDS%2BBCzcU9uSAmAkGlKku1P18Wg5kkDf%2BnKit0RE0%2BOwVOCwOrYIe2Sa26J9cCD0Gn212PlXTd9haCCIVU%2BSMmog1bIkq%2BJ1q3BBZPJ83yU4ig8j2XKv%2B76iYiw1gIcK6keomb1cUark54KTpeCidFxRnVUUe8rkLoNIw%2B5UgKW5zk0YDcNwr4mJ1M712mx4KU6XxJ5ciWAYMQZ63GnJBko8xWjW%2BzURbHmKsU8Zt6J8I8NpQBc5XQhdY2kN1CDiUki4Ee3dBtN4JV8RJNQxNvRaHcIl9VE279jespaA%2FOPiXXUnhtRr4M%2FTLdrGNYNofHxXu%2FheywP0wC2mrSiDaugaoJZ8hlkeiJFSHSgQL0Sq8uT2AQebxLBnAO86otaMYSBOvM42lGfIfXz4HNzBYmwmZatBbYyqzzA6XasJPhA9rPUZIrXMxZYRUEZ2mWYRAkl4%2FUjXlIm%2BZ%2B0fjqgirw0HNQw8I%2BtPXYMTR71H2H6z0bN1IfO9xhT25y5m8yF8z0pWNYC5NM8SDL8qBBfCGCHD%2Fp5Dv2pxeWi8BtPDRSCPYiHLfInfNjcEfpXtfWZx2m7L71qmr3OzJo05pgBn6A8TK6nK4%2FOXj7aWg%2BI%2FXtTZEVoC3agrQDzWvN6O68Zx2TwYMF34KHYbaa9GyEeys68gPm7iFWEuxEhyjeLYr8mcQK9IRfXEaiVM5KlXaAFVVbTsA5GT2Jbp4AXYWIs%2BU9nxLnywzWpKsrlpRZDZ60gVmGhRLsV1Z5TRmklydp20DCwb1%2FOHL6D01%2FQ7T%2BYqYCmtjL%2ByHGdXGTaeB5xRjt2mIU19N4FCfmTq8slhe4TzblFDDO1npzwUfunmoa6zrKBV8%2B7ulBQDo09VrpB7OTaIfvp%2FJeHeCQyOKc%2FF0UpfHKdnbv9zgsoet21%2BWXw7D%2F4irB%2FInK83jYM9pjBH14IBz%2B4hqbCa2Vd%2FYbFXYutlXsgVZnq5V9T9vWEg%2BmHJ7vkMky5%2Ft7tIovzFUAFIGvaFZBC%2BAA5DKAePV6MlplA7MJZr0YMVOi7A5kOD7R1R1mxhoHAQ5fW1PdDId2TLnmmmNSCNG2P2%2FV7weJ9wkU2HPFn8usnfuLsAdSvq5FCpYaRziZ8059AsFQFiZdOTH1kKrdP1FQRjgS4ll8%2FKcYXQRUR2O3zgIwnZoJD12h9z75l97JfbL%2BctDyqmy7esY2zYRhGmPrq3S%2BWMBpaecJEAVjayAS1B3GMIVKc6ZScFyPcu8dRCeDapucaqNxcj7lHg6cOe3EcJeC29sA7ONoQN%2FNru4K3%2B0sYtYvxcnnuwqd3h3LbLBADeCDWiIl7h3TXBds7aSzsp50sKKos%2FaB4irTdnC3qq0O6r%2B6AfPeKt6bTzypakOjhoXO0SrdOJ4Ttt62wMzm8UUjEGp1%2B%2B%2BjZltWKCWJ4XGE3MdQ8jsQxa09aiog9Ly%2FXKMayI%2FoAJw5i1Wy9uXf6Fz2slVvThHb%2BoJN6Kp%2FLjCy6WFEIGrMAgUtovZ4TuXhNWJ1ZX0TtjyHcQ4r70vphdMvBZ8TgpkOc8PywHC6dsNN8KY3LLwwk3fYS58Dn2juSQWWjIMq46tKxUm85%2FP57E6rIpn9lu6uoehdNaQ8hX0lr7Jn3oM7rP0Yzo3dBUIumksTUr1VvpblnYkK%2BLG2QXSvs1vIKPGqokGIHAFNPxC%2B8sXw5gA1hGXVJtv2F572%2FgXaPVMogpDjSFL4G5tg%2BjgwCmOcy%2FtTPFU1smxHYyLx6zWVSxXN%2F5Exjf5T9Ouh37OwbjCNSi6MJ0tNGieqAWCxHd2GkEtMDXelybPIKZr500VquhH53%2F%2BTtPr4JRyauiRZuk8NHHr7kqNUAZqwSOgzava4GenyX78KSSI2toTfQ9ueDxI3C93NKqKBavNDvRjgio8869DoYt31aM7adqQxHiCMSgYlruxLbaQIDHIz2yXercCKjL6yqtniBKddCo44gXUyzd%2BoKqBRrufd1vm5v%2BxLYCyfHoDt66z2yO%2B9pmwCknSWvmNDH4YYOwQm4h%2F04lF0bux6v0cHZLa9BNAaRyLkGharbpzq0nWYSIrWATG769cGnevGWoAlhJXGz3VO7SIn984vtghYKJNWL617F3NTSgjSX2GUZZppTQsE%2Bq6fZTrDJEZlRRnZhMj1WKjG6tyetjhl24KaQdsj4dvmPYZwmIlliCGb6QmtjQD%2BdvxLNqqmd8XoXfcV4KdUvhrOiM2y7XKwKle9mGgtuRB%2FOx7kFt8q76lh222qOBlKsgbwjYT0K%2BLY5L2fElKiD0A2ZG87MjFhEzAjRTGZhp6Gw95p6mB5%2Bmpsl7djKh%2FbjCj%2BWkoafdlvCnGCGCFgEkIKdqK%2BwrRKl3LLAso7nG8gbk6yAtejx6wbDzfPTGvjAsWAFVJG99X%2Fr36HO7QJ%2B77Vlsz%2FiS02UJ8e1VJO8cUqCF8MmWLCTpZajubm%2F7sYAj4TDOEaQm5LaZg%2F2P1GzsUq9qomuaiKplaMKfkIzZuPmReeWxmj%2FZ1dSi40tTlwyb6Jd6gx4IC4UNrdTLQo0koiVBC3404uZpyWXUK%2BAyRV2ae%2F6vJG9Z9CAZNRomcO4vhGF%2FDVZrxJsRX%2FJZ2PpTEhAOjxQt2LgRppDo9CNi7Ifmbak1LLWOPNSqv8F7oC9VTmsrqRFW3gNYqbujmM2kFlaUEne5WU7zZ0E5MLzUThUWdtEPaftyXoXHXYj6Fn7Koa%2BiHcvQuksDrGxpSrsn3e4R3L%2Bz1lxkLCmqyv76cchrqpGps1a4%2BgKj%2FzGWOUTwvP4FeBTIj0wWVNSVz3nhpUumi2qSLgTrhldyPU83L%2BQmHg0%2F2TOliVoJ0p2y1Df1fAHOcGllbvLp1S74rjEdkbrnkxRaHsFV1c%2BvYgbrw1bUzdt1sgwQYAwUtzwgi7%2F1E%2FVER7ZOp2XS26nTFuJ2dIDaroMhHCifm0P8%2FYeI9aceIV3fl4GbRolTzjALF080WzmXti9IxBnM9Q76%2B3GYMP%2FSlG99a9R6OMVQ%2B9UvZfQTif4cZQu%2FVFiZDj44XGeQBBe%2BW4nB3Z1jrpyHdKTNmGnl4MIM3ZU8pC%2FI5qDjfHqH20481O8c7hA%7EIIrYsgf5LF3Rw7FeHfouPdiF%2FjmbwitB9dP6dFjbEq0,Submit This Form,1
2025-05-26 21:10:44,https://login.oci.oraclecloud.com/v2/storeLoginInfo?redirect_uri=aHR0cHM6Ly9pZGNzLTY3MzIyZDg4ODE4MjRiMTNiM2RhMTYwMTUwMDdmOWUyLmlkZW50aXR5Lm9yYWNsZWNsb3VkLmNvbTo0NDMvc3NvL3YxL3VzZXIvY2FsbGJhY2svbG9naW4_bm9uY2U9YThiMDc5M2UtNDQwMi00NzM2LWExZTQtNGJjY2VlMjc5OWNl&access_info=eyJraWQiOiJTSUdOSU5HX0tFWSIsImFsZyI6IlJTMjU2In0.eyJkb21haW5faWQiOiJvY2lkMS5kb21haW4ub2MxLi5hYWFhYWFhYWN1aWdwb2RodnY2bWFvemh5NmhlNjRybXVoa3c3eXRkY3V5ZWx4bGw0Zmtwa3VvZDZteGEiLCJkb21haW4iOiJoZ2J1aWFkMDJwcm9kIiwiZXhwIjoxNzQ4MjkzODU1MTU0LCJpYXQiOjE3NDgyOTM4NDUxNTQsImFjY291bnQiOiJoZ2J1Y2xvdWQwMSIsInVzZXJuYW1lIjoiS1NUT0tFUyJ9.E3jk0PQ4m06tOSnkCipSXRztuw0tU5k1ZELm4muUYSnNIoE4QhKbKxn_ylTh6se5U8BbDTkfWjMgg_fF2GGQvNoEtQvK7ZJpZmJou3F8Cf-1AtWKEI-t5WlEjMsp3YPGrHXQk4WMd_npJdsdj5d0fFf9js9tVA7ejhK6SQB7zKSbLZ9TOBdrWc5gKsoALUiJwdyq-tkNUDHAGHYTGK6H06TGPbJh4Ub7Vvb-be_lBywgeIPBKRYENpkk_d80LJAh7Dgrxg-x7QxeRxF-uSDyTNcbMknB2ct04a3AByFB8U6Gb7MZiqxxAgR2kkl6ygOS8eKzJjpcUOSvlI_-iwj-0Q&is_paas_login=true,Submit This Form,1
2025-05-26 21:10:42,https://idcs-67322d8881824b13b3da16015007f9e2.identity.oraclecloud.com/oauth2/v1/authorize?response_mode=form_post&response_type=id_token&scope=openid&IDCS_CG_ENC_VER=v2&state=CHWfupA6wKW2iX--ftXl6kLtTikQEHOXQ5pk7PYMfDQ&nonce=GPm-yTSYWqSab-vXUSizCNIq4LnYvnaUyeCa-bQ8TdU&IDCS_IS_CLOUDGATE=true&X-HOST-IDENTIFIER-NAME=mtucn1.oraclehospitality.us-ashburn-1.ocs.oraclecloud.com&idcs_app_name=opera-mtucn1prod&policyAppName=opera-mtucn1prod&policyAppTenant=idcs-67322d8881824b13b3da16015007f9e2&idcs_app_resource_url=https%3A%2F%2Fmtucn1.oraclehospitality.us-ashburn-1.ocs.oraclecloud.com%2FOPERA9%2Fopera%2Foperacloud%2F%3FTPLNG%3DE&client_id=opera-mtucn1prod&IDCS_CG_ENC=true&enc=iL4rcmicTqvUAgAAmgIAABAgmgIAAIACAAAQAJHa9DBJfWZ_6EqO-vrSwbcsk6Qw7u6QMPgBnm5mmphXbqKUfBUc5UuLjF3LY8AZzYgvc-iqAR-qt1oXbvI3iT1-hZNsbbOR6osiEhFAsC41izWzeHk6Bs4vC-XSXvPzJHsyksADKQCYic3dIP0rNLJGNJEcTmHQTl1bfmfg5r7IEGFfmtE22Lj4TaoywOFeR23ifdeoSIBE1YoOHmvr4k9vrKki9EtlN2QlgyeroN7-2Rw7xBBx-6jY6XU2WHVaphrYCXfC7lus589a_4yOSpFHYYK7ClJN_1UK7wwIYKnH1jiqPf8x0Ax_aqSZb7gTAiKPcG8TLK83hAyEqjeJhTCowjfxkfYY39qwtsG9aTqhiEZNAoyc7Ltx8AwfD6-uGO_-jQ_WNPq3bcM_2uElF3MaGI3l5uMglUQPZNtg_hIeL5pHhSikN5E4cKAJ5HJpKcAOsYP2bNsoKmPSGlWjl5-7DUUlktfUnKrUG2hdi2V9FVLX3CbafC4yPoeKqw9hT5kZhYZBMm0lJW_BoCzhQytjwFd6Qm5HsvYlP9VzEg7Cos8NOQkfAuylpfMNQyFxespPBEVNEVOvLDjqZx3HjaJCIaEPLJcOGEyfsl9-X-GHD_F97MdPZJBezJydmUtvjI5sPTwmmAZ8JlcJxbpLeIni1Y9GdFZOToHhwnBK4Hb4wr1vcVZuVA9fPlp3DYFw0GXQ1W-5a5uKyfGkMiiSRRFECkisp77aXGDyqLhML81fuwf0QhXBtt2wY4edIYoxSTRAMEGzIfZvLxmXLm0vhkaYyaL_qPMzRC3eyxT09HjqlfC3cvojZCD5CiPBmMYt11-mGkDC2VrKxCraEk6NMdGSLflXLKNTF-i0b9laORBjHzbcPBK02WxgxYPVXogYT0H3cGMZ8dRE7V9gX1H11nj7sSjuqIxmT_eBSu4dbEt6,Login - OPERA Cloud,1
2025-05-26 21:10:42,https://hu05-ssd-ohs.oracleindustry.com/oamfed/idp/samlv20?SAMLRequest=hVPRbuIwEPyVyH1O7JhAqUWoaFF1iHKHSu6E7s3YBlw5Nud1Svn7c6CReg%2Fl3qzVzOzM7np0%2F16b5E150M6WKM8ISpQVTmq7K9HP6ikdogQCt5IbZ1WJTgrQ%2FXgEvDYHNmnC3r6oP42CkEQhC%2By9T0iJGm%2BZ46CBWV4rYEGw1WTxzGhG2MG7rTaxyEPwetMExdaRhDoB0CXah3BgGB%2BPx%2BzYy5zfYUpIjteL55XYq5qn2ramhOpYrZ%2FrbTmA8iGm7Cgx5peNSIEjKCJuOrQEvfsCTjC5a%2BEt5OazocN%2FBxGccAYly4%2FXg7aXwV%2BjbS4gYN%2Bqapkuf6wqlDw5L9R5GyXacgNxLtO4E215OO%2B19Q3R%2BL4h%2FRRApm4P0T4XRkW1BoI%2FZcLV2PF6qyTW8oDbAG80rmUG0KjZed6hRJTQfhpF6KCiOcsJK%2BhvlPzqDoi2BzSblkjLlOjq4XXdn84f54NXoXI%2FH%2Fj5S1CLtEjR5YTYWdy3%2FmseruduK1F1e4bG7QUdTmjcJdNSQDq47VEqh8NhPqTFJu9tepLnA5LH87rd3imaaXnhfWQXxjWyDc6Koodj8hH%2B5Kq78u%2Bx8Wy6dEaLUzIxxh0fveIhfobgG4Xw%2BML69zuM%2FwI%3D&RelayState=Hq9z&SigAlg=http%3A%2F%2Fwww.w3.org%2F2001%2F04%2Fxmldsig-more%23rsa-sha256&Signature=KhQHBOPwYTWk35rKCHkWRWCXMGRFQOTp72dE4bZYz9i9i%2FUZHSoCv3Fguk0st9Y243ZlM8SO9%2FZziSXCZBpAM2CjlDDPeGTocHp3xCOBExghHwK3ZeMnU4zCTMWXzQMJ4FL0zBhpwC2XV3qHZqYvoXGuJ7WLsU%2BhE%2FsQagXh13CoenMUEAtIhXbsDPnhcbQ8BPFs1BtWNv6aFbuv%2BLv0eJAfMplS0fGji4Wj40l9tbxL4ISVRO2D6tCXX%2FkHu6n7%2Blt2MYrYCAbPCazwC5WSBamCZ4f93j3dTOX5IxNrhyP2AQBHW%2BwhuRRGRNF4K%2FoGIiZBpT5n8k8Ghjg7cTy2Eg%3D%3D,Login - OPERA Cloud,1
2025-05-26 20:35:47,https://idcs-67322d8881824b13b3da16015007f9e2.identity.oraclecloud.com/sso/v1/user/logout?nonce=594630af-6b66-4a92-a0dc-723b9b002206&tenant=hgbucloud01&domain_ocid=ocid1.domain.oc1..aaaaaaaacuigpodhvv6maozhy6he64rmuhkw7ytdcuyelxll4fkpkuod6mxa,Login - OPERA Cloud,1
2025-05-26 20:35:47,https://hu05-ssd-ohs.oracleindustry.com/oamfed/idp/samlv20?SAMLRequest=hVNdb9owFP0rkfucxHESGixC1UI7Ieg2LYDY3kxsiLXEprlOA%2F9%2BDhCpq9T29erc83Xt0d2xKp1XUYPUKkWBh5EjVK65VPsUrZZPboIcMExxVmolUnQSgO7GI2BVeaALvdeN%2BSVeGgHGsUwK6DHGOEVNrahmIIEqVgmgJqfZ%2FfOCEg%2FTQ613srRDZkwtt40RdGOXUE8AMkWFMQfq%2B23bem3o6XrvE4wDf%2FO8yPJCVMyVqnOVi36rM%2FS5LAMQtbEx%2BxWb80MhHPkWZBE3PZqD3H8Axz4edvAOcvPW0OHLIozOdYmcqe1PKmbOR%2Bg0wIoUDY5dAO7qAqwUy0shFW%2FA1Ccv15WvWbUT3Jf84Hdir8RWOANoxOzcjUkRwSR2LQkZLAmmYUyjwR%2FkrPtrk%2B7as2mKJHfb%2BcsD%2BdssjhPysCrU%2BjSpoqBNstq0Lrrcm57Ja%2BdJ1xUzn0frJpZ1d4bapo00JzTuk0megzu4DQnhSZIECYm2QbgNOQsGOLBP4XY3FMST%2FLJ3zZ6XuuFdcBpFoW%2BTj%2Fw3rq4Wv1vd2fRLi4EXvLdYMVnec14LADSeZ8sf88fsqnAh7R99ZhG2vpni4ji2BLFZT35npV4k3%2FC8yYp4mGO%2BXQV5tR42Wm4CUix3PyePF7J3%2B%2F3wv580%2Fgc%3D&SigAlg=http%3A%2F%2Fwww.w3.org%2F2001%2F04%2Fxmldsig-more%23rsa-sha256&Signature=RLzoJkz3spaovrfi04Jp94ATlG40Q6TP5p%2FIPhZag1sa53UbgpFr6OqVB5QA6VifZa4T1WbY0zPUzyZejqSSGStLBzukDeW%2FC5K5tdxeT98TxqxrkHEVGoBzU2uMoj3VEeyirRuT0VgvDhbgsRCFbi%2FkCY4SoHYtkg%2Fhi0ZjMN6ueOUbWlepwV4YoLAhmlWZHhCi6ivIdqbIEQ%2FZsOPtWCy8T6KSYKRL2xyH9IMpABM%2F5Od1KbKV3eB8ijjxOAtRNfzDP0RXUyIxs8vMz49CVqrGdyDiEpoppiYw6oiO55RzE5nnMa71HFKB3nMnOrnFLc6T6970hrmzeGwXkPWoAw%3D%3D,Login - OPERA Cloud,1
2025-05-26 20:35:47,https://idcs-67322d8881824b13b3da16015007f9e2.identity.oraclecloud.com/oauth2/v1/authorize?response_mode=form_post&response_type=id_token&scope=openid&IDCS_CG_ENC_VER=v2&state=FFc1Wi0Lbyy0gliwVPRNI6wRLQR5qoLLX7dBS_BNI2o&nonce=a7dAtiE0CN76CS6ZHMYvMm2kmSp28uMdDdzurlHOkMM&IDCS_IS_CLOUDGATE=true&X-HOST-IDENTIFIER-NAME=mtucn1.oraclehospitality.us-ashburn-1.ocs.oraclecloud.com&idcs_app_name=opera-mtucn1prod&policyAppName=opera-mtucn1prod&policyAppTenant=idcs-67322d8881824b13b3da16015007f9e2&idcs_app_resource_url=https%3A%2F%2Fmtucn1.oraclehospitality.us-ashburn-1.ocs.oraclecloud.com%2FOPERA9%2Fopera%2Foperacloud%2F%3FTPLNG%3DE&client_id=opera-mtucn1prod&IDCS_CG_ENC=true&enc=e0b1Ueq4g0fUAgAAmgIAABAgmgIAAIACAAAQAGN2TRm-BWsiUGzTggNOMr-eW2TiumqCwZXCyI-mxO8goXDRPkVt29_SDVw5GJIsvJ87RjlKYSNaSYsAw2EyBk1fms_hgfffVtF0yXrikw_q65gP_VhvZz-T5pjCngc9yGmd2AQYz8et3hlIZuffAmfNYrVcbeYzt2HBHXsGUsH4hzZ9KnbdiZqYARHDzlx6ZzpUSDnALoEjY9xmpW8txkdZGPhxXFZ9CmnaZNZEieKlbNJq9--cpxE7GO1cOBGrlDmotHZnx4mOmLE_vRy-QCmoOO1aYENg6_xRz4904CowtJkWSF3WItUxIpeRBtK_1x5NHKbKAU8wOBcDXUTeoGjO9PIJm0noEQ0MlP8nDIMCMqrEIYTyuu65qzio11GrLqT1y1XT8uTIRZZVpuq1B0S0z3EFKVV7jbp0Rtm8hGiP7QF95A1582v8Ce5t7Z4LDdqogE67vG3h5n-kKSKwDEKWhcEP0Ho3iFfLhjeuKYPrsC7plkCLFagu1jCpk5Q02x1MeWnzzIwIksTkV9fa29sYp0KTB-GegwY1Ux0lM3wwTz75iuNcjNvS-VOo_h0LABanEcYKmq1frpjhSv2yd9-yCDZ9QbZfnIX_VaV9B2SDejaZV4XJgRpiZaKssYRGnoSPzXkQdHyqtPp-cU-_R2q2UyK1gTxRIDnAQiO9CISBKyLch72saWQj259mFEV5Mq2CMKlUY3P_mwJu0aB1L1A2w1HQTee4YYdY0v-Tcd1KUTwSIEErWeuo84GBSeToX01H8-pd7w4geGicIZocU7dzP34mbwoYS3QVAaPyCyST1idoBvNYED6lfDrKmYbiL0XauDs1wHdP-uYNHaHYXIj7mXyDn0TZSM_LvDEUpykzxeNNCtJJ6vBXH9ZJFK3OIuYZ1wVQ9JfEdW3qq7zB32a6Yxi0LRrS_z6P9z-E3cyh,Login - OPERA Cloud,1
2025-05-26 20:35:47,https://hu05-ssd-ohs.oracleindustry.com/oamfed/idp/samlv20?SAMLRequest=hVPRbuIwEPyVyH127DhAg0WouKPVIUGPO7iq1zcnNmDJsbmsA%2BXvz4FGah9K36zVzOzM7np091qZ6KBq0M7mKIkpipQtndR2m6M%2F6wecoQi8sFIYZ1WOTgrQ3XgEojJ7Pmn8zv5W%2FxoFPgpCFvhrn9IcNbXlToAGbkWlgPuSryaLOWcx5fvabbQJReF9rYvGK%2F4cSKgTAJ2jnfd7TsjxeIyPaezqLWGUJuR5MV%2BVO1UJrG1rqlQdq%2FVzva0AULUPKTtKiPlpI9ojARQQNx1agt5%2BAqeEDlt4C7l5b2j%2F5SC8K51B0fLt9U3by%2BCv0YoLCPiP9XqJlz9XaxQ9uLpU523kaCMMhLlMw060Ff6819Y3BOO7hvYxgMRuB8G%2BKI0Kag34%2BhSXriJOVBsliZZ70gY4sLCWGUCjZud5%2Bxwxyvo4iLDBmlGe9nkve0HRU3dArD2g2TRHWuK%2FBZ4%2F9X%2B9uEJMDtMlXtADZffDSSrvMbqcED%2BL163%2FSvjrudtKUN2coWF7XvsTGnfJtCwBD25TxmSWZUnGekWSFqkUyYAm4bxuN0PFYi0vvLfspXGNbIPzXi8lIfmIvHPVXfljaDybLp3R5SmaGOOO32slfPgMvm4UIuML6%2BN3GP8H&RelayState=5uGK&SigAlg=http%3A%2F%2Fwww.w3.org%2F2001%2F04%2Fxmldsig-more%23rsa-sha256&Signature=GFxbXPGkCZLd%2B8BUbvtc2mTk6dsgK6bS1JNmQf6IVYEC8OvMzoSgh9pC6oKYR4VrdcSDfvjPyX9qzT%2FJDZ%2F0mRT1C%2BvmTUw5jvRqLykUTfgyYZCNnCkuT9ukbuEWuNSPNnQ9tdr86fDYqGXAdWkmh9VdeOYz3%2FhHVFXp6fM%2BbyL4Hshefk64StfInJkZULEpPg%2FyWHKZVUobs4nFKSaMz8YiLMOZocwh47vVsOr8ZFc6Oo3V1ZjoTuoxFFbGmxbk7u5iZUkOR0EXN%2FwOUgtIQmPkFnBsousm2Xq31qG6E%2BqwV%2BJ6wfipHJv3%2F2toNKFYwMjTUe6Fe12ZLGPtCsp5IA%3D%3D,Login - OPERA Cloud,1
2025-05-26 20:35:43,https://login.oci.oraclecloud.com/v1/logout?nonce=594630af-6b66-4a92-a0dc-723b9b002206&domain=hgbuiad02prod&domain_ocid=ocid1.domain.oc1..aaaaaaaacuigpodhvv6maozhy6he64rmuhkw7ytdcuyelxll4fkpkuod6mxa&tenant=hgbucloud01&domain_stripe_url=https%3A%2F%2Fidcs-67322d8881824b13b3da16015007f9e2.identity.oraclecloud.com%3A443,Oracle Cloud Infrastructure | Sign Out,1
2025-05-26 20:35:42,https://mtucn1.oraclehospitality.us-ashburn-1.ocs.oraclecloud.com/cloudgate/logout.html?postlogouturl=https://mtucn1.oraclehospitality.us-ashburn-1.ocs.oraclecloud.com/OPERA9/opera/operacloud/?TPLNG=E&TPFLSCRN=Y&_afrRedirect=390577099407723,,1
2025-05-26 20:35:42,https://idcs-67322d8881824b13b3da16015007f9e2.identity.oraclecloud.com/oauth2/v1/userlogout?IDCS_CLIENT_TENANT=idcs-67322d8881824b13b3da16015007f9e2&X-HOST-IDENTIFIER-NAME=mtucn1.oraclehospitality.us-ashburn-1.ocs.oraclecloud.com&IDCS_SESSION_ID=b67198c8da974dd5b07375c8cfba754b%3A8df87a&IDCS_CG_ENC_VER=v2&client_id=opera-mtucn1prod&method=encrypt&IDCS_CG_ENC=true&token=3PIStyNBcc8ECgAAygkAABAgygkAALAJAAAQAA6A7uoDs_c--Cm1B5rmH_m67S1IeK31Um9MKxnu3oMTpLhCR8_7Y3dMU5cv-UakCLzQb4ILY2oq4hsn8S67Kqbhwxf3icRq385XuO5m4V3ln3PVJ0RUHNdibj2AFpc0v772OwFunKiskREO4OTXheynM-mcZfk8VB1OEK1DipPvGrH5heoPdLvbcxVI-VZVAaoL30xaCe47iLOqrCuK_9QsYrCjb_NOxkM9upg0otI7jm8o0vPJUIpmfctHrqn2PCTzY6z3N9BI7pq7tAShCr0z02jneF1H5gC2AkwyliPpQ_fZdZdvnmn8NE-R5CaH9n8d2mV3PaRyhYeOhiMzMO9XMTkua7vBTlNudNEaxes0S0dY723w44ratqeEwuVMNIFasqmaBuaj0xQSetIsZsE8BAzXIHy8oGTWKYp1oCZgvXrp-kWvNmrbv0uxF12ASsBIT796wFJlJD5TyfYjS0XzasMdL96lTODD78qXH9K5X53NnPGtxoWZmGeJLJMORxaTTX2dd5GyGbpe2ioCLLUixuiATvN9tQk-NRXHE6eG8GnzU_BW5A0BKt7ADKogXz2YPkuHBgook1TmN-yGm0_9Rhf4jTc5-V-t1NLuYkjuCNHPnwFa91OfsVUZcDyCuk2aqZ363XIrmd4VD3ynUXsTozgUP7d9ZUpvFN3JqHqbGHhHH6yF63Yjd7obS0KaqtuqfI8sMxZqpDC0YKGExJH0fIE84ODfrIGSyMMCBCzzavt_AAxK1-iL_w7TRFwQNIwPejQ_qUuqXh9WH-4yMIUbF2ZlWWxKZEmN0-hPBhj8H83wWqS_YARy3XCsyXn3KWG7Zx35S-o7GAIElxmVKxUh89FiBoyboX9d7TQlZZnCBuHUNDvnADb_xBY0_pORNF1DdGtoZ6xEa8MSlqLx1K9Z56mljC_T1VNbAwa2ePH2JfEGBcEYuQvkaKDZ-1cmHYGD1xyzR1TBOhLsREmVvTdpZcou1qcHGql32i3A3TEwaxmiFUBIkWbtf3mITKR7CpP_mrjiY66raVrzAvQvMPaCPRDQMBP2jhfg1bwVTJVL7xs3WLPTqrjLsGMKWaM4G3Xn-mVtybJB4iP9j8RnU1bbjN9o4smtcv67M7GtWBU7W-eo-0vqycyx19SHgNxk4dwJ0tygvGiRvG9IPOCGAPkiFAbQiaE9Ffd8XKwf0IlpMMAsKj9m3RrPF_kGXeTbEg2ynQ9JmIshTclsq9OpJZQo6_fb85X4lQ2GaoXhbCmxHAZgmZ_pXy0F7UzR4JsPar0Gma_lQuI7KasLv3W2Udu3_W6NKx4UprdA6fVIdlrgDZvxWYzpNpqpLAO0CvJhi-LtaEDG1gpW8Zh1OFbw608nTxcocEec1Nip-1mogfDPrfDqa3F9p6xo0MaJdDmENTydSi-hhykzdAH4wXnTP6Arnc0nnilWbAg0S2ShgsmLCRxBqyaPH-N1W8HSMTtPhIo3oAcjv42MxUp_Iz8l2G4N4871sTyxkeDsle-vHrwIhAkChFpP-Pw0okth-Tgmmf0D8dF2Z6muzXgWmtYh41BJJlHWSpi0YV_a_m_zbstGTi_MUWseGBYDMBiUSKpe424hWR1_czFdmmiYV7HsDLMffv9cfImWYTgUTaIcAbQgXR4zlDGqp27TET6fqHGbVp-LeeTR006_VG-lTmWGCAWuqUZqt85r5a1irt8fFeKo0botaUOJAZlSGfLye4r8Gdiev1AH2glg5JtAX0wJUGaQ4bBqB7WikboQ919EOUJtpbk15fk0ZTgBveq591O7z9FWc_kwiomrrIOWBCn0FcEbbLy6HYNAu1PxtXfrF9Ce44VinJTzkK7GWZopWz9xDSdv8LFCvJiYkwfAhhyEkcVpfi0KDMnjG7ta_K-QQGuUrdc80sVCuoCJJFHjMYwX4y6UICP6onTaPBnDUTuO75fTX-1GLTUwS19_EO1EQXh_WtG0YCYa9aim9d642M8rWScQ2NCW6Z2cDWB48G_iJxDLoCft49WHkm3Z9Ebp5d21Eef4sZy3m_TnJ4OvVcObz7DrgThID1A4OVz4Avqj5J6PiHFSnUYeuBtn5Jnf681Mr2BuL2fCqZ7-wVkVeOWuH6yyuYjccVXvCUXCBpJ4tIoBNYx8VbdhPH2ietmzgFkvqvlf84i5L172BWOyHActbehPr45FTlR1b3HdYV4g9dh9lL9vRrQaQke3USJwwUqJGnL6R-fXZB_TF5VVBjA3nH9ndMto2yTues48DTdkXh3ga-V1vvhQv9D6UQVkbwr5S0BVn-p-rH96CF-UaVkA_29dspR9o9_cas2F2ju6Of24JhfyY3TGCe8Gn9n2EFbHmrI31AGSXnSjoAPqF5YU1tj1lEP0yLfBaAXuDSiPOuswqrA-npjwY0oGnkOOrHub-S5N18NlIKbCj2HVQP33qefxgPkIG7S07-wlidiLGj-2TDoTD4_IAj4tj4rAyGNc2L2pMQ-b0VkvPoV6ajxerzkIMWCBBEUeR22OYi-wBGCiLHEzd9jJzLUkePUxf3SVHwqpxxN9C7bO_0X5QiM-LBo0e3kPoHERN8ppAoQ4rxlD0BuMtND51LYCCEIy8QDTlHar4LiCIZO5kmQ3Nj7zOqhCEPp1hiQL7FCyoV4ccrdT825wu5Xkjf6TGlQyRsEBFbWdXm3dhbe7QmAbBJEkFBlUoIO1jG8HF58K1JZbe5iT_89SSBgV-hbFnegDuKfBF_sMk4Y44zmTfwah6Yi2fe2GrtfrGsEllUZzLHMaZI8nmSDX60ICSq9CJsQ8MaTYkQfam4z0l-ZVhyZn_6tY-fPh3JA1M-bfKzgdYGr7aW0vmyEXyI09AeJ9zko2ick0VISCvVTdwDEA7B3cj0hT8P942JvIMzCwKrIiCFnQBmjaybLBH_SDPYDNyM0yhO0mB0tCbQjvkU6yM0OgBKf5MNrszAw-RXyRc8h5gqySmDevFqQXoCtVDk_swFxNrLhMnSFGu-A8u5Zn6H0iAQb43jZNfPx3DF9paMLv5NnXI16Cs2cVgyTZ58fk6r06UNXaWZIn731jBQQC6fTHLKz5hRYIdzANA0M11DmCPKvQhBE__2f4QBc-2xsQbHSCM1l3Mde_IvYbxEqwoeNs4p9g66tXU7qOTYL56srHnm8RkREWHQF2s74HD3cc1GKZbzCI-DQgn2kDv0chW0s7LwJE5d31drj8PR8v4aMOsPCOU0xFTsPt6TUZO-CQA4w8HsIxK2bwQapLIZgdufCMr1mUqlVue6HIB6kq0Eg82Y-DKFt1BpXwKtQVqWKS_oP0PWoIgxPc1jZ6hDnNjl0rx0tl5UYvt-qpoS6-I-iW6nN6XDdcbAIxRGJEcBHJJGr6WUKdsZp275ZeGigftcc8XAhkfw,,1
2025-05-26 20:20:19,https://mtucn1.oraclehospitality.us-ashburn-1.ocs.oraclecloud.com/OPERA9/opera/operacloud/faces/opera-cloud-index/OperaCloud?_afrRedirect=389654911049515&_afrPage=1,OPERA Cloud,1
2025-05-26 20:20:11,https://mtucn1.oraclehospitality.us-ashburn-1.ocs.oraclecloud.com/OPERA9/opera/operacloud/faces/adf.task-flow?adf.tfId=opera-cloud-index&adf.tfDoc=/WEB-INF/taskflows/opera-cloud-index.xml&_afrLoop=389646449148658&_afrWindowMode=2&Adf-Window-Id=etcg10sc3&_afrFS=16&_afrMT=screen&_afrMFW=1058&_afrMFH=1460&_afrMFDW=960&_afrMFDH=1440&_afrMFC=8&_afrMFCI=0&_afrMFM=0&_afrMFR=172&_afrMFG=0&_afrMFS=0&_afrMFO=1,Initializing Application,1
2025-05-26 20:20:09,https://idcs-67322d8881824b13b3da16015007f9e2.identity.oraclecloud.com/sso/v1/user/callback/login?nonce=d65691cc-0683-4358-9630-2dca406951a1,Submit This Form,1
2025-05-26 20:20:09,https://idcs-67322d8881824b13b3da16015007f9e2.identity.oraclecloud.com/oauth2/v1/consent?OCIS_REQ=GKrznh1V7D6Rvx%2B%2Bq%2BsVh0WppQ0fdUqVL69fb5%2BLeqLOY9ay%2FQqjzRqzOkt%2F6T8bCV5w7uPVmPKyC5eetgEcavyf1moYqv9WZXWBV60tCIOhwyaQ5hqRJeVHww%2F9kgFdZQe87%2B9M93R540v5CI5H8kDxPxKPQmJcB9m1pMVuiPj4QvZ57cSQKc5yzynNCZK1cuW7eTOVIunJzVCwg5RwMpUKaMlYNLagAcnaKOSZ7IskSbd0ni3M8u9HIJM0ExJjOOB1piEyQUq1sFIJFgO9Ua83Yp7Nkv2DH7%2FB%2BLy3fwSzDEmAJ2UswIHEerxD%2F%2Ffj2xqWMVaNilkAap7OkEMey7edv3pRlUuAT%2F%2F5UFPjZqQztucSNxakfP1ZS8vcoyTm%2FjsfXmwuopj1HcaL2aMseGKGcU3e7ELzvGeSStPTxIIh3vN6tMxGmp%2Fn4QC0NqZkfEr7yOLWsTQS64y1OFDlIeOk6KhxgKmVhF8%2FADcIY4%2FDLKdaLI2vRcc0FG5gToJiLDNP68AbolO6CVPBV9IJS7Od2BymBgbBcjTjH6b1tuAelwKofAWVqHc%2FBc2%2BvRx3llOxAvj5fVshJDnGFISgZZkwSDOIdIwga%2BcPEmfqP5B3yw%2FY6l2q6fhzknNJj%2FCXNrfv016vk%2FZiY4m6YMVYA%2FguGVefDC2bzoloa5H0LUcBaCL0mJ%2F2lw8%2BAedmdBYOum%2BkMha7zAqjg4a1OTqM4JNNpb3mDV4vCua17DiNYFqyIv9itzjHtzAGojKBkFwKdMZDH3yDJhfCZGYPo3smjruKze1oWAjHw8COOCMnTS706eePV2RZwMa5HJPpsIxZ19lDqp%2FsKFfxjtiEr4zC%2FoROvFncPhvoG8JS%2Bn9e9LFHG8kODE2SiqK7MH3GNsORh2a85xPQHu%2B3r6ALnmdPc%2BkCxL%2FXxBK7nSREzvZL5rBIRQSPslzHmLszrFG6USr3iCMcD%2BT9aDkGdnH%2BrSAg%2FsS1H5dq6bKeR2M8VUlvzJw72PXi6C%2Bv9KyAMwW9S4sxwyg1EJNrcYjt5rIadBd5b%2BaVIeoBYIcuWFvOjqEULryN3migHKkJ1UzWLPJYjr0mY%2Fl%2BK2YsHVReGzB4PTIh71obpnNb0b7dDgR7EbGflfN3KvtbJCGz3SEewjCEN7aY7upcTPjjb5JUFOAmXcAXFoSyMlLM8SPconu%2FJsJJkTXAdmiNJTbazBzyDreMJZdR3wnqMKYyOkhxaskcHX9QMOHVQXf9G1Q%2FvdPD8WvhV2WtO9Hkn%2FbSIcBJ10na7qcNuLqVaqko4jh8imsCt03AX%2F1Fm3K4yDkmgkm%2BIkb%2FExVQbgL9MGC5sbOFwsU%2FJM%2BYV9z28Vcqcicc0uyweZp3gtoOLYjAqRw3%2Bcpk7L3s289M3APPkOSaR7nQjlIX34sW57nCIaYgbQHj%2Fs9sKGE75qwe79XMWxDOS9uD8TjeyoehW39sqD%2Fnp5ZBgdo%2FK%2FYKBh06urvCcGCANj%2FJftLCjCspG2afRfLTyrE9o4lYMwrrynxe2Mspk0u%2F0TUdMb7wAFE7p77WTnV3jkDUyNnYcgSEG4INXajVXhT3YcyCVf3McAmkjoi4HbXl2U7rfa4AWetMBQd5TgRgeOR3VgqUtCo%2B0QGQggK%2FYLVhr30aGdlPb1RUFEgM%2BAY477wOmTh7%2Fp5Wp1Cl%2FR5byPfsczOhJPsEn1MIoPIASf4h50s8Gg%2BZ41T%2Fz7EIpfC7oYxoZbPltsOsISMbzp4s%2Fa%2FghHZzgmes4QefSxvrAxRvtiq1PlZCsjCk7LJBpTyUvUxNcx%2BXaRZL6GWun6M7qDIShzbtWEEF7daFfIRdsuX7nODx8Au5jCEBHkZtoIJEP7m2TMXgF26mbeawLO%2BHsLyhjG%2FkvvYxUENa9Ftt8R21qaCyF7b3qYa05n09SsDqMdOydOhmGf9L2I7aNVTPNd12LquvNuvgUlx2HEaG9AG0XKAyjSypvz9awrHwV2HI5yV98RP8UeyZHU3HGJ5jbBYEKOXr10yIovTdn4eWyvoYxe83CFhLjjzRw4ZQk3K%2FP4mHElUV9vURpNBj%2BYT6dFZIJQu%2Bp%2BWme%2BoM%2BHXxvCLhH9%2FlH3ABL4DHabVipY5UdzMVltTCAP9pluhOVDamkJLChsa4diF%2BiXazajxxoFN4v90taUEqrZQJcF48DPzxIWZee0LdDb%2Bm63Hw2hlMJHZnHeFwSzO7YqpFd79G7XCf3XPvWCD7sbtl7tYzxqf8Vr3Qa4f5%2FON78tHTOAC5t8HYjJ8EgW%2BjNeqLK82AcYdcban9cym59xtWaGf0pRGUeshUrwb4%2FoUfkHlFGfeKWgCbUIybiTFPrHTqreDL4GWhTROfRHUOLwVhdKPFsuu8zx71MmZ2OW0spvcOBbf01lBeVD9GHWhWnDU%2FnHmysRjXXYTa0R1uSz%2FxG9SIPA01SL4%2BXSMMEC64QFXhX2yc6asZUC0273sPn%2BK3m6jn4MHnN4Vp0vKSqvLl3Q6hqWTSQ9gqQ7w8HLR055jBM%2FhGP4VKrlxQdTk8GbDIh4KzFpzZilnnd5hVFXkaEnJBaVQyFDomT43vMFZm3CitRU1ZraNcTalPekrk5ntFmNEXyxt9mzvGD6G80fnbRSGsBQP%2B63zjuykeJJ9Rc9YhFPlRTUpWsTZPlh8rtRH%2FWP150MG5X7JEc3vkWFbdxjGEkS5hNnkkV2%2FctfcQyjENKPHlKn5pd6Ml7BPPUR%2FJ6DoMsLdtLM2xaS1hMEQlmyb1Vm%2B5JiGMUNT%2FhzEG1Lh%2F%2FAIwoqBX1dCJ5WlS4Z%2FmoaF0zvRO1tlFmqmyFtYVTBjwNUBdygRQ1CJyCMw00%2Fr%2Fs%2F5OVwkXh5V%2BjzWUMiUXdEqOUuXbo33CMQA912dKqkSKvv2J83TOg5842RMGmF%2BuBz%2FfZoDEFzQTkljOsbXLAyHAFsCzxk2pUTSzQ4oosN%2BrF212p7rS1e%2Bdwz%2FDFIaVl7CdZHrZ7as52v4iAxOtps0CQSBeubhsjlQwzweDRVumstw0WFZQ47QrsOO89ECsC4sd%2BrXVwfkycxHCNEcTEDP0r9il8QoMHw67Cb7LpMG59EMEHKsBW2pSqAS97NXFrrFwKiVMILY921T%2FlF1If%2Fqur6SJLcXEY1YK8JS9r2v1kTF1OTk%2BInGnNMpc8AtnPMeLxbcAp5tbLZ0REyrviuXRTu4pEUiZm7zDxcWd930CB32Z39jZVpBR%2Bc2cbs1NWEsfuNbVlqGOCGCQ1Pm7fWeGeE14IH5kgWtZZbwwg26rSi8iegrW1jZ%2F22mM73gk9kIuASMfAVAVmD1kCNMESH5oe6CgAzSUYKgZO53eZNfYs8BRAOEfQGZuKzI8SYFEWu6HLNIvKLqKztcJEP4pOLBFoRc8wCkdsXjrn5P9vfad5mo1NgEijWhvXUiUzuRVNchO9ksVsgmq%2FDAiWleTgEJK%2F6D56WV9zkmJL5oVwj8ymuCdh6m%2Bcb27Eu050K8nIwICQKpaQfD0uLdRshm%2FcN7qrh4XQMEvpig9aK6%2B1H4Zsz4eC2uciXKWkFZQwNH9zy0TiFXOcRKADB8rLgV%2BQoIlzvjmxvjpfx4hrHuy5%2BGxmk45hs5%2FXONoJYbKvEQmcqjgZLXHowicoFckwAck92AZTO6lVdccZkb%2Bp0kFcMpoGwS9teYfE0qq1MeA7vytIvN2aMmOycjD2UxGiNYlGZYaHUeIJm9%2BIwDMWSMCeMp1RQ498ez0DenvgrO0F02KRYzTG0glKkHFvDFpxG78PZ2t2c7O4HyV6zsLMqBOqoAAIxKDT60q9fHS0HQNpquM9bvLrLP%2BQGyWEx9AXu2HT7Fhl36yval%2F%2BcXHfmBxaR4mwNv9LfIuU67gQuVP1tl67239n5n8f67g3WM6%2FI0TxkqoAS6QIWceB0pT4L%2BKI4plgqH4VElBnm7Cq%2FIWDGm6a87YPpKAUPS91VNW%2FOh8NAsIECViVhHVTusVIn05pbq4NwyqlGkPaWXH7z5ObF%2B%2FUNiFneWpZt8XvSDk9ZXWhJOty69g6DaweH2n7mEc1h85qHOw7b1xGrdRhXwxA%2B6AK2hg%2F19YWRsqg2JHKcgKUtVLdS%2Fblk9iCumNAmoFxFZLdI%2BcZW9p%2BUyZRUGUNk1gVG8FV4jhqPK9Jg0gn7gs0l95PXOrY%2BQDeAYjGz0Prvqr%2BKhwlax9gY%2B25bgTZ0MZRdqmKuqvUPop%2BguPls0wRHGmFYQoEMN35Og%7E%2FunwWRxo%2BNvp4XulBemdWptWczcF7sDMfmFazxHsWa0,Submit This Form,1
2025-05-26 20:20:09,https://login.oci.oraclecloud.com/v2/storeLoginInfo?redirect_uri=aHR0cHM6Ly9pZGNzLTY3MzIyZDg4ODE4MjRiMTNiM2RhMTYwMTUwMDdmOWUyLmlkZW50aXR5Lm9yYWNsZWNsb3VkLmNvbTo0NDMvc3NvL3YxL3VzZXIvY2FsbGJhY2svbG9naW4_bm9uY2U9ZDY1NjkxY2MtMDY4My00MzU4LTk2MzAtMmRjYTQwNjk1MWEx&access_info=eyJraWQiOiJTSUdOSU5HX0tFWSIsImFsZyI6IlJTMjU2In0.eyJkb21haW5faWQiOiJvY2lkMS5kb21haW4ub2MxLi5hYWFhYWFhYWN1aWdwb2RodnY2bWFvemh5NmhlNjRybXVoa3c3eXRkY3V5ZWx4bGw0Zmtwa3VvZDZteGEiLCJkb21haW4iOiJoZ2J1aWFkMDJwcm9kIiwiZXhwIjoxNzQ4MjkwODE5NjQ4LCJpYXQiOjE3NDgyOTA4MDk2NDgsImFjY291bnQiOiJoZ2J1Y2xvdWQwMSIsInVzZXJuYW1lIjoiS1NUT0tFUyJ9.Rne4Hh1yD8yc_rvsbLQQ2P3wgiKCOvbyRQIkVgYDIfFwYUriblkAaP4xucz5YKTuev0cqKcv3N8x3E3i4RW4ypIw0IsishIxKsXAbr04sL0uGgeyc_y3jEAJCcP-brJDwPqxLHq81p2GyHG6kMrGldzFMXsBrOFYwCMy4Nf5C6yedfo3SUe0nEvgP1kEdgpfbV5LVU1qBMM3nhDUS3InF8JqNKHhX8FaATyXYekIpSBmCrW8VVPcIAZA_QJ-R7rU3G2eIYDjIkTlrXC7RC-FJqcv8i1lA2is_xuJRVEGYi9K9VWqiGbZ3PAG1gk6V46_X3qW9QCjOF8IWXX-Lvemxg&is_paas_login=true,Submit This Form,1
2025-05-26 20:20:04,https://idcs-67322d8881824b13b3da16015007f9e2.identity.oraclecloud.com/oauth2/v1/authorize?response_mode=form_post&response_type=id_token&scope=openid&IDCS_CG_ENC_VER=v2&state=kCWYNubJ9pBRCY8ONJL2HVVr9aZs81Qj6dG1uNFCqT0&nonce=zTNMNYV2VrurRRzesYXVEMqazSZiU94AGDnTYEsATn4&IDCS_IS_CLOUDGATE=true&X-HOST-IDENTIFIER-NAME=mtucn1.oraclehospitality.us-ashburn-1.ocs.oraclecloud.com&idcs_app_name=opera-mtucn1prod&policyAppName=opera-mtucn1prod&policyAppTenant=idcs-67322d8881824b13b3da16015007f9e2&idcs_app_resource_url=https%3A%2F%2Fmtucn1.oraclehospitality.us-ashburn-1.ocs.oraclecloud.com%2FOPERA9%2Fopera%2Foperacloud%2Ffaces%2Fopera-cloud-index%2FOperaCloud&client_id=opera-mtucn1prod&IDCS_CG_ENC=true&enc=qTPOaYG7Y3bwAgAAtgIAABAgtgIAAJwCAAAQAMpEc82-NQt1L4ImAvk8thJFa9AN1TeCNgdC80n0J3QRVcDstoPpGHx2SV_Dpq8ijqrUjrdwP0te432wQZdP5J4Ia_wd89Kjm8e7GPS4L4mFXz6cQ4fctfaHatD2JBPTP2IMNtMdMk3jBLiR5m855SFCRpHO9RMXV_tmlfsK1i4TaodNwOCBgNjxdu2Fw9tlILExw8XR3JT82HKB84Pl6p0Sh6yq17gQQ0ovMAkUSuLO8EWC3MRU4JpNSiylnI3tt_se5is30jQZqvWpspnykN9wkdh8w1XiCrumZbXdC2A-ZNh6q-kKvrwoRxOTDvT4juTXMi4Byo9smBngqTyv9q76iWxDRJWwpjophwftDgXETXlMN3wXzVdatu9jEQl5rECM4AnPwhy_XoHKYQfUBvgyEkMKlqHIt_9WKjo-8crXfdGTVimy7_P01rZQm87mLS8YfhBAdfB_6Uv90QMQ1jkcsNBUZNcwEfnyDyODmrOUTFU5Ps72f3Vz38JdvXu7UHbLpzBvSZk_XyfFiSlSprsDHgp6oEdUb3EjDdtLfgiIaIvCMH31dodye1yowNnImvCA2DV0LfwkU3FrnPUNciubXSH6jD6AFIV3sP5GhERqZ0jxjLmnUruRp_Wkb5Nmlm_eu043PGBW8vRvM2YfCC1mL8Hi96gyggVK02lhNCnDNXLCv_iZytdbyAjkeglUe_KJYe8YgUna2IZYQC50WF7d07rtyMUXYqyWE6HkjysKdjTRL3WQqT2VJ538w2BdNgdCrF2E5hxhP7iNnLZUX1lQ9lMyobJS2cSlq3oR-HXQBc_L1yvBUyC8IqxL8rWobKnXjb9A4ru0ibQWT4zzZvrG2w2Vn8kBzdVL68VS9S92PxxiRtSb8IXRRwVPGEFa5IKtBlT3vxWLUoo4R1APNKfU7uQ2ho51GOuc5Do98TkKVJy5HLeHk5czj84wou9lcbRDbbgYgWUh-BR2-w,Login - OPERA Cloud,1
2025-05-26 20:20:04,https://hu05-ssd-ohs.oracleindustry.com/oamfed/idp/samlv20?SAMLRequest=hVPRbuIwEPyVyH1O7BgI1CJU9BBXKtpyR9qr7s3EhviU2NTrkPL350Aj9R7KSX6wrJnZmd31%2BOa9KoODtKCMTlEcERRInRuh9C5Fz9k8HKEAHNeCl0bLFB0loJvJGHhV7tm0doX%2BKd9qCS7wQhrY%2B4CQFNVWM8NBAdO8ksBcztbThyWjEWF7a7aq9I%2FcOas2tZPs1ZNQJwAqRYVze4Zx0zRR04uM3WFKSIxfH5brvJAVD5VuTeWyY7V%2BLpflANI6n7Kj%2BJhfFiJ97EEecdWhBajdF3CCyXULbyFXnw3t%2F9sIZ3JTomD1cbtV%2Btz4S7TNGQTsLstW4eppnaFgbmwuT9NI0ZaX4Psy8zNRmrvTXFvf4I0XNRmEACI0BXj7PC%2BlV6vB2WOUmwobXm2lwErscRvgQP1YFgC1XJz67VJECR2EXoQmGSXMH5L8RsFLt0C0XaDFLEVKhBkp3qi4S379%2BH57fJknwz%2Fk%2Fnl5Hx6emhCdV4idxG3rv%2BLucu72xatuT1A%2FPafcEU26ZErkECbDHqViNBrFI9rfxL1NT%2FA4IbFfr%2BH2WtJIiTPvI3temlq0wVm%2F38M%2B%2BRh%2FctVt%2BaMvvJitTKnyYzAtS9N8s5I7%2FxmcrSXCkzPr3%2B8w%2BQs%3D&RelayState=Fa3S&SigAlg=http%3A%2F%2Fwww.w3.org%2F2001%2F04%2Fxmldsig-more%23rsa-sha256&Signature=DwIDCZFLWXqyA5JAlkNeAjZRvw4RIR473CQaa%2BcstkQEkV32RhOk%2FftWNOWWK70xYBu6FrZzHVdlP5q4y8drduh2hoXPr89AOe0K8vSDU%2BNTTbn6Kx8woCZc8U%2BphMgqqAkUTU7sejhW2xidTBRFuu0TXSmPg9RY%2B6dPa673Z%2FhN7N6NUaAujnKj%2BSXc%2FXb%2F8OqJ3u3ywwDEv%2BkKDYq0Yh9j3PN8VhkVYYEnzx3zq6Mgwj8gGEaxru1z%2BcHkLnI714GZvkk9U8vHeP5InwPYbCbH7AOba4rwXC970NC4qvGexs5wLodzkRZ%2FW%2FoLlnkkY2DjgIHYbdea%2BgJvQj3MAw%3D%3D,Login - OPERA Cloud,1
2025-05-26 20:15:06,https://idcs-67322d8881824b13b3da16015007f9e2.identity.oraclecloud.com/sso/v1/user/logout?nonce=e87d5797-696d-45a4-9306-db915f6a845f&tenant=hgbucloud01&domain_ocid=ocid1.domain.oc1..aaaaaaaacuigpodhvv6maozhy6he64rmuhkw7ytdcuyelxll4fkpkuod6mxa,Login - OPERA Cloud,1
2025-05-26 20:15:06,https://hu05-ssd-ohs.oracleindustry.com/oamfed/idp/samlv20?SAMLRequest=hVNbb5swFP4ryH0GGwMJtUKqRlmkpGmjjXSq9uZgB9yATbHJZb9%2BJglSV6nt69F3vtuxR3fHqnT2vNFCyQT4HgIOl5liQuYJeF7P3Bg42lDJaKkkT8CJa3A3HmlalTVZqly15hd%2Fa7k2jmWSmhwjhBLQNpIoqoUmklZcE5OR9P5xSbCHSN2orSjtkBrTiE1rOHmxS6An0CIBhTE1gfBwOHiHwFNNDjFCPnx5XKZZwSvqCtm5yni%2F1Rn6WpZqzRtjY%2FYrNuenQiiEFmQRNz2aaZF%2FAkcQ3XbwDnLz3lD9bRFGZaoEztT2JyQ15yN0GtqKFC2KXK2ZqwptpWhWciFZq01z8jJVQUWrLWdQsBp2YntsK5xr3fL5uRuTAIxw5FoSPFhjRPyIoMEf4Pzur427a8%2BnCRDMXaXD9aT5%2B7jexadotQgDMZtk7sI95bELLvcmZ%2FLGmammoubraN3Esm7PUNu0EeYExn0ywTLtDoYBxiyOYz%2FG4cYPNgGj%2FgD59ikMt7cce4Jd9q7Zs1K1rAtOwjCANvkIvnN1tfhkdefTby36nv%2FRYkVFec9Yw7UG44d0vXr4kV4VLqT9o08twtY3l4wfx5agbqN6cij8p%2Bfl4jVM6TLb7V%2Bj3dvxpx9uVD41aSWjAqEL2Yf9fvjfTxr%2FAw%3D%3D&SigAlg=http%3A%2F%2Fwww.w3.org%2F2001%2F04%2Fxmldsig-more%23rsa-sha256&Signature=fNfC261xsfVs36J7aKnqLIVOcHculF7NyBINtTN%2FvYMBVWfAq0Kqs1DVuxqerG4Vvxxv8xDVeLu7OFgASk3dfzgGPmnEfOKiBmiO6iTXvn3H9bFj1OM%2Bo9OIsZkxUgm1YVFrVrJtjbV2b29f60fogn2pPnPYAdOua01z3ei1dusNEQwM%2Fes1QbdxORVjINvl16volhb6I3bKvk9GtlH66533veLuprwOfbBQw1VLFt2BJqxPL9bNovJdFVVgpEZ7K3bRab3CsdS%2FcdISIcTyW%2BIPsRgTpT%2Fe%2FDnVsT%2BNWF4wahlX6HxMvXk6f9deSC0nxna8ThZQkSig9JxbSy15nQ%3D%3D,Login - OPERA Cloud,1
2025-05-26 20:15:06,https://idcs-67322d8881824b13b3da16015007f9e2.identity.oraclecloud.com/oauth2/v1/authorize?response_mode=form_post&response_type=id_token&scope=openid&IDCS_CG_ENC_VER=v2&state=BhZnmdW4rBEJTMx0hQfJHgWiznYyGkfz8oezsAsOI-o&nonce=ZP_3-xEBJn-fZ-PU0wFVVJVpAFfofEzPDJv_ZgACQgk&IDCS_IS_CLOUDGATE=true&X-HOST-IDENTIFIER-NAME=mtucn1.oraclehospitality.us-ashburn-1.ocs.oraclecloud.com&idcs_app_name=opera-mtucn1prod&policyAppName=opera-mtucn1prod&policyAppTenant=idcs-67322d8881824b13b3da16015007f9e2&idcs_app_resource_url=https%3A%2F%2Fmtucn1.oraclehospitality.us-ashburn-1.ocs.oraclecloud.com%2FOPERA9%2Fopera%2Foperacloud%2F%3FTPLNG%3DE&client_id=opera-mtucn1prod&IDCS_CG_ENC=true&enc=pLHz9CwtEhLUAgAAmgIAABAgmgIAAIACAAAQAD4HrmaWCHKJMRyxUntAlnm5t-zpk2Cyi28Dj4Uac8rjeCpK1EoicnJu_chQfMey0y0wCXyg_3RRBC7nlPmuPTnVT82e1FizB4y6WoUDh29np3RqFoTBZFlRaNkmjNz6f0fm-KhiIHt9iXg535FQ3rTtHUNNuqUCWHMb_bOJeUmwpuEQWyW0ovua_-v1a-bOwOxUKjr_mbu9bXOMdRkRS3sdUj2JMA0FbRrXzFy39lKydpPSwT8bomB7BpWnFhYxeBZYXpU2wX73xtnOeaI7nmoTbM5-Tc2yRzNdbZcUHWFqNmozPz5cbd_ADiW9m6WoXHngy8-TV9jcJZgUGu9ZoG_pYXaB9Fk9pFBPVK3FxSsRheSqwnkRwABFfZEbttYXwVx23hrvwkTNzjItRDp6ODThD3K1V0UGyTH5O96xk-48rgtLfjEYI9QdTgq2hs1pOliJEqDJYSXJnOX-6yKJyU2R3mf7DdYFB-h_J7A11DpQaJPJNv03gwKsJOPeEghYzED3lXTeTH-FdWKsLZijQ2YOX4fiRMvTITqtAVdOkuWM_r4VpLhlUIBCrfTh8DuTcqAEyE4-K4PgQuinu7bSXSZATs8mh7NS8xmTAHecwQD8GFaFnsFr6yqrtAThB-sCo0O21-3r1PpG7C1Iplvzqpc2uaw2mCHu2_d_vhc3JdMCB8b0DnviY13hbzOL7fxIu5b_Qw6SraiUX4FEsZi3D58NFLnIPbUaXYRrJc4rFQ0aNGGwBfV772qceHB0wJuIAX2g__VMJZ1Pb8oKkAEkhTxyPKzOG7KEymgm9KqAg_GZl44f5-UcYvVFFOpx0SDXHqu1x7sl7pBZGWjrSrl4Y-B2HcoGBrbU293zal2W5Dr5d-GhlbeSZnOt8HZUaSQ3dxJU3RWQQQ2v_e0Qw7NsEzYxWxfRH0e89tH-m9ZD_JHj,Login - OPERA Cloud,1
2025-05-26 20:15:06,https://hu05-ssd-ohs.oracleindustry.com/oamfed/idp/samlv20?SAMLRequest=hVNdb%2BIwEPwrkfuc2HH4SC1CxYHQIZWWO2hF783EhlhybC7rkPLv60Aj9R7KvVmrmdmZ3fXo4b3UwUlWoKzJUBwRFEiTW6HMIUMvm3mYogAcN4Jra2SGzhLQw3gEvNRHNqldYX7Lv7UEF3ghA%2By9T0iG6sowy0EBM7yUwFzO1pPlI6MRYcfK7pX2Re5cpXa1k2zrSagTAJWhwrkjw7hpmqhJIlsdMCUkxtvl4zovZMlDZVpTuexYrZ%2FbbTmArJxP2VF8zG8bkR72II%2B469AC1OEbOMHkvoW3kLuvho7%2FHYSzudUoWH2%2BfihzHfwt2u4KAvZzs1mFq%2Bf1BgVzW%2BXyso0M7bkGP5eZ34ky3F322voGb7yoST8EEKEtwNvnuZZerQZXnaPcltjyci8FVuKI2wAn6teyAKjl4jJvlyFKaD%2F0InSwoYTFfUaGf1Dw2h0QbQ9oMcuQEmHR3yaJe21CPp%2FWT%2BH0WYvlKfmVutNbiK4nxC7iVeu%2F5O527rbiVfcXqN%2BeU%2B6Mxl0yJXIIB8OEUpGmaZzS3i5Odong8YDE%2FryG%2B3tJIyWuvM%2Fsuba1aIOzXi%2FBPvkIf3HVXfmTb7yYraxW%2BTmYaG2baSW585%2FBVbVEeHxl%2Ffsdxh8%3D&RelayState=0JGb&SigAlg=http%3A%2F%2Fwww.w3.org%2F2001%2F04%2Fxmldsig-more%23rsa-sha256&Signature=EWyjccjIJxpGmnFgUsGbcUBEDGG1tqiSv36Hja0uORP%2FGKY%2Biruoat4AgtRMqmyfPI472KVXaEG6ia0TfcqmpIrmzwnbupow3wjo0ZB%2Fwo6HppnZGRMJ5CqieY70n62jFx%2BV4Xn7IPDn39PyqqeKym1Ic7YRkZTJFoxZxQFAObA3YgRbY8y5AOW%2Bp6btCU4Ee07CB%2F9tqBH7DzapaV5kJ1FYO4D%2FSgs6Tu6kE5izN44CXto6PgCCMZ2oO2uiTBpzPZAxABr0yxIpdaOl3zCFATdM%2BpznNpI9i2UFM%2BWcLcnCQcMJJWWA5Wp05q3NR22ijq009ZRlZEeD1yLwscMqcw%3D%3D,Login - OPERA Cloud,1
2025-05-26 20:15:02,https://login.oci.oraclecloud.com/v1/logout?nonce=e87d5797-696d-45a4-9306-db915f6a845f&domain=hgbuiad02prod&domain_ocid=ocid1.domain.oc1..aaaaaaaacuigpodhvv6maozhy6he64rmuhkw7ytdcuyelxll4fkpkuod6mxa&tenant=hgbucloud01&domain_stripe_url=https%3A%2F%2Fidcs-67322d8881824b13b3da16015007f9e2.identity.oraclecloud.com%3A443,Oracle Cloud Infrastructure | Sign Out,1
2025-05-26 20:15:01,https://mtucn1.oraclehospitality.us-ashburn-1.ocs.oraclecloud.com/cloudgate/logout.html?postlogouturl=https://mtucn1.oraclehospitality.us-ashburn-1.ocs.oraclecloud.com/OPERA9/opera/operacloud/?TPLNG=E&TPFLSCRN=Y&_afrRedirect=432573698545807,,1
2025-05-26 20:15:01,https://idcs-67322d8881824b13b3da16015007f9e2.identity.oraclecloud.com/oauth2/v1/userlogout?IDCS_CLIENT_TENANT=idcs-67322d8881824b13b3da16015007f9e2&X-HOST-IDENTIFIER-NAME=mtucn1.oraclehospitality.us-ashburn-1.ocs.oraclecloud.com&IDCS_SESSION_ID=2eeef185682e4ad0855520a1725a958e%3A8df87a&IDCS_CG_ENC_VER=v2&client_id=opera-mtucn1prod&method=encrypt&IDCS_CG_ENC=true&token=2cgt0c0aHgEECgAAygkAABAgygkAALAJAAAQADv9lBgxEHrdM9Q23nDmgnM3PIiksf6wyjHCCCeyOWyycUAHNhPt3PfIH2Sra3IABYOnqx7R85-QbhgRzmThbUB9jbRlGLXr_Yv0Pi8Ggm1Giml2AyqcP9PF3VyFeUVeQPt1CcPsUkM6-IvNR6pnYdOrqc68PVr_ofqKPC0ct0QKC4P1laYtpjDCbR-QdQpKiaJl_K4c3dGBh-z-lvGbP2tbR1Qgfto2nrRfMlCaYbhihffKjpISUzxJ0PhLy8TU5CONqR5x1d5qiLqJlUHr8bU31bBRQ_XnijvsLxn90Avr4ZHbZ-l5lkr1VXraQggJ_s2mpx5c6pCAEGmAMjakqE0N9kLBnI1v4inLWjfgDzGfV9p7fa9nbWNTJsBKxQ-zwx8siqhkcXarz1xe_A506Tnx57OR4x48VadWxbiOXvbV56TfveL1sacvdfTKQ_AZh1Cy6I4ymTEszel6L7KlM-I-B4cYhRCkiqi2-Ppz32M3GfLWGkEzE9UjsghYN0a0a2kT4hy_kFo3_RzkO_sE8dM50ekqltjmtL241PsBT10KNi3Bb_qjGjSmdKYVaDqlHMwyM9UJRB8ZqcLkJjIudd9_2qHvImSAur6rF8jjTCuD5QzULPeEq-WKrxLPvdb8ivIXkhTb97fEydBETv8dYkI113qhcWcEU5C663lnxQlZK2_MBTyT34rQsXvIt69k4QSaA3zdqtpn0-3RzEQyF4-dh1Jtsr-Ad1gFxQUq4VKQRlsVcHK4OEUeYpawdwC4N3vfBNxVdwQHjFa1labb55ASmU5g-BeBq89RKXKik4YJ-suF2L4uE8PZNBYaiz7x7ccNn4oMXkAuxlqAhnfY4Fy07RXnUksDRkDMrWUkfvBI7ike1cKIVeYaW_MfzKSGtT7XW0VLLj6MtH2y7AwTYz-dvc-emaQnm2Dl4qNhN06n5VQc_IunvfoQhKY571jKePYBti3aXA9sezAfj5s9uma6H5htFGb8DQN4Gj9FIt-ev9BvyZ3IGCJEdFzvOTEiK1fZSCXhTJmOXghizX3zc9MlPCaHZW9UZ-JYrg4Ni97nMuvHLa6e8NuRsoCPAQSF2jN0w_sc0aeU8HEVy1mL5RPg8Kc02soZWmCXUsjZq0d-9sbsHE1r7hruzW462urlpRnbSXavqNCNd-ohwbYOmOVhCinlVcvfLENXciRxuIVONtZIySc4SnaK-_i8nCwQE0FyHaVtg4IMkFmBFutAWwDhrmybFlaVfm_Aqo2BwhuPNu8MRXNp7lZ_VPCHdHBkIA7POZ_fq8fDJk5qKiZQShO8aP_mAfn4mH3MJtKYdI-wF9Q2ml1EVGnw6AAy24qkaJEkh3jRK6nEqVpl4vl2Z1ikuvxWJpwHFDkbKd8IWstL9Gw9H9VYsLqgFWtnauXCHp5a0Bxqc1dTkZS5mq7mejRz2APGQmlgHytTKQL9NwuJ2m2y6gqQbYTAcVP9lnwVrZCe70UHpPGQhEjsB2tGjYmyACIPxwx1p0pD5QMY6kUsQ9zorJGJL1aEf_MidT5TR9ltIn-ru2AO-1AFCgWfWBUNIp87oUROpzFMtx_-H_WRgSqPykX1efkH75GCN56PICKmO8yLoBNvwEGKP-PbLwGCNpjKo_TUignuTV1ynxdk4WH2pTEMKXRCURQmlK0PFzIfFKFmGFq-5Fln-hkWfZLhaabDZTSG5UKyfDZ5PFBbThXpHa0LNIyDXRI-vJxKezT_aaXxWEAhCRfOi0kmRxLre4IctmVKX-C9DfOZ7q8p3lkgdJA1lN8viF5I8juTYl9WNSbnHoPpiUiUkvRlTRAMyk7xPXd_8oB2oN_4IPnN57c7ajndT6Znq_223V09IyxYks1iSFJVrgrF5H1ad9NfKtu1WeVzZuF_0Qqm3Worn3VSQ9hMBp4N_1MQT9uwGxDE1j-IPuJ_mYKcFLMRa9Okd5uMjWY0uUDfSvn_LQNczqFa-KlfIbo3b-71s8dBr5Ff9wwprZNMiz-RKugP1ebzHt9F8hoGEgwkmM0K1qvjotqFqXyuD6sFN299W5mvh8-dkiVBdvb_ylHeymffsUpyvaMLQ3-DiTAMJ4dLEumjrnHCh3uH-lKZQ9QIEERyHcD3OC5Ar_eU0XIex6WvUBWN_GNzqY7O8K94s5Z_cLCldEn_ROQX72werrNRtgxgK9tG3CDIY7sTybLNYKa0kjC5B_qI46AmxfWdfjfPBp5nYC48J1uo20e59TV63neA3uEIP5QKqLXoutZeku90YtCuwQmTfFcL9Qh9fTU-ijj7OEbcdwgCviN42GElTk495QZUXui9joSvlPnXrSseBJTz17d63LCiE3YRVOItTkrDzY81DEnacxj04VHb4bpswblMJmmelafQyJM5GyoO7102aXALP9PmcjI0rJn9FBVHyibUrW88eaxo1h3v8LQeIWGj7SOecJgfin7YX-48SdCq-3Bf9SWSSdx_IIybjEo7IOSeSlgM9LA1KQ_EhLvHNzpLA8V36jb4Y9o_SK3c1ljIe_Qg_nk-eIaSZhHhNRoE61rjWCZsq8OuntiyzaJaTIsEYwq-H-JhjThLBFsnwKRdUuM7YDQVWCiziBnl6qZ0-JRjSDyHbvsjCY0dF6dfKJJ_9QzwiY_MNALx0D_OhzALEjf-H3mc3DCDic-Ac97RblfaFWJQC4psWU-c8F6cfrfhFlIqc0n44nOIcz9uq1hbBJMO993t39rtDk4cSQdXiURgRkVL7W5SqqqE4zuekiRVE4nSBrSP7zPT8yT7CSrXNpD45zPkXsIOJgCa2ydXPK997614yv2Oj26O5iwO5-MevjQdB-dhT9zBa20alcRLEzDxIEHwbb3M77sgjW6q6S-CJauFp3DS_K6r0MyPpFx0PZEa0yFPRV08RSXed-GmpZhWu5CbDSiIYdDW7FK473mbR5-tuIduYj9V27QwZFMx_vxA8n7qEIlcv0jNV9ZeB2ItegEs_c-WpIg5DxMT9e7UHGaHgPjTEO2Ijkf5Fq4n7dJIzeoAjXDR0VOmduKv80gDE9TIp63OexZhaSBHcOuDiha45lVgHyopnGfJWDTcCrthairQBIQ4mEvn3-Lv-p7RFWLSGpo2RIU69ijEAexpWydQcCelR1IMWLLvqYwCA2n7JmVFSYfhFyIUHw7vJJa73cLFX_cnzm8zjnDYnHyASBBe3qF4k0DQy3TzKo8wvqJdKTehiuoW70-uqlfVekmmj9CQfRJe4BP6z-iAIV8EwPtgv3LMP2xkMcVb89VMMVrjpkh7ugr5rvMqDxrfRWMjdxllZaEQyfKbLouSUA1RtL3HrJXSXWKdKTri0pFdKbtqk5_RBQ3N0cMBxlNRmt0nXWv9nIGTwoWlKwIFbyISfR3wF8GcBI269cyLkw,,1
2025-05-26 19:58:19,https://mtucn1.oraclehospitality.us-ashburn-1.ocs.oraclecloud.com/OPERA9/opera/operacloud/faces/opera-cloud-index/OperaCloud?_afrRedirect=431571714029905&_afrPage=1,OPERA Cloud,1
2025-05-26 19:58:12,https://mtucn1.oraclehospitality.us-ashburn-1.ocs.oraclecloud.com/OPERA9/opera/operacloud/faces/adf.task-flow?adf.tfId=opera-cloud-index&adf.tfDoc=/WEB-INF/taskflows/opera-cloud-index.xml&TPLNG=E&_afrLoop=431564478568891&_afrWindowMode=2&Adf-Window-Id=w11ab7pasuh&_afrFS=16&_afrMT=screen&_afrMFW=1058&_afrMFH=1460&_afrMFDW=960&_afrMFDH=1440&_afrMFC=8&_afrMFCI=0&_afrMFM=0&_afrMFR=172&_afrMFG=0&_afrMFS=0&_afrMFO=1,Initializing Application,1
2025-05-26 19:58:11,https://idcs-67322d8881824b13b3da16015007f9e2.identity.oraclecloud.com/sso/v1/user/callback/login?nonce=c0f168de-09b4-4dc6-81a4-a08b150d5adf,Submit This Form,1
2025-05-26 19:58:11,https://idcs-67322d8881824b13b3da16015007f9e2.identity.oraclecloud.com/oauth2/v1/consent?OCIS_REQ=%2Fc21UoiR7AAidowSIgrWxAGKkdGQPcK%2F72jo7YHOXjMVe0kykzrmfSQ04BkwFr%2FLrVRiGYx8CMirOCISm8Nls1UoK%2BKd4L3YWRv%2BGp5qgo0F3Cgjx0RblvH3F8CnXPm8YGSQYBRCm1LJpAdJmB8lJf2cKHPBU8grMSpOGfwTtdxYBO4i7RH%2FYEDxvAYibOtShm7Diqwdh01FJcokvFG7%2F5Rev%2BDoPOpnNeS9Y2qXnXVSBQsYklhsizyO0u5tXA%2BHm2cF7zPLz9HsExeg9q3AXGk7FfiK6R26eg0BCqYeQKv8%2BjI6Az0KG0oTtpb9t5G2iyeUo20hMvMLNCCGqZuebUGjlixba8B4qbBhJ8dEKFqqGLuGmXZVMXPR4gQj8x4TZMexiBcjaAkoMQjFNwBG08vW7pn92Ofd3KDdcLL1RgfCGDSXkk9QOqeePf4YyIrdDuL5FrOeOPFfSlRuDJD6ejCZlcjPPjcyHo58dKWv%2B8jCsqAKYT%2BF3LsCj3ISJg7W4JTE42arLL293SM2UMMs6FJnc1LzWPiOqZiUNms%2Fa0knFany0r7mRyFbkUj%2FWVWkBkcaeeioT6CfXEOgabYLG7rYusFtkr1T93Pu3n1Hycyt%2F2CekoTY29BBV3QzliPpq84qM7ZDKvDhrBBh%2BSrurIiOvBgmlR5c21%2FkP%2BTuu7X7yIPn2yf8hyIwP7s%2FnAFagRLpeBfwlfD2m5vgAVn3sRWgh4sQF5V8gDs%2B8buGZnDHKdcwbsRA0E5MsIta8FXPb3KmKjvmAUvtId0j%2BwoFZGLvP4f3ijoqMcBUjoV7XqGG0lEGnfuATX%2Bke5y5iQBpr3Bq170MG3QA74fy%2BiqxkIqpwcdIimuTRb4TmRpC%2FmWbZR9%2FmyV9ZnqY9HIMS0V2sMihDXsZrEYeGFkuh%2BXJvcc7hd50xo2rjY6VSXr5ymozE2oYoDZo9OjtvtqBzU5MAI0MPLjcexmTFxmXprY4MrQ3EbBq6Vj7qxKSCH3Xrl9zxb%2B4BKVbogd%2BazJsOVLgdckkFdZLrkO0rqaz36SAqCj5wzz%2BeTvc3OVdfvk0v5Wt4Rb4jn%2B6eT%2Fyq151Nguo29k%2BOJSQguf5MV6v41gQUa4il6imLHuO1pJwaX8yS5Ge%2F%2BaManKeBo0mlvN8jZSYRgcIxLzrn42Ws1s2woEjfYvVVIoAVvu7Ibd7DRfyPepFAjPtrNNefN%2BpAQuSXHMwCa1idpeHH3likzaZzUaoByhPxXaAzugMedeI9PnewtFfXdEc864NkuZdKi%2BFtIoVZB2YLN31nMOzFNg1%2Bl%2Fh%2FqHZ2BdnJJVpZ9jI2qerMUL7919TIX0CNB%2FUMSKUuTlnW%2B%2BuDXahZ6OJD%2FjbjvuaU5rOf5bw1qySF5sZfMvJj%2BpcSUPezy%2FsRGdMk3yLXGuMrNMz%2B5NWl%2FtCkO4zNUjXQov8vwilGXp1LtJo0YrTLVuYU2g2Sai2kVskUqGzSIm3VDwwU5C%2FgBdyX6JKzQyvwTh6EGtYkh8oeE731sW0qK243GhSB2g%2FwHcYMaFpulb1mereHNNTiwUV7o%2FHmxjldVk26R61ujm4lcDJIf1gEM%2Bupfk87rq9JoSsp7md8dzw4Ow8eYj6rVc55eDCNjgJK1hz94d0XCyOmgMAnER49mqB7YPZscoso4%2FhTQ0XQZuUFGRdA77s%2BFdIwUg7SFRHd2qnT3R%2BEfzhtv%2FN34qY0yrk4IBgVYmLXBhAQ75MfT8OCkd%2FSxJ1t5PCjT3cUBQvS3jam4nImdJhDDMV7Ao2bz5%2FmxM4VZloLlhKhpeovb4uTs0RpT3JzgMHIzEYThcnwB5z%2BSHgNNACWIjT9e2GuVQo0xIcmAgxlmsEVdQAU%2Fjy6UaLUjlwpYtlesKrZZ%2FD5LPHaQic7dRQzSqcaE%2BCaGPw%2BchLdsZREdRiIzw0STSdt%2FTC8SKQxARiqQyQpAEeZzfz5sIiHLe9%2BXML1q%2Fxwsc24QrNp3kYxil%2FqOBUBp%2B1byRS%2FQl5o4NiVK0P3VScWRs4XjXfNW507EmlR8p9aCj50bpVJZqmRpMzOBxFyilHXxxQRFbsgg3bydfaaNVNgUsnHOefvOP90dBKCjXL%2BLTftTXBFqYzh%2FLUx09jxKxbJeC59X2NIVQ4IbcR5T3rO%2FsP1m6qh%2BKlEiA5g860m17hTDjFiZ8VlRgg9SqG63tLil35%2FwOvru9c1SVgKZAzF60FkAITlieraNT0nbs6Ua0OGXQF0nMwlwDCUvuVveYuEZfmMqUwLcYsqA26QfEo%2B3Wdn3aWNo2qRw2qneVM%2FLwdHYwJHMpjlzEUKpuRsTZb%2Fuw3LQHXvpsCamvQKKk5sDVJA2Ay7nL%2F3GnGwToqx3ByKG62AURv%2BnHdQOxhkcRcNLRrPUIAF4uy7U%2FhEOxLDp0OG%2BmQ8NqUg8BcKGVWgPgT%2BmXzK%2BTWPj6PupBM5a7zRQJ%2FDynZiTqyAAjGBjZv7Ozrg5KkCrHP%2BIlZ4ohAoD9Vc6EuPW0lRxWBbnBV9bpvsOIhtj9NTKeG6jh7JWJax476gzMMyM7W6f7hMI61T7ztw7TnD%2BczU9BCcfweXm131w7dglCq9FZc5O0EO9DAhwdGhsUOQ6SaQjV89tZy1l3H3MatWxESCBYW9Fxf7ZfFfc7JaaCCW0LmAr%2FTuZn51DvcdEdlM79C0sEMCWc5X%2BLCjqUVsY4A2m5J9ByLGUaIstdmlT9iMx32ftarjzkVA8qbcBN%2BYvQQHRybAInlSsonMhbCRI2UIzf9%2F3xEm6TJQ3S5H%2Bjwn8%2FKuFOiDRE1vSDj3OsFTh8Pe3yzk6G%2BCHzcByN8ORH3xa5TLcico2Wj%2FyC2%2Fd3FKZgNYJcnDN5lCTO4JweLKTsSV%2BuvABjPx%2FfhziW3Y1hnOQNisfMnC8uvkskmP2HRi0kEESL99mzgC0YvNesC1528t4WfkUgihQ07x6Tvqg0SzepdI7TyXWsKXmWYaH9SeHJFUia%2F6M1McFgL6sTxTUWJjG%2Fupzf99g25sjSS77sqXiWAUjdlNuQy2Ahsiii7UkQFxWeXf2T3puCjcALEXWUWUILxiewTdPQ%2F2llt9r5YbpR36S23GHOa66fglh06pvkkOAuqycwN1Hz%2BoQxvIrLe8MCZ0JXIYcL5cQCBJQDTUXpDQGcxUNPG30WlFaeSbubYwJomdD39TFgW7SNeVCbqVYExxs0o%2FUZymEWe1x6guU2YER3%2B%2BmcBmBYw6PR%2BXxIUDEOreKnbvYpk9XoDvCmxAxBXMBFVTcqv2aZQPzNFBJW8LPa5ksPnJQjqsFz2rJk55ogk66KWEQZ11iyJyLOUrBptXoJaz5CSz8XgTcLadiiuWJtffjmJHsFrKrWIRrGgI2ONy8yRD8t4EfsGBv2GGs94gytXUrq0EJNHfXPMr3Um2lOrI7xhY8AZHcdN5AZkqSrEauEt2GCO%2FgWnU3yBX%2F%2BuADBjCAfTBg0Ijlbaa3GDCCfTh7v21xHUFXxYexkARfy3C2tziL69xnENFgRTGAVgGcLxgcnLBk7H3WilPrroV0%2FK9BYPDRzlaGJUj9y2oNyV4C25GSHbrfWGCdP%2FLwX9pLy6Xr2n09PdsChrndAX1FDfpKThsqY886gs30%2BA%2BMnyPqlZBnOeUq6JhQw70VSR%2BmPWkqanfC4hWQjXCgY3LFMbLOj7fUmeemOLYF6kX45MTQYvIeSH%2FBGvQ3DPTSqJMPn5wTTLtEfqMpN%2FBmTy9qNqakMRXNO33P3Ml3vq53xODFyuh0GWx58Q4cjAjT9QGDUkSoIfUgYEEGBQXkyu%2Btj%2BbLqKMQQ008Q%2FFJunUjvFsjQcY%2FUk4UglN8Nk7oeget2zVRM%2B9Tox8A%2B7yCM30OrABjAJO%2Fo3ANdYBn%2BwmbyNzVoYG%2FPokgScB2cAlta5hL%2Bcm%2FuJOwN3it15o9EPyZE8IxpcDj1xElL4DLyVWZUbaYtFCc57%2FpoSB0yP15R0iP6YwEsPDsDR8Ob5nSVyh9rrWwR3pvt7sfxN3Cd6BuNRKxXsSDWqpVY8D5vJ949wJQKTbzRjoNIcNy40oLix62P0dQvxbVMNaY5ag5k7uErw9dshw1T0N5kiWraThgtCeGXHCRMmvtKermFcPEy7rWYDDNjZgwLKx%2FrqJPoGBlcnEjyhMQ%7EdneLqwoVG8emMKHc4dQcOZySAW4WQSfXVqHEkcmHWGg,Submit This Form,1
2025-05-26 19:58:10,https://login.oci.oraclecloud.com/v2/storeLoginInfo?redirect_uri=aHR0cHM6Ly9pZGNzLTY3MzIyZDg4ODE4MjRiMTNiM2RhMTYwMTUwMDdmOWUyLmlkZW50aXR5Lm9yYWNsZWNsb3VkLmNvbTo0NDMvc3NvL3YxL3VzZXIvY2FsbGJhY2svbG9naW4_bm9uY2U9YzBmMTY4ZGUtMDliNC00ZGM2LTgxYTQtYTA4YjE1MGQ1YWRm&access_info=eyJraWQiOiJTSUdOSU5HX0tFWSIsImFsZyI6IlJTMjU2In0.eyJkb21haW5faWQiOiJvY2lkMS5kb21haW4ub2MxLi5hYWFhYWFhYWN1aWdwb2RodnY2bWFvemh5NmhlNjRybXVoa3c3eXRkY3V5ZWx4bGw0Zmtwa3VvZDZteGEiLCJkb21haW4iOiJoZ2J1aWFkMDJwcm9kIiwiZXhwIjoxNzQ4Mjg5NTAxMTA3LCJpYXQiOjE3NDgyODk0OTExMDcsImFjY291bnQiOiJoZ2J1Y2xvdWQwMSIsInVzZXJuYW1lIjoiS1NUT0tFUyJ9.DEvjX_i1uelXUh1PKLKDJwIaR0uPBHSLQiKNODzRVSp2j4urqSlndOAepQFw6z5Z2xNjyjzjTOTrOuiQFPaO7dmVpIHQiHkelWS08--YrU-CCpN-8QmA8Y7uY-WWkHkqadtAyHl6qBUFqEOjrX3jwHIintSW4DUif26k0vM_KVbhdZKz-MZva5pQezGi5VshDULcjKaVPooVsk0T_lvfi83PZUJ-bo7QCsc4jvCOHChgKNIpabynqyfTeGG835h-dB_ug3D6XFbuUS5aO-TsM5wF33-TwTsVRVfIQFxtuyM1pQmKRODjeBwIvM9AfN79Pm0YklACNxvSZoBFqkJamQ&is_paas_login=true,Submit This Form,1
2025-05-26 19:58:04,https://idcs-67322d8881824b13b3da16015007f9e2.identity.oraclecloud.com/oauth2/v1/authorize?response_mode=form_post&response_type=id_token&scope=openid&IDCS_CG_ENC_VER=v2&state=FVrJBR64qPXRU9q8Ka-Xv4SC1a9QlEdVdV2jqAeUSvA&nonce=7bJ0OwryiHS8NySRXCewM1LrlY4dOWxSf3sN5dej_iw&IDCS_IS_CLOUDGATE=true&X-HOST-IDENTIFIER-NAME=mtucn1.oraclehospitality.us-ashburn-1.ocs.oraclecloud.com&idcs_app_name=opera-mtucn1prod&policyAppName=opera-mtucn1prod&policyAppTenant=idcs-67322d8881824b13b3da16015007f9e2&idcs_app_resource_url=https%3A%2F%2Fmtucn1.oraclehospitality.us-ashburn-1.ocs.oraclecloud.com%2FOPERA9%2Fopera%2Foperacloud%2F%3FTPLNG%3DE&client_id=opera-mtucn1prod&IDCS_CG_ENC=true&enc=Zn57LsFNxiTUAgAAmgIAABAgmgIAAIACAAAQAGjJ_nMwtCGdjbvbbek_HgW7tfnnRJbu7YyQbasHvZwkPgXXxnYbJEZ8ZWjn12cLJwEPB8o-evoj_E9FUVcA6yrU15QS9yYM_CV_5Jp1TEbWeVrEyCUFvubfgAHKbhHFj_slJtTXjXC_YIgVIuUmyzZ9yVErTA4KJf762Lq22yPKm1R7lnQ_bbvsRMVV8M3oX8WKVIA_GmnYry9lVKqdg_APInbLOsqBqyxdWRsXc-MtTMrLNOhndVU9MZlBo505Z3lqsL-iBeDV57cUK2IYnPdCSaiMt-SdlwscbTAVVnceVeCmRyR2UEWGIgMhDbn0iqbf-Kx6525TyzW1XIWbOdeiKrDn_5UFTh3d0GZ6yFbks2RbFRvqxS73ckvgRiM8kBoj-SxR9o0crAVcOOMiAhyn3CmiK1Oi8x5xExR-8E17H-W9zhtLP82xawGI2VO-_4QzrJteJmBEPz-gluM5-KN06HTk5rJ6vpI2v6REXUrfpraSfqvaIIf-LC9J_qKXSPcrlxqMP7hhs7wqsHvTzc4l2Nu_zDdc9gA6uHXxsUjFRXJ7FwOK_EMqxucSUP1JLTQ6LHnayBhZHWtHrUicFJqkJ656AZPIlGKBI-HEOWvlqiH3RwUW-fIurvAtGASzBYcZfq7pBeMyMhT75XiePtR_bXt0nnXyGGMxKD9kLv0VccHNWusVmoNigYu7zeuCf9gDPzqg4aopsrZGVYUaAsisxGjAPIfJ4TgjuQLueVdUn_UfouZG3tkt8cHnrVXwrke4y8hQlyNZihVEdmjO7XlHTgwpTp4lQvgEbi_Q4B18ASj4-yetT6ZadDFfnlCGL3XvMoFH9xm_i2mxjdutnkhobBTTtD3bpIMcXJIGt1JmaOGI6Qr8FhmjkEoFhNeoDK_a0YYXs1phPXQfSfCw8EmOL9Du_T-BKP_zvsfibkoT,Login - OPERA Cloud,1
2025-05-26 19:58:04,https://hu05-ssd-ohs.oracleindustry.com/oamfed/idp/samlv20?SAMLRequest=hVPRbtowFP2VyH1O7IRAg0WoaBkaUruxkU1ob8Y2YNWxwdeB8vdzoJG6h7I36%2Bqcc8%2B593r08Fbr6CgdKGtKlCYERdJwK5TZluhXNYsLFIFnRjBtjSzRWQJ6GI%2BA1XpPJ43fmZ%2Fy0EjwURAyQN%2F6hJSocYZaBgqoYbUE6jldTl6eaZYQund2o3QoMu%2BdWjde0lUgoU4AVIl23u8pxqfTKTn1Euu2OCMkxauX5yXfyZrFyrSmuOxYrZ%2FbbRmAdD6k7Cgh5qeNSI4DKCDuOrQAtf0ETjAZtvAWcvfR0P6%2Fg%2FCWW42ixfvrUZnr4G%2FR1lcQ0K9VtYgX35cVimbWcXnZRok2TEOYyzTsRBnmL3ttfUMwvmtIPwYQsd1BsM%2B4lkGtAe%2FOCbc1tqzeSIGV2OM2wDELa5kDNHJ%2BmbcvUUayfhxEskGVDmm%2FoKT%2FB0W%2FuwPK2gOaT0ukROy2y9kkf0xf2fH4Oi9%2BfDnUs%2FzpUK3iIkbXE6IXcdf6r5m%2FnbutBNXNBRq255U%2Fo3GXTAkO8eC%2Bl2WiKIq0yPJ12lv3BEsHJA3ndb8ZyixR4sp7z861bUQbnOZ5D4fkI%2FzBVXfl30Lj%2BXRhteLnaKK1PT05yXz4DN41EuHxlfXvdxj%2FBQ%3D%3D&RelayState=xM7G&SigAlg=http%3A%2F%2Fwww.w3.org%2F2001%2F04%2Fxmldsig-more%23rsa-sha256&Signature=dVK0GseSGoRSB87QFgz8FO0LTifwaq6CkF%2BUnSlL88A5gGuqNP9IXLLTN9SrxBEgoB4eNKndfJk2%2F1t7xyj1AyYFucAO7wuKOmXNfQefYFVpUTQi0kuTmqcqt6Z%2B9RsTw%2FIgj%2Fh51X3clxtaB5f%2F3dF6v0YF%2FjFmg0qCn5rydRPUfAw4VfgWFu70H51lA8RD6srY1coI5UPGkzpuOVgb5dkbrHGyEdKzlUbxGNwXE46VAQ6MQNkiSVgORqh3rlE%2BfrtsO8eZJtCZySXRKFIv6fFxIJdP9cWncJrjyyu03TYjxIIskp8gzeZ7KiU3RLLnGK5Q4T7iA2HN4%2F34pRehJg%3D%3D,Login - OPERA Cloud,1
2025-05-26 19:28:36,https://idcs-67322d8881824b13b3da16015007f9e2.identity.oraclecloud.com/sso/v1/user/logout?nonce=f8617370-9089-4a9f-87e8-f6c6714ef3cd&tenant=hgbucloud01&domain_ocid=ocid1.domain.oc1..aaaaaaaacuigpodhvv6maozhy6he64rmuhkw7ytdcuyelxll4fkpkuod6mxa,Login - OPERA Cloud,1
2025-05-26 19:28:36,https://hu05-ssd-ohs.oracleindustry.com/oamfed/idp/samlv20?SAMLRequest=hVPZbuIwFP2VyH1O4jgswSJUaFI0aaGjYROaNxMbsJTYmVyHpV8%2FDhCpU6nt69W5Z7v28PFc5M5RVCC1ilHgYeQIlWku1T5Gq%2BXEjZADhinOcq1EjC4C0ONoCKzISzrVe12bufhbCzCOZVJAz12MY1RXimoGEqhihQBqMroYz6aUeJiWld7J3A6ZMZXc1kbQjV1CLQHIGB2MKanvn04n7xR6utr7BOPA38ymi%2BwgCuZK1bjKRLvVGPpalgGIytiY7YrN%2BakQ7vgWZBEPLZqD3H8Cxz4eNPAG8vDeUPltEUZnOkdOYvuTipnrERoNsCKHGnddAO7qA1gpluVCKl6DqS5epgtfs2InuC956TdiR2IrTAFqkV67MTEimHRdS0J6y2BASUTD3h%2FkrNtrk%2BbaaRIjyd0fQdnvHqsoSdJ%2BKDg%2F4p0Kj6uonD%2B56HZveiWvnImuCma%2BjtZMLOvuCrVNG2kuaNQmkzwDt9cPCeFRFAUR6WyDcBtyFvRwYJ9CfzcQxJP8tnfPnuW65k1w2umEvk0%2B9N%2B5ult8tbpp8q3FwAs%2BWiyYzMecVwIAjV4Wy18vT4u7wo20ffQLi7D1pYqL88gSrOvZnGkWuTU7BptN8vx7tX1%2BZZdgFr6tYXyebKc%2F3ybl9Eb2Yb8d%2FveTRv8A&SigAlg=http%3A%2F%2Fwww.w3.org%2F2001%2F04%2Fxmldsig-more%23rsa-sha256&Signature=FbjIDXOZhVH192ymLxvw82KleRPQXBDApe0nZA8wrLGLT%2B1ZoEDotmEctijmWbn2KCjzy9KOQWOMBoV6%2FYM9VeXe3L%2BKxhWZPzHDhqITog8YsH3cboqzsKKhbbMnKVsPQfMS7VZVoFzFyX1atuvc9OQaOXTHAIMWV6p6jg8bFCUTUKcVWVvVJBZqac8AhTCHW36My1rUn0UmBvlLogt%2FjSOYOgyG8qe4HKRbOPphAA2bLkqDClxgy3ptuh2OgujyNiUmGvEHSg2ICzHKBR0IZVjP8EfF6Y4dZ6WLxwcJn162rVZtoZr9Bt8EYPXYk3jnRrkQb3Rbn%2B1e2dakZf6wBA%3D%3D,Login - OPERA Cloud,1
2025-05-26 19:28:36,https://idcs-67322d8881824b13b3da16015007f9e2.identity.oraclecloud.com/oauth2/v1/authorize?response_mode=form_post&response_type=id_token&scope=openid&IDCS_CG_ENC_VER=v2&state=hUkRmqL5oeLeSN2rIoVXPZJKRFuTAVqOnnmiwd60UfI&nonce=iEKQy7YD53Vf-VnXgPBepC6gr9WvHr1YYRwqFHwzJgs&IDCS_IS_CLOUDGATE=true&X-HOST-IDENTIFIER-NAME=mtucn1.oraclehospitality.us-ashburn-1.ocs.oraclecloud.com&idcs_app_name=opera-mtucn1prod&policyAppName=opera-mtucn1prod&policyAppTenant=idcs-67322d8881824b13b3da16015007f9e2&idcs_app_resource_url=https%3A%2F%2Fmtucn1.oraclehospitality.us-ashburn-1.ocs.oraclecloud.com%2FOPERA9%2Fopera%2Foperacloud%2F%3FTPLNG%3DE&client_id=opera-mtucn1prod&IDCS_CG_ENC=true&enc=dvcaN4oepefUAgAAmgIAABAgmgIAAIACAAAQACHDGdoIW44FHar9ISiIOw_mGtTLUeHKk-8n8gqcIKSfoN-UmID8ssxj2kvj5ZuwzqmUP_f9H58ljQ10pX_d4VICLVJ4D6MexaR8gkthotM0oZUzWZg2FauyeGc95ocgu0P5TnHqpJljdWfWrZvD1G2MmUYVM4q6FEl3QEqebhHcT9qOKsHBbqDtu-h_IVmt1-fYzxHuV2gSADMbFEgouzxfz1aEgsIOdpRYd0zjZbAdT5XqKjeYWFXN5X4D_WEyscHPxshpUy21haGtNNdWY3I-DcfRhnB2mXJEptC9xFE38XmivFhBdZVxTQQ2Qbe_ffhVZWHxhgaMWjidmF7TKK9vUuVppQQ65-XQDFkiIN6f_vLSNmiMIhIiUJlTNRhT8m1rNqmquxSwNiK_CR77e2Al6M2y1eFDujuRAalJ53mj5WAD58j3URUSQ8wcc9ZU3LKDAvaJVk4eOU4U6RzrHRYb1Y6whzd5TWOtd5UlyGKR_rjBb8HpdWc3cYgK-XpNh_FwiaRloQfnaknrGYdOZf881oXYJd82XRSsc3YFvVKGT9pyccVyLvIAmFOTx20bzh6LLLlW2ORgfG5qsn0ybQuHUia8xSbW_hE6XE7z0fqZtSmqakGOnahgsvp5CeJSGpchDBpxwobqmDtxjJZlFr0wAsQWZ8ZJhGwzXJxJRwpMJpVPGXFGhTHuYNZqMKvYfk8-MYc_wH2A3ca1koRqH8ulbVInjXBEAXTiEN5qNhzzxXuxCIcdMub8D_AnQdxu-3YUEGHzj6NWbScOoEgBqiF_SscLy3pdWnIjq_2ZzNKr3tfWonOFLbcg6Qll0foOVMbCIBu9S26kAJa10rlh6sXStj681bEoIXtdwE9A6HPs01Q_NHLAuAMOQO2l9z8JPF_Cp7P3xpv4ULbPMKDsmiUbCf887qduiYOOcq8nhZ5X,Login - OPERA Cloud,1
2025-05-26 19:28:36,https://hu05-ssd-ohs.oracleindustry.com/oamfed/idp/samlv20?SAMLRequest=hVPLbtswEPwVgTlTpCg%2FZMJy4NQIYiBpjVot0t5okbIJSKTKpez470vZEZAe4t6IxczszO5yfv%2FW1NFROdDW5CiJKYqUKa3UZp%2BjH8UjzlAEXhgpamtUjs4K0P1iDqKpW77s%2FMF8V386BT4KQgb425jSHHXOcCtAAzeiUcB9ybfLl2fOYspbZytdh6Lw3uld5xV%2FDSQ0CIDO0cH7lhNyOp3iUxpbtyeM0oS8vjxvy4NqBNamN1WqgdX7ud1WACjnQ8qBEmJ%2B2oiOSAAFxN2AlqD3n8ApobMe3kPuPhpq%2FzsIb0tbo2jz%2FnrQ5jr4W7TdFQT8qSg2ePNtW6Do0bpSXbaRo0rUEOayCjvRRvjLXnvfEIwfOjrGABLbAwT7oqxVUOvAu3Nc2oZY0VRKEi1b0gc4srCWNUCn1pd5%2BxwxysY4iLBJkcw4y3g6%2FY2in8MBsf6A1qscaYmPq1XRVlv366nAyentQeMMn5k4tmqJ0fWE%2BEXc9f4b4W%2Fn7itBtbpAw%2Fa89me0GJJpWQKeTFPGZJZlScZGuyTdpVIkE5qE85pWM8ViLa%2B89%2BxlbTvZB%2BejUUpC8jn54Gq48q%2Bh8Xq1sbUuz9Gyru3pi1PCh8%2FgXacQWVxZ%2F36HxV8%3D&RelayState=E-IJ&SigAlg=http%3A%2F%2Fwww.w3.org%2F2001%2F04%2Fxmldsig-more%23rsa-sha256&Signature=WCezSQAAd06c8G%2Fo7mwJxSrcGEVaTZiiNplymhmwlxuylbTSzyY0xWHsTVA99gW194%2F4XnMMP%2F6qjwt0RpYXMzR28F0WqoqP22MVBPShJMsllhRBwSVUKWg%2FS4XF9PcDV1IGqF5DxlBURd6KGckU3P1vAk38XdZReuTJl4%2FnmljjY509qSd6I4C0%2BEPJbm6zZys2HmS%2B3HVdKNv9h20FM2jMNv09rxX7uZpqzBGXsXkoRMBU%2FLZ%2F7mVwtWgfOn%2Bw%2BV7d%2BjZ78KCEuEhEH49D9qN8PyDTAmVdwaYkuwq%2BW20lMUd7NG5ofJa8qg%2B20hx2dIAxEylySCNudoccseozPw%3D%3D,Login - OPERA Cloud,1
2025-05-26 19:28:32,https://login.oci.oraclecloud.com/v1/logout?nonce=f8617370-9089-4a9f-87e8-f6c6714ef3cd&domain=hgbuiad02prod&domain_ocid=ocid1.domain.oc1..aaaaaaaacuigpodhvv6maozhy6he64rmuhkw7ytdcuyelxll4fkpkuod6mxa&tenant=hgbucloud01&domain_stripe_url=https%3A%2F%2Fidcs-67322d8881824b13b3da16015007f9e2.identity.oraclecloud.com%3A443,Oracle Cloud Infrastructure | Sign Out,1
2025-05-26 19:28:31,https://mtucn1.oraclehospitality.us-ashburn-1.ocs.oraclecloud.com/cloudgate/logout.html?postlogouturl=https://mtucn1.oraclehospitality.us-ashburn-1.ocs.oraclecloud.com/OPERA9/opera/operacloud/?TPLNG=E&TPFLSCRN=Y&_afrRedirect=732365004546802,,1
2025-05-26 19:28:31,https://idcs-67322d8881824b13b3da16015007f9e2.identity.oraclecloud.com/oauth2/v1/userlogout?IDCS_CLIENT_TENANT=idcs-67322d8881824b13b3da16015007f9e2&X-HOST-IDENTIFIER-NAME=mtucn1.oraclehospitality.us-ashburn-1.ocs.oraclecloud.com&IDCS_SESSION_ID=096c0804c5624213b2a53655a4bfa443%3A8df87a&IDCS_CG_ENC_VER=v2&client_id=opera-mtucn1prod&method=encrypt&IDCS_CG_ENC=true&token=wvrVelFrya0ECgAAygkAABAgygkAALAJAAAQABVbHB72IFidn-IfnaYPIUWI0FGSTDgJogein7Dcz32j6v7jlfXds-r0UUI8LB3D40zyfa4f5dbRMzW1N5sHGPLnu1wSq5m9BX973YqybYLFkUV44hXUJrxuMICw2Xa-K-3B2Gf4M8TUZqCzqyhZGgYfb3fAm273Gz-1CGMl37BFFIyxvrbdV4cyQTRzcl3ewJzBXNqGY_5PSZL0DKzcb-Luojv6I4Fn0KNYfUKFqBkFYtOMrwkzx97nqr3yTygbRmd3KSNYu08JbNcw_n9_C6_fj7eDLSHdV2kp5l5G6o5s7ajSxgBWGST5qR--FExlIVCHOqLbnT8hs2YY7oB-w_tgNjdjJKPQUAzcVUc9msx27epRtapv798ZRd7QcMzDWjwvisHHqbKnQFJm09lBskcv4RKI8jf28evXrOzFzTF9qa9dn39aU-U08Dwkolz9msuVpqnfkH0T6b3FXAcopy19yFadQoKIt7QBgHaaaxT7orIbuTH9AsXT_wU0fJnFFHdSb5M29Ja_jkCcz79ackrOb9I2KVYtb5oP2rytndUO-jvXll1dMqkoz3xroWnjG-bBrq4A_yPnBrQuAWeFF9lSEHbneFU1HfFGIz2blJ2jXqFvgttrrQK5bA1UNcfnHBSuUv_5xfqokWWbeEdo7P5DSpancOB9zi0aK_EaFIcUcjMh3en-mHuA3o6owSVf0P66bkVyGeb55Sph5mxitb9WoZL21tY1nUnp-uc1RsfsAYAiq76Ts55TjXqgUXTD4a4qCa-yisMY-64XFoZksJgnqqHI5IhYSGM9pa-IcMCjc7vlar9-9iU89Mwf7_2zZl7XHD7rTJ6ofC263Be7fVRHttB7kmqjo4GMI00CMWTi9tXTjliESh34cnhgUeTvid_nOrOvN64ZPqd7WDLY_0JX49ZL12_dDKMFr7tw03Mr4Qe9-99s0o_UmDMr6lj-ZMIjU6EGgWE0GeBOHORDyIbKoiycO7Uz0ml3WHss3DHMNX2GLwuqFnBmUPIujqGnwE_vbemWDl3rb-dMkSElCEbIfnrkDdvXY1GbJhJ8Incfq40yWyYnqPdspa4mhExobbPWYdY56zWpDcdMw1txP_PQ8AFWVVSndVsv4_q2u4LxsjkifRq2MzE5Nw1dKCI_eZYgp2053PUe372S2O2sDlWOcTtka0mj3qM0gULBPSRONDJlPZF-0Dtjb0jN7x9VO-Ww-iy9L44NYTa6t3rptKJZSCeQT2GBnjwp2pCmYsXRhiO8nDXyNnTQqiJRIP4QhktfC7MQKU45L8Kr_L0My4sihOugkWIJUERQmlqac-S97PwojWQ4S4YO1i_uajtr7X8Tvj1cZ9n97quXlOE6XwwDC6EkVedybvXZXsu4OYkcQ6yvD_kYRiPwEzIk3K2JMBhyQX_Eggher7RHtpDRD0cr_TWEq-vUrYvSLyoHnSm6u9HjxxeCIA35158evSA3MC72eXADGd-DQFz-DIP_0Iph3Kw9wUiGx7uzdpL6Y0whH8kEqLH2Bhvnqou6JeY_ZTiUSv9iUJnPxscvyRjcVXpaCANwQuF-F6wvkwJYEUfjMIKVOXYENRvNwh2g4ogVTM3dTcdivej-hrLmQ620vqyVP3IJJTKGK7A9hJJoLXS47AO2N9FgLqBquNrVlYruwnpAOQ185JqyFNifjp3WBsU0AMUBgSJuiIKf5Oass_a4GXO0YBFZrq3X9HKQzFc1ElzyutdGG-jdIxccKwZirsocV9Z95N56HI4tlrj5aHA7L1Jfl4oTLtgfVtErDK0zSbz56Nl38HmtQcx8VWfgpZudAeczrycnkoNqr_RRuB8EXxRAm5jpdxxcGH1vqW-Vwc_ppILUyed961LwwB9zabFeI_u03Kj3sQmHK02hnfSlbIUrHevNuGps--SZb0ECtu74OSI1zMS76-_R8TvWBJvv1NH1FN_Y65Hfs8A3AlTZNnelcXGAwJdW5s9tW9w4o-xb8a2JGntG8o9ZT1BjOHy2Yi2nmjEuntLpB9FVIkL115m2j6Y2Qj1g_KGASoKJBzTisWyVukNiFklfKL7ARzRw1dSM05Salk7crDCijED7wzLpOomWtRZ8lvf7kwu-9H0hmbbdTApGvhqH64EIChVTXE0Mbg62x3inmyfFiDX4I-Ehaeb6RE-kWZsTnCmzIOCibOcTurr065vl8OtjuKzVjS9le0btz0k6cyOWU0sweaAz_baBn95TReGNiYxZraiuMswypS-LgSZjATWI9QUVctAIEzrhbuO4l_IxVbOrAN513XU5lr6-1MUn4pogUyb8tgQBF4-F_Fc1PZKec7LX8uhsRBsTkhjzmCmu6svOBVHiRqUMcktWSR7PmabbyZvpCMz0qivBNiXDV3bhEviQ91AYPbmIADfbLAhxMaUfNF8v8IwYY0ZYXExXge-HaqrJm_-hCUOYxfoDnhqVoigNdgygJcI8UPQlOwq4K1Z_WgSNCW7iW5PfH6_0xv6h7RFKbaFUb5n4lM0Tom7gf5d7f-4wSeLRgz9CQBDvKEAjsKd03EAxxaR1FO5yAhuav0ZSGKrLrSg7a-3pl3SoHi_GJD75FL07FB9la2-ah0ksyXoEY55EUV3mzlh75jLZOJeUqx-EWRwL0_ezOCKWmhsDnSiMSRf8dEgy6FxeN0GPUB25GgxmcXvEsNLETuMQT9_gjqTJS48QLX-QKev22mzENo4APtIaHacAht8XG5ESsUeBATCOxXdMa72WKi8EYfAYCzdlvBcDA_xkjfyAK9sqFrd9xDCDNvgyDKypjbLtAmFZZZD-PplHLgS1fpt79dPWwPe5OYG2SJN4MRJKKj7LstoAp1L-fLu-jwGuJtH87r46YkjUS51FHITskU5soaVLl9QvYWM1y_hSvfmBh0DFl_oU30f8gHf0J8nv6wG7EiaA6T7A73bBB1C9wzCRS6qd8_mtiLnJ8fHzaNOglYT9BH28PShJRN9NXXkcdAb9hDqHzXJLmNo2zKCHBP6HqsjnAP9NZIG4LSE67XWc-TadlOd1Cxg7Im_fUCIMhz8-eBPNAsNUz_LPvf25jnogkG3MyjjvMUfWzek8ADszLr1IPuX3rVzf-mZBicBOHCKVkIcDeaKnSoA_-MP_9TfSlr-l7HovoAOiozqB-0szT5_Y10SRzOoOiD6yoajKcaQ7uCdL_JAkCgv1FrLwzfkMVLBm7di3a46QLLjE-WwiAjkxBUC6bLFfj_xfwhEbl4Xr-fDSb6joSt-kMuQnBtqa7EWyY8sS9iooDGi5TllsxFigrp7hb4JalWf7puXKbpoT5V3_4uAXtremnHa6sPpqnijCPl0MpLsLstUZCtHE8BuXDf8b87LS1I7HiryHc2FoPsI8Lt7FPtdU98zJVeqBGQ,,1
2025-05-26 19:12:38,https://mtucn1.oraclehospitality.us-ashburn-1.ocs.oraclecloud.com/OPERA9/opera/operacloud/faces/opera-cloud-index/OperaCloud?_afrRedirect=731412887488332&_afrPage=1,OPERA Cloud,1
2025-05-26 19:12:30,https://mtucn1.oraclehospitality.us-ashburn-1.ocs.oraclecloud.com/OPERA9/opera/operacloud/faces/adf.task-flow?adf.tfId=opera-cloud-index&adf.tfDoc=/WEB-INF/taskflows/opera-cloud-index.xml&TPLNG=E&_afrLoop=731404881794737&_afrWindowMode=2&Adf-Window-Id=lbpqqkn8s&_afrFS=16&_afrMT=screen&_afrMFW=1058&_afrMFH=1460&_afrMFDW=960&_afrMFDH=1440&_afrMFC=8&_afrMFCI=0&_afrMFM=0&_afrMFR=172&_afrMFG=0&_afrMFS=0&_afrMFO=1,Initializing Application,1
2025-05-26 19:12:29,https://idcs-67322d8881824b13b3da16015007f9e2.identity.oraclecloud.com/sso/v1/user/callback/login?nonce=089d82e6-19d3-4049-a7f2-80b64ba6ad90,Submit This Form,1
2025-05-26 19:12:29,https://idcs-67322d8881824b13b3da16015007f9e2.identity.oraclecloud.com/oauth2/v1/consent?OCIS_REQ=CqD8rTPKsea51knkJDqxh3FjEOXVk68ZJkrRuTvQ%2FsSXhycbrTXJDdIRmn%2BBVxB5atYGDa%2F9MVMAmbKF5YV%2Bxah%2BkemeL4l20KyFsnd57TwjteGlRmG4qQNOpC31D9yfiVq2%2BZabwB%2Fxxin7HqfQIlYaoPg%2FSc0uk%2FLFjO7fVC1K1OPwFerSKGP7i%2B4k3n%2B6lDxK6XrrSVxNTzYDNFueN%2BOOAh0DRuki7Pnl%2Fr5VKw5Nqf6cMWTicBMi%2FSkMztSHEYH23ehI2Oi7PePbC%2FmyQcIplCr0G%2FFOdjJCENAkUhd6ZnOW%2FnsIK37VQSlk0cpsNyoVpsG4oRTurNVqj4g3DaOFvwoh4hnKLLwoPKNk9323veqrlSvgEo%2BnTD1U4b5xgtR5%2F70unAI96dJngCnEZYUA7lBwvH%2F1PqGsWSr8SdG6tVuAuBj8npgB3GgjtKbLSXa4ANhTirg6hfkLiHonfSiOlNFk1THAXdjvrXSBHQ4YwhwR3lduFphzBowlqYOIUQw0Nvpus5pj8Hg7UcHb7Hn4OLyinBs9Lf1Dg2UAH733J37htCSFt4CIex2jdyA3X0zW%2FWn56bK6QD9q2G%2BXeUBDAg3aKuZO1LtUB8lVkSnHfxo8LxS19LVvaHGonSN0saB7FwIWERr%2F2kZ8tWbp7eFQiXsNGTT6wYPXC7rhLs0vCCk1LRAhDSsZ58if%2BPgDdL3LEqG98N1N1yQaCVTceRkm70TkFx6gkPI1wKQAOZa60hzrLH8tNdjK4Sz%2BbheUP772SmxhEME2amTc9Hv3zeqCrWLD8dppaJ5oJg9iUK5MTtd9T9teCAF%2FOYba1DfPxtF9AQ3O27nfdXqqznruQ0%2Bc4wcHoYIRlGrB%2BeHh5wrYWOBKx23QHUZcYMWHNn64AsChB6bQfP8dUX6wFIDHa6NvUqdHMb2DAg71lJiPE%2FOBheDzHWxWc385JxKGYov2TqnxEf3sQym92OjRQiiGwfg9eKi5LQQR9VLGPBicf5ZpTrz1XN%2BwK0Mlwkger8NmMGvy2AwAuaU%2Bafw6pP2eCEKhMXMy1myxvgUKmB9WiDMULaKS0k0ZSqda4LMXXbISsasbb2MPdOehx7lPsYmcTL3P58Aew0hZ8VmcwpJ7TowkPag8e1RIe%2Fq84bMEd3iWCFmGlOF0QVT9ujv2fSXwTT8cZt3vY%2FGw8sh8zal2w67ogf%2FxO6u2hejq3d7ITgoY%2Bjsad%2BPpxAs%2FlP4yb7WiRLvDfcLPcSOFF3owaqWWrIvPg7%2BRNcvrXuFNx%2FyycrX0YmV%2FZlPHYOoTIaIcEiJvPkEHYYnupH4h8TREUUYBlhX0yKP%2FJWT6miVmHP4SAv1fvHrN7JMOUxczeXr5IC2sAO1ZM%2BXTAhX4UagfMXX7CPWiUhAS7OrcWxhmBb%2FvhYR9%2BiGX7R7mQM8S9hGzYWWZ4zxdRU36ao6QD8e9gHEUqfWsmpVHODNZfboLo%2FJKRP7CyDwx5R0nMXb9moQ0I8XoKuow2R9L18YWfh6DFGhUOBBphl5MGLvM1k1n4kVC86y0fYcfoxsGGRiMfL1v5VRe7PMUJ15X9PeMdMxGmF4HDD0iKvBw4bbCkQS92fZMpEkjX6omf3WmY4a3%2BztxERzWlqg8xsOdRZ%2FNxzxtAIdEfnmShdDAfvLl7f3wCQXxG%2BDUyQUab6pZs15O8ANBo%2BD6aOnn36drwLZ4ZKelMSnrLzRhjzdW0xvj%2F77KrI8FVjmLFVBgVfO%2Bgalhh1CH7YT33aFXQffQ2ofnbfUvbGqUp2i4qEPrSwJvDEnf6lPhNu%2Bnp%2FP1ycft0xi%2BdZZ7F%2F19wEHFQDP4Iqp38t1%2BZy2PWlmI7IWmvL5DgnObnf%2FZTXEIlJ36xQkynMBlCsK%2FfzEndeGsTHGi7wlugbDHoQTmPHQAjtqgCv2GIAkDAejGL7PNnBklq6V2SA7wdIkEWz2GjJpbnD5mGpb4COVLOtq3MJlPb0HGu0Tzl77eZSdxAsE2fs%2B8%2FwOyv%2BUHSvtbKsl4pyPghFJjPjIkCMOi0P41ChtpGST4vynZoRW60buWWwpDl%2FfD2E4%2BbaDGhCLYH1tTR1AJR1N6VDbCyz5FKg4lyCwz5az0UtjDnhLshizfqh2TywZcXvTH8o2DZIoKpjdaQ%2BGF2wluF120DsImAjNutNfSvztgsqdlprjbYlBiUVuyJYWMVB38FOOPa64GCi64edh2BsblyR0d2iUVnN%2BXL8sAKso1V4CDxyjEcYNpnLMeEoRXTZ6MAFyGO2aAj4Y3DA7pFyFh%2FpNN2tNAe8CAkqsXbGR7vSMWmjng4o7NIMtfOVwHpV4vuIgM%2BplWsibU8Z5xXrQLQfM6z7Av%2B6kYAIvqn6WgCcediojk4tgKyVIStI1hkugQ3PnJOkVBYqfg12aHghHsR9sLnCHZol64O0htg1pUZr5awuGOUE8NpV8x%2FKmzbiMQdT6mviClHwerFP5%2F9fWcqAAtA%2F1JPHkvBU6lDRnHw48O7vcqyBua%2FBflJACd0ZNLWv6mfnQyGSzzwVozk003piCtC4znuUoMk6sDTlEh6r2F5LzyGcRLW%2FMS0lr6TGDiVijIWinrWwde4L09BZ%2Bk%2BdEJSr4Bl%2BR9%2FGpHyBhCk%2FZR91J3nkRhBiLDRFIbLGjT2jtniCC3J6IuNhVp%2BQmVMK%2BuCIwg4URM2U4zhkUlxLGAOnPf4HCeWF%2Fr4Pig9qgE26hjKTs16cRG7BG4bp%2FUyHaNYoObiwzYg0NCcpRHEFdf%2BYYi3HCe%2BcuxuSZC6q1t57rH8i%2Bdz%2FsbfzD5b4YoShLgLOze%2B8ioJEjKZoJgdfSEN49cIJqb3iF3AkP10NQ4qwCsCqiYgRhu2AjvVc9MragpF6QdHnl%2Fw4mRzYZgnLM7%2BRgKskpYG7rzoXWxM%2B01y3sCvDw1x5FVRH9q%2FwIeMMmH61sfLC7BJHiQzYiPpR1GTgzlzXmHdc5eM5gFYoHoK9wg3aMKaCQ04eInLEHx8TttqajGSXnWBBqrYcaMqFYysr1QtMhOUUirxUSJWHEG1G2fcT7aBjhdGSW0%2FNraqpDkBINh81Q0ZtRMShJbtsUk2u3JQo%2FoMJyvTSD5b4KCpEstSyuYm5U0tduH0qH7Qv8G%2Bt%2Brf%2FPLe%2FqU5rJabJfAAmeyu6wvLduci8WCztBLiSSMppj5j0%2FV%2B0JopLipcDSharuKhQwCtTvHX4ptyw2U10LroSiyruA9X43X9iUcKiS74iFx7C%2FfvzNmbMr9WQRfErhNzmJmVkfB1n%2ByPapr4GKq281ZIqHU%2FhUrkHg8uNxGzx6N79w41WNbYODP1zjibKAWiOuX%2Bfs2jXV74jTlzMvJZr%2Fgg1%2B7CZacQBZ1lrqt3j9z4mGPpR4d55RpYMBv3L5Y3qXzda%2FzuTti48XnZnitOjxQY8zwh%2BsNwwkZoPPr3DIaPNAp3I7J%2Ffta3SwqrZTSDMmpnUbTmljXpgml0MbIa2lk8DPCdy48frnwTUik%2B2dbft86Qkk0nwnFBEJpI8ewnZ6cfbka2f4lilfy8581noj2LCPSWWeKIk0LMLTMtj5NQ9yJ4wRoGAeDZe%2FYmCTSPFREiXontuGzZ%2FC7qrkFusJULuQkjOUsE4MXJTy%2BKzsvjkKlxXfE7o9qX0pvrtBMwb1yInFwAB3LUGShSFB%2BgfNvqhhDXSJeGcZxHSlEx3%2BKaHihq1ZRZaPE9b75HafYWQg6l3hhBD8dg5hxIaFC8rl%2BexpurWicQhxsBe9tzlPFuoqH7A0Xx9dC1dBo9hTfC%2FNN4%2BMq0bvAna1uPMOv%2Buv4Ubm9PY34vE%2Byn%2F4HUikje1s7hOQPn9zvlSaRkje%2BiBjH4B6y71LBC%2FKanR2DGVwRV0fVMf54zRr3yfYHv%2Bg%2BGRelQuPdp%2BT1XSDhzfmMWLs4uwmSWMQZCeUDmilaJVyY7eIJStIpQ6dZcW0SGRjx%2BLFyVdioRKaoCefHkv8QMgMp0ttqe8Bd8PJiqUL0Y725ABtg7befNcA%2B3FCmH72xLTeM8MFN5k2kHUTQYtu3Yp1fjtys18k1Cb7qBybF%2BrN9bxRL9tSnfw5VQXf4KF41x0MoLz1vtNRnzBNQ3%2BFS6ZOZOe4OVGdKGqt5XKLzTdJVyXE1mJ49Wx3YIlXhzAnaaiDJ5w%7EfRBUk2YyPm2J0R8C3pdxC%2FUxJAvIRFPoamOL64GORGY,Submit This Form,1
2025-05-26 19:12:28,https://login.oci.oraclecloud.com/v2/storeLoginInfo?redirect_uri=aHR0cHM6Ly9pZGNzLTY3MzIyZDg4ODE4MjRiMTNiM2RhMTYwMTUwMDdmOWUyLmlkZW50aXR5Lm9yYWNsZWNsb3VkLmNvbTo0NDMvc3NvL3YxL3VzZXIvY2FsbGJhY2svbG9naW4_bm9uY2U9MDg5ZDgyZTYtMTlkMy00MDQ5LWE3ZjItODBiNjRiYTZhZDkw&access_info=eyJraWQiOiJTSUdOSU5HX0tFWSIsImFsZyI6IlJTMjU2In0.eyJkb21haW5faWQiOiJvY2lkMS5kb21haW4ub2MxLi5hYWFhYWFhYWN1aWdwb2RodnY2bWFvemh5NmhlNjRybXVoa3c3eXRkY3V5ZWx4bGw0Zmtwa3VvZDZteGEiLCJkb21haW4iOiJoZ2J1aWFkMDJwcm9kIiwiZXhwIjoxNzQ4Mjg2NzU5Mzc4LCJpYXQiOjE3NDgyODY3NDkzNzgsImFjY291bnQiOiJoZ2J1Y2xvdWQwMSIsInVzZXJuYW1lIjoiS1NUT0tFUyJ9.PTR1sho9DY33z82NswT4cVLfcsVMcbq-pJEIvt0lnoQeOWBAxbwWHETPkWBY7CDWnqb1GZzTzpiI4xMzZTFK706WbtH6fX1qfCd9ituURsCAleR5L401nboEkWy5Q31yM-wLg0pdmC2hl7CVBIppkPX9FoTaU-X0D3Xi7ukEMmhPALEyQgSYdi9fZVP5qLJd3sXFUSJ8525Iq-BM2yw5lWNtfelLnC6MdGsN9DCylLcUNJ2dD31A7FvvfdpEkDwZxZYShZbbDscab2KGV4rRuABacI4zQSuQa3ReiPQV99W_PULNm-i5DJEJeAjjZUYjrV8G7nM-s38pOxwnDKh4KA&is_paas_login=true,Submit This Form,1
2025-05-26 19:12:25,https://idcs-67322d8881824b13b3da16015007f9e2.identity.oraclecloud.com/oauth2/v1/authorize?response_mode=form_post&response_type=id_token&scope=openid&IDCS_CG_ENC_VER=v2&state=Tr38H39UaOg6aBqIOHHruVFYpg6NctZFz_3F85k3EFk&nonce=Prz_YjCyqTK6GhfmFWYBF1l1q-4fiW2MhqsDhBEo-qw&IDCS_IS_CLOUDGATE=true&X-HOST-IDENTIFIER-NAME=mtucn1.oraclehospitality.us-ashburn-1.ocs.oraclecloud.com&idcs_app_name=opera-mtucn1prod&policyAppName=opera-mtucn1prod&policyAppTenant=idcs-67322d8881824b13b3da16015007f9e2&idcs_app_resource_url=https%3A%2F%2Fmtucn1.oraclehospitality.us-ashburn-1.ocs.oraclecloud.com%2FOPERA9%2Fopera%2Foperacloud%2F%3FTPLNG%3DE&client_id=opera-mtucn1prod&IDCS_CG_ENC=true&enc=LY8d3-2lxcLUAgAAmgIAABAgmgIAAIACAAAQAC84KX3sVLELMRfdf0-AzgxoIRxHqkn4VwpYOmLBQh9OfSiOuCo7tCWKQ4kA0Fl3d-b1hh8yN2aZfBFWE_DnlZf4XDkCWSECJBqHSqj6KvZiyaAVQrSEy0PqMQMFS745LqIup-Vbx6YqV0K5gegY6Gy19rO_O-J-AR7MsmKlhuK9ca-GRGNalYQTHpzmf_idncIh8w7cpXfBy9SLDSxp4T5WI74TkjjG-uMCXx3ZPMLOb2da4Y_6ixttFgze6itBjcTnUOLLormG1-lacv5qnf7SGQWjBNifTzfzchcHK5Y150UeC5nxCeijBRcB02E_dSwO3h_gwaIYMSVMbb-iR5Zja8keUTqGEX8PkcwSHiP1VaE8Kb46Rea0840-4OildHyC0fIYUeih8pbrKNeF_niWZLgvYHZuIy8XMBucEo4D7fP0k9YpSmWW8MPHrBOf24rqJT-elwBEefmFGf_EzMoCS-y5iaWYALsSoY9mxkiRQNM_bkFO74rhKyuhLoUWLdH0lCXYUGShQN5PyUYGyi1fBT2qVvEQKt99a4dJAgFReFpfxFQ3hgGCOEEb_vuZzv3ZouSyR5m1QON9WPv1bB0OlHFSkLwm6oxKTSGIlCi_ujJE8Mds0bLaTFIHeG2Lq_XHfE4sfNu-HeTYCMe2UuKHdmnyJY3MmIjIMimMJcu9VivBHLSRIlJ5lZe7Q8JwblSkFEG-3qorT7RzVT2fQJXjKvZGyCSRabaPeEdaS43FEZ2NIPM1nsJEnevq-Z_We-dETarXHH3oz7kim-LsFVKf9KzDP0gJgBoFXHAaeK9sZUCXX--Ow6ndQbkA8B65RF6nTumtxEunxeG0LcHassf30TTchqrVpS2t9A7WyyLcXo-loWpN8TDa73uptwRxyjZZTmsZoeZDEq3zTvODjoo-OpkzqcC3cEf742DjwKZm,Login - OPERA Cloud,1
2025-05-26 19:12:25,https://hu05-ssd-ohs.oracleindustry.com/oamfed/idp/samlv20?SAMLRequest=hVNdb%2BMgEPwrFn22weSjDopT5RpVF6m9iy5ur%2BobARKjw5CyuGn%2B%2FeGklnoPzb2h1czszO4yvXlvTPKmPGhnS5RnBCXKCie13ZXosbpLC5RA4FZy46wq0VEBuplNgTdmz%2BZtqO0v9doqCEkUssDeR4SUqPWWOQ4amOWNAhYEW88f7hnNCNt7t9UmFnkIXm%2FaoNhzJKFeAHSJ6hD2DOPD4ZAdBpnzO0wJyfHzw%2F1a1KrhqbadKaF6VufnclsOoHyIKXtKjPllIzLEERQRVz1agt59ASeYTDp4B7n6bGj%2F30EEJ5xByerj9U3b8%2BAv0TZnELDvVbVKVz%2FXFUrunBfqtI0SbbmBOJdF3Im2PJz22vmGaLxuySgFkKmrIdrnwqio1kLwx0y4BjvebJXEWu5xF%2BCNxrUsAVq1PM07lIgSOkqjCB1X%2BYTllNHxC0qe%2BgOi3QEtFyXSMq113r79rp5ezWPY%2FXEvu7xY3pqNgjlJ0fmE2Encd%2F4bHi7n7ipRdXuCxu0FHY5o1ifTUkA6vh5QKouiyAs63OSDzUDyfEzyeF7X24mimZZn3kd2YVwru%2BBsOBzgmHyKP7nqr%2FxHbLxcrJzR4pjMjXGHW694iJ8h%2BFYhPDuz%2Fv0Os78%3D&RelayState=Txhi&SigAlg=http%3A%2F%2Fwww.w3.org%2F2001%2F04%2Fxmldsig-more%23rsa-sha256&Signature=h2ZIx8oyY0KJeRU1sEP3fyXIMPbOCWXOuv2xBX%2Br1YgXcuoh6ctcgpb58XKe37NccMrzE3J%2BBYIWFZEA2LAe%2FBU945whAMyJmUOrl8DGUa4j4ffcjYYKBbxOsJWLi51wvd2WIoNGWLYxrs8aszz5S%2B6H%2BUqy2w3YUee64wqGb9Lq0ZctqnhNN1PqgmV9H4qEPPtncocsQ2Yk2iaWcPt8FfH1CL%2FhxyRQ07d0%2B%2BFIWsKegP4XRa9lZqWDDBxm4d%2BaKhONoNLtBs1ryxFSWOnFRdh6bGJ5PqBDxOxXglU1JvgvFHS3M%2FdANJhM7oIUixxiOIYTDC6F7PQR1zAPkTHmjA%3D%3D,Login - OPERA Cloud,1
2025-05-26 13:41:16,https://idcs-67322d8881824b13b3da16015007f9e2.identity.oraclecloud.com/sso/v1/user/logout?nonce=bdd51bb7-5c50-4e6f-a391-9d0bfb45d6eb&tenant=hgbucloud01&domain_ocid=ocid1.domain.oc1..aaaaaaaacuigpodhvv6maozhy6he64rmuhkw7ytdcuyelxll4fkpkuod6mxa,Login - OPERA Cloud,1
2025-05-26 13:41:16,https://hu05-ssd-ohs.oracleindustry.com/oamfed/idp/samlv20?SAMLRequest=hVPbbuIwEP2VyH1OYidcLUKFCmyzhaIW2IV9M7EDXiVxmnEa6NevA0TqVmr7OjpzbmMPbo9pYr2KAqTKAkQcjCyRRYrLbB%2Bg9Wpq95AFmmWcJSoTAToJQLfDAbA0yelM7VWpn8VLKUBbhikDemxjHKCyyKhiIIFmLBVAdUSXo%2FmMeg6meaFimZgh07qQu1ILujFLqCEAGaCD1jl13aqqnMp3VLF3PYyJu5nPltFBpMyWWe0qEs1WbehrWQYgCm1iNism56dCuOUakEHcNGgOcv8JHLu4X8NryM17Q%2Fm3RWgVqQRZY9OfzJg%2BH6HWACNyKHHbBuC2OoCRYlEiZMZL0MXJiVTqKpbGgruS524t9uqZCkOAUoTnbnSAPOy1bUPidVbEpy1CSecPsn411%2Fbqa4fjAElu388WsE0nv7ur7c%2F7mOSTatrdqPvqb%2Fhko8u96Zm8sKaqSJn%2BOlo9MazxGWqa1lKf0LBJJnkEdqfrex7v9Xqk57V2xN%2F5nJEOJuYpdOO%2B8BzJL3vX7FGiSl4Hp62W75rkA%2Fedq6vFR6Mbjr%2B1SBzy0WLKZDLivBAAaPiwXC0eJsurwoW0efRLgzD1hRkXx6EheD6xSanftiSMd1rYdv84WiTh%2BkeH3c1f7p76eq3Z22PPvpB92G%2BG%2F%2F2k4T8%3D&SigAlg=http%3A%2F%2Fwww.w3.org%2F2001%2F04%2Fxmldsig-more%23rsa-sha256&Signature=L3QoH8BSt%2FETMS3gC4uhELT3iNCpXFle7mQnZibMM4qqST9w9QHhncrCvlW2pOqivtE7acA9fN5ihgs67njDMfXdsOBZZkCBd3DGsprOcT6TxYasy3FspZUjvQRviR%2F7EXmP%2BRKyCK4FoSlrSZdcMK0X3%2FxNJiUUXfjc0wJtNIXynQY07%2FYjr88utI1IRxlraJILeJrH1%2FQbjQ6fLrvBrsF2ts4ltAmWHrvuUGb1aJ9A1QbokZue0DIvQYiQbEYSmA7CgYn46YtpKEAUYJloNLtxowqtek%2FZLEj818KTw9S1%2FGpPG3P0THyKRDbjDn9RWKBc38H5%2FaSZMIZADIcYKg%3D%3D,Login - OPERA Cloud,1
2025-05-26 13:41:16,https://idcs-67322d8881824b13b3da16015007f9e2.identity.oraclecloud.com/oauth2/v1/authorize?response_mode=form_post&response_type=id_token&scope=openid&IDCS_CG_ENC_VER=v2&state=vTfu5UPtESLfdnKehafhFnlPoLdHKr4xzNvECWs4rzw&nonce=akO5ejzXBe2jw7XRRo2mYRULmhtKPC7phHhuSBxiMaI&IDCS_IS_CLOUDGATE=true&X-HOST-IDENTIFIER-NAME=mtucn1.oraclehospitality.us-ashburn-1.ocs.oraclecloud.com&idcs_app_name=opera-mtucn1prod&policyAppName=opera-mtucn1prod&policyAppTenant=idcs-67322d8881824b13b3da16015007f9e2&idcs_app_resource_url=https%3A%2F%2Fmtucn1.oraclehospitality.us-ashburn-1.ocs.oraclecloud.com%2FOPERA9%2Fopera%2Foperacloud%2F%3FTPLNG%3DE&client_id=opera-mtucn1prod&IDCS_CG_ENC=true&enc=x3m2t_P8eVfUAgAAmgIAABAgmgIAAIACAAAQAOY2WTjDic8t48QrfRisfI2lFSv3E4Ma63PFiDlUnp2Mw8iMK08zelBB8Ixx7GZh2hplRp5Yp3UwtH3Col1YQNXxPq6hT4k5KI48X0w2wsYSZNgaVnXFHsu1v4jrBQ_geuvvGdZ6CFZgC9tyvrJBuaz1kNips2kUAgvXM2bqmgKK_RDXXOILSBvwn71D5uc2m2eXs-_aE5KDWC7KMhgI5lCGPTAwFDguiXOlN2Vs2-ikC3cky5ebexJx4JzgVzEcx0WxA9Ujxe9vkwaCeWLOw2LoDoNH6Qi_YKbIiyuru4zsU33cwi4EwTR6KODNTzjlz_ifIxy8KsXP3ISPLONlBf1rXbJ7lWhkGikomrKzCOiC7DyKwkY3-KlZ9boXingDJwSvPx7F2REkcfpbgy7HxSbzYlRcoJTdw50NYUhrFnPlUBlxlbMWJfmywcZvBwX5nLJTMeJao4-GssmeWf2giqDb6icM5bCDn-6-TjbUXWaABQSmA-uExJqv_TVQIls_7YrotzeZHXEK1HJ0n8fgl2SXla2KbWOyGK9kKR0Gjt1hO86QRWuvdhMfuR6WjQCD6qvRnS-_J7QBo8hVTtjmqI81ArPA8KP2SWBcnLG11COBfqgteEwpIS9sOTEbKEW5ydVdSsRWWeQfROmDExhFOPV1ymZCiMa07wxvpM1UnJLXSl538hcGDuvw__rtWuIzX-wDFjWT5xCbG2BGeyYQgZj9IfOBX5AfSiQMeGg8Fcir020jqtpA5DeFTdesG5j6nwc692aCT0PRKP6uktUM1tiAHNlXflKUVjRd3q1hzpAAKpd38kk0_UCUKuFvh_fj_nJIml3p0FU-5pl1GKLdLmpcV08VeD7FJ61DI5Ht6wGdfhnQ6Aiun4e-2ZQghkom8rW0lwFl6GPrQElM_l913_TBZV2ed9fxlN0KIaUU1Gvj,Login - OPERA Cloud,1
2025-05-26 13:41:16,https://hu05-ssd-ohs.oracleindustry.com/oamfed/idp/samlv20?SAMLRequest=hVNdb%2BIwEPwrkfuc2HH4qkWouENVo35cdNCK65uxDVhybMg6pdyvPwcaqX0o92atZmZndtfjm%2FfKRG%2BqBu1sjtKEoEhZ4aS2mxw9L27jEYrAcyu5cVbl6KgA3UzGwCuzY9PGb%2B1vtW8U%2BCgIWWDvfUJy1NSWOQ4amOWVAuYFm08fHxhNCNvVbq1NKHLva71qvGLLQEKdAOgcbb3fMYwPh0NyyBJXbzAlJMXLx4e52KqKx9q2poTqWK2fy205gKp9SNlRQsxvG5EeDqCAuOrQEvTmGzjB5LqFt5Crz4Z2%2Fx2Ed8IZFJUfrx%2Fangd%2FibY6g4DdLRZlXP6aL1B062qhTtvI0ZobCHOZhZ1oy%2F1pr61vCMa3DenHADJ2Wwj2uTAqqDXg62MiXIUdr9ZKYi13uA3wRsNaCoBGFad5%2BxxRQvtxEKGDRZqxXsrS4SuKXroDou0BFbMcaRkP6f6ugZjrUm1ey%2F3Ln6UtNu7%2B732%2FiNH5hNhJvG79V9xfzt1Wgur6BA3b89of0aRLpqWAeDDMKJWj0Sgd0d4qzVaZ5OmApOG8hutrRRMtz7yP7MK4RrbBWa%2BX4ZB8jD%2B56q78KTQuZqUzWhyjqTHu8LNW3IfP4OtGITw5s75%2Bh8k%2F&RelayState=WdiN&SigAlg=http%3A%2F%2Fwww.w3.org%2F2001%2F04%2Fxmldsig-more%23rsa-sha256&Signature=T%2FfDTfivA%2FeghKvjsI336sX22IeP%2F%2FKZrX5R0X9%2FEB6tgx9%2FNncMEvvFydqBpjPLH6M%2Fubu2ObL9WCc9oGIyvA4LzU%2BCevRt5NBaG6fMhIVRsqTkoCKLWaYM1G2jL0vJsTul%2FuZI%2B1NG7pqGD4noQ01gk5GWCD7DK96hVlV7kmtycU7jYcyV5ZPWojw%2FDnexaaQOeeEtHwG1CUzFWdN6t4ZEgtwUCZcp2NTvRUTQUHR05eawZbk%2FVxuuU0POlMqMC2%2BdxyxcMmw%2BxwCMChdnYKgRlKVX3AqH%2FdGpHzH9kMu%2FMKc48vzNl40SszYTNSsz5n14tds9YWyu%2B0XJnCxRxw%3D%3D,Login - OPERA Cloud,1
2025-05-26 13:41:12,https://login.oci.oraclecloud.com/v1/logout?nonce=bdd51bb7-5c50-4e6f-a391-9d0bfb45d6eb&domain=hgbuiad02prod&domain_ocid=ocid1.domain.oc1..aaaaaaaacuigpodhvv6maozhy6he64rmuhkw7ytdcuyelxll4fkpkuod6mxa&tenant=hgbucloud01&domain_stripe_url=https%3A%2F%2Fidcs-67322d8881824b13b3da16015007f9e2.identity.oraclecloud.com%3A443,Oracle Cloud Infrastructure | Sign Out,1
2025-05-26 13:41:11,https://mtucn1.oraclehospitality.us-ashburn-1.ocs.oraclecloud.com/cloudgate/logout.html?postlogouturl=https://mtucn1.oraclehospitality.us-ashburn-1.ocs.oraclecloud.com/OPERA9/opera/operacloud/?TPLNG=E&TPFLSCRN=Y&_afrRedirect=236013711100135,,1
2025-05-26 13:41:11,https://idcs-67322d8881824b13b3da16015007f9e2.identity.oraclecloud.com/oauth2/v1/userlogout?IDCS_CLIENT_TENANT=idcs-67322d8881824b13b3da16015007f9e2&X-HOST-IDENTIFIER-NAME=mtucn1.oraclehospitality.us-ashburn-1.ocs.oraclecloud.com&IDCS_SESSION_ID=93fdbdeb97c4493eb633497caf76462d%3A8df87a&IDCS_CG_ENC_VER=v2&client_id=opera-mtucn1prod&method=encrypt&IDCS_CG_ENC=true&token=3_RYe73qMLsECgAAygkAABAgygkAALAJAAAQANaGxFdgm71cqHQ0fyFUMrPXA2eQ5P2K2pZbl1-7OsbG3tGcDk3k4Tc_dZXbt9DmuMCXuCbElkD7ucXXKIliiz1z-NLM2Etjdw2UNAe-x4ffqzxy40vg67rpuJh4NNbqFI6zgKnT1oRZVmnD_n21rGM5VeStucEpgMB0DUxkcPu4CR2ZRfAnNAN8STmdNmgVjrDHsNHtL4BEFGCTeCbN48Kp2pvG2pIf1x54YSYkKVA-JVu-Q1_5wheBK9MSJbKXsmguPqS1c-3aEZ_-RYI2kzWoY4wHDVOfCKa9eNkak-zdkEX0MrWRsG5BeW4BvCmtB8oWqw3SOWxWHZVsw2jSYJ19aa066SOG7IQlKvQf-T9JOJnz8OYy9C0T_baropfXPHUrOSu0BCCVD5T4DmIzDGf8SHgbdKdZqgDFH_6GXhD4Ulx6RavLeRiQT-kCtGsnl8_nN-rjvC7VfslyeS0mxnVTyqSEKsWkNirsA5yzDcJXx6QgZQ9jGfLv0Tv1uUFqfJ1AJjWGTYHVnYTMh2v3fpAgkv2miAOJKd7WoErdvcij8-j666BhLf0cpdDBWEaeWiC4MY8GZZJah2qkZesl64lJNs-5RTEZrU_341yZ8yjbAW_XUAyKpNHag04yfDHAVoG478bcGeC6vUhrWVR3ul5LhxzdSQBoFRbCDZxwroI1nLNPJzzDCDWXCBB3MXlyVZ324ptBHloEzcKPh13teZ-aGoGhNXstFZwGunQlvhDdSU__AVpENGiQVLqz3cWnNLXqDYFhdALOxp700lIC3Fc1TCM3IqmKaUlSEBA6s0A2uMbkrYvfmyG31ZnFiAIr0qQDUmj7kwVmLK4RZfrR7JwD7wxQLtKUp0B4r_PYFOnbjPIcpwexr1ZTq691jB6BPP0IyHsx5k5H6ewe90t2SXjn63k1r0BXq2xFiXegVTugk8vgmbdLq8pApZIrqg9JSaGgBPNwrOtIafhCehYI6kMTiapmtNQeaMQ3vvJJk_VySFC50lm1Icplu9sE6_JDA-ghBaMGdEF5rQUwaDCRQhuVX0UUWA2Acxoij4vFidRwyXfLO-nZeY4izMuGuNXxiiLmT_Rlb5EHiA91LdQpYhm1TECMMEsfBK0yC-l1jnlU1hGk7aL32GUCQdG9pcIRkHifCjWyc5DRDiRZXKEpHQxpyQTWE7Di_HcyXx-DGOweyG62bIrbd-XNvZTjXLk3U69fQU9x_yhzhYZPRnoDDGKSUg0Bc6LcQix4qkhe3mwEZmWrfCiNJiKyErEJTL0sH0MMramSz8fYcTMSvuxTYAVYoxVzOrhHrvpcEn95biz84Ij6cYUWNUep3nSeVmLt4XOwGH7fzvvxgN2mceaVD4S1zRCNo7OUfV28p2pWUYtmE7-kn1BoSq3C2jaUrqiXjdmk4DLrfdv6XWriluQR_QPObzu3MgPzCiaRN2gFqkVn79IYONoKpN-UclC3Q_OPMcb4CFPh16vHLwZt91Enn_7nEWTTc1sS18PNILqOZld8yeQrJK9Gpkx4DF8NwBIiEZ3QuBy7SIFNkVHBK0ftOfs5ocm2_Znmdd7UpLq-QwjEdD5fRPpVm58fMLJP4E2GBTd14miwVag0NROUqgy7lbRE0BVMDA7Rfuyhi1PPim5n5i0EHmu2kCbRJgqwcQHQIyO_xSu56vmtn6z28WoYYbaBF3SwDYB3rsSFhbCO2QVqgtnS_0eu6xfGcQVSku6uSwdBR5sfawVj5lATOTq7TdlxTux9_HekTx4_0JP8eJO_PfddHQhs3x-HhpIp-V-I1G33SfXLl2dGyhwMWFrWGyAm3pImy6nwBoVRNoZmPSHcASBAlBbv3EMVI_6QJfBY9NBqLfJ1M-s220J3asIvcxtg8NhJ_lr_deKquMJR18NbJ7LOFp0czN1hbv7SEEbtlOqiRhrs7Oz1eAr11Lgg1vRP0VdzRoWkUjMDn57UBWT4BxcOzU5wwQWraB3fLYzRXt8JNs87uCUONZNiPQu-bu7Iq7oxqTL75ZIf--gK90Ft4e2WeCtRFNWDodjBl428d8ViSWL8AtHmwyMIBxfVpg_YPogRYMJnNLD_CeGGdzmoGsvJ8GBb-JvjDqzgzyqBSMwkDPuBq2AuEctJZOtQOrmSblXHJ38RoWum1izeTPZIhAfY1Ksix-iDnz65agfpqfopmV82ykPQzF6DA_ptDWUr_dQzwAHhJ5PaCMDPEdZ52boY52V9usm3KmG_jnTKXiFH_sWRYooCbNDKCvSJo4xDcd7jWBvaZQ5xigq9cJ5Z6-VxNHb9xFNV8lYZJY4Sz45TlK_ON5Joxx9Oq-SJAihB3CBhmSKjgahu-RMLKFZVJmbnDxIREQTJlEP0q1kwreXDqf7UJ3CnJP96MmXqywoD4yOst4woEda5-MqpO48Kfi4T49oIObWnM0nIDKN4m-HO-Etz9PvfkirKTdxzCkKp5Cjq-5DR5N65lc_EE4b_6mrL3LcCmvK45GRXCsftHwA_NU_SO-IhgGlABnrJOy52IUuAluI5QawZFyAuJEqTmuWpe3LG_5VQubcMoGUD3k2ds0jxt3GHTJa1QDifd3S0b6g9ff885m7nCRE_9r9bFzEx_6j70x9p_Q3FVl2dgaUImj3UtdGAQF2lNoQA4nkFsWfClulk7Po0LTHHL4AHZCN1PztO6MX4bfFZBSWZO4wmIXNeTRyHGQnK6o_vkcuW2b793gzaz2L5a48SUW1E9A1bFsq0AZ2LhOYeDOxNC4I5QApXdDMkOjqOm2M37fDgOhqOwoLu2UkhLRVfHVl1YyC70tpzR03gfV88YXfGNJlZqj3zD4H23ViZtZXMZvAcLnWLFM9jvfAK8iN7yTbK4IURrvD2Uc8gHod-IeWr38XrZY3s4xnadfZflPnX53z4jW5d2c6bUuv0q_t9tYKLL6fJ-4qlbLAKF1AYAW2f6jbW0v4eFdfjJcIMx4xGtn3jbe8l9omvG-RQjw2-kWSxUXaLfR0J0Ep-q6C4WAo50DHHnFWWttLpes_eBv6Hc5Pb05QBv9Wc1DRFVBQy2VKpJezQBQO5ooKUOvHejjxnljVYIBoDGCug6dSEAQ5UScska4rbEEDF18I3OmYI7kzYyvfN3ghEtQIf0jK_PkL5XTClHnyO9J6D0mXAjMr3QFQCeI0osxlUyEElmSpqRaxf6YlO8sj7EVCjNPNJLXiD2Sj-vKKaeHccy7EC-pSnY1lK9I2IlG54oOM4bLwp1u-e_tUYZBIwxypS6HYqBCv7LcFUbd1JbJxe9D4diqGvWNrnhpQNkF_x_LByhDQDFGTPyjYNGRn9DgYVnJg3P6Kwor2lB_JD-TKmkAzcg5i9olBHeYwZwhT1HTLU36vthydSzgk2KSq_LbEFqSpTlRCxQA,,1
2025-05-26 13:26:28,https://mtucn1.oraclehospitality.us-ashburn-1.ocs.oraclecloud.com/OPERA9/opera/operacloud/faces/opera-cloud-index/OperaCloud?_afrRedirect=235131534152247&_afrPage=1,OPERA Cloud,1
2025-05-26 13:26:21,https://mtucn1.oraclehospitality.us-ashburn-1.ocs.oraclecloud.com/OPERA9/opera/operacloud/faces/adf.task-flow?adf.tfId=opera-cloud-index&adf.tfDoc=/WEB-INF/taskflows/opera-cloud-index.xml&TPLNG=E&_afrLoop=235124386748831&_afrWindowMode=2&Adf-Window-Id=lm743t9st&_afrFS=16&_afrMT=screen&_afrMFW=1058&_afrMFH=1460&_afrMFDW=960&_afrMFDH=1440&_afrMFC=8&_afrMFCI=0&_afrMFM=0&_afrMFR=172&_afrMFG=0&_afrMFS=0&_afrMFO=1,Initializing Application,1
2025-05-26 13:26:20,https://idcs-67322d8881824b13b3da16015007f9e2.identity.oraclecloud.com/sso/v1/user/callback/login?nonce=9461c1f9-c3d0-427b-8bc6-7b3dc58f8953,Submit This Form,1
2025-05-26 13:26:20,https://idcs-67322d8881824b13b3da16015007f9e2.identity.oraclecloud.com/oauth2/v1/consent?OCIS_REQ=Ge3J68OKBEI6eEGeMRHUDJKF34eU0ZxOKq823ZbAFshVZ3csHDmZVTgkw5HxHkBaGQhW%2Bi%2BKcVAoeNJN13VbiPdFKgAjRKkaJnO0Im135R2DMxvRIXwpLycWrYwA6Zgn3oGnFrXwFAbmaUVNPfzPTPRnLHbB3Wn7io1D11TZogFmA4iN3akTne22zM660XHvvzEyGEFrV21Bw2zMpcwbaQ%2B7%2BLGz5PdJjWNlGvFT9GWkJJAIbToBf%2FqGdUqTwNkVuQLLr9QlUxhrI73x5flU1bA9471S1I%2FPq5htkpsd3kT%2Fep%2BqYECJpxEkpJ8iMDB03kph4%2BsCqW%2BIo4XXAhGO75ikPyzdYSwbilw%2BbohiBM4R74szGCCv6qK0NPn5S6DYg%2Bxf1mLmKS5vu1XObJzFCH6d04mxxYOIRv6JxAv%2BlLEowz6AVoqxfwO2yXiB%2FoHOdkP35m5VvHxjUEzMzn2wKwV59nzw%2FECYdyvMe%2BDVKqpwvAtslzQF%2BBenehL4m6E5Wq0%2BzZQy6IYnpCOkMOsI0r21CAF9ed%2F0%2BHLK8uaScof8J5R65gJyHx1neb0x2%2FLVJvwZ9IoeRub6bk3WPvYy7iCDWjD8wUke3NuvvNihL%2BZiSixYat0p6P0pWMlQVSPHKRpzCj0hZehdHlc7n7MEMXBa0LxoNV1ZAjwVaXEl34Qfxn3b1dSc3vMBOlxiMDFAK%2BA9Op0cVhUT06dWEyQqxyxKb8HCKY%2Flw6t6%2Fk8JcwEXyhe9cURr5vS4xxrcZRYTYuyhn%2BVuBp8wYCWpHCkVtXzeHyet6vi5fMGqn4asHB4kKBDMQaxq8ZVwYAVm4qfBo5b15zmDf4CeT2CsYIUnN%2BaUEVXLW04YGuhqfalAZNoYrXNPQahBTrdCoBbVFsi1FLiiOFRGvnzaA%2B1%2FBCDkf0vtyhl2CKw5kvRkiMUDOvwwCRS%2F39pKVdGaJgcRfwlMuMyb2GB6LO39Xe7afwsri6uYWERjcPoFOOS4nxDmEFxXlN89Pb0qCtrRUoK3bsHLzXUtPlTcz4klSXUfe2V3fE%2BS6zGjkzWc7TYWCYSIR8N7j9Wue%2BSDID0R%2BNmOhIwHl%2BxPF096Amq3BVgyc6muptRZZv95Sd7Vh%2FbwMeHSPh46eehVww0NV%2FZzalEeBobEy4qbrbjGrIs26DvIQZtAcH6Od7VaHp1Fl6JoyH%2B7QXLqIhB%2FNxRwlUj0iqJNh2DxkMJ52b3I2dlSYEGRZ8Ncf%2BV%2FobrbouCx0X6ulYXc4blBhufLn%2BbjQfrujyyS5gedokq3gTu9w8iBBRIT3koP24B2BoqPFLoLC9T%2ByLuPB84J%2FzFNjl7vM0UOexNIiuYRo1tyBfRl5yKqRiqsn9dKzuUJy7LDjwVu%2Fytx630qlp%2FbWClQIWWcmflfSDzGfuimwHxxNiVL0J2nKMdvs7TKWguA03biiuWNgX%2FE2BXweppB29UFMnLiD8yO1%2FFDsbNBAnM7ODjoSOlRExo6TvjmH71jAfJPbdTMGRn%2BF7vgdOzkJ1Movhq%2F8lQYYVbfnSo2gqWGKqSRnJxNTf6wMsGM84yDoLbFRATWcItgbAZIwUfuXsNawEDdQzJ3tAwbgNh0noN%2F32sMJxDkWf7cSK29yiqX9CY%2BoD0GzHxAlbToF1GPvhHTUKSf6%2BIoqCAalq5EEd5cHPNbN%2BHeuYP17kI5cRLFk5iqta7TQnWPz3E88ZJwTKxBawP62coDBf37KHxB0Ctfbdoqi0sf8YEzI3MqeeQ4TD%2FW519mNsBd%2F5i9L41%2FMtCV7IHozcjB5WLBzZEd0LdDoRX2ReZZ%2FDMEBUXPQ%2BOQHiGKbW34dKLoBhchs6Ruby2PMuA7Q%2BRYTRPuLSMScLdzmu4QJWM0Bge8fvk1pVsjPoafSlOUUjKR4%2FZmWdgivPok6SnDNabh4WxfOO%2FHFJoBVMttEcfAkS6qh1PPjnsNQJNf%2F%2B7eO51h6Bxl%2Fs14v1cRO78E31LP%2F2hXqFb6lRHCNHkHTl%2FoH0JJ82J%2FR17zrSU8ooBZ5EzuJLfFp4PICw1txXIMVcvfPRehpl%2BZeuDzzURueMyaYZSji7PkR5F%2FZpGp%2BWpJI78otOMh9aNpmfegKkqy7ngH6MSKYAMgFVzSoJGMKGcftqpvanadiFB4Fg6KLInCLEMRxymnK4VRcuYENdA1qBA1xEBehxd803cMQjsEeGvdNQyd4qjjsLHFW7jiLbnjqLGzpCfi0%2B6rceZbkd3wBU2oR2MuBrLMzGLRFCmilp1KujIBNY2CbJe9UN%2B2a%2FFTw0ttkBhawUHQ3HRH%2B%2BpdSKCAKmZP271i7R2pJycHwIFFWcX3yjI99s0EynBTynp%2FisHeE4T0vlfYwV1mlH65JOCUuYwA1qQKTycy3yW6at3Zq1wtsjxeC82C0K5nWeD7Y7uimGmtiLtw9q74kHBIx%2BIqoWnN2STMZXQ%2Bh4oT13FyaFeE3LpCHzhExV4%2BRYY0zqa0KkOQ4tJhdxWai1mH6ciP39ST55CRniglsOOBsQfbckcfW%2FzLjPfaeSmE1ILIPz77wbPTLL6UTA%2BSFRrl47yayuWwmusC1rMqsU2F7sTJJyMy65lj5UG3cmd6wVNIl4HEbn9xUknvDIKPBQpSMOShfNUCJ92c%2BtcTok9L2hhduxInw8J3Mvl16R67wQP%2BgVCnQ6pCL6kcZukd%2BfS%2F4iXXQhDG68hfWjfz2Z%2FoG9f6AKgohWrZhu%2Bc0FC0LEwq%2BBH%2BUc%2FaPsWPhknTX%2F6JoU6ejDELqXhFNgckn9B1YBuNRlEG%2B%2F%2B%2BcwchiVVk8PD6kulVndsqho5kCWHjMUEJVfrlSnHGz25VaZak04ueOxAeet%2F2aHjR8K0CZB8Rg8kMghmUMfDYIMCv6ouCaKAKl42ZBoZrKKA389qDoC6i9Xf8li8RGdLeTzndWJ1REWhJhA729SYEAFT57N6DE6kWTaNv9NoUKC3jtqONoTwW%2BD265CN5W7GkAEwqGI4X3Bzc9XeRoI1K0OZCfxlvGvdUVXx4bmzZ93k0%2FWMCm%2FxuKpnrupGNEA8PosEMPDgo32zAuInuZeitNL6eISNVn%2FC8UJBEHfBBqlGRsfCgniPShxKHTm4KxsqE8IYCD8ulrcV0yXmu9lp5Erzoudd41qhlB%2BHCYy4JN3C6SGcZHGe8OWraQ9rcDgxY4h8raKGcg4cdkXx7gnW8w76Ptt1qXAogPjvNUz1ftHmYG2eBoQDUAkqajbL6D%2FuJUZdqakunRuXbu2zqoJYR4wLe8syOymub42Nicc%2F5zXkseAlH1x69Bzhzggb1%2BH9lWX%2FBq7ahFaLxSd7neJ7F3BOre3hhCjIsfEZV6LJ4BB6Gdpz5u%2FIIZHjKvlgwUQ9tzSr6JSAOVE7hSYWuJdlimuN%2FBe8wxGJtk%2FVf7QUCF4GkrVn51CXjvSRnpPrZw5t9LDn92nLXvY6di6dalC0nQmEh86QT9R4FnjeKZabdWxXNRVdbBwsumkqHQG1KqXcPyHpZjBvLl%2B7I1UvP3R1uZmE8oevl5aIl3PtbC8zv9bJxn0p4khyu0eLfGvB2vIskjgWZxRBc53JLxjkwZILJYbUw8c7SUbXUXgwiyWGrXUKy%2BG7%2Fb%2BmwNzGL8bT%2BE6cOQY3OagqmLMccEPPeUhjNHqmnYiNfFIgd361HIHpxQN1vlTr7EPPGIAdp0uFcvX3c4tFyUOUd03I0Ei7K%2B52QlHss%2FvAk5o2iQ1GPScvrvSPc3AQQ7IUy%2Bj4J9MrQkcYIVb0GPJp5NeLsbpaCes2QnYKr65jps5Rw53qoAmdjVCSkKFqvMi5RCcCcc4f42k44KpQckvyEhYVG%2FyKbku%2BEZhk6spX5p3y0ZeNJNuLxXCzrPGsb7W6spS57unthN9b74vqc4uhQ%2BD2XMkq1xvgRKkG%2Bcj%2BoNeIuxItsU5oRy1w3eqH2Z%2FxOt79xVb0hr6RhyvdB6YsvLbGRLShUrjnFPh9nM3FfSpYQps3gGvVlvyzNbL%2BHHX5beVxY0MaZtAWLa8hM3pUttu1uC0k8Rt4TMuu8YLAgsQCTOVdIodRfnRXmcvZerPZdeT0BUwOzLesV3wJ%2BUCnfup%2FpHVidRoKjxDQMSbrENvM7ws7AZPoFvy5OJVGVyrfDK2amzOi5%2Bw9NeA%7EZZo4djbBFWBezYv9mwo5RnfVLIbkkoIkL1hgpwz7Bww,Submit This Form,1
2025-05-26 13:26:19,https://login.oci.oraclecloud.com/v2/storeLoginInfo?redirect_uri=aHR0cHM6Ly9pZGNzLTY3MzIyZDg4ODE4MjRiMTNiM2RhMTYwMTUwMDdmOWUyLmlkZW50aXR5Lm9yYWNsZWNsb3VkLmNvbTo0NDMvc3NvL3YxL3VzZXIvY2FsbGJhY2svbG9naW4_bm9uY2U9OTQ2MWMxZjktYzNkMC00MjdiLThiYzYtN2IzZGM1OGY4OTUz&access_info=eyJraWQiOiJTSUdOSU5HX0tFWSIsImFsZyI6IlJTMjU2In0.eyJkb21haW5faWQiOiJvY2lkMS5kb21haW4ub2MxLi5hYWFhYWFhYWN1aWdwb2RodnY2bWFvemh5NmhlNjRybXVoa3c3eXRkY3V5ZWx4bGw0Zmtwa3VvZDZteGEiLCJkb21haW4iOiJoZ2J1aWFkMDJwcm9kIiwiZXhwIjoxNzQ4MjY1OTkwMTQ0LCJpYXQiOjE3NDgyNjU5ODAxNDQsImFjY291bnQiOiJoZ2J1Y2xvdWQwMSIsInVzZXJuYW1lIjoiS1NUT0tFUyJ9.RFkef1RsHyA94ztoXibu6jHEbZL_bi2MNuBRmX3UVjZkmi5Mk11P-FC585Bhw2ZIgNmna3emmYgADPooq2UtgONHvhj9KsUMRLGuo35tRYSbZaHvTncaMzenJzdBSD7sD_C92BxeohXpyaKgLlKPZJIPvFRpTJY07rtSaLSs611dq1fZdqrPM4uY4snvoa9LQBVVSorwDvr0U5MHmNGdMdelXDN7GVn-_s82FnJqBtPVlz7j9a1bSs1M8bBXnJu3Xv7VdpplKUruZz92C43LnTYhitvtt-a0gAlRPRd8-cXVDy7JZpq8SIbexfU1CU7izrKtPS-oGoC4-r6itHSHrA&is_paas_login=true,Submit This Form,1
2025-05-26 13:26:17,https://idcs-67322d8881824b13b3da16015007f9e2.identity.oraclecloud.com/oauth2/v1/authorize?response_mode=form_post&response_type=id_token&scope=openid&IDCS_CG_ENC_VER=v2&state=L0I5tpzf3Y5yzq10rFKDRM47DzclbfKxv05oE9_lHbY&nonce=5h8DR6ScNxmWbIHJzZBIz0vxcPkR8ltT_-1233ITIAg&IDCS_IS_CLOUDGATE=true&X-HOST-IDENTIFIER-NAME=mtucn1.oraclehospitality.us-ashburn-1.ocs.oraclecloud.com&idcs_app_name=opera-mtucn1prod&policyAppName=opera-mtucn1prod&policyAppTenant=idcs-67322d8881824b13b3da16015007f9e2&idcs_app_resource_url=https%3A%2F%2Fmtucn1.oraclehospitality.us-ashburn-1.ocs.oraclecloud.com%2FOPERA9%2Fopera%2Foperacloud%2F%3FTPLNG%3DE&client_id=opera-mtucn1prod&IDCS_CG_ENC=true&enc=_qN520F_B3rUAgAAmgIAABAgmgIAAIACAAAQAMOp1aeLTiaWq0rSFHRz0qpfbFMGAYvvbrYA742nVAi0odpjdvNDmhCzyHQ3sBtV9-7AxPhnAcRN8hW_Zn-04GAgPHiod8KXZne63fEtDpy6Cr5GGrKzrw7__Fxb4gfvmg7B1PEWuNToliH38SMK_Pa-uj4TmFB_IQehkTkMvWGwRBrrR0_nAqUo_SSKk0ZNMITnodXafLbZfJRJzXF-yq-NORBidlYd_dcdyN08mjYNxP96SYsDcCaQMo9zs7nyvAR5dvgpEaTlkiNhZlFtw_GCatKuYjXxPPFDFEOKxF3P6t-Gfd_oMhZ-bd_rjzyTNu3jcKj-OphkPY-h2sDoxig8gSKU57qOndPF5DScQZr86H_1P-ZZ6h4WIbLbO110AkOcC-zVDxiH2NHzWE9ryur6CH8i_9bqLHnVI8ddzKfPX9M0RNduBVQwjd0r9-zahGPg-FIpW8c74nEXIhtKNbL3lAf72gM00lGyYGsxXeHzVUDue14DOgu-xaYEEPoO-wFvd8RWaiS7sI37FDP_KAZKT_LCDIur5hi_phym1LzM7gU0WIzd4XYRItZ_s2YWHb-gmKc0fXiNoKObrXcijuhW9DoIFiJQlXEIIghirQKOhYnHtqlyBe3Wl4DezLtWZyqgEXhychXzTn3aj_DgEq_xT65EsLmeZSSTJ1_PwNoZZOa75Um4JXURbdVvKggdRT74a3uJLa1xFzL3fucnIzGGlYl880Kc8gxlr18LdzBzknYt8jWLSOMPDc8DHqbjCPhucJ0ZLwYc7a8wMdm-RGQ7Xq1pOySpS73nF_Y34P2RS-nnS-sGju5IEMaQyHzYErPLrUczfZ3duKWaahSiixsB-I3DUxqiEIgFodHl7A90BfT_y0xiXZWI0ZEXi8J4FxEPF0NjkpiDNew880qjGcjBQHbrQmcvJOT-w1Ewi4gZ,Login - OPERA Cloud,1
2025-05-26 13:26:17,https://hu05-ssd-ohs.oracleindustry.com/oamfed/idp/samlv20?SAMLRequest=hVPRbtowFP2VyH1O7DhAU4tQsTE2JthQYYj1zdiGWHJsajuF%2FH0daKTuoezNujrn3HPuvR4%2BnisVvQrrpNEFSBMEIqGZ4VIfCvBnPY1zEDlPNafKaFGARjjwOBo6WqkjGde%2B1E%2FipRbOR0FIO3LuI1SA2mpiqJOOaFoJRzwjq%2FFiTnCCyNGavVShSL23cld7QbaBBDoBJwtQen8kEJ5Op%2BSUJcYeIEYohdvFfMVKUdFY6tYUEx2r9XO7LXVOWB9SdpQQ89NGqAcDKCDuOjR38vAJHEH00MJbyN1HQ8f%2FDsIbZhSIlu%2BvL1JfB3%2BLtruCHPmxXi%2Fj5e%2FVGkRTY5m4bKMAe6pcmMsk7ERq6i97bX27YLysUT92jsemdME%2BZUoEtdp52yTMVNDQai84lPwI2wCvOKxl5lwtZpd5%2BwJghPtxEMGDdZoRPCDp%2FTOINt0B4faAZpMCSB7Ps2emm03%2B8%2FvTpmr%2BfsvPdrGZb1%2BmJYvB9YTIRdy2%2Fivqb%2BduK0F1f4GG7XnpGzDqkknOXDy4zzDmeZ6nOe7t0myXcZoOUBrO637%2FIHAi%2BZX3np0pU%2FM2OOn1MhiSD%2BEHV92V%2FwqNZ5OlUZI10Vgpc%2FpqBfXhM3hbCwBHV9a%2F32H0Bg%3D%3D&RelayState=BCZm&SigAlg=http%3A%2F%2Fwww.w3.org%2F2001%2F04%2Fxmldsig-more%23rsa-sha256&Signature=R34DV7xverWArUns5VoqZrQtXmv0c%2B%2BkzTEnpiMy8xupIdciD%2FkSVZiqbF3fiv7OLtSLxxT9QjMdVuI0pEJpte4e1who3E9l7HIrbShs4xzgrjIy4ekSGC6gJ4daaZoME7AmjZ9mvZHmFnv9lHSy%2FWxuu5wQC5VecVBzn29T0DVy6hFPxcghSBwsyJBqdTCM75Fs1oHOgMfwQAguNH4sdCSFSOq16SKnLXecAv6jHizB1vYYSdG%2FtGJPUqISDZDDCJsRwLiKGXfb1iZuBHizWjxf5JBbTTERBi7SR86bpgKM1uD0MY3%2FuFlklqMHIgH62RtV2ZLXTApdmK4s7MqSXg%3D%3D,Login - OPERA Cloud,1
2025-05-26 00:35:31,https://www.xbox.com/games/store/doom-the-dark-ages-premium-edition/9NK3S5DT79LT?ocid=inp_rmc_xbo_spo_TPtitle_XGP-doom&form=M402JX&msclkid=6470c77bb3861bf9d5bbaf49697dbc0c#PE,Buy DOOM: The Dark Ages Premium Edition | Xbox,1
2025-05-26 00:35:31,https://www.xbox.com/en-US/games/store/doom-the-dark-ages-premium-edition/9NK3S5DT79LT?ocid=inp_rmc_xbo_spo_TPtitle_XGP-doom&form=M402JX&msclkid=6470c77bb3861bf9d5bbaf49697dbc0c#PE,Buy DOOM: The Dark Ages Premium Edition | Xbox,1
2025-05-25 20:15:30,https://idcs-67322d8881824b13b3da16015007f9e2.identity.oraclecloud.com/sso/v1/user/logout?nonce=a924cde7-0bb3-4265-a77a-35f2c8e78ab1&tenant=hgbucloud01&domain_ocid=ocid1.domain.oc1..aaaaaaaacuigpodhvv6maozhy6he64rmuhkw7ytdcuyelxll4fkpkuod6mxa,Login - OPERA Cloud,1
2025-05-25 20:15:30,https://hu05-ssd-ohs.oracleindustry.com/oamfed/idp/samlv20?SAMLRequest=hVNdb9owFP0rkfucxHFIAYtQMbGqWWmHCq0QbyZ2gqfEZr5Ogf76OUCkrlLb16tzz9e1RzeHuvJehQGpVYqiACNPqFxzqcoUPS9v%2FQHywDLFWaWVSNFRALoZj4DV1Y7OdKkb%2ByT%2BNgKs55gU0EOCcYoao6hmIIEqVgugNqeLycOMkgDTndGFrNyQWWvkprGCrtwS6ghApmhr7Y6G4X6%2FD%2FZxoE0ZEoyjcPUwW%2BRbUTNfqtZVLrqt1tDXsgxAGOtidisu56dCuBc6kENcdWgOsvwEjkM8bOEt5Oq9od23RVid6wp5U9efVMyejtBqgBPZNjjxAbivt%2BCkWF4JqXgD1hyDXNehZnUheCj5LmzFXomrMANoRHbqxqaIYJL4joQkS4JplFAyXCPvpbs2aa%2BdTVMkub%2Fp89j6T1XPJLIQ16s%2FOpvzZVT0o4mPzvemJ3Lj3WpTM%2Ft1tHbiWIsT1DVtpT2icZdM8hz8635MCB8MBtGA9DZRvIk5i65x5J5CvxgKEkh%2B3rtkzyvd8DY47fXi0CUfhe9cXSw%2BOt1s%2Bq3FKIg%2BWqyZrCacGwGAxveL5e%2F7n4uLwpm0e%2FQLh3D1ZYqLw9gR8Npf%2F8Dz2eCuqt%2FIunzRd3ZWTEypf%2FUPEx0%2FT8t5xsnbmezDfjf87yeN%2FwE%3D&SigAlg=http%3A%2F%2Fwww.w3.org%2F2001%2F04%2Fxmldsig-more%23rsa-sha256&Signature=EbQxXYFFV2L98CPxADwznQcHcWoLtQ1zS%2BlSJx7dbKhzdRW6Js7rYz2tOuGy85rcvfqFmOc0vYOJrxv%2FvCPMLWFpMiLNs%2B%2BL2SbgwrLzFHsiqlhJnQWdFOn%2BEOGljbfENwc3%2Bwivqa7KuMamQij8G8pAYCtBAjQlwPXfbIbwR1QKfMtNH3a%2BmUSGsS%2BnFR7bfdAesYO6qwE3TmSG2eFIWCkyn3XOfjc6AR8l4cTSDauCFffQV%2B2dm712NPTr79m%2BYc7Ht73zjyKINPcPhHfpUv3mBx0vetR6vqqijf0IUCnljjqfbjAMJ2hhz%2FiC40VULYyGF9y3FCfNhJW4fGgbyQ%3D%3D,Login - OPERA Cloud,1
2025-05-25 20:15:30,https://idcs-67322d8881824b13b3da16015007f9e2.identity.oraclecloud.com/oauth2/v1/authorize?response_mode=form_post&response_type=id_token&scope=openid&IDCS_CG_ENC_VER=v2&state=ew3e9M-Q5MnnpfQsFLfC4gvkKBmwL5IEgJr2AcHpKe4&nonce=FxzJs0otCRo-QvrkQ6ulPjwh43DjKUkBqdpgwES95Pc&IDCS_IS_CLOUDGATE=true&X-HOST-IDENTIFIER-NAME=mtucn1.oraclehospitality.us-ashburn-1.ocs.oraclecloud.com&idcs_app_name=opera-mtucn1prod&policyAppName=opera-mtucn1prod&policyAppTenant=idcs-67322d8881824b13b3da16015007f9e2&idcs_app_resource_url=https%3A%2F%2Fmtucn1.oraclehospitality.us-ashburn-1.ocs.oraclecloud.com%2FOPERA9%2Fopera%2Foperacloud%2F%3FTPLNG%3DE&client_id=opera-mtucn1prod&IDCS_CG_ENC=true&enc=zNaTa8UEGe3UAgAAmgIAABAgmgIAAIACAAAQAPjV5U9NBT3Lc2U7p3WfCAPcUZ-hQhv3PWK52pSCz7RUaE71JVq0OClo0N7LIx1gaoK4s0XcdmXmuyGjv54duXpGOFidw-mmncefpS0p5N9QbCgi5fb7vO5U-NuSdK805IznnKWUOtSaz0dHXBe0WW1Wf2NXmiTF6GMMNp63ljJNDQbav-BcujF2iJmX5lWh1Ds0XMUf2e1X3xXeR2LK7aZ8PD2K968uZYNXSQuOvJ4m_Yjj_JtMgpChOPzLksYt_xlReIDGE6K9r6qOVmxIytIaCf689pEBPRltefzdip1TlaJjRB09b7L4R5AsbRDI3Slu1UHj-eota5Hlp2dQPHEdhQQHavOiUqjfHfXo_M1Edi29ssfFFsUVSUHqYy4vfPYPmKZqXcetSVT7LSvmslW4r9UvK5kPf0KEmZyiZ4z4IytIbntWQLByMHlFFMEERWu8qzBTQlU5atgpv46VC9-N7nDssCd-zClO_FdKs8eyvMxjqRgg--5SKSNq7X5QHxHszJK7niqYtr1D5mXGuOhWVEcjPzcP-nK6CvOpFD37h7Xe6Lin1NiSR3tb3pj_fHbhKcKErqfnNaCtLPPNsg2Uy0n9nU4-3UdBLoZHw58rIeIG40PCZSOoWO8VxQCbWZav7zkR_n8Mdz3xOdNpVOJIh9dCHHGHe_ca2i3YUtuaNzV7RgOxWBWlIiJ9uxA5XI8GnqYMqhRQOPtz_kDSxc62wi7e0tGBKqoeJDOFqE7-LcJ84rlwoC9QDkZmrlgS7gzdrWMkNl26Iu5gtrhg_TQKxQqFrryXFY0_BZTn0Su6BrOi8g0n_RrZTprIqoK_GF841GrQcUZFXuUReZvnQ__QE9eAHLt5-k_KIRwfw72ZacLcoTsaw2nHGh5HxOF7tgRAhd8JYE0hUmFB4P9N5QVLkyJJ7Gabyc9wP7DMPeuo,Login - OPERA Cloud,1
2025-05-25 20:15:30,https://hu05-ssd-ohs.oracleindustry.com/oamfed/idp/samlv20?SAMLRequest=hVPRbhoxEPyVk%2FN8Z5%2BPS4jFEZESFNSEokKrtG%2FGNmDVZ4PXF8Lf1wc5KX0IfbNWM7Mzu%2BvB3VttklflQTtboTwjKFFWOKntpkI%2FlpO0jxII3EpunFUVOipAd8MB8Nrs2KgJW%2Ftd7RsFIYlCFthbSUiFGm%2BZ46CBWV4rYEGwxej5idGMsJ13a21ikYfg9aoJir1EEuoEQFdoG8KOYXw4HLJDkTm%2FwZSQHL88Py3EVtU81bY1JVTHav1cbssBlA8xZUeJMT9tRHo4giLiqkNL0JtP4AST2xbeQq4%2BGtr9dxDBCWdQMn9%2F3Wt7Hvwl2uoMAva4XM7T%2BbfFEiUT54U6baNCa24gzmUcd6ItD6e9tr4hGt82pEwBZOq2EO1zYVRUayD4YyZcjR2v10piLXe4DfBK41qmAI2anuYdKkQJLdMoQsslJSwvWZH%2FRsnP7oBoe0DTcYW0TGfaGpE%2BSL8o0%2F2vef54P3va%2F%2FnqJ7uHFJ1PiJ3Efeu%2F5uFy7rYSVdcnaNxe0OGIhl0yLQWk1zcFpbLf7%2Bd92lvlxaqQPL8meTyvm%2FWtopmWZ957dmFcI9vgrNcrcEw%2BwB9cdVc%2Bi42n47kzWhyTkTHu8MUrHuJnCL5RCA%2FPrH%2B%2Fw%2FAv&RelayState=zKUC&SigAlg=http%3A%2F%2Fwww.w3.org%2F2001%2F04%2Fxmldsig-more%23rsa-sha256&Signature=QKsF5UK%2BCJeZAtvP6UnFZ5FPqHxSKpWNLQiSAmhe9IwXAl0spEkdz1AKDL74XSkt7vkN8br2s%2BIpTNG%2B9YzYoq2wZv9P%2BET%2BxJc%2BGp8mXvMawcDmv3oK2uvqfNr%2BVwecUJfCOO29VmuzWvnEWfLVbWEz%2B8HuSVcHqHgNvWpfaWZfHwmwi%2BqxZMMI28jpFT6wq8883Jid3PMUqiehNQdqokl%2FpexqcwFhoDwf3%2B6kNUtufrXFBbbvJkEGjog2LHClCei53h1SZGPLyUrpYczmb3fMd04YWT6CWyGQxEEqWyFAmVihUTR%2F79QOuxVme15D%2FAPVTJP35CL6Irm5vkrGIA%3D%3D,Login - OPERA Cloud,1
2025-05-25 20:15:26,https://login.oci.oraclecloud.com/v1/logout?nonce=a924cde7-0bb3-4265-a77a-35f2c8e78ab1&domain=hgbuiad02prod&domain_ocid=ocid1.domain.oc1..aaaaaaaacuigpodhvv6maozhy6he64rmuhkw7ytdcuyelxll4fkpkuod6mxa&tenant=hgbucloud01&domain_stripe_url=https%3A%2F%2Fidcs-67322d8881824b13b3da16015007f9e2.identity.oraclecloud.com%3A443,Oracle Cloud Infrastructure | Sign Out,1
2025-05-25 20:15:25,https://mtucn1.oraclehospitality.us-ashburn-1.ocs.oraclecloud.com/cloudgate/logout.html?postlogouturl=https://mtucn1.oraclehospitality.us-ashburn-1.ocs.oraclecloud.com/OPERA9/opera/operacloud/?TPLNG=E&TPFLSCRN=Y&_afrRedirect=346196140603899,,1
2025-05-25 20:15:25,https://idcs-67322d8881824b13b3da16015007f9e2.identity.oraclecloud.com/oauth2/v1/userlogout?IDCS_CLIENT_TENANT=idcs-67322d8881824b13b3da16015007f9e2&X-HOST-IDENTIFIER-NAME=mtucn1.oraclehospitality.us-ashburn-1.ocs.oraclecloud.com&IDCS_SESSION_ID=832919e607514d7f8cf9a8de109735ba%3A8df87a&IDCS_CG_ENC_VER=v2&client_id=opera-mtucn1prod&method=encrypt&IDCS_CG_ENC=true&token=3M8rN8QNsjIECgAAygkAABAgygkAALAJAAAQALEen3nfl45HwRlm6XPlMccYM0ktRKhzePAYLqKlaFbXadOVHI9ktsUBcba8SBdJu6pXUwtVEdk5rIzswDW6-e6pnQBM_JhpKO9DvmcmR8zpJj4ybLS57cfvN7_3EaCRQ_vbWmQvltg6A5DqJCAwQv2L913C_DNC6reCOwMIks1b5viScm-dH8gLvh7Vw1fK6TukDr9KHgKpev9EiNcQjrhmkJ3K8PEEf8bIf9TRKuNNkPjH4i2ulgmAu0XsR8bQu1LdKwgv74S5Jx-3HpQ8LQHLDSiIoD3dnv0jIOi_usqPHQdB5wgeOXoxAzKh64gHV5CPyWRIG_wU_039rR7vPYGAKThU2e9CTwfXdmhHqsTCjMwK4t_31-0aIYZnCDKBUqSbWBwOiuKIJeYNQELRrU4uQUF0QFQbSutPPau3NgJUK-P2cWBhWBrBNHG_fR4Lbr_tjWdT4f6l5g3E_3aCw7oc3y_nt_NxFiI2dQ6FSwgLi6SmB5LvZ-RqiuI7ZnJuX8SD4WVs-U89NLoE2dMjzuJ6Don-IBIopcLcq0szoympfTGK33dKb5yQ6Ue_AndjnaKTqqfF8JiwHm5J7rVW-Y7bGp_ZTqPYco2fy351DHA4ZaxNUgBY1G8cnrun6N_6NQt4ZrsOinbkV3QN7NB0Sq_Z187JSVrvrspFAKPJb37AudYEwPcpHYtKE4yso7N8pB7wPB5eHdYr8voDh2Z3SKDiLBgRsJvQC7srUIKwjsgKO2xBxw68CzdPi57A5qtY8EvwjIaXsVA2mMwtstKtS7JAQSoAzmqTIVRjJ9TL5q5EJWyr0VwbOa9bBUnqeBx0EDPIjj-3I_5U8f6qO__YsEX3Dgy0e77azFxdYiKh8rwyNl6MAR4pqxC3ghQN4OXfgvAAt_3jS8z_uQvpLdbS8NbtSbi16Z88Vm8ma1yJA7k-i68JbxBSRSaY68nHk4kyZkYoDaNT7_yCyZ-QPfLHXxDA2w9ezN9tIQLk50wjv4i2irxnbZziDDDUDZiEJYt0YfjyuwIixRhAOC564Dtxh1GlqXB4kB_6tT5T1almbZAZ6EUtNvPubGhEeSScmHafGtw9BFzfiqFZ-O7cpKWrnhJEYkE1jQMB6bC9aHV9He-Va4B_SC_I_Tko-usdqj8Ox6zmmME8KvMFP4VsT0RFy69TTzdl7y-Ba0tO9MFTrFQx4kO3ARsfwoUm6v8hSROFwnH1DDQpRrg2OSi6kQ004JFu9j0IilKPBfbtzBeprWQZYOi_qAU5ZqNH8ukA3cnf7aoOU3Ge5wa41T37FbLbUitRF05ykqvWV03JoEMN_27zYDDxQGPbkT4k56aTcUU7s3uiekk8C94T3cVYVvBHqI9lwOch3jaCYvSfnprJgh486yY3hpvM56aTF4e61SS0ikYdQpmCc0tOJuaNqRiAMUDDqsuD34oNwIa-vHVMWp-XcJMiosuoZRox010-3GleZB8kwT74ViflXap7jEQhAT8nXLvM6iuhAtD99RpXszKGvYdp36gW4RBw1XIXfohkUmg_qJEJXo8FiiX7Sp-T4PhqnGeOTVUzSNewvQ4-60KYn0Z7IYoIYqJQ7JIrSxZ6HSELgqwL3dHoRB-u_65P5XL1nI53IvylTAl1wVYzfucnZeVkQL9z1IWHn8Mb8gdVIAPmj7Rpf2hstE-hpjsvQuXplosfVi52ZIDOJzab05SgP-_kjQ_PZEedzj4Ej6l4EsVcDasiQ9qKi32NxYUY9ZtD_mitKGknbyQMm0sQ4ulDMlyiv5b_V_v3Z-WNl-tldQYh-1_DfWIxsp4qgRMLoWDXhM7xOETKZSfbBkpFXULvOW73NlINnSpFLPZTFMCXgHb7L6zrR-2jFrulv8KFMYoEGtS7erxHAFLcIQeNp9SgO4yAQZprxvsZbwtA8tAfVr5dS2ECW5NHZgpLY8gWMzQlZmrDrling9e6DAsFTrzLMFlhLeEdBPMx_L8LjV1VuyC-81jRvrjXG0KBsaRLMOwRUyZ_wst59BWILpoi-ByOz0hYEVFuddOXoOM2OvsFO7uVIsl4qIOGp2tzoqeW4neXRh6xLYUwRz3CdeJ7D2eQroaMSEegXNFaGf-V5xyNm0SnVfnClRdYqNZMEiHGCPhpuhOYUIlRMvU2Z74cw5XIErqLaeXCFHC5ad5CZVXibbt8FWBg9ONdtbv0XDLcLCAb8bYAQsZm-cDn-1pU7ystL4M2VsGk3TEeUaeu5zEHUiK378SCO1Mcy1zkgxawotyliAeH77J9Nf7uzK4Wfn9eAYauvSlVU4J0H1MoZWs7foPDBn6Ug2s4Lt9sgUKnQ_a5ceh2utWLqpbY6V7B2XODt1JCV7n_zjl72N02GpyQP0ScVoTdHaDl4vglyo6bPyVf7KFlW5oZIU5sUQkVP4w4fmUiziHCh3dI5nizhh_IEWcznDMmEMrQc7m3inHt6k_f3nDhA2s8QJ4sr8j7akZcFo7e9cGZUbC0-Y5Zdh6qPlyOxee18P42F1NiTuExhOPyyqUqvo7fSeVq_RnAtL0sKGhL2j-xfUDtMTIPi99qelq5AzirpgZOnO-cg8q4f4Y-M31yL1VT2o31k41fvg2XjXJqYGqReN45CM65E1C-ezSc1jsmuU4uDf_wJv-CyQ1u4GNDVF38uHtnBUqgLQU9w8m0_iifjoN-_CEJ6zIpkekUhfV_IH0evaYfO3PlT-YO10NQzIdwZp-45LSZq9qB28yWEGhnjHAYE6LU6KT_XkdTlOK0AimtiqoOG05ZrqO8nSPKmeJ_fvbtyQ6RjYjpzE98VXvVbnXYLvY4exeYDcRGhZcm9rDtigHLqK0-X38oANxJ4iaHTS8D6zJutpWfRj8Sto8zFpMKiVPsPqnOB_6ft3ZHJgbDllQ5j4lddEs8_VHB7oe342WcOUQYi_PRrhKaE4kJRjm9MnrowR1P1aYNi2t_1czTSqeeOPVcZUEBJkG-MUwntVRd71m2mtgnOwma-WpGieS9og9-fXurlGw0B595xa5L4IcVKqE5Rh2z8H-XWT0QcUVODiDDL4B2mTazzM54YCG_coDxOjAIT6vJgBPKsHSYDp_wBNshEfQ8m4A2d0o1_duFnnVfR7O9RHVv1_gGll_rchaVMEUFSqmkKsVYJ4eHzfP7lyvwC_q_Y4zFGkicYsF5jhcum55PriAfaNAwd9SpKSZGK7GV9jv4LNG0ymlaRovlv0tTlmhKCfCiaWUn_qnh-DDSn5LrubZ9V4pMKKfjItqaEIhKuSfHf1cMUE9E5epT8Lo48nRLBCWt_G_P16XR0dPAR0NtNPmRcCXzGimT85Ba7xfdqsZoPqpht39xLfV9llzq2bnTxaH4zz7sPiSn-ZAIVTWUiBaOI_bNLvXT6c8vqbGtKA,,1
2025-05-25 19:53:33,https://mtucn1.oraclehospitality.us-ashburn-1.ocs.oraclecloud.com/OPERA9/opera/operacloud/faces/opera-cloud-index/OperaCloud?_afrRedirect=344884648837620&_afrPage=1,OPERA Cloud,1
2025-05-25 19:53:27,https://mtucn1.oraclehospitality.us-ashburn-1.ocs.oraclecloud.com/OPERA9/opera/operacloud/faces/adf.task-flow?adf.tfId=opera-cloud-index&adf.tfDoc=/WEB-INF/taskflows/opera-cloud-index.xml&TPLNG=E&_afrLoop=344878293121964&_afrWindowMode=2&Adf-Window-Id=w8wsabauzn&_afrFS=16&_afrMT=screen&_afrMFW=1058&_afrMFH=1460&_afrMFDW=960&_afrMFDH=1440&_afrMFC=8&_afrMFCI=0&_afrMFM=0&_afrMFR=172&_afrMFG=0&_afrMFS=0&_afrMFO=1,Initializing Application,1
2025-05-25 19:53:26,https://idcs-67322d8881824b13b3da16015007f9e2.identity.oraclecloud.com/sso/v1/user/callback/login?nonce=0711655d-9291-47b7-9833-7b786187c516,Submit This Form,1
2025-05-25 19:53:26,https://idcs-67322d8881824b13b3da16015007f9e2.identity.oraclecloud.com/oauth2/v1/consent?OCIS_REQ=TXYFouA7U8HMU%2B2aBqBHv1HbxlIaRCSL6Fab8BNs1GacaXysggay9pR%2Fo43ybJ6WyU7t19rhOwIg4wZWlz2GttxLFX8EEh8TrXoGPInzBPFFvXbYNYz%2BP5xHFLWzRh8ZvSSJ3TLLIeJo4Sv1Ft1VytTFtCjdcmndWPpLUKuy9cYs8ucqXBJrAdYQJc7nlmb3RW2Q4pW0apv%2FfX1CMstGHJh2jVpubVWHAStUeYKHtZ2L6AIglmKsTgQywYAentWiWy6K6S9C0aJOF%2BN8elLbHloC8YRHx2YLzH%2Fu6UW05KIGbqUN0DNTJ%2FzzYgCrpGL2auOMwp9%2BlsXMMmr8g1aE3bemO1SptF8tRIo2FXZFzUmXdHR7411rN1MzzPt3X8dLbX%2B0gjXYx7TQgBjfSpIz8lZBKcODzsX%2F55V6uXUjUy40jmADTqKDe7ctggkWIR74vlQa5nuEajKG63czxiM46AVpmRftbzOQQelW2UNav8YnJcrcmqwcvgobf2Bmlhs795aFlXdmF9oz%2BLlTGv3puBrEGi3zoFyzuNcvwpJMuT5SDfwqk5qKTDRRhObtQ7JnHdY%2B4BHyLLgobB0o0PsIEwM7l5qhJx0SZILWH7sK%2FNjd%2FCXBzsaxHAuDxRs7%2BhuxMg7mD%2B39HreyfvXUfcCDjq7i9Ag6VQoRkH7KxyBxSN0S7v1OZFq%2FeYffiWD9U7MnHJjftGF4pX7fjDp4BNRDm34zVsVICCtnJtIrOYGN%2F5GsFWu7ruo0%2FH4V0YHH33VTuWTjdHqpS1WEDznlMfftMk1GZ0FJ3WQdtC1%2BymHzCgu85vxVh3JOrn9OyM%2BlbtsAFJAdODzwfsHXPtEdbcTK%2B%2FFA%2FYnm0XmGmsqfWjNCgM%2FZu715FCm85sk%2F7nMViFx4WGeCKZ4gKq%2FT7UJy127XVAgsigbrejMKz5zZs%2B9QWAI3ODGCCMgwU5rvHjasFsbRdLfuHFK%2Fx%2FJP9kzhE7iQ0ss%2B5qJq%2FyB%2BKMaiTWO9DCa2qq9WEn6ecJuA1zTfXetEOZVrMzt5jOCinfa3EPRmg%2Fm42z9HmJBSiUunKme4w47vUaQ1q46Js6tmBtp1J56T8ciRgzFXdXsvcZw0SKjklHjKd96raotMqwYAo3xY58dyfyozL0DEmQbWrc2PnnZW7ehUW1sWYxwHPJvM9hzwZdxzXGF2h1%2Box29Xt5MllBQ%2F2IC8Blwf9eUR1rL%2FCwJrA35Xus%2B5M6kLGtZm22OzL0mb5RsXdSbTrxVlEyHzUAWVSFfXpvzJQ8Z7qDiJ%2BqqUj5U5dr9Kf1oIHuIJMziQeOLTndIrBT1LsE5%2FffdET9TU5KGTucHvaLdHvmLpoRfIRFEhUIfAwZBNt3saCVpL2UD5Go0vSOX6JI9OaGI9JaUcF1hjNMKh2KxdZ1FVvcC%2Ft78sdQoDJxJV5kpJ5SRSVqo1yb5o2Zz%2FNObC5kTTG5a1L2sSWrqN2GsiK7pB0M%2F%2FLZakQOaJ0O%2BZ4fq4mHkgN0Lipj3jnzSE5wOBc36bRe7RztjmaNlOHSLj7kqgpwKU3smNWgcRGxzgoXw97%2BehbEZLXjXnugm9tO9rD1cpSA8OXgKMfkxoecgoReoR6c0YMTvZ%2B1ghluCJTGtkFDwg6y9w1DPRvLK8C6a3iT%2BRMrpqpXhAegp7eOOiY8SPTMMZSw6nZthFPW4yyhJth36Wnpu99TDiuNpfsFlUxCC2PdSbLTJJkqP6TNgNyWB2E1t%2FZNPn40shExCXSiy1S2oMRIL%2B1rZoIxxlkeDV%2B7hYMNYfvD9DBuqyf1Y5cLET1ayqYA%2BsZitlE1ob518mVgznSRgZ9DaqW85Cblu9nJJip%2B9p83QEfiRX8y85%2B4%2F2%2FQBALK8PFZDAVI6AZpZIwh8gyZLdoEsbZdYsb%2F6fxmzZl3ENqRNOvtujfSTuR5iAqt%2B0MvuKdWbCYIPoSSSRzSzWykvNVcxq1kf9MTEQKX%2BMN7cXpfuwYSTg7vCAYoASqb12tr%2BFHQ3v30Eu4nV5%2ByYUkD6QKKSobO9%2FjR0e6r9mAdVq996CGMGdVxeLJb7K%2FRuSYmc8X294O4Okd27DE5Og2JPDBlCvnrN1mKLMVALkqtSl5w%2FtmlaITI%2BgB8kVZUGZHBPNqH9v49q42ZPzyANvHGkreTCzUR%2F932uFU%2FWHHpGvhXya7PjdvHfcGXdxtAzd3qjK1aH3KUU6Y8eBwpHKtCOtRKeExD4u3U7SrNbIsMXY3vLustj1s0iIeacmiSuOkgB7ixsz77L%2Fa80es8JW7aH3pXh3Gx5rlBNR93tkEnraxLAhpCQlM0Wb%2BZ8%2F7iEC9A3R1hfgukMFZDl3PgM4Paw48qN6cp8qvJtjTwv4hpklnAAIGD5AtSt0kiJFD90ydbOFw4Tgj6bNM3pRtWp9dSgqrehDQT9Xf8Mhhz3Tb%2BJ8XP3Kijq9FQlH4Y9HivrzBcR2hYmNMd6Z0KWsIE96PrhlPsFW6BfOdx4dorNSQY25VKFXJ8fBZ2QmYyCYsDP8vPq0Z2iLbHRlnnsjNJBXcuXEvsRY4gbkCir1%2FExWHVvfMJTvQl3taKlRcjXXUvhLCvw81yEgB74aLzalzCK0uGQyNlUJITQkTcUFrPFBdVWgWlEVFZZPs5o8A18B95v4KpEpFoz%2BX5CiPZcuNOFhaSbU1WYP3yOKtKUu1RsSVt8CVk%2BrwxjQ8NNSRQTujEjK37210kIXWBaWJUICpDXtzR5yJ2eHyUHlyJrOTl9dv2Z%2Fcv2MNjodU12SfTSrFTfg%2FBnKxhXTpMSFGeyY9hNzk8QLcfo46Wr6HbNmOiIEEKRGHDEEzFm9RIpAxQl7DVqwmqUTIOJQ2qEHF106ADnoXLSx9lFbOBHj9L61L6De5woVMu0HylPXzlFTn4EH3Qp4%2BQRfBr4dELwEsNhXPYBO%2F5m3lFYNbBaW2ZWtrEAoOqzBmReVb0l3uJ6vUZFtcWtC%2BC5mIaPeKBIc5F6OtpxhVXEZ8NeRbX5rjcUPT4aX1Ik8k1I6mXc2aLu%2BQeqY39ad%2Fm2WZJOeMYVLKxBxIroK2T7Q3khDb4twTWebzEYLpI%2BV2qKc54BSyHDIVvXbzihxQzYB4X5O9SqHWdsK9YuIz9RwFUoFBh%2Fe7ZEq6eOi%2Bm0D97Jytak5Vc0Pejw1SWE9h%2Fgt4vltZDN5fnSnY7q70uz%2BB3pe%2BsRWSEnEQz1gHBmpIRvGI4FwnLNnzSoTuBomC7uP2krATo8wNTXjDrcOXsLdej0mgfoXGrohuK1mcx6SEGROuTfGK0oEjf6tohgRURKbSUXTpbm3LF6JnHoVriFEWP7Ao37KZdH0jO9CGy88WarjtB0xd7AS5bwX%2F%2FYqixq8Xojfw4K8r%2Fz7GqMbwTGeh9D9puSjTDqbri%2FxKUm1tWyCCWkNNEsePGnSqpPgdBwN%2F7hMMfETDWh64YNRunybvI%2BBn4hIxXwxyGRQJ4jwWQVa3txBiCal4H0ziI4%2Bj2HCJnIqP%2BL3QVpnBIDASuft5HPEX6fLHPFoMDr%2BMIQ1rQe2IfrHtK6n8TaPCLrvO0s1y2d5hNmL1n7BQPLS97npcJICoiHrrrd7LmwvhlNPR9ufnyYgRSSN0kO9x3aEJ12mZatDcQiaIiqZQVMCSznT8sgF1S93Rq1eX6OP%2F3FkxS4JDw7nZjH%2BxE6Ed%2Bc4KEH9TN9aWAJLM6AY%2FUnSYsJMWWCFRFnqt2SSYP6u%2FjfspyvqB%2FS%2BEqEyEO6uoflCJt6aDqeu65z5g69%2B9%2FDrgChL9KfyGuwh7gQRU9PNDyo4xjU32R4gXr2XDYJArw245jrUCUBKr9Y0cAvXFo9IE8G0VZoaIEWZ3d7tF3Ho%2BmLCJQfwBn83vtBjMhDsii9Q2QZYiAOmKgUArvpo5AH5314qPAhNqXXBNdcztuRkgwMooTMWdqCup6YylJFnv9B3UHGCxRXzWPjBab0ZWz2GBSR5vYrJBpV8nZF7GQ3yaDQLhF5VgsxQnuMjGK1%2BSlgWRVyyXeobqeU8nG9gtUZjLo43siczevpF9ZkKw5rndh1B9o4lUMcdKyWAgXOMd4LwxIz7uSY7Ug0DZuBEsLKLenTmZLx7VQtz8QGHLWIkrOCsxNhX45QP%2Fdc5mptlvimGYD0mOVZg73fdRb8LEl0BZg%7E7v8b0J8qYzgJa2yQl08Yx5yUNElV163LW14oPAzcyZY,Submit This Form,1
2025-05-25 19:53:25,https://login.oci.oraclecloud.com/v2/storeLoginInfo?redirect_uri=aHR0cHM6Ly9pZGNzLTY3MzIyZDg4ODE4MjRiMTNiM2RhMTYwMTUwMDdmOWUyLmlkZW50aXR5Lm9yYWNsZWNsb3VkLmNvbTo0NDMvc3NvL3YxL3VzZXIvY2FsbGJhY2svbG9naW4_bm9uY2U9MDcxMTY1NWQtOTI5MS00N2I3LTk4MzMtN2I3ODYxODdjNTE2&access_info=eyJraWQiOiJTSUdOSU5HX0tFWSIsImFsZyI6IlJTMjU2In0.eyJkb21haW5faWQiOiJvY2lkMS5kb21haW4ub2MxLi5hYWFhYWFhYWN1aWdwb2RodnY2bWFvemh5NmhlNjRybXVoa3c3eXRkY3V5ZWx4bGw0Zmtwa3VvZDZteGEiLCJkb21haW4iOiJoZ2J1aWFkMDJwcm9kIiwiZXhwIjoxNzQ4MjAyODE1MTQzLCJpYXQiOjE3NDgyMDI4MDUxNDMsImFjY291bnQiOiJoZ2J1Y2xvdWQwMSIsInVzZXJuYW1lIjoiS1NUT0tFUyJ9.Ia1DXNyECYLoVw7FW6iIhXEpfiWNcEte4KJqeOVAcL0h2cHAgmsNNPUBUuSAJ0QNNQ50Yw1cJJZ03XyuwzQF4Qxq8wAmqPbW0kcMJ3_VjTqeg3opaU2SxfwmIdcc9GkIvATEaepFk7FXRjhTnPih49CLlOC3cKERl0Ga7blBL5xv9oiTd9iX3Q2L9U6rYmibyaxk9yQrt-Q4tgGu5KivT2YrkgWrSoBE6iYIgIJAEN4RdJ72MmOi-f8cYXCfrErGaf8GvZUcnBytD9TQEeku8EE-Q4Qxnt7XQmSCNZ6yb3oyKXn0zbhqVamVmVamwODvxk6vo1pgtdqn4BCOD-xOWA&is_paas_login=true,Submit This Form,1
2025-05-25 19:53:24,https://idcs-67322d8881824b13b3da16015007f9e2.identity.oraclecloud.com/oauth2/v1/authorize?response_mode=form_post&response_type=id_token&scope=openid&IDCS_CG_ENC_VER=v2&state=2AT1K4LDT4fribZh-Uk8hWAkzvE_nVV8dEuYaxsgufw&nonce=9Fc959Idl7_gElJuy5poxPx5sWZVxwqhH7MIMK-IeiQ&IDCS_IS_CLOUDGATE=true&X-HOST-IDENTIFIER-NAME=mtucn1.oraclehospitality.us-ashburn-1.ocs.oraclecloud.com&idcs_app_name=opera-mtucn1prod&policyAppName=opera-mtucn1prod&policyAppTenant=idcs-67322d8881824b13b3da16015007f9e2&idcs_app_resource_url=https%3A%2F%2Fmtucn1.oraclehospitality.us-ashburn-1.ocs.oraclecloud.com%2FOPERA9%2Fopera%2Foperacloud%2F%3FTPLNG%3DE&client_id=opera-mtucn1prod&IDCS_CG_ENC=true&enc=AjN-Mlxr763UAgAAmgIAABAgmgIAAIACAAAQACJHcyEP9hbckVlbSsCJXRGlwurTlAeY7z58NvRruu50nfoeG1lPhh-ZxvL3huVIm9uMaNexvR0o68he4PFD0P63SjmjRJ-MQe710FwZC9YGp_FfseNcsO9_6iWuwge8d2w5aZ4Do0Rt_N1GAYCtVe3ndnlgCmdRygcvYwptMJgfXbKVrkkk3V3jZwkxlW9TmWwKov9mYBthrdvAiSpf5E9sbjl01lcOH3S8bLg3c5yLF5kuvGkB8hf1ynbPYX6AL2pGrVN9MA3UkLsL-ZGZn43yZQxK52TAj__fpy9N2CJsxjlOmiUALgnZJwZXxTpsPcFqeOjU01BWw2_RfVghCiELafATNhylQTZRlw5z282Nr8-UtNAX1q99NZUcOl75FfVPafl1Z_6NGZpzIWM2wN-SfiYnLmevOcTOscL4ySUlAzpl_34m_NfG08Uk8SDcdbQ3XAQW26RMZdYNgE5wxLJBI87iBFHm0802mdHQ8Kq0ybrM-wKGqXtZwhMZ7woBlfBFfmoO7Ng0pNSF_Q7OxBuRMTBLJXXzy4p7UbyBfFtVa23Bl5A4sS6YEP6PT5pfLIAKKgeHI6wWu37BzAZPDyXndvcI81qNmt3t4hjR1v-kaghvTA96s5-6pj8OKcb5SS_nY4krLB4ItdoFrK-L05k1sv5a2UCDdowLn-5JkGp3opAJZJ1KGSIaZbehnS5_m_1OHqEsElrPw5au8nmTBAXWAZMUpYLKVIc2C_VcYeSSJ6q8Z20WOHNI55npV80yj1fOBuVyp5JJ7iG6Md5WKCLjSYLzlvMl57mv7-QTzoapyNcpzXSQGIlpfPQs9a3fNDlynHugR78CxXN1o3kyDEGrLW38UM5_CZIQaYK2KUtB1t7j_i6S142hAbnsLBmqoCS4hREErh14v6yY0KEsFilAZ9k6BfY0VPbp8f1VuO8h,,1
2025-05-25 19:53:24,https://hu05-ssd-ohs.oracleindustry.com/oamfed/idp/samlv20?SAMLRequest=hVNRb9owGPwrkfuc2HGgBYtQ0TE0pnZFg3XV3kzsgCXHDv6cBv79HGik7qHszbLuznffd57cHysdvUkHypocpQlBkTSFFcrscvRrs4hHKALPjeDaGpmjkwR0P50Ar3TNZo3fm5%2Fy0EjwURAywI5DQnLUOMMsBwXM8EoC8wVbz54eGU0Iq50tlQ6X3Hunto2X7DWQUC8AKkd772uGcdu2SZsl1u0wJSTFr0%2BP62IvKx4r05kqZM%2Fq%2FFx%2FlgNI50PKnhJifvoQGeAACoibHi1A7T6BE0zGHbyD3Hw0VP93EN4WVqNo9X56UOYy%2BGu07QUE7Ntms4pXz%2BsNihbWFfK8jRyVXEOYyzzsRBnuz3vtfEMwvm%2FIMAYQsd1DsM8LLYNaA96dksJW2PKqlAIrUeMuwBsNa1kCNHJ5nrfPESV0GAcROtykYzbMGB38QdFLXyDaFWg5z5EScbnYHoanoywPx1qE%2FrgHbX5%2Ff6HP7dcYXSrEzuKu819xfz13d9OpnqFhe175E5r2yZQoIL69yygVo9EoHdHBNs22meDpLUlDve7KsaSJEhfee%2FZC20Z0wdlgkOGQfII%2FuOpb%2FiM8vJyvrFbFKZppbdsvTnIfPoN3jUR4emH9%2Bx2mfwE%3D&RelayState=Zyry&SigAlg=http%3A%2F%2Fwww.w3.org%2F2001%2F04%2Fxmldsig-more%23rsa-sha256&Signature=h%2Fk05DHSmzCRnbv9qH%2FdP0tpvyvOzEh6zZkVtXwaGa1NscU0zSooAlTGdZL8g5sZb06SFy0mqR1hSLCAvfB6n%2BlQM4KwTxB6VtZ3vcgxPK8RDuHfuOxPYADCwU49kSP62%2FtxUOvYzeVbtsDiICbB1ptXEmJsajY515J6SArqFa8Wa1vh%2Fc8bpsZG68pdb4FhhgjTD3n4Pi6TwLwHyewggaj1RBESjmZ9DAwCvgYfE5c2AlO%2Bh%2BT24ZSqJW6gCErG7V4lv15j%2BGYJQlVMK071UDAAPWH7%2BMY1XsDGCvAI2i3BBkikhSnioZG2Kj%2Frf8lvYQTB1kCchr%2FCgF257qFBnA%3D%3D,,1
2025-05-25 19:44:19,https://idcs-67322d8881824b13b3da16015007f9e2.identity.oraclecloud.com/sso/v1/user/logout?nonce=aae117bb-c77d-47da-903e-84670c58d469&tenant=hgbucloud01&domain_ocid=ocid1.domain.oc1..aaaaaaaacuigpodhvv6maozhy6he64rmuhkw7ytdcuyelxll4fkpkuod6mxa,Login - OPERA Cloud,1
2025-05-25 19:44:19,https://hu05-ssd-ohs.oracleindustry.com/oamfed/idp/samlv20?SAMLRequest=hVNbb9owFP4rkfucxHG4BItQMVjbDLpNC2ysbyY2wVoSUx%2BHy7%2BvA0TqKrV9PfrOdzv28PZYFs5eaJCqilHgYeSIKlNcVnmMlos7N0IOGFZxVqhKxOgkAN2OhsDKYkfnKle1%2BSWeawHGsUwV0GMX4xjVuqKKgQRasVIANRlNx49zSjxMd1ptZGGHzBgt17URdGWXUEsAMkZbY3bU9w%2BHg3cIPaVzn2Ac%2BKvHeZptRclcWTWuMtFuNYY%2BlmUAQhsbs12xOd8Vwh3fgizipkVzkPk7cOzjQQNvIDevDe0%2BLcKoTBXImdr%2BZMXM%2BQiNBliRbY27LgB31RasFMsKISteg9EnL1Olr1i5EdyXfOc3YntiK0wAapGcuzExIph0XUtCuotgQDsdGkRPyPndXps0106mMZJWY6lngyfi3uOHg%2B5N3BMe%2FCS95T8Tgosu96Zncu3cKV0y83G0ZmJZN2eobdpIc0KjNpnkGbi9fkgIj6IoiEhnHYTrkLOghwP7FPqbgSCe5Je9a%2FasUDVvgtsgoW%2BTD%2F1Xrq4Wv1vdZPqpxcAL3losmSzGnGsBgEazdPFj9jW9KlxI20efWoStL6m4OI4swd8%2By8asN9nrSboKWPePKZLi9O1LWj5MxDR%2Fvs%2FEVOUuXMje7LfD%2F37S6AU%3D&SigAlg=http%3A%2F%2Fwww.w3.org%2F2001%2F04%2Fxmldsig-more%23rsa-sha256&Signature=FOhsW%2BjSuQaejeI4vsxZWmi2CCso5PwuvQ4v1s49VJBAxK2ZXKQKMsU3TyBvuxrFOfg%2FELNZLvuXFgyIW%2BVFv6wtvUdj7oy4AS3RADyk2Iee4vQZKU4HPAY%2FPZP3mayibvdGTNKNHQ362hln6%2BuXZt1uys6lKjnwBMgkZ4juR%2FHwYLTMcx3J2G4KzO649GHXzAGayT9KK9rzLClOYkJt5U19HIpzVrxSV3FUTZrg80w4OEPBknnHh4OgMV3uZy2XeYsyos3fgaBwjHCiXPes%2F1Wh%2B7JSZ0mx1Y8Xw1juhw7EJl1oGau1a83JV%2FQoVmdga6vD8l4oZWsE%2FfJuwPrV3A%3D%3D,Login - OPERA Cloud,1
2025-05-25 19:44:19,https://idcs-67322d8881824b13b3da16015007f9e2.identity.oraclecloud.com/oauth2/v1/authorize?response_mode=form_post&response_type=id_token&scope=openid&IDCS_CG_ENC_VER=v2&state=fCG2DcLSlx-l9KN_00KhIRxB2cVgPReOVJJDPMdZX08&nonce=0n_qAUVyGI2LmkVjsqD_KHyjzy2irTSHwMGqudBfMug&IDCS_IS_CLOUDGATE=true&X-HOST-IDENTIFIER-NAME=mtucn1.oraclehospitality.us-ashburn-1.ocs.oraclecloud.com&idcs_app_name=opera-mtucn1prod&policyAppName=opera-mtucn1prod&policyAppTenant=idcs-67322d8881824b13b3da16015007f9e2&idcs_app_resource_url=https%3A%2F%2Fmtucn1.oraclehospitality.us-ashburn-1.ocs.oraclecloud.com%2FOPERA9%2Fopera%2Foperacloud%2F%3FTPLNG%3DE&client_id=opera-mtucn1prod&IDCS_CG_ENC=true&enc=LaFDeoOXClnUAgAAmgIAABAgmgIAAIACAAAQAMeLKUECbkL8BYnnwUStE2VH8nyVv_dbumvj7al9_qbUnt46bc1RlBm2Ye8bBeMSr5hghI8zfySlqpOYNuan0zMOffzKRj8ulw4m3mdiQ--mJdTkPmTwcs_5bGdUMZOWKb3uJPJehwj6Jfz18eZTnkVjWP4xjnCLLdSaq7luKe4vVHjPgNMo3g5ddbl_yAnaZwcS2sRSkCfIZJOw-kPLtIP9ZOejfmHUu5fJJKCwhtVwRmWSCeUEcpzqAAy_LrXunWlNGqUnoTYWO5yI691PlCOUlRcFGujLiBTnjdrrwT7HWfTG_kp36onMdjxILN1m2Ac0iyb1IoEyoVDDkVYm9aiWKJjGXNuOIeojIfFL3CX71zrsedX3-CBBCwmYFkRGzKgY6VaOpS_Q0PK6OThuEqgN8cziy-lLM9AoFd7-Wz7uVW7RX0oHYuTTh_HOACWlyz6wLYhdiUIVp8IBNJ8dBwdYcLb5FhwRdmwabNQAJdevYpMnG31QIo1BK2mahCL8yOMkD2QKEEi-A_1ckjqXKBcxnQqzBo42LDS6DT0VRF0HsH4liZi8Omq7t3S-wIhydXZZ861WA8xUkJ6PNFEEZf8PfJLQRvFHYkf4yqLqhS02HvUQuptwA3docDpcU2bjFuWhdfj-0vjXr144s0ZY0LgnXNqIvSHbNW6PB6bWoUZ21kOm6XLREPl2Am3ZQqFxR-N09wMiiMomFydDZOOeAwa-D1qWPABGRXqxAjSr6YiYN9JwDi1hEDxRp9LHhwEaXX0dw0DbZ61L7JncZdUCL8lmI7zngV93LwIgjSztZXw2X4zptFFCjeuufW8kYb1eoWdH9m8aNTdpzqju7Z4DqJ7cN5uVsFPSTOOWTiOhKzc1ZLz44id0hmAtem3-asosDYY_h22zWcK95Nzu8sngBhfJ7aFiGaxiqibT3rm2CbeJ,Login - OPERA Cloud,1
2025-05-25 19:44:19,https://hu05-ssd-ohs.oracleindustry.com/oamfed/idp/samlv20?SAMLRequest=hVNdbxoxEPwrJ%2Bf5zj4fnxZHREui0kILhUZR38zZgIXPBq8vhH8fH%2BSk9CH0zVrNzM7srgf3r6WOXqQDZU2O0oSgSJrCCmW2Ofqzeox7KALPjeDaGpmjswR0PxwAL%2FWBjSq%2FM7%2FlsZLgoyBkgL22CclR5QyzHBQww0sJzBdsOZpNGU0IOzi7UToUufdOrSsv2XMgoUYAVI523h8YxqfTKTlliXVbTAlJ8fNsuix2suSxMrWpQjas2s%2FtthxAOh9SNpQQ89NGpIUDKCDuGrQAtf0ETjDp1%2FAacvfR0OG%2Fg%2FC2sBpF8%2FfXF2Wug79FW19BwL6tVvN4%2Fmu5QtGjdYW8bCNHG64hzGUcdqIM95e91r4hGN9VpB0DiNjuINjnhZZBrQLvzklhS2x5uZECK3HAdYAXGtYyAajk5DJvnyNKaDsOIrS9Svus1WKU%2FEXRU3NAtD6gyThHSsSL%2FZJ%2BX8Tp%2FuHHcTbl%2B2On%2FdTls%2FShs4jR9YTYRdzV%2Fkvub%2BeuK0F1c4GG7Xnlz2jYJFOigLjTzSgVvV4v7dHWOs3WmeBph6ThvLqbvqSJElfee%2FZC20rUwUOQDIfkA%2FzBVXPlP0PjyXhutSrO0Uhre%2FrqJPfhM3hXSYSHV9a%2F32H4Bg%3D%3D&RelayState=DKc4&SigAlg=http%3A%2F%2Fwww.w3.org%2F2001%2F04%2Fxmldsig-more%23rsa-sha256&Signature=AXG0dMNyCnttkT4Cgt%2FFN5vsyebmE8ZOEBJ5K3dZ7p53na1EXax8kgRO40HBOrwex5rcbgpstbRCiQVvfaO3aWoGizrKQsIIGzNfcMwkCndEhK7ovAS6zBBM4hoL%2BqmSPr%2Fckw1lEhTF9fFe6Ndv5C4Rxoe9shOiunCgcdFUQTQk6322%2BUkDKSyXcXqyqIbU718w7vF1D6JlBUFW0mexltfjlMRkiaHB452KKo98Cm6jdpBW%2BngLxdamorIwgz7XxonEJC7mCwXSEebUbRgrXpKXokIROTt%2BI7nCKcZ3QpE6IWUJmt3psZysvDcmJ4t7WtMJ5iumxaa%2Bvq5FRwFTZQ%3D%3D,Login - OPERA Cloud,1
2025-05-25 19:44:15,https://login.oci.oraclecloud.com/v1/logout?nonce=aae117bb-c77d-47da-903e-84670c58d469&domain=hgbuiad02prod&domain_ocid=ocid1.domain.oc1..aaaaaaaacuigpodhvv6maozhy6he64rmuhkw7ytdcuyelxll4fkpkuod6mxa&tenant=hgbucloud01&domain_stripe_url=https%3A%2F%2Fidcs-67322d8881824b13b3da16015007f9e2.identity.oraclecloud.com%3A443,Oracle Cloud Infrastructure | Sign Out,1
2025-05-25 19:44:14,https://mtucn1.oraclehospitality.us-ashburn-1.ocs.oraclecloud.com/cloudgate/logout.html?postlogouturl=https://mtucn1.oraclehospitality.us-ashburn-1.ocs.oraclecloud.com/OPERA9/opera/operacloud/?TPLNG=E&TPFLSCRN=Y&_afrRedirect=214629460481766,,1
2025-05-25 19:44:14,https://idcs-67322d8881824b13b3da16015007f9e2.identity.oraclecloud.com/oauth2/v1/userlogout?IDCS_CLIENT_TENANT=idcs-67322d8881824b13b3da16015007f9e2&X-HOST-IDENTIFIER-NAME=mtucn1.oraclehospitality.us-ashburn-1.ocs.oraclecloud.com&IDCS_SESSION_ID=441ec1d1e6b14a40b98aeadfbe5ec360%3A8df87a&IDCS_CG_ENC_VER=v2&client_id=opera-mtucn1prod&method=encrypt&IDCS_CG_ENC=true&token=HVHo-J9uxYYECgAAygkAABAgygkAALAJAAAQALB-8Hw0myWivWNIYeNDXexPdGopJDXQ_Iu2jlCqD5yg0_S6BPNOkHCaMiD5hN9FPEElgcX-Xtw3_MoZp259R0JflyXiJotNQTYGs_hHdM0QqgB4t14huRA3s7WubpH5pJhXiPA9KS5PzENxdDPCzTOOt8h_7p8Wlw_anEGvhEOEJQeqr7uyO0tfR3JD_7GE3AU_WUTWqEmP0MjRLCpSc0Rnv_sVusg9YwmD7lCNcPZkrP2u4Z7eqEXdTtHOLW8a4v31217IKkhKFkBpMCBzF6d2YLoW-SyR_5wCdNIJXMzdY2suvXqE65EBwBI9dQSd8mush05tmBYpSOb1sIZEYejuTVM8PVltxElIejgGkMQYQd2qlUk-6kI-IA8wLrGTGzmNK_NCz8Pz9R1HQY86m1j4zBAHhA9cSOFnvhuZHcuJXuj5GQ9ySWpEXuzDGq96v_A-1p-8TDVTXnJdijPvzdvNhPkz3oqd7HlKL9uMdQB8xDkAAhZDUSL29SEBY8T5vgS4p5_hcvJHml4-FyRSq2bkNCnrRQEh3o4KRqEwxsoMu0KH3IXhMLdkLDRemocu1BvCUjiplzE5e5o0Fx_dhDmUq7VkQOwdAZBxagFHHc7NnENb7ZgMY2Gdtxs4KTj7dQeEpFT4_8D-FbaT-EZ7X6-N8BrEAJ4jem6Nb4xvFgz2kMJPm8rEwwicJiACGeduzQPUnoIB3CKr0EL8l2aNpumamcxOB5gI4xEjMxm3XTWJYXsAv1Y37yUK0kSbzQPsD3QFrv5o96M7A_uWNgOQQ768_vZfBx1sLuZV-anv62_3gdR5N0uDIcxVfgByo4iqnscESW6FtyRcv7xPU2XaXQxJfaHbF-MBVYKu350cCXrI2ELLIvlx8AzVibAt4FnzsJ0HIxsOj1QeVQziCLe2YgSZJdP635aumnn10QQE1k8g77TToazSW9Qq0klfmHtKX-VBMwtpy8g-HKZ2uzqSt7JN0IKz1H5jVKusMdzBUvB2Sgr61CMT5LfMl5xj4Nu_she6bpwCVUTy6NmqtAah3pdhvvGJlQ6egcXpa0H9BQQxEZAKEDNPZuGpkGQ2kc_j0l47K2YM7H9p1Hjrw2JWxe07rFK_VRHyBgMlcAK0ccz3so_DSNLj6vbrsszgOI7Wmyle5beH5Urup8mwF5ri0AkAo9O7ZEc5kIC9497zaXkrG08jP8QKcuumLzw_sQaQqpixGQ3HW55Fju5pneMKM0MmucYN6ioUeRV620fSVZCeK6sscfOC6puBRMlnN6vYOeN3pT77S31vIJRwf8ymwzB16YpY5YI3NysUyZjYOAFhJ_LGo3mxfmWAdM0IgBFmBwGJ1sLrVzEWICmDeV4nuhODxOx34Y-m6FQjIIAxOWbnrlMyjxQ5d_EA0vUIm59spsesvg_YaeCkKbJHmfKxlvNDhuRUweWwfbIG5OE6VAoAoWj3zT0rTKUsnFk3gEIQxrmCTcrtzPxf1bdR4ed2izZ1zs4YqjlqGno8JDh5EZ_iWWjbMX9rSPzTKOejA9X85IXTGQTBXS9VmnA-Zs4BR8LQlIK7yw6KY9qhvC-oMgBNsc4qXFTYn8ZO1xaBX004JWpm8D3ADW7nQWdpre57m2V0-SksGEb4JokM63t6DqLuy0YzBFMDvysdAF6xnYgbndwSxOFPckqSCvrCiLH6X2BQVusqKKhy_QIyJl6D1CsNzoUk0NlAnFc08_7Xjm0AJVveHatzZVhp54j89xKQ4mQvdYBrZE5HqApFh4pDhyJgXYYfncDuvFOGqbCICH8WCR7H3eRiYuNFbPbUYjuPbtWxF0hw1cHxCkSWBH_ZWDfE5eUTIyjYmoKh7IY23Xq0swfdYG4bZ5TxjMClyZQd8zYrqvVQ5Kf-2UTkzL4CuW24grbhFdmnFVBqL9DUeSl0lznGeVXCHI66O527SlheF9PWKjCV26e8y9i64aeA9QQBrHp2coBtWYTzr-2HipPNUZu6FCjtpE5MAmSyp7lfgUGMKcW9fzu2QevozaSNR1TGg0pl_ORAixfcMWiDnIjFM0cPTV_rGi0dJ2X8yOJ4_84kPKqRkeDbG1IwSqMkXVoiiKHhtIR2Lr1EZiFmx7V0S_Q_bb693QzepdFgq7_lLcnbs0f4AAhI6ZY65jlkZ97B17K3pPsLLzu_QHAwCGm6jwlbunDLz8dFeLBxIqeujZMDfBk3fYLY1bKTybw54M5WVnPJlT774oak5FQj12lfjTkqIM6ubNO1hFXzcdav2IrqvnBmrQzDQJQPuRjv_h6vPbto72m0xDLjVF1MstjXdU2IKLDDtxHHGbetp8qkhw9K-YiHay2Jg3Y5IXgzqV2gPx_XKSTwTlvHahHskmLTHMFtES-qnPidiIvhnBTCYx7T4j2EltrQUo6jdQMG4GvW7l7lYUNLr0jEDw6UiBer-cT_6__Al7y7YOnKWFloDBHcKv7YQF47ViH1f0xjs5z2_k97lL3zBo-FX0VLPyFpWMoO1JifLJLYHUWburSxkJk2Rot5XCbZI6htXVzOhlFBCRILOtQS6SKySI0GJu6S2L9IqX43wWBlbqW2kx4yTw4Gd5k2FZtaXGvb59TRW87EQT2TqNIgmCfJM2ey-RDHyaxs0X1ZWIBAu1Knnj5zeCMQeAkRBSm78n-uEk1NTfoq-crL0EUBaz7j_ZqAPjibNa87vv9j0z4rdaalFltTZb7VDrmvOXxfWsBmR6wlhqPuo8NChcvqU_iiXbglCty0P2SysAzD2kvbNpZLhFO9-Wk4xl_v09hvVBDlYLMd-8JgOjlvbTQC_ccEl8suSXZQFInW4h6pCfeN8l0v4TQYq5UPS9kVbDAyRAZEMHX1wJhHlwY0C1B-dfaaknSxmfGLFy04mvGVCO2atYSBlm3m97-4vT8YX5rTYakxhtA3RfBTj2kIQkWkl-GijHbauWnIC9j36Vf_KSueVEHwVGEf9pOQJL1eGNBZKuWtk52MlE0rAnYxDuaGbu11vNe1rlj6USpPO23JG183UgnnJnKmIEW-TZXoKC6O29VLKZEyAUUvGrhk1wgaSFE4rN4IXwmdTH6442y9gNHd5M4bTeYujqMkNzu74EndzH4ATbV0ZBnxa2ZQLj9lbdNyyDEdksw8PVSQPJfMfdbaTR98XDG2yjtBzxBTFFmAIxHPE7BZOXFYx9DmWfzuMzCrvJNMMpNCAmRpnt8ujeOYZObqS9P_55YFhiNMx49KrXOAiSa_Hv0-cQjyTbU6ZplyuiR_EVF_EaiD3zqd4nN8wTA4eCRHxDWQN60evqj11I0jtClDVAA8_lwFuz91irczV6zk5T4wmhWyE9to8IwAOWzlpv-7g9-eUu6_KBKlCYr05b3zIq2Ravc62aCzExgByRnfY_vULg,,1
2025-05-25 19:08:12,https://mtucn1.oraclehospitality.us-ashburn-1.ocs.oraclecloud.com/OPERA9/opera/operacloud/faces/opera-cloud-index/OperaCloud?_afrRedirect=212467454074887&_afrPage=1,OPERA Cloud,1
2025-05-25 19:08:05,https://www.google.com/search?q=blacj+gmc+suv&oq=blacj+gmc+suv&gs_lcrp=EgRlZGdlKgYIABBFGDkyBggAEEUYOTIJCAEQABgNGIAEMgkIAhAAGA0YgAQyCAgDEAAYFhgeMggIBBAAGBYYHjIICAUQABgWGB4yCAgGEAAYFhgeMggIBxAAGBYYHjIICAgQABgWGB7SAQgzMjY5ajBqNKgCALACAQ&sourceid=chrome&ie=UTF-8,blacj gmc suv - Google Search,1
2025-05-25 19:08:05,https://mtucn1.oraclehospitality.us-ashburn-1.ocs.oraclecloud.com/OPERA9/opera/operacloud/faces/adf.task-flow?adf.tfId=opera-cloud-index&adf.tfDoc=/WEB-INF/taskflows/opera-cloud-index.xml&TPLNG=E&_afrLoop=212460342101862&_afrWindowMode=2&Adf-Window-Id=c8rzjxfr9&_afrFS=16&_afrMT=screen&_afrMFW=952&_afrMFH=1314&_afrMFDW=960&_afrMFDH=1440&_afrMFC=8&_afrMFCI=0&_afrMFM=0&_afrMFR=192&_afrMFG=0&_afrMFS=0&_afrMFO=1,Initializing Application,1
2025-05-25 19:08:04,https://idcs-67322d8881824b13b3da16015007f9e2.identity.oraclecloud.com/sso/v1/user/callback/login?nonce=ccf093d2-93b3-4073-981a-36a7d2e1db58,Submit This Form,1
2025-05-25 19:08:04,https://idcs-67322d8881824b13b3da16015007f9e2.identity.oraclecloud.com/oauth2/v1/consent?OCIS_REQ=Mt%2Bem96osH6REYxrPiB8L%2B4ZOffzfuvxkAgFl%2B8yhAwVJqpFKl5reqE4HldwEUHOFx6A5WtHQnqP%2BcyUBiaJ4R9HDSq5cAMygimABv6hkF3A5hm%2BvrXoC6Q9hRHKzv2tTSJNHA0FsYBcDi%2FKiAgZwlJbH3DRKZ%2FbESWH5vtG5J2POaePB4scZH1WRHdE9dqZSH5toRpPCV76BuRi%2FjTlrS5rbfdzdFOFU8ZKHUMvyRa1XvD6iIX2VGHolDEaryRgeNv3zWsLvX5LBS9CnGof0iWenFo54uOWejIsp3jv9pOcI0VbR71HQ8E6X1Axc%2BWQ%2BdCF4r5mzx5zi%2FrAEmXQZIo11R21hq9csUIZT%2B6IPFmV7zEQmhVpaENjiro6ajV1Jv1KGq7ZPPuwtYP74nWORjSmETesa5QmyUcXiNMbNkl6DZpLNdcITCerBmwZFjjexA3GhwRoM8UBmh63rIB7j05KRIKa1TXncFT8qC%2BAuqHWchX1%2BHFRbKGVGOFelLqD8LKllMtHtwZtIDHwRS5v9C%2Bzt8JCXa4k0%2FuOrwFep27ElyyetWUqp0QX91YZ0iJ84vs3OBwp5ewnaaJHc7k7BbXHIMiLgSNs8KKlM%2Bu9u8uTV6YnNa77YgtPOCfxc%2Buo3%2F09KfGC%2F%2BFiCJIPCFrQHYKq%2FI4aEtVJEfGZzaTVSWz2ZT%2Bg7oDjjUUHbtxhK6sXrThGdet8aJ9jiTmbA9ryH9I%2BfGJA2uv%2B3K9wyAe6sM6tagR2l%2FfdMXrZFV30G9jbsCaeNeKjRFcJfOeXsmF0HNcgDQvbQ3HKAr4dcuXEXJ8vwdvgiy%2BTXdiN%2FgnhyH7WgLm%2FaTUbxAzUpHeWI9gUsT2mq1AFnTZOLvNQU9T8YX3JPis1xAjofl9zJ8CirjeeaTD1DogxkxPFOmGpPeIG7CyQMB7%2FPfBpES8gbYuTP7coGBAq6yKZ%2FRZ66V%2Barsk%2BTSY60CXz91%2Fi5SmEVdZDLPwh%2B8zTH5vlvnu8MOHDmcfBU33B5NMeoEx3NfqH1Xs1bMSOl5ys%2FEqxChbTGfXkGjeA9OiYNElBnzzZ0qZbl2FCvCiVqHTWhwCeaV5CADy%2F248JfZEsmZtKw0Q3d4V1K1Tef%2FDzxV%2FM0ZTvlhGkrMOlIgV0cuEDOF%2B6pb4D13WB2yrIaW2beFr0Zz%2FUjuti98qSx1g0%2FFVHK92AATEh4f79ku4k2dM6F2DbAzirHl5VWOy2MrFBNQSM0r4Rmo07al7SDg8v1XswiLrQM7q2IwqMF7zk1yU9XYhFhuJd4daihqE7Yit4M6owF0Nm4rBMLpMIZMiRLbN77%2FoEF7%2FX056XJ9C29wHIlh83ReDIEXzYFrMnxXI%2FqUIf5kvTFx%2Ftiq9b1yNJCZBkjnufWlQYxSbSPDka3K%2B8X496%2Fz2N1GuzaZ5hzi8aJer3%2FVZPB9kdaqwUIZx%2FyBiBXpL9CusuKMLTEPoycfRtaRrTw%2FOipftm3i7Om8xEIjBDR6KwAnS54zqK73hEL8FBCU5vik7dsExa1%2BYALlvUvc%2F2WwdnLBjXA%2B7pEEpxlpDTPBFhICkRP4NICmFgGLr5JSwFBu3OOfH8x3eBTYeX6uk7HKXjv15H4aFcCxCmjKPUQuSPg8hX%2Fvj0FvYI7JdnXeK31818hk5l4Z0hBITxVHmzED0mKtQyy6fj9NK1I5ox%2FgSKn72tf6D%2BmMzPgj9dWQKgPDbwdy44A7ihlVV6g2077ok1yiT%2FNXc19wdEfy8KOdmGEFSwk1GvCKq6U2VPNRH2ji6le%2BrBwmOp%2Bsn68z8qakxnfML%2BoriiG0zYdWejX4atC2PO3%2For78Aq%2BYwNdy2%2F13XXejnCaiTyEv78rbrBxKGBYxjbZa%2BefnxMSt1Lh7ti0Mt77aGQajx3%2F2DrvXDpDR2OiyvVlDKe9kGwsrLmlJtV0%2FfHit9%2BYj0AIVEOpHDmyntta8MMGTeUlVuJfd6tbnCntQrq%2BxiJTQNWPpfcpQ2V%2B1fVD%2BttrBEkMJgQF4VJwCDiD7XaNE1CJAXy9YdKHjPR%2FUudzrcYlplgpnJWscDYjs8gT4BoJrrUAmg4AqcUJoLta%2BcW2ySL1yQRxNlNM%2Fdil8umyylJsil%2BChhRIyNpPZceWh6ADbHXbbcBbBB4%2BKhxXmoyYw%2BAyeEyOpvoBmgcROmnx1BN%2B1AljMKHEEbELcOOOc4duAJKJZ61NWd7IFh7qawy%2BgwvPtnrOLUTLq9vnUz6fejj4HXFyaHYtdiOcJJrBboaJbvuD46Kpvi0AOaPdf53BeCM52cLeZN%2BJY2%2F8f5UJh4oErd8sf9MhWrnIQSNPuF7sbvKvB0xcF8Z%2ByZS3Yv%2B%2BpduX6fTIH79NltCGdgEfAaHpS4JZyhDOWGDXoJPYe408CQdicVhHmA8w8YS8JOLUkpS7morPFR%2BRXQjlBCPaMxkj%2BZG%2BbbExJeOkVXvwurIRbxHYh9PSWL2L3Ax7vJtvJ%2B43yK0TaAU%2Fq9PdsyXogiKyIrCF61yCj3GV5UxzlVfZB%2BCa%2FEdNXwS8MavnS3Jv%2FkFsQ2Qa4zsWJbQRC%2BCm6R3GchT8o%2FhlGzj6FIn5jlkt3Egn753tt38W3OvyeZkSrLbVm6OB%2FbNyuCikLWeousHoSwmHmez2nReO0uCF%2FZw0yoOfH0Kw98F82nG5BgYjwI97pvekkn%2BjWd%2Bx5L3aoV07TeFhdPxhs6w3LKvSXJwk8iqFZ42dlJxodIBUSbtTLi%2B%2BK7FFZwbUdx0UTshnZmSThIIJ4C6zgczNkDkVielpGSdjoVHJewu9j%2BlEkHT%2Bu96Wt8lHDel105mGYCQtGucoyEC90u0YEqkYJQ8M3mrYXGeEU7HL4UJAMKL4TEjkYu8JtQihpoqGI7fOhGx2b%2FkEw7W0vusRfTyAwYtdgXPtIcl3hpKFG1eVAlJfOlEgu9%2B86ySOlIFzUeK991fOgV2v%2FCJvU7nLxnb%2Fl%2BZUkdPs3T89w%2BvjKuF1s6Hc%2BsM%2BhoK%2FHx1Ec5TQjdSNeQWr9xx92EzioYmcDMPytMD34TK13SxrGVZN0kY84j4Rr1BscLe2sTDNkROnXzzGMLXdVjYmwce6qf1LesOty8kaIPrs0KW10FtJZlGi2OBpqE0aaij4ki9pmYzDN2FErg%2BtDBFGluCPwiWdAMJEPnMfEzN%2FcZmdFG7G9sF67NwD%2Fk4w5V6yOfvsRbG1xDUU%2FX7nWB%2FuKtncxzXEHSELaugJQ%2FD45OVQK%2FcG6am3%2BwfdS8l9%2BAmI4d1lpnW2hSHnQdFitNuD%2FO4MVEXc88EbyG33%2F1D76AlDOQqZpIx6F0N92ggVuC5ka%2FLjE%2Bv5mGasLFNLWuirOwbzK02ywuDZ%2BTAgv6nnk4%2FqAVleBMDC8eaqw27qJnFsL8mE41812p03pQl4f3i%2BtqQFzd%2FdwoAmpQnoW2K53WiJ7Z3WQE0T5o97%2BghMUndKd7549c8YNucAIg2JKA6BEVX9ofqEe1lqfcbrEv%2F4MDIqDIrxQXInv2T0BZaAC8dPn%2BbakMRzPz3UhL71j%2BFzn%2Ft7lzL6X7CwvIhLFPfoN3ucZjD%2Fn%2FzNUd6iUJgQfBdO3fKuvSHr3bvGs6DKVbz734uJGVp9VTEOl9k5Qtyrfmhcj5QXjDilL1vNW%2FvgFLmTxTwiTqz5RseV2nBQzCKPeS0BP%2BZqTVqrEo%2Bgb8T6J%2BXAo%2BzNN0sjScnmQVH03XRS611iT0RRgWlqVOgRjI9Kqf7n8f%2Bunx5ISR9N9cO708u9uW7WFxQbXi2C3gISlV5HdMtEbGkIu84i3t2V2URHtd2hycXqrBCWAYx%2FoOZFdZCd6Lkdufoo540UC55u%2BeDMkdjI10dlbvP1gKC4E2F4n2HkR%2BMITZs%2BWPPlsFLTvKJw5hJt%2B0Q%2BihRGOxg0Jxdp7Pn0m4GhOJ%2BgygUIVH76L3dnb31b%2B4i3fNSc4EM6NrfShsP7hyGXtHJEs2nkSvE1bxU3gSY7Rh5l3hCBVxFggB8skYl3GIve03SycbdKO5Y%2FDMfIlDT3TouWqguqs%2FEZVI1%2B268nA24bL4g%2BIFB2WonsXcm%2Bk7Ij9B2%2Fyk26qBfRmX7PxRnIqgKEINiwVw9FBFGtadqMGfmQKrBfNyLqXKGu%2BxkLzVJsUYD%2Fc9PbZJYytVGJdpzBRVbCg%7EdE0DYUMU4hIyuHvi8oHM5f%2BHYkeiwjJdIG2mMUjUImE,Submit This Form,1
2025-05-25 19:08:03,https://login.oci.oraclecloud.com/v2/storeLoginInfo?redirect_uri=aHR0cHM6Ly9pZGNzLTY3MzIyZDg4ODE4MjRiMTNiM2RhMTYwMTUwMDdmOWUyLmlkZW50aXR5Lm9yYWNsZWNsb3VkLmNvbTo0NDMvc3NvL3YxL3VzZXIvY2FsbGJhY2svbG9naW4_bm9uY2U9Y2NmMDkzZDItOTNiMy00MDczLTk4MWEtMzZhN2QyZTFkYjU4&access_info=eyJraWQiOiJTSUdOSU5HX0tFWSIsImFsZyI6IlJTMjU2In0.eyJkb21haW5faWQiOiJvY2lkMS5kb21haW4ub2MxLi5hYWFhYWFhYWN1aWdwb2RodnY2bWFvemh5NmhlNjRybXVoa3c3eXRkY3V5ZWx4bGw0Zmtwa3VvZDZteGEiLCJkb21haW4iOiJoZ2J1aWFkMDJwcm9kIiwiZXhwIjoxNzQ4MjAwMDkyODE5LCJpYXQiOjE3NDgyMDAwODI4MTksImFjY291bnQiOiJoZ2J1Y2xvdWQwMSIsInVzZXJuYW1lIjoiS1NUT0tFUyJ9.GdhAS-FYviH2OMZacmk5uDP3D-8BwlyQkGW9PFlZbpfKpe7ObjirecHv-Df8oYermLg6fnPTfxfvJwiMO-zGek4_oW-sSFuoDUqKHwNa_JIvjkZI99iwRBob9rA8fCXTD_0fnQB1x48_dD4vbT8Q1eYhfX838O6ZM_5tPBUOjehZpX8K4SkjvzpGe1kCxSVJG_6o5i4ig6O5jK9MJ6sHG2NCRzd0nJAZSc9XiM_I1QqORwgYz3IMpg5y0PKsDqmzWnOkSvKlqHSsE75y4qNObML4ic2jFTwejbqH9i5alDS6I6odo354-kOegwXxB_ht8zYf7PRZsBYUelZVSPDSbA&is_paas_login=true,Submit This Form,1
2025-05-25 19:08:01,https://idcs-67322d8881824b13b3da16015007f9e2.identity.oraclecloud.com/oauth2/v1/authorize?response_mode=form_post&response_type=id_token&scope=openid&IDCS_CG_ENC_VER=v2&state=Z-wIApaVlmGXSO6bnhCgzP9mlJ0BGSps7_KvUlCETu8&nonce=YH4RnoqiAm9IVfLLUMy8xDvHKA1IA-s2Uv4g_lJ91Bs&IDCS_IS_CLOUDGATE=true&X-HOST-IDENTIFIER-NAME=mtucn1.oraclehospitality.us-ashburn-1.ocs.oraclecloud.com&idcs_app_name=opera-mtucn1prod&policyAppName=opera-mtucn1prod&policyAppTenant=idcs-67322d8881824b13b3da16015007f9e2&idcs_app_resource_url=https%3A%2F%2Fmtucn1.oraclehospitality.us-ashburn-1.ocs.oraclecloud.com%2FOPERA9%2Fopera%2Foperacloud%2F%3FTPLNG%3DE&client_id=opera-mtucn1prod&IDCS_CG_ENC=true&enc=63rug6494w7UAgAAmgIAABAgmgIAAIACAAAQAOZ4aD6KDvaf3n1_OcYmsOqJq8odlRVoHnOIbA2lQEfPN0b3ddpfBaeQRUjvrzclb7yWAcvonbWqpMzKqeXvn_3VLyJzkg_54PZhfqXu3N8VllruzztRE0KJohdvwUkAa5Lb72FYS-lDJlbfa07sxL8ujauCpsTxEIgxoVqVZkUwijhJS4ruca1k1PYtoe2cw6RorqEfAjp4OQh2NTW_Vc4A-ig8APntwJ0R9Ib5DhIRmMzs6YSUpcJ_keqlGQs90SqzNeHkqyui2wjdAPuh0IwXg--fGUKFOLq3EGeXqwh0UGTWmnIvhWZGzAe5ngqfBTB99SOxhT6lk0hYe5BXg41EGbSwtkQ9ktZidB72Nmk01fUkDkVk0KzNcKzVRQynGjtiB2z-qRcPJ57yMFLbK74TYXX2I4_LgqB7tVA8Ud2G7StFhZGELG9z_5xKkHNrULS1I6hXoDfVEDAxIkbk9mTSyaFLJp1orJ36ITwKvBNz0e7Z-byOSNqq-znyFq9CrklrOICZp8sGZ4vDC7qfaSpmJk2fjoGNBiXCtBnm03fbff-quj67BtKHTGXiyPmiRzJ9NBoVqGgnJfrsHWh8EgCvREUGnYffz8tYHTW2TSZglV_aYBSg281rfcrvQVs6m97Y_abSMxlO4k0jTyVHBYeEfnJqoVPrpJ3jVIKyYcZREMWAj-5IzTvpbgJym6ULtsVtdKm12IsH3wcdxa7V4Q_ZQLyYRFoJX8RooqQBEMe0sziSRc0Uy8Kx5x8Vp-83603WYIlEH2D6ZdwyP-sqm6bpJgWyVY8bkXxvHCltHIKBI8mIs-H1jloN2dUn-WkziTRUK8Q6tQos8_FQmIG2O7CGTUly0e70GEjgp0ZdbMWIx1Kh9GNB4vxwFDnSWa-bciVvsPWjoW5Qo_Z3kI1taek9SSOVuCi5WdESU5w32jep,,1
2025-05-25 19:08:01,https://hu05-ssd-ohs.oracleindustry.com/oamfed/idp/samlv20?SAMLRequest=hVNdb9owFP0rkfuc2HGgDRahYkPd0OiGxoeqvhnbgCfHznKdpvz7OtBI3UPZm3V1zrnn3Hs9vn8tTfSiatDOFihNCIqUFU5qeyjQZv0Q5ygCz63kxllVoJMCdD8ZAy9NxaaNP9rf6m%2BjwEdByAJ7HRJSoKa2zHHQwCwvFTAv2Gr6uGA0Iayq3V6bUOTe13rXeMWeAgn1AqALdPS%2BYhi3bZu0WeLqA6aEpPjpcbESR1XyWNvOlFA9q%2FNzvS0HULUPKXtKiPlpIzLAARQQNz1agj58AieYjDp4B7n5aKj67yC8E86gaPn%2B%2BqLtZfDXaLsLCNj39XoZL3%2Bt1ih6cLVQ520UaM8NhLnMwk605f681843BOPHhgxjABm7IwT7XBgV1Brw9SkRrsSOl3slsZYV7gK80LCWOUCj5ud5%2BwJRQodxEKHDdTpiJGeEPqNo2x8Q7Q5oPiuQlvHsT7WpFrJ5dvFSDSXfaj3Ntt%2BmPzYkRpcTYmfxuvNfcn89d1cJqvszNGzPa39Ckz6ZlgLi27uMUpnneZrTwS7Ndpnk6S1Jw3nd7UeKJlpeeO%2FZhXGN7IKzwSDDIfkYf3DVX%2FnP0Hg%2BWzqjxSmaGuPar7XiPnwGXzcK4cmF9e93mLwB&RelayState=sOol&SigAlg=http%3A%2F%2Fwww.w3.org%2F2001%2F04%2Fxmldsig-more%23rsa-sha256&Signature=XQl2sBdsKIIXUm5Yeu0XK928U8vEr5Z6lEV15SuWDKAU3jxg1PJeRKfKG3OqklmPmPfyAmsvQsYBm%2BH4FM0gsuuV3M5AIY2j9lf4N0HwHvPw0ZFX9%2Ffj2on3sOuoj7imZKhDpkXlTnDJA%2Fa07yZEOaPgInvtZuXdMCYVC3jFm8Dz7SGkis8Vu4ZWk%2BBiCJjBnC5zkXzelLoFebYfiMw7vxihhXo9KqkV5%2BQM5HFG9H2DZYNZzTRQldvR5tFIgwoS66hYiG15DgBsdSxjNIK4MSfPuqOb6MMMhs1IoW8qNz5dnPduc7MYN80npICeAT6SA41MQFMaiMkyepnDzvoBzA%3D%3D,,1
2025-05-25 18:53:36,https://idcs-67322d8881824b13b3da16015007f9e2.identity.oraclecloud.com/sso/v1/user/logout?nonce=86ed22b2-d815-41dc-82ac-f0bcf0a67b01&tenant=hgbucloud01&domain_ocid=ocid1.domain.oc1..aaaaaaaacuigpodhvv6maozhy6he64rmuhkw7ytdcuyelxll4fkpkuod6mxa,Login - OPERA Cloud,1
2025-05-25 18:53:36,https://hu05-ssd-ohs.oracleindustry.com/oamfed/idp/samlv20?SAMLRequest=hVNdb5swFP0ryH0GbBNSaoVUkbKsLGk3lWyL%2BmawIY7AzrAJyb%2BvSYLUVWr7enXu%2Bbr25P5YV86BN1ooGQPkQeBwmSsmZBmD3%2BuFGwFHGyoZrZTkMThxDe6nE03rak9WqlSteeb%2FWq6NY5mkJscQwhi0jSSKaqGJpDXXxOQknT2uCPYg2TeqEJUdUmMakbWGk41dAgOBFjHYGrMnvt91ndcFnmpKH0OI%2FM3jKs23vKaukL2rnA9bvaHPZanWvDE25rBic34oBEe%2BBVnEzYBmWpQfwKEP73p4D7l5a2j%2FZRFG5aoCztz2JyQ15yP0GtqKbFsYulozV221laJ5xYVkrTbNyctV7StaF5z5gu39XuyAbYWJ1i1Pzt2YGGCIQ9eS4HCNIhIGJAhfgPNnuDbur53MYyCYu%2BoKmkWJyzbf8%2FL58GOWLnZu8ES3fzsXXO5NzuSNs1BNTc3n0fqJZS3OUNu0EeYEpkMywXLtjm8DjFkURSjCowwFWcAoGkNkn8JtccexJ9hl75o9r1TL%2BuBkNAp8m3ziv3F1tfhkdZP5lxaRh95brKmoZow1XGswXabrn8tv6VXhQjo8%2BtQibH2JZPw4tQRzuMRy%2FJAv0wOKbrPwF%2BTrruh2e3QoM1UYWu1eAvSAL2Tv9ofhfz9p%2Bgo%3D&SigAlg=http%3A%2F%2Fwww.w3.org%2F2001%2F04%2Fxmldsig-more%23rsa-sha256&Signature=OcPMsxet37UVDSeGZWsMbDweck2WhlQjX%2B8kHlfBUCdvs1a8tCRYYr2mMSl%2F9GznqQO5lH1vN9KB7LC9%2BxEGj1vi28laxIFbQ0%2FUEyegm5bhrLSEe9SczkBsmkJOCEHlD69g3rw7KFV6Ul8w7FtkTC9wRxHdxdLNoyplPmH1HB9ZPwlwrpfOP1AVJdthzvXg%2FVW5FVnN9K5%2BBxXZJgZY2Gol%2Fc4gBDMU8C6%2F4OZPj%2FlRg7KTjdcczHK3L76k857xOqEzTzzSRDN%2FZp56GXBqTP7HWzk35Nzt4n%2FslNqsSH3mHm8k6sII61Ylf0NAZXuD96t%2BAXRoYYtJ2iI%2FZ8l4dw%3D%3D,Login - OPERA Cloud,1
2025-05-25 18:53:36,https://idcs-67322d8881824b13b3da16015007f9e2.identity.oraclecloud.com/oauth2/v1/authorize?response_mode=form_post&response_type=id_token&scope=openid&IDCS_CG_ENC_VER=v2&state=oo4qNM9zw0fqfkL0VtdnInHqg47PxddSlcknTEpGPqE&nonce=v0IIMuvBa0siS6-lUH9CWKuhY30e-Ag1Az4J_pmrgtw&IDCS_IS_CLOUDGATE=true&X-HOST-IDENTIFIER-NAME=mtucn1.oraclehospitality.us-ashburn-1.ocs.oraclecloud.com&idcs_app_name=opera-mtucn1prod&policyAppName=opera-mtucn1prod&policyAppTenant=idcs-67322d8881824b13b3da16015007f9e2&idcs_app_resource_url=https%3A%2F%2Fmtucn1.oraclehospitality.us-ashburn-1.ocs.oraclecloud.com%2FOPERA9%2Fopera%2Foperacloud%2F%3FTPLNG%3DE&client_id=opera-mtucn1prod&IDCS_CG_ENC=true&enc=wgGyR6_dIpXUAgAAmgIAABAgmgIAAIACAAAQALpWgsQO7oHe_Wum7CQR7imejV2iOHPduI80FGU4lWAKk5n47_6z5YQICyKsrvWAI9ZNWs0Ekd8nH8x0JXFBf7bck5pVNUN1tcV4jtSUfHkrmrirC3cOU4z7pRW0evfm3GAJBfQwcmY_-O0yVJ41uFpbxaJcJggt3K3fMBRuJEMO5Zr_b6DRXvVDEBtIoIIAFuddBP0szvOh4XL0vhSRVUE8Ed1uKa2HGpGXjG2vyr2DRDo6jt200DvhIBfogm8xUxO-9FQokFNzRS8uMCkCSowws4O2L44Ja_kWlELlqKplYx7UlIyUxpsIiryh_-h9eh7ENfb6Go5GZ1evIBnYpwPBUgFWX_W3oqqVarX6fzXStwXp2v81PPsjyhTOfFIUOWvZf2zrHN9bp6LturPDsRE5SzT11Mls6tVQyoU4tQw4ms6E3NkGIZDOF50yHYvmZ2tKf9Xovdeb-2ufWb-oB-V1tXlFTVr1F-IYS7ouUyy0UZFRojx7w175tIoyNiNSi9d-vS04oNVTTpmbTXWD25jwSG1wX5qqnuMizIBwK8rX_PWpB4m3_7IWJyHpOt0tzr7Yu1MWOsR_ZKolBxfsMddDff-TwID2R0MLq19MRscwhBb32zY6qpbemSpKFpSS4-K9V6jEgW-ZATONkyrlQ--TJpS1vJmyVn_TRSJ-bEWITnRICFT2n4X19lhL4oBZ-pwMq3QwHSJ1jF58GqF2cg_4Pyoq0dIEG7pnCmxjMI6Z_xM_uBbWxdoOti69BUs2j_B-gJrfWwYLXHkLO3L4GeteLTMfyZ0BT0WPx_SmX7466z6x6jCINuygfG5o4Per293375iQ_J-Ser80-sTeXKsYOn0tQlt3J7kXroxIVYFTnA4jFw59zjBWcbjlHy9dN4Mmrgp_-bw4hJpfer3vB3CILZlLdBe0AJeItmqjAlHZ,Login - OPERA Cloud,1
2025-05-25 18:53:36,https://hu05-ssd-ohs.oracleindustry.com/oamfed/idp/samlv20?SAMLRequest=hVPRctowEPwVj%2FJsS5ZxMBpMhpamZZqkTKGU5k1YAjSVJeqTcfz3lSGeSR9C3zQ3u3u7d6fx3Uupg5OsQFmTozgiKJCmsEKZfY5%2BrO7DDAXguBFcWyNz1EpAd5Mx8FIf2bR2B%2FNd%2FqkluMALGWAvKSE5qivDLAcFzPBSAnMFW04fHxiNCDtWdqe0L3LnKrWtnWQbT0K9AKgcHZw7MoybpomaJLLVHlNCYrx5fFgWB1nyUJnOVCF7VufnelsOICvnU%2FYUH%2FPdRmSAPcgjbnq0ALV%2FB04wGXXwDnLz1tDxv4NwtrAaBYvX1wdlLoO%2FRtteQMC%2BrFaLcPFtuULBva0Ked5GjnZcg5%2FLzO9EGe7Oe%2B18gzd%2BqEkaAojQHsDb54WWXq0GV7VRYUtsebmTAitxxF2AE%2FVrmQPUcn6et8sRJTQNvQhNV3HG0oQlw2cUrPsDot0BzWc5UiL8Gq%2BNTn89f%2Fq8Ccl69HPz%2B7Ru55lRtAnR5YTYWbzq%2FJfcXc%2FdVbzq7gz123PKtWjSJ1OigPB2mFAqsiyLMzrYxsk2ETy%2BJbE%2Fr%2BFuJGmkxIX3mr3QthZdcDYYJNgnH%2BM3rvorf%2FKN57OF1apog6nWtvlYSe78Z3BVLRGeXFj%2FfofJXw%3D%3D&RelayState=015p&SigAlg=http%3A%2F%2Fwww.w3.org%2F2001%2F04%2Fxmldsig-more%23rsa-sha256&Signature=duUvP22yA%2F2JuiZTbOcHLEY28QhZVtz550LCr%2Bee4MjBPmIkq28yflIgsLonIfKT4hrQcE4zGb8Q%2BTIEoe0%2FKKEd%2Fzgr3iSNTErmbkDak%2BSDP9Jm3SX5tskSGX0ap%2BtL%2Bt527dm0VEEK8Gj7oCeVS7rh%2FyKCbS7LknUNgXVb9SB33zW9KbGZJu%2BdfmK6Ch%2ByhB0l2BDqBfjfDktaI0a%2BP857qjiIzf9%2BwTuekayZ957sHuYwhRCQiHH394SiVGqhL9KH4RB4qkZt7gX6zeiRygrne00pm08oiXI%2BVMxQlgs00rMR5cCNLfyoMpfYMJZSknKR8czaDFkdxnS4Xz%2BPkA%3D%3D,Login - OPERA Cloud,1
2025-05-25 18:53:32,https://login.oci.oraclecloud.com/v1/logout?nonce=86ed22b2-d815-41dc-82ac-f0bcf0a67b01&domain=hgbuiad02prod&domain_ocid=ocid1.domain.oc1..aaaaaaaacuigpodhvv6maozhy6he64rmuhkw7ytdcuyelxll4fkpkuod6mxa&tenant=hgbucloud01&domain_stripe_url=https%3A%2F%2Fidcs-67322d8881824b13b3da16015007f9e2.identity.oraclecloud.com%3A443,Oracle Cloud Infrastructure | Sign Out,1
2025-05-25 18:53:31,https://mtucn1.oraclehospitality.us-ashburn-1.ocs.oraclecloud.com/cloudgate/logout.html?postlogouturl=https://mtucn1.oraclehospitality.us-ashburn-1.ocs.oraclecloud.com/OPERA9/opera/operacloud/?TPLNG=E&TPFLSCRN=Y&_afrRedirect=514155112324489,,1
2025-05-25 18:53:31,https://idcs-67322d8881824b13b3da16015007f9e2.identity.oraclecloud.com/oauth2/v1/userlogout?IDCS_CLIENT_TENANT=idcs-67322d8881824b13b3da16015007f9e2&X-HOST-IDENTIFIER-NAME=mtucn1.oraclehospitality.us-ashburn-1.ocs.oraclecloud.com&IDCS_SESSION_ID=e13707f7fe9c4a21817d2c16779e4f98%3A8df87a&IDCS_CG_ENC_VER=v2&client_id=opera-mtucn1prod&method=encrypt&IDCS_CG_ENC=true&token=AX-UG1LxddUECgAAygkAABAgygkAALAJAAAQAAxcDOLEJIabEz86Kc2h1CH8WvJmEOJnkL7qvXR1n-aoiskA28a6rnJ4FYYUuqHJ0o-mN_Ld7RyFf-rOyiKUEhRwT5-Iu_OxO1Rb4nVRfjs_4D1VZPcvEg-pKECyR6mLLpH7Y-D5kTN1po12deZdONSEXSO8ie8eYcQKI_A4elNhiYpxvMpZuRds_9G4MNpdGTXXJwyANmt3gJ0RWdiqsdYiugsdoYurw9WPDM2v8S6-SDGJQL2L3BrqWj0rcSLGCNgT3KvWYedUpfaBOuIwc-yDXR2w_vJMXqejL1Zc0_LSbtDFP4675yeosR-Pe3DGbp11RI5Acmn6FGc0e34P3R13fIFPmp8XlbCsc15rSXaik7C0w371LeAgWPKi49_TIQX1HMm_KbwPzIBi2fwz4g5O2wMBS83XFon5FBk54Bx-Y1Dbe57u36GtG5Q1Tb0Yc8EFZ0a0P5R9iNVUKN4NO5knbJ5UeZOwP4W5Q7ZlpvNdOToh9SvgXU4enJC9RNj_Bj3vr1vOVPRBpXSMHi9tW4Tb056ID94kr-441s0MFtDhTofITxoPf_UOoDoetpBX4GjjxKjGEXOUqRXZlkQFx1CD-tplx6YbwmXDMozl0BrrYLyyjlGxM2dH30WB3QMBeMo4JZzIYsZIkJffcTsjCHlb0eRXEEzMFLzAoPp1WhvRc1A0iX78GFBENIT1KUkaYnCQqMeH1zmXSFT8itTM8weisCkiWNB7AUFkR7gr2GrbaQX2XuWDblBlYOGVA-eZlFv6PgSM-bK5D7aTzfMLIP3cQi0eOXF82achEAKYGEqegk83tiLj4QPl1iv9Bn5Cj0dWs13A-bLcZaBYs6lNJp8IjX86HFoRFYNHWu-yUHdlyGddOHqBQqj6gtgOWPiGmVIe5VHSfmgEDCO2RLywzG_Fhm8EPcV1OU8GGNj_W4Swcm4snjUn_yUDDSH_sQIwe_SuezB24aPJGpSBYbZ973jhc5Fd9cKDal2iRP97VVo2u2IPbStyaT_rOy_VoxSw5Ae90Cm_Y_sM8LWkFzFzwiIKuKouAtMMYkebQps8hZyDerj-dIfZVcueG3E9osuvwsTHC8kjRqaXYZx_9gR_yaMvmqoggDLtSWPbRVNfQqOmEnXSeGt7IfO-M9jc6gik6U78OZD3MyRHZwDwC-HpiScQFrCM99m2mdJTKhon2ocTydjNqPbq0RuEKUA0WXAqKWHVINVLeRL_IXtiBYNAiH5C7iRPTYpOjuT72lyqpbGv3TjxANEwr7zRIXgoQaOKzu3vQ9Celg_OJTnZ38WTU8u33L6pvBngJojFx2jH_XaXamMIouI-QUbDKu9PDFF-YFfimFDEdaseyK_ykz8XnImfhdzGXGAlKz99ywqO22Cf8pAqvL6Ymjy_H9Te4xtDnxmn-B2i8j4W6hiWAfv6jJQDqQkN5bPFKG_w3e3WZxNSk0XV-IYryhVMWkZpl8J6EgzEV8UWvSYrBk1HGrDnJVwZG8meGFLZ1btfsx7SX7aah_Gk_Z5-HF3C7VT2r52IvJ-ndEYIkhq5LkP0EPp7xX_Q_G81bcE6kTcHLpyBCmpsI69PpDFOTrcFAsXod-kvyYycT6Y6K2VeSfTB4RK6DXbNpppsUoCNm1G8nF8q0qn3XfPAxoFDgp-SZQP9BbSSEujRMDXz5j724hGsh3tqi0TX_eJRIJ2zp6i-F4xgDr178aWA1hGXvcQMHN5lQ1QHLy4q8OGZa_errNkB9B4wREtnXIjWoq4zlydZR1YzL8PW28yVf8LAW-P5VjDNJnctm1LdFi9rAujFC_fm_7VRITUEWLswONW9WSjwunV_BnILA1_MVOM_rHvpcNE9hK0SvjFQ5NAlaL6fspuZvgHWRFT-b1DB7F-ciwYFAx8qywUGJIavuC59ul7qHttrbD9LVpT9pYu4LRw6xGaZmo11864t2zfBKGq8m6T-tBV-vjJAemYMUt5GYoDaAQqqMFH87XluwpRt578p8yfYb2qJ1AdKtDUXHZ-LWg-EsW91uHRgRI8XQHBlyC_9ts79DiLjj_lfaEXrK-mCUjh9JShEqxLPUWpQAO6x5xZFNZghqTAAFnMMmpwPn58m3qQzxeevJIFuAciV3XnqTyMjhRzYrkbqszZsFXhqOpZ_Ncmow-bF9PHwAlTgb78hr9XBkQuLvOwTGioJWq7wxD5SfbHsNNBQfvzrENyd01W9uEllZyXoCa2UXrpkRCfusSieXD8-KhREOohM3ZxmkAMjE-Bid5MuHJprPjddU9tyqLgETvJopePr1KN2LhPs2dlpdPjlwOwtHZsl3BAFbYl0_Cv0dU2FOrnt-ADo0BplGZ_i3j0XN8qGci1fqKJsPHJOvb6cn01PfBdjExDvR0qGkJc4yUlK9KgmyabFid_4GE2zBZr1xWOLxedLv0XBliKCqqfHUyaBtYhhJndPF0PCItW7axgY7RiZ67fhFqcXNXvdfb40IgarQ2g9VQze-dGCO-JEPkOpHrDNsitEH3cwaSWWV4JtPs754brIZFFjdWUUTL_dJR0tbx9J1cZ3q5pTkd50ffAUiX_7gqcM5jZylXONrcjpYJcO4w11AuO8LhjyYLQE1sg3kjNJRBZNgQEBQUOPnS8D0f_dcmIGxQasys0o_eEAlyq-9FtaiP6YPfusDuEbHck1vb6hfmk66f0tCPWV0kMvxphMGlwseOd8OFkQBLSPSQRfhNh-V2FgeqyguyvtXpNKzWIjm6EcTQl-_Vy6te7dddB5Re50UN7lx_XWU0DJ0f3hVZMojurbu0KEjMYnkHCsOOAgyf93PajBku2ou3UQPocvtIayrwNrCXSYc8VJPTnb1zQI_jwRl2r43sZHIjdGWH9AeqrxqXTtTwwk55fBS4BBslgYxSP6StqfAdvwT6D0jYSM-9dU5HkwMlp326umwNNTvPxvCjkJrl318QegwvSKey37VaHnuEqFAscnbj6Mv8_sPB0xCEnaU7JIpc63tMrIF-71aNJ56BcY3yjuRMXSEg_9Ob8GDx21QCISsTJitqzXGSLKRw4fcuL1yQYqaoqqV3E1yuxTQTXpXBblowXdQG7own_rLVh4ysN12BqrohtL5GZsll7MMgVp1gHwGIc-lkzfQR3uO8JWipV0B8MT6ZAkiB2jTM2byEeJFM7QQB2Ohdx_CmO4vXGkemvTI6lYsITNU9KIepC_T3TtkbQj2QB6Qruy41KABA8K21CU1crnG0IdL1rSL6vh2VPJoYEm-1zodilN3U3DMi-AuughEdAgb7WmGyKQhLkYKmPGp4bLAd6NiAUv_bx7ZsceG5GwLmAiz-Jt2xogQdY34o8gZ5sAERzMalZQ1ADobVyUEWwXb2nejlTkHZSOhsyDixWt1ZRTOlE0NJTBUw,,1
2025-05-25 18:33:19,https://mtucn1.oraclehospitality.us-ashburn-1.ocs.oraclecloud.com/OPERA9/opera/operacloud/faces/opera-cloud-index/OperaCloud?_afrRedirect=512943120676806&_afrPage=1,OPERA Cloud,1
2025-05-25 18:33:03,https://mtucn1.oraclehospitality.us-ashburn-1.ocs.oraclecloud.com/OPERA9/opera/operacloud/faces/adf.task-flow?adf.tfId=opera-cloud-index&adf.tfDoc=/WEB-INF/taskflows/opera-cloud-index.xml&_afrLoop=512927062982097&_afrWindowMode=2&Adf-Window-Id=w16m0w8p7gb&_afrFS=16&_afrMT=screen&_afrMFW=1058&_afrMFH=1460&_afrMFDW=960&_afrMFDH=1440&_afrMFC=8&_afrMFCI=0&_afrMFM=0&_afrMFR=172&_afrMFG=0&_afrMFS=0&_afrMFO=1,Initializing Application,1
2025-05-25 18:33:01,https://idcs-67322d8881824b13b3da16015007f9e2.identity.oraclecloud.com/sso/v1/user/callback/login?nonce=2b9b36aa-29db-47a5-ad01-ba74a2c288e7,Submit This Form,1
2025-05-25 18:33:01,https://idcs-67322d8881824b13b3da16015007f9e2.identity.oraclecloud.com/oauth2/v1/consent?OCIS_REQ=nUMewMaq%2Bl0p7SISbn%2BrP2A3Jx7WPUqmpI%2FiUHhabf7nF6nV%2F5k5bsakYHG6LEijPiB%2B6dilkCgxnyMyBF%2B%2FW4nLkKsRkNs58QpwJc%2FRUebcj%2FFLg%2Bg7aO5RNbIm90MYC4507VU48lRYYHloJjDXbecXIsID332nbz8yIjiHoPC1Gw%2FJLVNevgtNU5GGf8LWkOSbYZQEKUjKlIlXnSXlZZqkYAd9QuGEy8DDVGMelaEGUklk%2BtmaD4HaNY9o0w7LAIi6dxyqdxXH49mnm3wgDVYc2KpSMfElfPsbBR0HjvOpiqB0d1rm6EFKQVYuH5qr861L1uuuHOAN3dDCQJX5HYmyTRIuyTW34%2FX8JoCjhZPB9ECixWxUFknuwxMyCsv6F1f7kEQ%2BAL1BEUomfApNlJzW7Quy%2BmnYP%2BbmpGHwntvrcyFcQngYZax2ZchK2I1DeCg1ApWKISxDuaNlKdku5QDUiGIzlhWH5AlCwSZy%2Bv7EStIKoU8WsqB7BjYfI3OSTZyXsQSjkr%2FYe%2BBTLUKquwz%2BJ2eiybDUf9AzE8q%2Fr2gzSMscz1BLKdKQoh8uaz7JgImAnauMNrztCBoKtMLpEv7HSDRB1YCc%2BtVx1qIPVpDL%2FEnY5aWkAY262oj1b3PMAh%2F4T2%2BgmM9%2BsC5ylFfiFxnW9vYxFrUOSp%2BvafjXN02ac0eGjVDZOks0lMATFBiNTCmjvNbQzw2WTtUGxb2PRBZtnIkGReELq%2F48I7OBTknRe9jkFbcoaOMP3yIUsT7ACtVteQuGrYALeWgU7SNVIQlIbOEsvOyd9wMF6cG26C8QRroLpdobV0FbJ85mGvFQid7Q3M2NhKk970x%2Blex1BAJ%2BH3xP13wz9NPdv24I0JLLdMYmo9FJmcgRkIJJKvJzvrxjexVsojjGYF%2BUY7ur4c3ZvJkXGVPk8aEyzMH2mLgbRnFZ9I9sr8BhvMqrb3LzXJX4AkQkQfVPB9qnlbwFK6MSVs%2Fl4rmjhN6Y1zZ2SAcghHzxsM5NjVxXtTOgC5%2FMr15wZrT%2Bs3X3sENlhkhb%2F2RzKXC8HqY%2BF7rk2rBt1BFQRLJN52Nh5Qlc5oOAf5Z4tuzjqaTZsXVlWux4uX10SlyCsn1FqsksBVhFG9aCvg5LYczGf4XbK%2BkdDNBbHH%2BgVxPfrs8u%2FAvIKfScFg2zXLWKrPRf3jbw3o%2FG%2Fx7ElGqCWL21TXn%2FGGD%2BDUvk8b8Jbsw9dIlV2neXnRg9dNgjw2a6qh%2BzUJekGsNOPY38CkuaGCQ3dg2kXFpkn2F48tVinCwQb5HddB4GBea1sQTMB2iMLANyEep6gE8E2ntq72axghxxdV5wLwMGOx8ZOvYNs4veQxDqRlUD8ZNxCkvH8ZRMASdlgA9b84PTXkpBSs3OzwRWel40qjDXZKkocKZeQCU8Rb8Nxl6VwTJ54wqX8cqmbRWFR3JrkT1cYYw%2BYJ%2BnhZj%2F2j7T72xU8NmVUF3oxvvJ574GUZ2omXHEEPLBXvET70E7G2vQ4DlsQGuMtr4ofIbwBC%2F7lgJASGovYXpxkmrwN5k5WT7osMPrzmaJpiMKkJsjn%2BG7Uho6Qpzy3fEoQKjIKYk3aknvT3Y4ezD3HQnSeOv%2BH9J%2BFpPTxvmOsiAOpQBZ5HKdiBgIeOcqxr5CEdU0yycpotOaxupdfzA9VWSA9RmLTPla8g0nCcMqF3Xuu7%2Fi2DpVxApECz9pQ8ucr%2Fg4jP4xpg2SGCQGScW7v3LesMQgcbqC1YXrLjPT9ymyQ5ad%2FFu6%2BXU5pM4kT3CU3OAsbaTdMnencHOI9PpSX6Bz5BSGbqJsQel7x96YyuQX9POG5f8U0Mf3SlVsSbMcV93BKe14s5UePxHWICR8QYQjzMMR%2BROvR%2FesdJUEgYr4OekclDAuBvCLS%2BtZWovnzn8uh8MaAEkxbtNomRagbYTcCOaXSphLglNYY9aA2ByKLvfMq%2BzJXrpineDXatle3njKyhIxGjbSUhS13FK3Jftu39n5qtWdQ%2FAvpcGj6WIul0itbVaxoK%2BMuOPdYbkwbfH%2BNraB1U%2B1ubcfyzmJXtU2EMHlx%2FlPpMs5qgJN1IQpjjb7YQindDt6Dck3hP20t%2FveVOwHMFqj6HUct6ior6Tf4xzpT%2BE9BiU%2Fkj4i6HfyMglLSq8P9MNk3u2YnqYIlmd%2FGIRo206BDUTXdUjHJfd6mfyauwmIpGdn4X7eFerdh1vu5PBjq%2FAHj97p0RcbN0XuAhNk4HkErX9QMtuZXv98nlMvIrEBGbWVChh%2BhppTU1eTatGd0u5P3EB910%2FYvxI9oSx0lvny9DP4KL%2F57ucfhd9ShTPMWWHydTvDLCARZcrVwxgI07xuKchpCVlMgoyAH26KcK2mPg46p3Sd4xJqPiyd1inlo9Mg%2Bi%2BM9dQY2WeWz7jbQHRbNJNYVcXXykrG94pk3%2Bg8l1sbshuJV8KlFurVnDRKoXa0LihmUsmnc4NLC7mTdWkKMsckvrJBNaFKH9ZzRgcH5Sf%2F7I9gsQj1UYfZdHVprWyET0fQB8MMoZRPuzQhKf7DjyoPeJsNkTJPx33XKzBypETshU1lpoef2XPRiGuq7DYw6N8XQ8yOvE8zgPA7PSX%2BuHy4h4st6KG11nLXLeePEvhdMoyWQE21dVF0J7SWt%2FP7E6a33kuT26GDmqJB68qcMOkAqDOtPMtiC5t90dYKzysa1lBLsqBHeq0lh7%2Bcx9hO2hh6fKCdpFJHEQ4DWYsAtqeJUQj%2FZnhBzGBnvHJ4T65H7%2FW32A0K0l6JwsyWZKdIujGVeEXhftEPZ5kQqBjgI2bctjuh5LnwUpjwEEOG8K617SZXgIymcrVA4MCJfNtmdQhU5sm%2BhPswktm6P5bt1Jztw6uwDYFpn3q2HTaTl18a9bCsFjdZWl%2BoxZrD2ymtsoDGbatCms4YnJW2N1oiqHOQihNei1gsnYxY%2BtNo%2BZtFv46RyiY38eFDZkiEqT15WKNx%2BJP0NheJf2Kn0vHNfB58cGlMIjVVVXb7BqB144l4YYIaI0%2BdO93GYMWeRdwBtKT7S8WN1TqinOdFrJnbn1d2i5kBucjcLlS%2F%2Fd8Lrzskl%2F%2FS0v%2FzQeLiexdV%2FRzC22OMOuC7Kludz2W0PfLuZfaD2LVyihxBJVCW1iLpQBJ7mgSWJTrtnbMsg6TBOTkU%2FTj%2B2r58%2FnEvcVdllohNQmP14DkofQ35RwP1jwxoLyjRz%2FLnjNmw%2B4Ou7LRsaQERfzsO3LcnwjcOCtKk38uGWo2A3mD%2BqTIaPiHZ3ZKeiTCovmNB3wr9fLp7Kg2kqn3tPQTSOakX1Nbw6DLvLMX795ZKmK1ADqVkI9ecQCsCoy%2BIlzqjIjnuk3%2FCb3VJU9199eOJXYnRHBHJpkFgbyDe0a39ddBpsrJKzQKeshSxF2XWAeVctfzytpL0NIUUks7ccwALYhhxkSJbjBCzWq%2FkfLNjMhkiX8IyIxlXT8CV6hS0QR1TM2rbyzMB8cYCnOeqJooaY0jlIN8dPx9cSLXsmgzfnIhVRAeFo58Yyx6ki3DRLfwXBKe7Y924bGTBX%2BeoHazxOMo5zuJyd4xTYmqggP9TGQ45VZa%2FcFndF3EM4ip%2F07uvYkcZ1aWuzIGHBKKGuP09JBA4RlCMeg654tBjgY3kRrvANy9KYTtGJ7WbW8z9gLiKuM0kPMdXz4MiPtDu2oyrssD5tSxqBoIUCwsKbGf5Z3OGBP8jO%2BpEMUQPkdhl6zAKIGMk%2BbTjgB8RyCTZq8sSopOiP8nGbTBQ7PMDtZvzfhydTMsfGs4PumjjjxxvP3lEnRJWj5vLybmsfqR%2FAJZdaAQhh%2FlixDmUSDmL7J%2B9uNg2c3lZmginuke3PdgvAwtbFJCcxLl8jkX3W16fsEXmSCV6SaNKotO4o%2F%2BgRfRZUzcAAl5a5qfESe01JCgB3kN6WKFd3DuON9xcMtmNiLAGSnBpNrdm4HkKVFeoYYRxHl3K1td%2FPW0RTuMsz4G3NarvRCC7TS4crrzrSx0wBMNR%2BQzXgBN%2FlehPDNuSdI7bqv8jrKKf0F%2B8qwgXztHNhQaVgaoe5KzfTYUKsdztPtuOOLu8orHOdcnAJTsk7WIDoFV62MoBxBqbOMMZzLB1CHsegCV82ZyU1nSN4%2FoP1bNgw1JsIkK4rrK94%2BaVsGtWuPRLai5YmphmI0EVfMsxEasZLU8iLRwDfEkNAs5xckOkqwrnIyvKR0%2B5PfAUdbhijqY%7E5vH5fn9jA5zc%2BO6le0wU%2FxwJL4%2FLddnZrfzzZNRqw5k,Submit This Form,1
2025-05-25 18:33:01,https://login.oci.oraclecloud.com/v2/storeLoginInfo?redirect_uri=aHR0cHM6Ly9pZGNzLTY3MzIyZDg4ODE4MjRiMTNiM2RhMTYwMTUwMDdmOWUyLmlkZW50aXR5Lm9yYWNsZWNsb3VkLmNvbTo0NDMvc3NvL3YxL3VzZXIvY2FsbGJhY2svbG9naW4_bm9uY2U9MmI5YjM2YWEtMjlkYi00N2E1LWFkMDEtYmE3NGEyYzI4OGU3&access_info=eyJraWQiOiJTSUdOSU5HX0tFWSIsImFsZyI6IlJTMjU2In0.eyJkb21haW5faWQiOiJvY2lkMS5kb21haW4ub2MxLi5hYWFhYWFhYWN1aWdwb2RodnY2bWFvemh5NmhlNjRybXVoa3c3eXRkY3V5ZWx4bGw0Zmtwa3VvZDZteGEiLCJkb21haW4iOiJoZ2J1aWFkMDJwcm9kIiwiZXhwIjoxNzQ4MTk3OTkwODYyLCJpYXQiOjE3NDgxOTc5ODA4NjIsImFjY291bnQiOiJoZ2J1Y2xvdWQwMSIsInVzZXJuYW1lIjoiS1NUT0tFUyJ9.R_h6-J8K6wSGYpheGpqGyXFTlEPlz5BYRSty64sTb7RMl6oDfhujx6aPi0zcUJeH_6uNvJlFn73agnoQLBFyyTcCKTMPJn4e4kg8sUTcQQ7EdZmJ218-_8hpJuu47HAMBc-NH89PgxCGjQofR5hyfD1IhF6Qf4YgGKkgiPoStWOv0tiLZVwEKNwCifmSY79ImvoM5c4oJLLe4dz-1MadzqfB1rhc6XDvsIvn2shNPDLOmOhSNtiQdKYNE3MjGg5L2X--iOF5sP-UdyXlAH4Y5GMb1aWtyDQg5onxoBUpNHu40B-gJi8ZOEXhq_wvonkkYVmpoUa6ZkZwuMhlimkZZA&is_paas_login=true,Submit This Form,1
2025-05-25 18:32:57,https://idcs-67322d8881824b13b3da16015007f9e2.identity.oraclecloud.com/oauth2/v1/authorize?response_mode=form_post&response_type=id_token&scope=openid&IDCS_CG_ENC_VER=v2&state=xBSNzuOs1UwKGLl8UsIq-PXy8cVYtmrFwFgD9N64PZI&nonce=5UjXkvPAEwWY0uQWRhBn_DmSoiMhSuIBvE0BCdpHNtc&IDCS_IS_CLOUDGATE=true&X-HOST-IDENTIFIER-NAME=mtucn1.oraclehospitality.us-ashburn-1.ocs.oraclecloud.com&idcs_app_name=opera-mtucn1prod&policyAppName=opera-mtucn1prod&policyAppTenant=idcs-67322d8881824b13b3da16015007f9e2&idcs_app_resource_url=https%3A%2F%2Fmtucn1.oraclehospitality.us-ashburn-1.ocs.oraclecloud.com%2FOPERA9%2Fopera%2Foperacloud%2Ffaces%2Fopera-cloud-index%2FOperaCloud&client_id=opera-mtucn1prod&IDCS_CG_ENC=true&enc=90jy9PIFFcDwAgAAtgIAABAgtgIAAJwCAAAQAGznCXc-rYfI74fs0Zy_t17sq4E8yID-SWGItna8Apv9QXWYjgMRKuA-Mc74wNsL3sj-26zIhHHzhuKfMOAbfUWFs3VHz20Ke9whZsLAFw8777q3T-VZ6fJ51VPyq_Hfu_wxCUTDYJnQkN9A2_P1R0_KF5meroO_r8Jym31KIKJdtrClN2TWIYs_CwAVmkHRh36X7SzE1gWmSM2CauaLQhmRVs_MYAo0n5KmaQR-D6rHRx3H7FuVnQ3qY4FrtRu1fNoMSYd6z1IQUf5SoPD-787Wgp2GOPyvn-EAWLd2qBy2-denO7Ju8hJeGbXvL5UWGSVmodwTv8ntf_K8LxsjxbI5CHFhuHL6cq5xdHcA4U7Di6rSxeZrtS5juQ7wGGWN0zXxpAWX565Z3SxCbMYuwfmH9YeUccRelV_6-1cCFMdpB9fx3zNrYSeZpLHaq5cLQjnwfHSA8-dnpc7hKtKRkJ2EDz4fYIhtS9i7rbLUnRc4QWUZLTHDSPaSuYI6a-u5syZsiWAcBIwHldwLhkZYKMS3nxF-h9yz6HJ9-uC_eIEnZ5kX1uEi_rkl0A50QXrXYH3np8rQbv32BVS6AqnOOTgF7qptWwk58OVcDtT2Io-AHgPzpwvFPwwG74BdiLt1NcLHLtUhmuZ1OX2G5hWIwDuAtpEMVbgkxU3lBYmSLylR7hHKBbszWBkOUIUo4mzn5Yl7xBY1acOSfFGXLINzTXs5IlGLYIUhSB0WRZBNNS2b1hnM2vAajE15vZSBoDwaFgwGJJXwVqGg2A1r_ylAPTbdyTj4ZR47gLYZn1u-rJ5uJzNGGxVCVNMw3ZBZc-qAWrerTa3Kg2dyWiYhqy4pJ_SF2Sd3lwPQSIpC1wthx8EYlJG7M3ScU4D_hp3AxcW2JOG4n3u_S7ihowvLcIxPq0n6upvlcKirEz4qquOxNXrQlB14pRGiNeJrjZuTI9-m90NnmejXkxvunZ1ujA,Login - OPERA Cloud,1
2025-05-25 18:32:57,https://hu05-ssd-ohs.oracleindustry.com/oamfed/idp/samlv20?SAMLRequest=hVPRbhoxEPyVk%2FN8Z58PwmFxRLQoKhFJUKBt1DdjG3Drs4nXF8Lf1wc5KX0IfbNWM7Mzu%2BvRzVttklflQTtboTwjKFFWOKnttkLfV7dpiRII3EpunFUVOipAN%2BMR8Nrs2aQJO%2FukXhoFIYlCFthbn5AKNd4yx0EDs7xWwIJgy8n9nNGMsL13G21ikYfg9boJij1HEuoEQFdoF8KeYXw4HLJDkTm%2FxZSQHD%2Ffz5dip2qeatuaEqpjtX4ut%2BUAyoeYsqPEmJ82Ij0cQRFx1aEl6O0ncILJsIW3kKuPhvb%2FHURwwhmULN5fX7Q9D%2F4SbX0GAfu2Wi3SxeNyhZJb54U6baNCG24gzmUad6ItD6e9tr4hGt81pJ8CyNTtINrnwqio1kDwx0y4Gjteb5TEWu5xG%2BCVxrXMABo1O807VIgS2k%2BjCO2v8pIVlPUHv1Dyozsg2h7QbFohLdP5xM3qgZre3T3YF%2FPzTwi%2FyWQYnu6PvRSdT4idxH3rv%2Bbhcu62ElU3J2jcXtDhiMZdMi0FpNeDglJZlmVe0t46L9aF5Pk1yeN5DTZDRTMtz7z37MK4RrbBWa9X4Jh8hD%2B46q78ITaeTRfOaHFMJsa4w1eveIifIfhGITw%2Bs%2F79DuO%2F&RelayState=So2o&SigAlg=http%3A%2F%2Fwww.w3.org%2F2001%2F04%2Fxmldsig-more%23rsa-sha256&Signature=NP0XMnC8hU7Amw9WDuzqqFp6aSREAG4y%2BNrXB5lN9l4hdsogYpiVxyvBK8Bc%2BjuBkEZ6If3TpSv7zCh50cRG3faWh5xQHjBAd11biNAKU3yFMUFQzU%2BhUW9CDuVmgZvo6rPyppuCW%2Ffri%2Fw7yIKxrPCPQbQ6ME7dI6zjPfUU%2BPAKSm0lloD6DVy9oxXQOy3arHDggUkIJYnnKwG6t%2FMyEfu68K%2Bec%2Bh06Nhfm61bFhbEMMx%2BglEE2v%2BB0DLrZg5WdX3lPd7t8WzA6dVZS3a7hR9VFhIFKnXcnQ%2FUQX8Ju8fAA2%2FNC5NMMs0Gl0ycM%2B%2FHP7almfUuXPWbH%2BCOkCNZnw%3D%3D,Login - OPERA Cloud,1
2025-05-25 17:41:44,https://idcs-67322d8881824b13b3da16015007f9e2.identity.oraclecloud.com/sso/v1/user/logout?nonce=e99b25aa-317b-4d7d-9a02-d21412d04efe&tenant=hgbucloud01&domain_ocid=ocid1.domain.oc1..aaaaaaaacuigpodhvv6maozhy6he64rmuhkw7ytdcuyelxll4fkpkuod6mxa,Login - OPERA Cloud,1
2025-05-25 17:41:44,https://hu05-ssd-ohs.oracleindustry.com/oamfed/idp/samlv20?SAMLRequest=hVNdT%2FIwFP4rS73e1nVDoGEYDWoWEaIDo9x1a4EmWws7HR%2F%2B%2BrcDlviaqLcnz3m%2BTju4OZSFsxMVSK1iFHgYOULlmku1itF89uD2kAOGKc4KrUSMjgLQzXAArCw2dKxXujavYlsLMI5lUkAPHYxjVFeKagYSqGKlAGpymt4%2BjynxMN1UeikLO2TGVDKrjaDvdgm1BCBjtDZmQ31%2Fv997%2B9DT1conGAf%2B%2B%2FM4zdeiZK5UjatctFuNod9lGYCojI3ZrticPwrhyLcgi7hq0Rzk6gc49nG%2FgTeQq6%2BGNn8WYXSuC%2BSMbH9SMXM6QqMBVmRd444LwF29BivF8kJIxWsw1dHLdelrVi4F9yXf%2BI3YjtgKE4BaJKduTIwIJh3XkpDOLOjSKKBRuEDOW3tt0lw7GcVIcjctYCs%2Fs2lEFJHJs7obLUiW7abd7MNF53vTE3nlPOiqZOb3aM3Esi5PUNu0keaIhm0yyXNwr7shIbzX6wU9EmVBmIWcBdc4sE%2Bhu%2BwL4kl%2B3rtkzwtd8yY4jaLQt8kH%2FhdXF4sTq5uM%2FrQYeMF3iyWTxS3nlQBAw6d0Nn26Ty8KZ9L20acWYetLFBeHoSUYz4C%2F4e1sfjd5%2BZh3%2BjtRB8mCbF%2FGXXhVR7XN15PHe%2FN4Jvu23w7%2F%2B0nDfw%3D%3D&SigAlg=http%3A%2F%2Fwww.w3.org%2F2001%2F04%2Fxmldsig-more%23rsa-sha256&Signature=gaQBPREnyh9Gyqg%2Fc90pHsDGFM%2BsRVfKh46cUJr8NiUChajSgU56h2K5XZJmS3sl8nIA0dxTm8DQh12u0dSQXKun7FLgTrgWem8iKDyLPHFb55SzvQ8IfKzEb36RBKZXhmyfT9lK0Zwsl%2FOV0gV2yU0RQyPLBOqEPuMYJMDHrezbqOyz3tcZYyTIV8KB7jYJLplzA6myWqO7kQsj9tGEZA%2BEkal%2Fp4pCCnAERwnPAWAkPiTxUrfFBU63TTSStXpLSiwCd9Ti63TIquAa7GIXlfxVGuVG0KSuExGRUaMKSZBJXyWW4akE3W%2Fm8ix9ADfqfooOLY%2FI7wD66aqb0mSkjw%3D%3D,Login - OPERA Cloud,1
2025-05-25 17:41:44,https://idcs-67322d8881824b13b3da16015007f9e2.identity.oraclecloud.com/oauth2/v1/authorize?response_mode=form_post&response_type=id_token&scope=openid&IDCS_CG_ENC_VER=v2&state=23tWlLk26FyssyieKE3gWhPvTzRNF91mwnRcKO_mC5o&nonce=uEatXZ-3krJa-EvBcjunly0NGTMQjO_RRqZWw7hbgFE&IDCS_IS_CLOUDGATE=true&X-HOST-IDENTIFIER-NAME=mtucn1.oraclehospitality.us-ashburn-1.ocs.oraclecloud.com&idcs_app_name=opera-mtucn1prod&policyAppName=opera-mtucn1prod&policyAppTenant=idcs-67322d8881824b13b3da16015007f9e2&idcs_app_resource_url=https%3A%2F%2Fmtucn1.oraclehospitality.us-ashburn-1.ocs.oraclecloud.com%2FOPERA9%2Fopera%2Foperacloud%2F%3FTPLNG%3DE&client_id=opera-mtucn1prod&IDCS_CG_ENC=true&enc=LEJjSuAF4hfUAgAAmgIAABAgmgIAAIACAAAQAL-eK6WONEr_hkYNlZc18zfnUyvn8dWFhsJT8OCnx8pgb33NHFqcN2FC1_3iG-17ns5QkjTUJzh1fid9kXXQQP1CjPMiFZvKy8UvUCReVCe0gyZuchG70s1OFoGmTHZeHErlpQK8bWygRqXHVZZ-pCA0rRlHEGWmOP5hz_afzIiSCMowC_sX5gKfNaydv4AKcNls9YaGnjuGX60K19U1rUtoZZD31hhrJzdv5RJn24Iw7_LT_AUdEMAz01wWa_8j-JqcvhQBO3M9j8k3KL83656555b7V8UjC7UekGkUQRs6i5SoKwbaiko2r5r1Ac2wKetfZSWs79-ku-UhUkujlbxo8CzXxnytGMZXYXt7_7XX7IpMuyNkMtoLtVkbjp2JNPJwQzpnq7q1iRk5DvjwixCZGqXDSahZ_LLByYKtA6Szg_dXsWE1I6fGmafJN2TeFOLVA-Ig6CXKXGiKFiUZYP4EZXPzaBGCDbN66KTZgXtKoT3Todt89wHSSuIRrpNwys4rcg0sHlb2rxngmBhacCu8jH1JX9iYWXePFb4Eixs5CQ1rsWHKepmzDCiDRzhKd49kfrt43cfTgDlKiRZJ64gjWfFZW1h9Zwd0m69ReISS_V5DeoT94N6vmld1AAFBAn0jakE0rCqBhbB6puMmkJjcIIy6WDPq__VW6vVKK5V9haJq7mHECOg3h_5uR5qvSJcWtv30BRFjQy3V9htnE8EBicH--obEZ--mQ4obpnrTF-MlEGnk-k9aV5SY-A765PKMhvxJIT_qVzI_6u_GhiezyyBzWZrY23UmqsSaER6f-fUA1_A6r9LTMeK6i3UQ2DKj3bdD8Z7MU6aTONr0EBKDoyjo3fb0ayPyNArPYvMsgZ29ERNFXeolaOlC_N9S95jdfw3wtNRFolGDq5iGHyCHF1HerWhUGC4OjkKXBGka,Login - OPERA Cloud,1
2025-05-25 17:41:44,https://hu05-ssd-ohs.oracleindustry.com/oamfed/idp/samlv20?SAMLRequest=hVPLbtswEPwVgTlLpF6JQ1gO3BpGnOZh1Gob5EaTtE2AIl0uFcV%2FH8qOgPQQ90YsZmZndpfjm7dGR6%2FSgbKmQmlCUCQNt0KZbYV%2B1fN4hCLwzAimrZEVOkhAN5MxsEbv6bT1O%2FNT%2Fm0l%2BCgIGaBvJSEVap2hloECalgjgXpOV9OHe5olhO6d3Sgdisx7p9atl%2FQ5kNAgAKpCO%2B%2F3FOOu65IuT6zb4oyQFD8%2F3K%2F4TjYsVqY3xeXA6v2cb8sApPMh5UAJMb9sRAocQAFxMaAFqO0XcILJdQ%2FvIRefDe3%2FOwhvudUoWn68vilzGvw52voEAnpb18t4%2BbSqUTS3jsvjNiq0YRrCXGZhJ8owf9xr7xuC8V1LyhhAxHYHwT7jWga1Frw7JNw22LJmIwVWYo%2F7AK9ZWMsCoJWL47x9hTKSlXEQyco6vaJFSovyBUW%2FhwPK%2BgNazCqkRDyfdc2fu1n5kjvXLeq7%2BdOPeaG0vX0kMTqdED2Ku95%2Fw%2Fz53H0lqG6O0LA9r%2FwBTYZkSnCIL6%2FyLBOj0SgdZcU6zde5YOklScN5XW2uZZYoceJ9ZOfatqIPTosixyH5GH9yNVz5Y2i8mC2tVvwQTbW23XcnmQ%2BfwbtWIjw5sf79DpN3&RelayState=-BTz&SigAlg=http%3A%2F%2Fwww.w3.org%2F2001%2F04%2Fxmldsig-more%23rsa-sha256&Signature=RkFA0s3cKegvQ0etFs21vFyNEwcA1YmUv1vdIKveU5XGVH3%2BNqUVaw0oOW3ABMmb5YwfOhPZ9Yff2LgNfwZkExMLEj611cnuyoPF9DqClkwv98LYolxVNZbWE2n47T%2BfqkDPJtVPyvGGaT7IXf8xITYkwIhdkObF3mw2dMUht%2FGb4BA8E79d%2B8gcoQrLbFP7YP2RfRlhkQUPGQMC%2FJ9J1SpBBomoT7JDlCsiUqkeXF%2B4i9Nrbhzfonm3Hvt5eS%2FOC%2F9W6wdvqUKqIp%2Fr%2B86dF%2FjdWOdT2gtJ4USH9LwDs8wTEkkzA29Z%2Fr3y7DCB%2FT%2F1D20AVVRrupWDAZ570IUQCQ%3D%3D,Login - OPERA Cloud,1
2025-05-25 17:41:40,https://login.oci.oraclecloud.com/v1/logout?nonce=e99b25aa-317b-4d7d-9a02-d21412d04efe&domain=hgbuiad02prod&domain_ocid=ocid1.domain.oc1..aaaaaaaacuigpodhvv6maozhy6he64rmuhkw7ytdcuyelxll4fkpkuod6mxa&tenant=hgbucloud01&domain_stripe_url=https%3A%2F%2Fidcs-67322d8881824b13b3da16015007f9e2.identity.oraclecloud.com%3A443,Oracle Cloud Infrastructure | Sign Out,1
2025-05-25 17:41:39,https://mtucn1.oraclehospitality.us-ashburn-1.ocs.oraclecloud.com/cloudgate/logout.html?postlogouturl=https://mtucn1.oraclehospitality.us-ashburn-1.ocs.oraclecloud.com/OPERA9/opera/operacloud/?TPLNG=E&TPFLSCRN=Y&_afrRedirect=1028563580848817,,1
2025-05-25 17:41:39,https://idcs-67322d8881824b13b3da16015007f9e2.identity.oraclecloud.com/oauth2/v1/userlogout?IDCS_CLIENT_TENANT=idcs-67322d8881824b13b3da16015007f9e2&X-HOST-IDENTIFIER-NAME=mtucn1.oraclehospitality.us-ashburn-1.ocs.oraclecloud.com&IDCS_SESSION_ID=555a1960afbc49009cc45d95fa812a12%3A8df87a&IDCS_CG_ENC_VER=v2&client_id=opera-mtucn1prod&method=encrypt&IDCS_CG_ENC=true&token=L-uX0y9DNwAECgAAygkAABAgygkAALAJAAAQAFVPrBx1Dpj4pBNf2TMVQFIQEZRHXvWUVkKaxEjs3eywqtFMUnto5gaGsERGlbHJfl5t4wZE4luQJSf_ysJ7qQZfLpVLU9_h1mPSCm6d8N_VlRcU3ZsGX1ea8nIUUYAhTXF1JMDi_dI5G1FQR9cnjA9QmTG6ZUGXAbqMaMEuvnIolrj_RFkJHAxy9CH3wa4EscHs75MRXpRh0xw4XHdR9n6Ifh_9vt2bnK7QjequpjEdmTSj1SuPTNkFYiXrP2vrvkbZEmJ1jG3n9xNB6i_ffafrmalab36SOojMK0G64sR5nYyp46sxSL8Ka_tVsR_dVGtdLtWm6jADbHVHl_0nT2RBZgv7kjuQ68_m0ObUKUkU0iEyBvy4Y5NR8bCvxfziNfa82zyxp1dydv4p5_3zlSWwDHgoicEmU6E90jwBj_2ecAsi-v4yakon8wgvMNZN4mICs2vHPKU0OCPGn_EPOogL5N0ABsMZtglIe7eenU8s-equ-buRF7iaWK7aVB0H09GWWXgAftspqjQK1hozdkh8Ziufq8FqRT3Kt0yNUBdiXJ0nsnzRhey67R4E73URv7m2IZnJW-xegHYwLWCQrxwvOlpIXtM5IIgmPpqS8QtC0wZfFvo2wTDYzk_ls761n7QKYpKDkTUyzguJUdfIUv2Beim7HeumEwQ0yVztIZDldTCZPWsdWoSOIlm1cYGHQRmZpH9YxY4wkq0ffMNXU8Lxus8iTwfSkc18uh5jJSac5z2uMqHxAL3TTYSRiKnge4cX4dERLLYZ3TydliYqlz6d6poiaY1Su0cmGY3u0oIF8BHZmsWNYzX_yZ1qOAm1p3rrVBdEQIaieMj8MN419tgnpE2TNV9jxVv2ZkTSvUpNzUbovbQ6nBd1s7kUz2O1yPMaQPFZIO8RyN3gUafjVv5Z_vJsg-dtchTypb7Jd9M3b52wfB4CkDN6BrpqxfypNdxEobCsAdPFeFgpuncZQsBZ1Vo_cS-ZNYOVetI44Uw-V-Tjg1E445Ism_H9iatZw6eYbLFNnAEwShewZMzdDIvQvnz0mO1uoluL1CxQGh-8WJFIN7xuv1uJ5Wfu_xyO6jyN3AyhVqMzeOr63P0f7c73t4p563FtJdi3KnDbsb-3BDinwkjlcbPSOn1JF5n0Ni78m1voFhcE9edUkybGnvO3PuTK_mNeORbldRppOPj6LtKD4fpaY0aVydbRBtpO-26o5-C8uEcLnfToamex31Niv3FZ1tNm93EYmS06fwKDTmpXGxMu_9ZMpo_75c19P1CHYlqIlYMTMv7aWRbcd8evvqoGVDdEVzhPibMd5ESrX-X2-WwiFDoJYNWBoxXHxtzYfyvfjBlrV4Rc0G2JNfU8trbvv7H-Jzowawz7e5ZuXWcI_yWm2ysLs-bng8Tr3okqSldzwjhZFhplGa2VZA2ikvqRQP6lgb6r_cIeaZfd8Xtd5lLYaEV_SBOvo3iNKWvJN70rzYN8vo_crkGavOb3Tghw3s7vNVrLrsp5kRqiYfnP3Ck4n_R6As1_-S28GsDrocYxB7FEPyxC5X921a07WzaUqRU-ZQCHUp12srU_YN2qMmcW-A1x6FY6Kgra2t9hGyw5it60AD45j1GJtTPyLdcTyqma5puNX0-txjryx4mU490JQc3matfWkzIEqatVcjxv3OupViy8UUWEVcTtWNnHBPex0k3RXb1YqL5DUKwCWwIF_JjgKW_IrZmYRP-RnmakJAMZkXebicGjfZyzxwOwbUAdVFk3ejSPUEMQuInU-lkmAZe4s1Po_W9ZebfhpJRdl3QGCTtR5dDViGPjfnb1VTzQBezkIDlVK7OU-2bwxBL77jw4_TscQ7YSUQCE3PFJqQSypjIYXMBc88rElVu3bFQ5LgIv9qAMAntLrCdnPQgx9Y--XGKRj316_eeYJKdQv-itwRmFwwMIi-tpb96GJ1EZJV58peF5kRrICux448_VBvULXHU4lI75kIe2T9LP5YyjnMh1bN56p6vfpKLS3g0Izv6XDJhhnx22S4Wy_6iFNzeShwreuHQUxd73vjacOyOshXkmpy2WG3jC32y45QN2Hg8W1uRMPL-MIbZYAt95a2ZvuyUC4VkYKEpNBZ-R-QSxUdWUgIPr6voBTXErnSffw7eaHdlD5WfSBNRZfGazFNTpsvI-HRa5jZpu9xIFi-Q39KEwKDw6YAnSLcYqNNWRCMW4wYtMmwVwchtFRqoKD2gkIOtvJTvNmrbjoL4UpqauWkUQbkgVYNYPim0sFuLyBIhkHnrtNWKVtkhhpbHp4jtdedur_51XcPCeo0EJkztfh1hTAnh9sh1wqWcXhJE6WVGGjJNdB3r2TdewvnRU26ycSf9fNsjeFNRin2S-gN8UIqrVI8w3g6bENhFVIfuSHC1u6KZ3BaJYnotwIuYFEcZWmU0du4DOsi1RcIx1qbLpdL-qqSaHN4wYqAui1EyWjEBddFPYHxcl05xkp7vlQ2Y_yk0xnhtxvjmp2QxmmjM2LuTZGJmuL1xQGAGkt5NSgHjn6YENASCAkVoTbd9QdWLpNhMK0FZhyvclZBqBZyaJuOw8neNDImZagVOL70K90FbBivUpPH_znRNiF3G33gJ7-Dl2LG1KKl7LGXxTHd3AB8j7J8jZJnWsd6IwsszhdJrV34WMy1YKrZfbBKyKV8fU5LjebAuE1hsvmdR0r0yg3Uk_yBO3vyFWxvz_4Gy5jdMB5LGbcTHjUx2ZM6pkyB5DT52wOt1yR_Wq18nCOb233LgvLYBaZ1K7VZVS_AEy-H8XHvLJXVP9dvN7Csh-XH86SMGoafz8JHBWxaOSL_PaDZwFgfQCy5jdP0wqUNUyuPGYL_jHMXm8YTcpbp_B7jNwetHLok8vMHY2fjLa-hR4w0dUZRISSTwHYKCngFZNgqrnLhO-5pLFp2tKabUFrz-TLiqWmfaeyV3j2LWUfs9Fn2-3FRnuan_XFyDwx4g1nyb06IYf8IV9C9SIlpYTdTIKiyopf2oHbdZMtOC_2FUGwbstKtn_LUhcB7AJDL30ngbPMUKQWV5R8dqnNXJFEI03Fsv6hRyaSY9gGYjxOG0H1LshXTIlBHvozrudw6pOPsGK4XhXLuYHMlx4afXnl8qnyzacim56wRimyaC99n39pX0nmClMUlu3HvrX6S8LQ6X4_GueOmvHDG64PelTNUDbDfQdohu8QZ1BDQxNqPYsqhFtb0NpZZXT31-lIHxoPbdLLwU9qn1dtomKLuoWa53ijFx7BvtwRFt7m4gjG88O8dvY5mRM_3zyma0hNMUPC6gDQJAfcXXxINk77-czGUT05NT1VOYWNuzLCzVJHzmdUiDK8L0noD7xz1lw5_44_toXgirNoCfbMpUpQ7nPf3XQW2dNsq-m9Q,,1
2025-05-25 17:25:17,https://mtucn1.oraclehospitality.us-ashburn-1.ocs.oraclecloud.com/OPERA9/opera/operacloud/faces/opera-cloud-index/OperaCloud?_afrRedirect=1027581776598274&_afrPage=1,OPERA Cloud,1
2025-05-25 17:25:08,https://mtucn1.oraclehospitality.us-ashburn-1.ocs.oraclecloud.com/OPERA9/opera/operacloud/faces/adf.task-flow?adf.tfId=opera-cloud-index&adf.tfDoc=/WEB-INF/taskflows/opera-cloud-index.xml&TPLNG=E&_afrLoop=1027572874706634&_afrWindowMode=2&Adf-Window-Id=w106ahbo2xw&_afrFS=16&_afrMT=screen&_afrMFW=1058&_afrMFH=1460&_afrMFDW=960&_afrMFDH=1440&_afrMFC=8&_afrMFCI=0&_afrMFM=0&_afrMFR=172&_afrMFG=0&_afrMFS=0&_afrMFO=1,Initializing Application,1
2025-05-25 17:25:07,https://idcs-67322d8881824b13b3da16015007f9e2.identity.oraclecloud.com/sso/v1/user/callback/login?nonce=be6d2b67-ed50-4608-b6d4-d7af26895bec,Submit This Form,1
2025-05-25 17:25:07,https://idcs-67322d8881824b13b3da16015007f9e2.identity.oraclecloud.com/oauth2/v1/consent?OCIS_REQ=FkUWL8%2FuRXRjrVU8lP6N16%2FoT4m2Z5YqbLwQIqT%2BqGUZxT5%2FcKaP7yiQpmxun9iMhzI%2Bx0B%2Boq7TFa%2F07%2F59ScjVKr8q%2BKdAiu2H%2FUUMR0la0sd1i9802yQqWUyHmbJbd19DspSqgHPCTnmwafv0usXbTi5VkxVBYZnMlFxyJDoPfy8j4aYTlfcXqCfPTlvyaN1H7tXbfxplGzTceU7hUFVjDCIFNVPNNgU56jN24QuWlEp9j1%2Fi2kPd09fxnIY%2FsKUoTNDAAtvUxmMbK2pdgk%2F3sU5L62q7VFZeKJnnE%2FKU0fTAWA8d1VlFUJw1A2qmJn9WRlA9LlUwmauFRsVsqlgjnBFq3RCSbRCXiI3OFpH%2BVSQvW9Fzuu%2BuJLen%2FOMnJbeaNac%2BGmsq%2B9ZxlxB0moHs4R52JwnVf5DZyBC4f3rzDJpMPqQSVcnC0Bw5lUAQpu1jccvbQgA6WJvlGTtsqW5e%2BVigRBynmlpUvBiq5mKeLf7zWZH7LPeNI8GpRYkoPbMbdufwrCJL5ONpkjyJCtyoyUHvW5G72k5V2gzmMH8%2B%2FHfBRs2nniBDNIl83SFsXhyfbkvGKGZVY%2B757o33XwLKU%2Bu0R8220pumMKc45AlH3GVwxmtD4ScnwkUs6OZtdhjpxsCiOTVFxJHvmJ7K%2FSqf5oRIRLUWEo7AqOGRdSmUJklX33P3xdTYzKvFDKvoHemyxcrPnonBvx8UtaJ3kHNn3lhCyzfpMiAzN%2BmeLSr3ZslaImo0IqUnTNfvtdpR4bnS7FVpiP9FILkBVVqbLfRm9C9Qo3E4mZbT1dQgalWd8VU3qb6jLyiqslpDP3V45lz%2FDNy0PClwAp%2BtzIy4Vb7hgs8pdfT65rbXLw8mlRhuw1RNe8Cs7nYppwNMM458CMGnWqIqLWAod60gK9JRzNgWtMwxp23Vm5gY3dKwglrlglrKdWAUjlTX8nAwKJg0c2y%2Bvgqh2heXK3YdBPmCI51Hnb1r0irnNAEIvHjWbzwy5CmACmi73epFBwo4LwStoWNhmimDQf%2Be4%2BjL5XWEi5A8zzHioND2In%2B9lzi749M%2BDS%2FFBhS5s9%2F0L6CgB6n5zV5xQE%2BAIUm%2B3m7sTvaTp2ufD9BHLLiKxZ6mTnFuFoQ3kMe0i9TGdJqyVlJcKZ6ZT6LT5QRb%2F6TJu2v93ojpAaSCShUQDTFBUiduonyQUmynF40dvQnxR9Qj7EUfe05kdBPyVtCqQNxC%2FwrrG%2FKq7YXMzyDzzPOaKDWRCEbVd2NyxHYC0OUOC4A4wuTXVVvnwZeKUUYJcMv2Omyml9cF%2BdJA8uIkHd4elCng7Bgl94AjpBUhqrkfQD%2FMm5f%2BJcutEetQz7bh2FWWK7AvZshaRArmMuYWy0xMob2fK5gjXc2D88aWNg%2Fev2L8wpxXuhZFajQ1i0RNQuuyZ9lBlD%2Bi9SJFS%2FzcnFZfVIk%2BeY%2Fjf2M97DVkWF7JGanv3SkzJiwUgEO%2FDdbxBnWoVl7jmOofivtb39k%2BTQujVlYaLNPC5asBSXe8miUGc2%2Br0cETBnt2ZQJljjZhJTX3nyOSOmhkSLQTbPCbemKhKiRQ%2BfZ9h1W2t2m2uRfJcmwlbmcJMT81im2dnmk%2FNfb%2F65CCtjjaCYgYJr2ozJ%2B5srFrjLilWoqXYIWzxeKs3%2BAqLntQmS3WhzAiu4uSwjbAcJPUONxkIK29xZvFukQuL7eBtPjhRlKe4xrpbrIlpV%2F5JzBbFKQR%2BFJKDcEGcBPCrh1afdGiNVLjKZTcIBMWrfrACsIyT9SBjwfhaxrfFiGJaCDGQ%2FlnZLeO%2By2CSztwSCRHlUiVKEY%2FB06%2BrdMbTC46bMyKj7uDNFtf2M2vWZ1klgKpNsdmDam%2BkGLXAtUSRvnMPo%2Br4hQbxefGl58VyCovJSZGOWkNxqxGGqAGKTTVRDd1V89GnnHXM1ljSNpnhbSVM61xDp5K5dtYBBN%2BgOBaS%2FuzAI1QXuxeYBQxQuZ8UBArPMgfyGEe4qr0BCdfgr9ouPP4AfeyeZKrTBSm80jIz7fOD48cgDuQhJIQ3%2BmFdXwFwnolQx4UHKyXM7ST4A4AukPzuM%2F2GycWnWTOLT4hS%2BbgdycHd11ixVhr1PXvEIQyy96%2BH8LsgYprHB2N7JPKIFa1okFJwNRY2hEnwjTs44TuE1wjHfePO9pcTdlUYlMg6JCMmskQmeqd1hjU9gzw6tQ8RzRI0J5%2BNaA8id%2BOv5Yyf0UGULhL4nAXM6Vge0%2BzVQMWd38IhLA%2F3O7%2BL27tT9xukh5pGIVEgHB7PeGf%2FClxNXXH83jQ7WkBTrw7H3Pu%2Fl3QWnxxxOtZuqquJsqmWx3yKazskdb1JfHUg%2FbrqSACbvvvO38MOpXvUZNUofXYaLipt17nsIhNWjf8TCopTe6Kaa9Y6FO%2FOMFGHidqaK7fMkSX%2BEx6jcp5nirO8bYEAR0ecCc5I0J4S0vmDv%2FryM59MAk3sfcmfqsQKGxYKkKocn7D%2FP7h0WhNJymtN52g0tQHSucSQS8lOkXhs0Ix4zvARw4zw64Ge6%2BqyxV%2B6oLYt0lV8xnoruCugYDi%2F4WCEsSOew9l8KiJ9VhQsjTN4d6U2%2FFExQzP5hlr09ICS0%2FrL3oRTL%2BifnIkawEr9gVkF53HRtif4sLQfFkvYOCfJvz0MZBimhl2rFCr83DuMDhSyjaQ3lAZhqib1qduxq7PmW%2B1nuOc9g1zu27oCav3w5CiTiPqHf4QN%2BdRgTywuOEnq6GfJsV46Z47%2Fhg%2B%2BnSsojrelel8ivXtvIrC2B3wS2V1PZBZaEed8nA5dVGtf14TTCYCL%2F91OEVQfB8sBepFQexNyxRMoiwHeXNJzS5SCVGmWpO%2BEoMSYTtaS706O4Ox7SX4IJ7ZHKCoUn%2FYQyhsgeEGqhkH2svtb4yzIWRArCHgyvg3amLkoPjAZt5ilxySqUhLZfShBwU0CDPnjPN%2FbsHATKHtg%2B8bhE4qkrqgcBEYQYYkR1m3u%2FN7XF0aQQTzUrykkvsuX0kRLHqNf6kMhTDobWHFhFtI8LcoZ9pKtf%2FhNV5gWUxyZf8lWng0rFpYBA3WdTX5zA3PuFzXP%2BddV32ItT6CniTHGBoSl4SgVqNDPqUs0faPgEQF%2FZCNh55iG5kpP4KNJep5wIElxdZ7DXWcAX9WfZBpMW7PtwF%2BHw90%2FzZ0f5ZlQVPPP4KDdWUAFrhqCMSfuITNmaYqXhDRig%2B9w3W%2BAKlgS%2F%2B6c4IW2yYTDeL0NjyIfBgsIc0URk8gyTGN3sC1aFmHFvLH%2FmDb%2F802XtKkRux0cW%2BVSLCyIipcwyWxaJxydaYjLRq9no6IiSEX5%2BWeRNBc6gmx%2F7MLuoRab7UcJQe2Iv%2B4AQ%2FKzk3kP%2BXUv4QoKA85f%2B2jNoNn7mLMCn62LUDnxhaAGqDe2TkuMLIiF89bgbIF%2BxQIyfJLoJ9t6uVPaZlwavTaSspjGaAITNRsbmxVd%2BZBwbUE2ePQymmQr97ipT7%2Ft6jzP7kvbxiA5QgUaP5ADjwUeeAlxllUzDeHKBtqKPMuRbW075s0sQZHu1MOnkrxXUsQWMpG2iUDeh8KWbOmHwy4x5WFPkKinAZ6MhXtZhkuVfECBHGDfJpSoIEH%2BSlui7qzFWXR8Id7QR5g%2FeLcyfKnsjQ4kdwn7bBICKMLTEiT9iSpFwjVp%2BrQiycPTTijFd3ira1pL3XvNjgCBgfFG9bKmTFmjs7syXbu8tOMXt1cLX%2BPSQi2DT%2FjiugyOEeqRq5DGNr3Yamio0Sb6uA1%2BQLFIxyWx0AQdr96sJBEFuUpy%2FIgP5wp9592JcBrNgiuczg9X%2BFDwBiSr8LGp7LaL6O6rgu7a4mGk6oGxDaJxVx8kZZgZ7O4uKAX6SKxhIPzFu5u33eYS3Cr%2FGVeZXALbyFVmQ%2BgmACKR5swkj%2FEzf3KB5%2FI1vkLyQI54gj%2F76MUXn%2BRb2%2FDzPzF2DRVKSCJ19R6opMBeyN0aHZYPPG9bU0s6ptGNJOKW5H%2FRJRVDSaXvh28JPCwKIZ2116ErF%2FgsomodK8rqdvgZ8GMkZHNw48OYxS92KQ6ERUzooC9zf1spvwosFvRh0r54h6yj5D1icmHNnLQS5kgO3VM5Lcs6NKIh6nWGl4RKIksJYI9QUKdb2MbeLtxkA%7EYoKlK1OlPM39cRmbTbwJtOiJUxuDavfifB3k3y4vsc0,Submit This Form,1
2025-05-25 17:25:06,https://login.oci.oraclecloud.com/v2/storeLoginInfo?redirect_uri=aHR0cHM6Ly9pZGNzLTY3MzIyZDg4ODE4MjRiMTNiM2RhMTYwMTUwMDdmOWUyLmlkZW50aXR5Lm9yYWNsZWNsb3VkLmNvbTo0NDMvc3NvL3YxL3VzZXIvY2FsbGJhY2svbG9naW4_bm9uY2U9YmU2ZDJiNjctZWQ1MC00NjA4LWI2ZDQtZDdhZjI2ODk1YmVj&access_info=eyJraWQiOiJTSUdOSU5HX0tFWSIsImFsZyI6IlJTMjU2In0.eyJkb21haW5faWQiOiJvY2lkMS5kb21haW4ub2MxLi5hYWFhYWFhYWN1aWdwb2RodnY2bWFvemh5NmhlNjRybXVoa3c3eXRkY3V5ZWx4bGw0Zmtwa3VvZDZteGEiLCJkb21haW4iOiJoZ2J1aWFkMDJwcm9kIiwiZXhwIjoxNzQ4MTkzOTE2NzAwLCJpYXQiOjE3NDgxOTM5MDY3MDAsImFjY291bnQiOiJoZ2J1Y2xvdWQwMSIsInVzZXJuYW1lIjoiS1NUT0tFUyJ9.M7j0BmhTm5aS-yqCnmLBIJLI_2jdUAOA1631p6oggfat0VZoeHEyrvBhYOLIE6GP7AIWPmUX9LgfD3AVUVBu3Rk1dK816nBb5TFRkJ0_q9ZsFjbXerSUorauLdsPVObJNvOGn8ntQoGonoIYlOjAmOrfKumrlkOeL9AZnoJHcyR0AJZB7SAOOQ8WnblV2o-oDyWiC3JA2cZoMUCfU5MKKtthJILYEn3RWhQXyXpCdDeNTJ5qrRPyAaqFKSUMotpCUvmGEUvUaBbQ5T3CIhDMiKSX6EUiQbWbzAyAqTNEd32lQMckpZDKok6OHve7rleE7PS4iWi9X6auvrWEAJt6Zw&is_paas_login=true,Submit This Form,1
2025-05-25 17:25:04,https://idcs-67322d8881824b13b3da16015007f9e2.identity.oraclecloud.com/oauth2/v1/authorize?response_mode=form_post&response_type=id_token&scope=openid&IDCS_CG_ENC_VER=v2&state=J2FehwO6mLPLYvUEZtNF7Qr7UetlQcFRiqU0dgp1baA&nonce=yZUIF93cw475xBW_tZGJwrrLJBF3mmmiwCW7KXB_OT4&IDCS_IS_CLOUDGATE=true&X-HOST-IDENTIFIER-NAME=mtucn1.oraclehospitality.us-ashburn-1.ocs.oraclecloud.com&idcs_app_name=opera-mtucn1prod&policyAppName=opera-mtucn1prod&policyAppTenant=idcs-67322d8881824b13b3da16015007f9e2&idcs_app_resource_url=https%3A%2F%2Fmtucn1.oraclehospitality.us-ashburn-1.ocs.oraclecloud.com%2FOPERA9%2Fopera%2Foperacloud%2F%3FTPLNG%3DE&client_id=opera-mtucn1prod&IDCS_CG_ENC=true&enc=TTuMYMMk-3bUAgAAmgIAABAgmgIAAIACAAAQAEMp8lTGvIxs4Mkb8aHvrb_ZcZK3rzCjET81mmBcPMlN84ZOftdj7i3G25SQWZMJ9sE6FpsqDLvp9GyDMQEcHbWAeqL53n3kybwMv0mWiE5-AIqW0NoQH_UVlFFYyY8xB-GzxiAYUdZKf3DOlYClP4qlQaqfMV0FprbH6dKru3maDex_b72fmGm3I-blK2UeUS07z4adbOn9PWyU5RYslq7t5bIiXZjfXcsWgdVHT68C13zKddjIqBZrms2BV6NBcE11Orebmp639Upl0oivMzt-FJ_Pdi1ZcLPQfiSwk-H-agKCJvHsd-izFdPuyzOM-aFJ_rkA-LeekkXOsXWo_ep_lpSUvjl6EvM1U_p_E2_UeOiMDMWTbwz3Hl3HYfK9ZN87phi4BkTejtxvCghvqEegN2yOnUhGvA5zj9_8WJXW2-ADAIBaJsiWKrf5WqWzw29HXXuVgGerEH2uqPKd7EZfXXLEZVwo_TpQ-GiLXXL8CF9cysNmjb2cnJME5gzlp973yP8xMhLYqnOJQ8p-Dx9CKHxK2p9R-HJK7N2G-cG0haMFdsZFs_7rTkAU6C9rWJhsoOUHGSjutp5BX5H_rn5AV5djkLOSy8F5RAfc_lX7zytxhEGKVKdpJYJY55m72X2OIBZNgrfwp9UqetJayj5b4bGev9TCP3WuRICtFGNgJ1jJRxdW8s2fzNUH6ulDW5XO-j3gkmclTOjV2M3_BegTG4w_lhO_CEDcHZ0wT2dULNN98x4IA417DQAkTxBplYLyCzCDyRw9zt_hv6UJrPXixpgmymqrJvoaUqytesm2LkJa7r9hkOCfxTYCVx3U4B09p_Av6KRwfoiQgbhwIwbTWqAzEG3GnhwTvmf6Zvy88JUanUjsijzZP8L__5I0D639xK2g-FdCNZ8FsrHdoxUTPjz0dc8tPXsBVCEWiN_s,Login - OPERA Cloud,1
2025-05-25 17:25:04,https://hu05-ssd-ohs.oracleindustry.com/oamfed/idp/samlv20?SAMLRequest=hVPRbuIwEPyVyH1O7DgBgkWouCJ0SKWHjlzF3ZuxDbHk2JztQPn7OtBIvYdyb9ZqZnZmdz15fGtUdBLWSaNLkCYIREIzw6U%2BlOBXtYgLEDlPNafKaFGCi3DgcTpxtFFHMmt9rX%2BKv61wPgpC2pG3AUIlaK0mhjrpiKaNcMQzspmtnglOEDlas5cqFKn3Vu5aL8g2kEAv4GQJau%2BPBMLz%2BZycs8TYA8QIpXC7et6wWjQ0lrozxUTP6vzcb0udE9aHlD0lxPyyEcphAAXEQ4%2FmTh6%2BgCOIxh28gzx8NnT87yC8YUaBaP3x%2Bib1bfD3aLsbyJHvVbWO1z82FYgWxjJx3UYJ9lS5MJd52InU1F%2F32vl2wXjdokHsHI9N7YJ9ypQIaq3z9pIw00BDm73gUPIj7AKccFjL0rlWLK%2Fz9iXACA%2FiIIIHVToieEBQ%2FgdEr%2F0B4e6AlvMSSB6PRyKuivqFbYZV%2FltlPDvp7dNiK15XMbidELmK285%2FQ%2F393F0lqO6v0LA9L%2F0FTPtkkjMXD0cZxrwoirTA%2BS7Ndhmn6RCl4bxG%2B7HAieQ33kd2pkzLu%2BAkzzMYkk%2FgJ1f9lb%2BExsv52ijJLtFMKXN%2BsoL68Bm8bQWA0xvr3%2B8wfQc%3D&RelayState=xQtw&SigAlg=http%3A%2F%2Fwww.w3.org%2F2001%2F04%2Fxmldsig-more%23rsa-sha256&Signature=NRCno04I4A3wmYDnHKR2srTl0QFoK0aR4mLnfNnoOqRr6c%2B%2Bp1OJ7uS2zgPbdtCfTRB8%2B6nMLEPDxYraE7xEa9DMIaA0FBuvAbyqLfBRXqL5PFBBqXFj9XktvoqDkm53EvIIhzvPrVI9k5QCcaQV1be68tAohMopAOkAisGEVMGDUbzUMtF7jqlVad80%2BYFYcHl4M3mbDAwOIJfXmGpiDj3qON%2B9t%2Fd6zy85FQURMTDjiwSP%2BzVJ2VupE2hQr0bh1rr%2BHB6YrBPiGcFeDXj77WSEla6xVGPJxxUs9T%2FXfx4XM6G0oU1qHcIHm6vFEooa%2BW4%2Bn%2Bn8HwG6RibDDCZ8Mg%3D%3D,Login - OPERA Cloud,1
2025-05-25 16:12:49,https://idcs-67322d8881824b13b3da16015007f9e2.identity.oraclecloud.com/sso/v1/user/logout?nonce=b239469a-726f-46a5-a139-cd2639d70fea&tenant=hgbucloud01&domain_ocid=ocid1.domain.oc1..aaaaaaaacuigpodhvv6maozhy6he64rmuhkw7ytdcuyelxll4fkpkuod6mxa,Login - OPERA Cloud,1
2025-05-25 16:12:49,https://hu05-ssd-ohs.oracleindustry.com/oamfed/idp/samlv20?SAMLRequest=hVNdb9owFP0rkfucxHGAphahQmVoGaVMDUywNyc24Cqxs1ynwL%2BvA0TqKrV9vTr3fF17eH8sC%2BdV1CC1ilHgYeQIlWsu1S5Gq%2BXUjZADhinOCq1EjE4C0P1oCKwsKvqod7oxz%2BJfI8A4lkkBPfYxjlFTK6oZSKCKlQKoyWk6nj9S4mFa1XorCztkxtQya4yga7uEOgKQMdobU1HfPxwO3iH0dL3zCcaBv54%2FpvlelMyVqnWVi26rNfS1LAMQtbExuxWb81Mh3PMtyCJuOjQHufsEjn1818JbyM17Q9W3RRid6wI5E9ufVMycj9BqgBXZN7jvAnBX78FKsbwQUvEGTH3ycl36mpVbwX3JK78VeyW2wgSgEcm5GxMjgknftSSkvwwGNCC0F%2F1Fzp%2Fu2qS9djKJkeRulvaTzYL8NC48jPfrvckCEc6zl2Wdu%2Bhyb3omr52prktmvo7WTizr9gy1TRtpTmjUJZM8B3dwGxLCoygKItLLgjALOQsGOLBP4XZ7J4gn%2BWXvmj0vdMPb4LTXC32bfOi%2Fc3W1%2BGR1k8m3FgMv%2BGixZLIYc14LADSapcvF7Ed6VbiQdo8%2BtQhbX6K4OI4swTE9PlQVXmVsqlVUPq1%2BZS%2BD326CD4swfN4EDEp3N8s3F7IP%2B93wv580egM%3D&SigAlg=http%3A%2F%2Fwww.w3.org%2F2001%2F04%2Fxmldsig-more%23rsa-sha256&Signature=GbH%2BTTqvRDlsq1s2LJ2ziR8sIfUwdVXUCP0hSVh4lLeM8VeHwxFdLg0JyJ6qtnSRHZMCrYod3kwh4%2BgWrWKtGNpA5bWEOtEJy7FNGUNN%2F2baW7wBL8SBwfNxERKjHef%2FsRe0BR%2BA9jhgUw7v0869t3whjUkrPZfnqMXfw6kIL5Xq83UxELv%2FZIk04H%2FyBy%2F0vSfr9tIFO0yXx%2B2vqQzlOIvkS7e%2Bq%2BdO657Q2GaSPwSwMZi89wGFf3JhvLPQQo1ietHzkn02yyjLAjc%2BFTz2DzR4LxtZkpCkw9Rw705vc80i3ZL%2BZ54zZyCIPmPymSi%2BA8JrL9vAiE6XDvYCW0PmOg%3D%3D,Login - OPERA Cloud,1
2025-05-25 16:12:49,https://idcs-67322d8881824b13b3da16015007f9e2.identity.oraclecloud.com/oauth2/v1/authorize?response_mode=form_post&response_type=id_token&scope=openid&IDCS_CG_ENC_VER=v2&state=oj56HgtpMdEeE7zgoWNGDHHzA7pxjjsPwFExciTe4tQ&nonce=U4YcpTRHvQS-y8ogoxle7WDypCxjAkNj15vuD63t-LM&IDCS_IS_CLOUDGATE=true&X-HOST-IDENTIFIER-NAME=mtucn1.oraclehospitality.us-ashburn-1.ocs.oraclecloud.com&idcs_app_name=opera-mtucn1prod&policyAppName=opera-mtucn1prod&policyAppTenant=idcs-67322d8881824b13b3da16015007f9e2&idcs_app_resource_url=https%3A%2F%2Fmtucn1.oraclehospitality.us-ashburn-1.ocs.oraclecloud.com%2FOPERA9%2Fopera%2Foperacloud%2F%3FTPLNG%3DE&client_id=opera-mtucn1prod&IDCS_CG_ENC=true&enc=o_j1yYWOmrLUAgAAmgIAABAgmgIAAIACAAAQAGYYr4KqiQFPaXMpHU_Gm7xn609Pkoqidt1FA3FTccY-VqMSxrUivarHTkd4YebY3s4fWRIBk0p52GxAWifjU3vMMMKzWxqn9zcRDBzk7Eo42pUWkppJVmcxG0J16_12lhQOK0LFz5yGuTW6oF9hj5z7Oh9MLQhUvAnwXrd5IemwEDbshjAWl3OOTtYdUA4OHPFlrejv9HwLxDKJ16SyFO9tblyeKLBJvYWBh8VCF0Pw5gmjCzywLkYaBhj7_fzbP5zP0fwbzQ8iZQB3XABcLswk5HHWRO0klUeJRNYJGokVBo41gtDrlHApFERvgfVWP4MdyASOqFniu975yisxiTOgO1qQhYepv0IQmFvJoeSKBlaT8Q37L_BrFgSyfZA03hPmBbImlN-R4iUP5HDhEwYrtEUjDdkvNKA65Vg2VcsBey5VkfUemv2qsPK2IVwvr-LE5xTmM_9M810lgULY3JxTH80xw-1SrbgXtW9RzOlMkltRsx52t4Oaz6vqqcd6edsi_TtR3yx-Za3vF03b0KIxyVDhMYTiQ6VFKXZL1YsxB2W6mCaame_5oiGNjDxvUfMf9Mnlnl7SNuRJlXTxkHbMmzCW13hhdGmbqo2RryyO8uPrULUCJZVNSHsksL9x4F-aFJE81B8CwcQvrPuxeDHG3qCVxaIaiTiEYaSaeOjuVGV6cljstYlLTwzMgW6N1nVMSfl_L04yGIiDlRz1NDLFC0tfkXdNaSzlP-rEivgEwDuHlNycSEqfj0HMiW_YctBdQmuGVWzjE-XAfY54C7IC6hNNd9IM7IY8wZNAt_DbJG0Utm2Eucb3LjOpYmsPOoFUhXIosCsW9aiXi59a3IZYk0NF06enSUfDZqIvQcay2xTCwjz4N_j7vVOY2JMXZKDPt1e1363NcMhCOpTKH57VENmmKZ2JsDPqXhgOrRaP,Login - OPERA Cloud,1
2025-05-25 16:12:49,https://hu05-ssd-ohs.oracleindustry.com/oamfed/idp/samlv20?SAMLRequest=hVNdj9owEPwrke85sePwESzCiRZdi3q0qECL%2BmZiBywldup1LvDvz4GLdH04%2BmatZmZndtfTx3NVBi%2FSgjI6Q3FEUCB1boTSxwzttk9higJwXAteGi0zdJGAHmdT4FVZs3njTvqn%2FNtIcIEX0sDOQ0Iy1FjNDAcFTPNKAnM528xXz4xGhNXWFKr0Re6cVYfGSbb3JNQLgMrQybmaYdy2bdQmkbFHTAmJ8X71vMlPsuKh0p2pXPaszs%2F9thxAWudT9hQf88NGZIA9yCMeerQAdfwATjCZdPAO8vDeUP3fQTiTmxIF67fXJ6Vvg79HO9xAwL5ut%2Btw%2FWOzRcGTsbm8biNDBS%2FBz2Xhd6I0d9e9dr7BGz81ZBgCiNCcwNvneSm9WgPOXqLcVNjwqpACK1HjLsAL9WtZAjRyeZ23yxAldBh6ETrcxiMWUzaY%2FEHBr%2F6AaHdAy0WGlAhXu%2BFvuq6%2Fhe1IfdmPzxVR8TkpVunzLkS3E2JXcdv5r7i7n7ureNXiCvXbc8pd0KxPpkQO4WicUCrSNI1TOjjEySERPB6R2J%2FXuJhIGilx471lz0vTiC44GwwS7JNP8TtX%2FZV%2F942Xi7UpVX4J5mVp2s9Wcuc%2Fg7ONRHh2Y%2F37HWav&RelayState=p1Vo&SigAlg=http%3A%2F%2Fwww.w3.org%2F2001%2F04%2Fxmldsig-more%23rsa-sha256&Signature=R4wDyzNxh%2FkLzmofT8jKNfTFBqobZ0SB8D55ZpvBE4pLuusI7rFNZEpEWueU8W1xbX4tJ0xoP5Ie%2F7805iCnYVzfUYyEYHG0gUQXwF07ForH9hs%2FBDKcYFg9AHH0JZ529ugJeztNMcHZNu5QYqEJbrt7PSeuGvnu4UQLNgnKQbsssSTe3qqHD79h00axxUQcn4STVvRiSon77mvdGrINbSC4kU2ypTFg9q1Zv823n1okj%2B03rnFK4C4viamUjHB8lpHQGfKx5mfOTWdD0EjXF1NCuZwUnJsuvIZtOILNlg6UCPXCwWIpd2oG3x7OZQ6AWsXX1IMi2eDb9QDP%2F%2BWWKg%3D%3D,Login - OPERA Cloud,1
2025-05-25 16:12:45,https://login.oci.oraclecloud.com/v1/logout?nonce=b239469a-726f-46a5-a139-cd2639d70fea&domain=hgbuiad02prod&domain_ocid=ocid1.domain.oc1..aaaaaaaacuigpodhvv6maozhy6he64rmuhkw7ytdcuyelxll4fkpkuod6mxa&tenant=hgbucloud01&domain_stripe_url=https%3A%2F%2Fidcs-67322d8881824b13b3da16015007f9e2.identity.oraclecloud.com%3A443,Oracle Cloud Infrastructure | Sign Out,1
2025-05-25 16:12:44,https://mtucn1.oraclehospitality.us-ashburn-1.ocs.oraclecloud.com/cloudgate/logout.html?postlogouturl=https://mtucn1.oraclehospitality.us-ashburn-1.ocs.oraclecloud.com/OPERA9/opera/operacloud/?TPLNG=E&TPFLSCRN=Y&_afrRedirect=590982762141648,,1
2025-05-25 16:12:44,https://idcs-67322d8881824b13b3da16015007f9e2.identity.oraclecloud.com/oauth2/v1/userlogout?IDCS_CLIENT_TENANT=idcs-67322d8881824b13b3da16015007f9e2&X-HOST-IDENTIFIER-NAME=mtucn1.oraclehospitality.us-ashburn-1.ocs.oraclecloud.com&IDCS_SESSION_ID=e616f5c22d2540eabeed4d9916c65d0f%3A8df87a&IDCS_CG_ENC_VER=v2&client_id=opera-mtucn1prod&method=encrypt&IDCS_CG_ENC=true&token=U86ekRf3mzIECgAAygkAABAgygkAALAJAAAQAIsVlEqSTO75G4OdlwshnvzlJqw8a7y2gKFrD34y0hu0TxEeyZCfyLvXs286hgBawXT8zGs3Yb3Vv434n2Uoq7dcjDfSlecDqnqicm986GDev3sqSwTxADaPd4GJzxv8vaiHTctbIpOPifAdw6flEZ_4yZQT7PMhe6nwe_lcR5MqrDZLVWfS3AePZdNhfymShHs-oIDAsxVPz7VoAI0S3VLSTwF6YA0sneRun9xpcRrEuVTWrGkJwuWCrK-_urj0roWLELRBB7YIzN7WfI86SsesoRofAXho55EGWxsHn1sYwwfBkSsKDnAkWJJuY70lv7BEy47Fz_cBKpqQFpiYyHdo-ZSKwpjp-XkroQ_ahtmLlP8ug_l3qYm-CQA5f7pvCvB6gFdDFm2xRhRzCy0CToQSVdIYedmM5f6aJ0BJXucLxDeye8WYbRYeD8tBaXgyjOJCLNGaTB3cXF80wI7UNR5Re_iYRsLLGbFYgUJ5yEytXD4zNWnQ8lOpzJ-psZKpDWATFsx6QNQVTfNFOXtWu2GUtMv17d954zLKAQTBoBhDSdBt-mA7mvlIS6y_bJNieJRA3N57w6g9OUimqGrUn_YsS73HWQqvgXhnGfP7m8KIwBoUf4oKXZ36emN3BP-XWTD2UAgHNtIT66ZyiWFApXJe1Ds2UwWe2nyjvKUdthYY0ssdldRB2HX7C7fg2Q8QMtLHxJmIXugXoK0A6i3JO5w018Zhl8UzzvppXcoDdIh1lOKDSdc9Z2WsXvmimW5NWG1kmqvIHKkrltra1v2g8VXlqoYzBfUi88CcMxV-QMXG9mCGZmHSw420TJpil0hYLNSjJFaAsxPB27AgECoh6H118Nv4zHqIR82PUF7gaEKXD3SasTVh4V-1ILSkm4AfrO6BbQ-_cfRqElGff3DkHyT32MNXk4okrNYENqHgJj9i3g825LLNthPDKBcsANlw4vDcgJsnvtH5CvmdtU0IYHfuxzpfHUGFtDHpwEM4pS1zRVOFqEacTnBqeA9M_YaGk3E3H4DBCQTXH3c3GjvIzyuYzwVItPcIa-lVtarya37nKwEg88nSu37Rn380gHkKDX1BAL1uTUWhTjKIk7sxgIAUgJuS-6_omLv3FMgoo_u3ECPZI2Wj41LkarwlX-OytcRFChVJfvLgMhoWO_1RV6jbHYZu585YwwRkuRR5DeZ1GRPFVdOCPB83gAaVNNTYZsvndRMw0U1vFMyZwzjNRHDLEoGAz8B33qLRTJVzxLuF8Dz5D6NFnD7SLZ1hvL5AjQGouvwuAYgipGTGDibKqH229m55j5jR94SvTJ9gOsBz_GFe9RMSBKb1MoCFcGxlznH5V0Iv4lbZ1CGyI0NJTm2Sc6j6tDtoov6BhA6Tse1UKUar5XLHum3OralsOzlT3-NtmLLPbx5wYAeJEbkQVtETV3tfbelxD4GwOk2MGh8YxlHM5DD2_fZLDSJuGj9imESidNKdJ35Zq_P2SnR3sKFETca8MMhNb7_qyj0LLkYDwqmVzAXF55Ywx4qtvSPgpMqCHzrZPlLdc6zb0PINj5AhVGcMaZgIRtaUWaQ6kDMav3LJF9zz5gNhC5d4TS8598k5VVwc0BCI3sVellY6F7e8jrIuAP_ivzxNwpH3CWa6MmPi4C_9ms05aSN-SAmU4J-0SZ2x8ZFpN8i0dNsSAFxsmgMikDDr2sDUel_a2LnEar4Uz3bI4smICGVOZKkX1wcWKtEgiOWG5yMGoSh8HHZzaTvMrvMlI05PNPjGasizKvKW47Yb1QN9onFaFiIDk8Fj6jUMhLEt3mydMYS-CsYIaigigJQbVwSu2yGsvoi39F0RsZ0gBSkLmQbjpoZpTqef9No8HkGoxq90w73DQwlmeBqioDpASsvI-JbCBOeMyoiH3hBNSzrQiSrNwdbSRqi3YZRJoy9hrWhmBdNjnHFhsGhzxW1_-3jwBPGniQqQ23vYxqyr4_ZldwIqTUfgMRvq4rmkGn18jex2ysChiJx8BTkz4DP-9Zn4k3DUOzc8TXMbtsWHV5OqqUzojnzkcFo5NuZLVQ9IRF4uRk9B29yGvs2yUCXnoAlIM1fXAoTia7WQvWM8s7JJ-TXnuxdpA1WOsnQltXgYRGR6AtnIWqcJawKZlyryziQFjUL5cvFRo6y7kARbr62mEKsuEOv6wb5HBVapQFGOOjkzsU6qBxOa_7aW4z6XIlaOgXqAvGYX1nuT4uMp0C7CLCzZDtYcQ2fmg7xHaEWVFXJvC0j7F5nsW_P_xWHENT_9oTlBZcwU9oXnc20QpvtkZVp4c1aQTfUzloLvz4YCSt0Wg28MC6LKoyqZlhSQkYPNJMr2Bai50X6NHkkWXglVQ_EL_mc1j1M87akvfZglvFU6JtwYEaJuGbTuXu8AXNO9B51f4Cu5fPAj9ElVVK-N3S9yNZQKsVrdRVjfdIAafygrEdzDz8mtHOvt2MQrbEoAPKFKPHifmBkbN31qg1MLQXNQlOTeGbUYrCPdzvw-bTUAyCK7siqqaqGSRL202h4iI-SpRgyb_17ZDt0Phma5OpniJYlN95GCOwclVuN1TnS00g3FzE--oIcp0XNvDIjfoNYgiYdIVHdk7EwkAFBfU6KcYWr8Zkr_EsvMmitr6-Da-ifVuk-ZxgprgJV3Fj8oSwn-FdoxSGZj38PdCcZSuMtwjbZgu2Z9iXxzXS1cXjH4g3k-nmNnO_Mgz88PW70uTkPV2JMZQVdrxheQkm5NL-n9O8bu4Qc1bOZT97BehNSUIHy1uG-_S5lK1hNP3JAqIxQnMrstuwWeO8QgsfNT7imny_c1IyVCO57-le-CrOmeWu_RuqU8cM44SRNkT0YPc3a7J2jONwjeZ2laLdmXlYWlhjmKv5pqWLC1wLYtoYK3WrT6ItHJ67BF4ekU_oJA4AVqXiCe2xINL3vwzIn_oqYA3hMFf4SN27rXTqolh_IBpiYrQqIp7oNu9xNqjh3Wfijr-egAP696OcCbnx9MfJEcKivrYsNwWCux_ThexN3XMw9ctEkIHC4j5mkk6jbKQfj-NbkzmY6COEd3HlvDLZOaoxSXWZEL0J0ndg_Kr0CboX7L0FLZPbN9UUmyIA41uN00RN08dMAh6JTNnhjHmxqo7Rc8mPKjLgpKnUclGII0eknQvqFU1mTkV_02DChouog5Sptd4A0SVSZYKI8BTSBUXOF5NEeu3lYdzdUSFVM_aZ7SGOtVTjJ_UwF2iyvPDAp9wJM0RMWfTljvl6v4CKjTQhEiZq9GztKZKRYo7mDqI5TsypL-1IxWhX52z6T57ATmTq_OPtnlgaIjkdjpke7g5EGPV05DnxB4OYcm4mJ33zEEAYVJ13xGCvFL0pBg9IUSmqVcg2gnFuzxEMgfuj-IQjTnHg,,1
2025-05-25 15:56:51,https://mtucn1.oraclehospitality.us-ashburn-1.ocs.oraclecloud.com/OPERA9/opera/operacloud/faces/opera-cloud-index/OperaCloud?_afrRedirect=590030987782619&_afrPage=1,OPERA Cloud,1
2025-05-25 15:56:36,https://mtucn1.oraclehospitality.us-ashburn-1.ocs.oraclecloud.com/OPERA9/opera/operacloud/faces/adf.task-flow;jsessionid=HFQIKQdRfBvqNKJxkPWxsqpTsRCELE9MeABGrAWzGlFXFf9LpmKu!1879966839?adf.tfId=opera-cloud-index&adf.tfDoc=/WEB-INF/taskflows/opera-cloud-index.xml,Initializing Application,1
2025-05-25 15:56:36,https://mtucn1.oraclehospitality.us-ashburn-1.ocs.oraclecloud.com/OPERA9/opera/operacloud/faces/adf.task-flow;jsessionid=HFQIKQdRfBvqNKJxkPWxsqpTsRCELE9MeABGrAWzGlFXFf9LpmKu!1879966839?adf.tfId=opera-cloud-index&adf.tfDoc=/WEB-INF/taskflows/opera-cloud-index.xml&_afrLoop=590015301233485&_afrWindowMode=2&Adf-Window-Id=w4lfvsei4q&_afrFS=16&_afrMT=screen&_afrMFW=1058&_afrMFH=1460&_afrMFDW=960&_afrMFDH=1440&_afrMFC=8&_afrMFCI=0&_afrMFM=0&_afrMFR=172&_afrMFG=0&_afrMFS=0&_afrMFO=1,Initializing Application,1
2025-05-25 15:56:34,https://idcs-67322d8881824b13b3da16015007f9e2.identity.oraclecloud.com/sso/v1/user/callback/login?nonce=83a282ea-8505-4ecc-9efd-a86f7a7d125a,Submit This Form,1
2025-05-25 15:56:34,https://idcs-67322d8881824b13b3da16015007f9e2.identity.oraclecloud.com/oauth2/v1/consent?OCIS_REQ=YX4277p%2B%2B0ylZkn4GIKXFbqsoqtfDnMU22p4GRT7%2FoRs6GVoRTSamBhOQBwxodou0s0lEeLUSCCa2d%2FbT8luk034MvRKCEWokZFBP2n2QYv4RB1MHp6Hxg3cbUpgImeW2iAZm2hCp6vMThV89r6i2URSgBNUMWtIpheiKgWRwMa9XjME345fUE5ubkiUkHKKULsjEzGMrjqy4xAu7R4TB4Cw9zZMIFbJ7jDoLJvKVjTgIt%2BHk%2Bc2X8BaIEfSYhihwkHErzWpGFvz%2Bopx%2Brs%2FsGB%2F8wWhRCgsgwbfFgApvAFfVk4Q13mr%2FbyjHzeh%2BIezWq2tvWyywSYP1UkYpcJl9ETnDXTsgoiL0rrvk9%2BV4BoMz34GDMuQLp%2BBY4Z9U0j19ZcHANEYVmnf2i7sWiMsXdunPkBqub9BbHPEVcEvkcU4%2FncotyPgezwxygTEFgduJjLlb6BZIhV%2FZqZ0abGT5G1IGgLrLoOWSFL%2Fga7JQrToRU%2FVj9XmOh9Vo2eZjjrNfzVhE%2F6hFM3rqKiQidVcGVUyg08T%2B1EBdQG2KzEo1XWGw%2BBmqk8e%2Bkg%2BMd1qazPurLIMhZciVmtCc6wOzWT7LBWUtmlg8JoEFAH%2FP0JBIeKe%2BqYB1dlFImuBac4L2fdVjoM08QK5OJvK%2FnWT2W%2FB7qBAWfCvOYQoWVeh5NNe%2FznAikcgeH5E6tCFin7Dqq1sHeRpKX4IoVXfYogVCit7wG3EdRuMvXKO%2BTXvnEN1Z7f8D4bG1V14kTO9eM4jWBUkQ4aWe%2Fm1L2adMIPQLPskF%2BFmXLNvwyfrDlKPModZC88XpI7xPpU%2BEKa2YAy5yiZWzUU%2FOegTihdcUncbcnpzLseGOtayYvWPC8lbXol3sd82uWLKAQ86NTFRnkbcfUac1dBWWboWBWMxV%2BXMta88rATNFm6%2B0BWbeA8QewyJSo1QMsyb6AOfiF0nn3pF1WBHok%2F2B0igXcAkJlujonFCBTBl2GJ7Y8KF0G2PSG8%2FwyFh5P%2FFac9DLNNSdSLPKwaKhTES4leTWUXVCecr%2Bjzi1wxFd4AI7MyhVD3wy4xGvB0nTtOCbhI1EEK50FccE%2BI0%2BWrcdeONJVMcmXzGY1n6DDnSdvGvE3Bo0tsFpOY74bCq77NGXHGvmk2jpoUDWj2Yzxpa5pM9vNl2WnWP%2Bur6ux0oOu0mmIDi9CLinKC%2BAd00pjNgLj4WJGorewLgaLzgNlXIarWj0%2BDgBemP%2BhSHDiCbpOTxlQ%2Fa04wJ1uPnNqrW%2BoAj8bY%2BC0pBC6FOEq32ivPV%2BVwsmi6wuxvcrlacHtVX3zJRckm9gokr46Zh9YMhcguNr28Uuy%2BbM%2FOUkj3Fg%2FUAw895545ela2uJRiRBPPKbeND%2BfJqZaHvwulse39MHO1Wg1AXgkuUdNhPSYbcw75bvG%2B56XzppAm%2BZ6pzDPEhQfJuiwi0qLXZGac62sIn26WyvfZFUuf8PtZSljDZ7gPscytM1owF%2F9bN3A5diDa23qMGJ6pnvnh74V4FEzkVWCqRb80ihQq9KYwerPlARDILQ1nmYI7GB%2FLBPHXNwto3GU7VICIg%2Fo8FkBqR%2BxzfWhQ0YNyAS6iyLmDyEsRVb9AHw994XjzU17g3PmnKqYDve23tgyZq5ttMZmCaaCovcFtF1lk%2FSVVB7YPyHrpEZYuJwh1Pi%2BaU8pq%2B4h91Nqd6vsv3NC5r2SVoA8FRE6FG2WAcu8sCZPttQGS2u6LQmE15TdJtsy7TCA6NFJFNHxHf67VLMSfk7%2BIhZgVXpei8WnQ7kx7z97O4h4OvWeA%2F9pfccAHPVaafYXR%2Bzdo7sAU9OORmyIlha5N%2BEQZAj13%2BZgFW%2FNBt8edzVHPhB3kqYjm8gPqO9TkBL0dl8chFMP9b%2B8xFVLGuENSbbU%2Be%2BJhZpXAdGPQ7Lrg6aChQY3PlBSYcKGMU5J%2FepV1WBzcc6d2%2F221EUpwUSoqr2aOUSZEZj7c0Vo5Z1ZdCvH4wX%2B70nNoz36UQWWUwIjqubxyQY0H1vAfCcFCkprE0LthFtddgDmtUr7ESSYd7rrXKH0K28t%2BLEfTsbwzwvrmm7jNe3%2BopdAgFUz1lj2vBf2soOzXyjCdvkyd4UEvXzbMX5os7stKKewrz5ecmvZki5Qo2W2oyYD2NZ%2B9cHpinjWs%2Fv%2BFE304EDHI74uNmIxxUcKX0d8oz8Syh7fXatIyowo78Rb0%2BiiT7XX8nRwlypd3n%2FivkJNpbo4QuuDzRjCBQ5BPjjF%2Bo4xzZ131CrAvaHarmUhNoRx%2FCow5GKK5nFxDN9VfxVHbKwgmASbjp1wN13DHvXT0%2F1psA75rbsZyAjuM93LC8nrieu8ePPmOP4HNfJwkJcy8cUvQ4uINLkYvb6%2BunCKYzzQ5Kvul1dA1RMQnrPo7BXsSI3nlgK3nHku4MKF1UUCQYAbG0v4VNlx2ivDKOobnQgiQ3fexs6gZSiWcTRHQQX%2F%2B%2FucoDcbFjYvN3u140NL6WPThD3QjdaffRqiub%2FN80d6SzsXTcaETsWKnycIkSUqDvDK%2BYS%2BHnB7sA4IG46tukQUzBLxeLEO84QoeWTvGRQE%2Fgbt2GsTF66ohP0hDZCNAAAD1TVsvIou1laM%2FZRdP4bpOplflAJilo3PxQoq%2FJ9pjlcJ09KH13Zig9PhpCwR3gmNJ6Y3bGTSzF28HzohTLrvvIIWBdEjTbIJwv%2B2fVnZ78yzCmBJl3LZBdBuDvZOmZdFhf1ybbRITm0vETdqnomg9el08j92nSjyW4izp%2FjedvpHl%2B9vWT0FoWpReGbbqEZM8fAkg8Pw1xo0n9qRST%2BSeEatN1DzHstNyoLiQgqxTCA8YDnTH5OlrXzMNaJnBHI1174B1CiylF0Q%2Ffao3DeaQdDroRSl9CKtHWBB0qInFQBMaRLNk2%2BnaFHbcV4rtIhOsAi8iHCQF3a6%2Fy7%2Fsr6kyUFVwP8TmgElcdrRfOvjNeOf6PdUZlaX5U%2FVEXj4FvGomnqtlst99yjAAgr62JN51ujl%2BZpj8qKfy0Dn3mK3Hwlc6cu6z9lMaWDdpAQHiZEaf%2FUnWpw6MHkbXxJaJQJKZwpKbfb2F%2FF2SYVfDO1B7B26OUk5NHT9483wR%2FucW9LHJ26fQYeKaSN%2Fe2f85q%2FUS9GyB87ILhdFhDvRiWv3cQXCB8vWyHgS95CoB5uWwvIWIo7Z3GP%2BMUsSIFBSKZiEYC9MkHoD%2FQlorPiF%2FX1wz1DulOCMwmrXcIVLJCF2VSB9ymyfMHqkQXmjUkxLN%2FkDUo1YxMErRC32O8Zg9MiC0VscF0j24duC3ueAZj%2FeHmYb5c9QqzOtMI6uYB3pY73ZSQql545mYHQzIaQbmimqz0eF5ZxAzQNWdq1gH7dvsuJ48MQ4dtAxoNrZjPMwEMl9lYCcSBpwFDzMuidc96FsIKz94tIvs2zoIydBg0Tsg9R9oNaVbkFop9x2LXUtxiaPe7g%2Fe3BjwqR7GR2ta6JezIn3RHnAo0vpHm5i42gr1s7iXnLAxt2dMcu%2FIQHwz1MKtZ9yL%2BIJdMSNiPSeqUVl7bqnmHMY8KY0R%2FrGt%2Behp3hOPMZjikLkvncsjXlZHRZwOTfH7nk7Z7KNZQxtF5%2FpvsKHRCsAkKN%2F54dntZNsIn47%2FybN1wOcYfi8OnZ4fjri8kn5fsflpZosYV7sUb5YFTgn7WWMbjAjsN5ByO2SsbgoO5iee1fO%2BexlDS1WDyFSrHuJZAHpDzUitZQcHcQr%2FAMtQrQ00ME9ERuqmdPKqubcj33U6Fltwcmr6bDJFc3xvgktg6KW6VzFWpgmU%2FXM7bzadiVkRnKiQFpPeRam50dwYRcON7O0Px6IlF5AjdFRGd6wsLLVCblyER4tqtPLpbOGFS85UwzxZh4LfwzdnPY82b1X8TWvm1KCL2aFkfPPfG%2FGlkcu5JLx%2BFQTUFPS%2BwM90BCj%2FeMlBZ225m2X%2BFaC5mfxT7540g%2FOPjOW6ONlbSMYuVPHn5KlUexF0tkeeVPVAW3JQ16%2FzI%2BW85ahkXB5%2FlLge%2BsYgNULJoXFlcolQ3TLQRGnH%2FTo%2F9jLLzbo%2BhVq1rZB5aSoCs1nh%2Fy8KjLjsx0mi4AjDe%2FldZnxDVmbIZca%2F2R%2FG0oLIpthGit%2F%2FliYPl3DhUm6A21i9GZmFxiX6rKwvUJ1L983AWx6bsgLxj7g6Zdd4rXY4sNwfglwWcBCEh0bY6u9%2BT2YXRYKWkimRqLse0MZy8e8s1g9LvwjA3zk5YT%2FSRYF4LqDLU96KvuRyzxPwFUSexSJpyDswF2EIS57w6e5L2pCJTWnv1rEG2yjXsggfOuKwP1SOfya04JFrrOIl%2Brt%2F3QtRDSaqqf3%2B8UzWUcClu7C9SwZ1C3Xnb8gbUiZa%2FAippW6vK%2B7SLRn%2F4uoMQfcvjSykNBVDRzdNS602pAHedsg8%7E7FOL%2FAI8hO1k6uQqkRVt3Q%2FatEHHwBp69q%2F2ZpVHu2Y,Submit This Form,1
2025-05-25 15:56:33,https://login.oci.oraclecloud.com/v2/storeLoginInfo?redirect_uri=aHR0cHM6Ly9pZGNzLTY3MzIyZDg4ODE4MjRiMTNiM2RhMTYwMTUwMDdmOWUyLmlkZW50aXR5Lm9yYWNsZWNsb3VkLmNvbTo0NDMvc3NvL3YxL3VzZXIvY2FsbGJhY2svbG9naW4_bm9uY2U9ODNhMjgyZWEtODUwNS00ZWNjLTllZmQtYTg2ZjdhN2QxMjVh&access_info=eyJraWQiOiJTSUdOSU5HX0tFWSIsImFsZyI6IlJTMjU2In0.eyJkb21haW5faWQiOiJvY2lkMS5kb21haW4ub2MxLi5hYWFhYWFhYWN1aWdwb2RodnY2bWFvemh5NmhlNjRybXVoa3c3eXRkY3V5ZWx4bGw0Zmtwa3VvZDZteGEiLCJkb21haW4iOiJoZ2J1aWFkMDJwcm9kIiwiZXhwIjoxNzQ4MTg4NjAzMzgwLCJpYXQiOjE3NDgxODg1OTMzODAsImFjY291bnQiOiJoZ2J1Y2xvdWQwMSIsInVzZXJuYW1lIjoiS1NUT0tFUyJ9.ZZiFNwJafy2usaMuHMo1CHfaBirztw8pJcUVlUA8SVbTsmyM7Se2EXuFHzxTxa_sy0KrKYPEj2jumf8X02n-LKozRGZj98V0hJqeb7sFpl7FUx--jz8RGL7Tik7-fvimsfKowqg9Y1aBmVg99NYA-fg42nmdcqQEBzjjMfsTbjFFiw5ObLaZe9xjoP9tiMvKDDKtS4fU7X-opZuVgxx2fMZ77_8vLqzqaYUqebXeaAperPM-McR8CcYngYQuhyb8A6SgKT-_jjfrSrAi2kxVmT-gvj7upA-KqFWyo77wUV55Jdh9V8qcV3tSQSWi1mGLYWLIX31sWYboeCUPMbZFCg&is_paas_login=true,Submit This Form,1
2025-05-25 15:51:05,https://idcs-67322d8881824b13b3da16015007f9e2.identity.oraclecloud.com/oauth2/v1/authorize?response_mode=form_post&response_type=id_token&scope=openid&IDCS_CG_ENC_VER=v2&state=5Z7i3KUwNBREHMKOUDqjW_T2SBy4LE04OCF-8t40zt8&nonce=WEV_mBdxyp8ofm70q1yrVmvIJ7dSPCPG-jO66GZUp-A&IDCS_IS_CLOUDGATE=true&X-HOST-IDENTIFIER-NAME=mtucn1.oraclehospitality.us-ashburn-1.ocs.oraclecloud.com&idcs_app_name=opera-mtucn1prod&policyAppName=opera-mtucn1prod&policyAppTenant=idcs-67322d8881824b13b3da16015007f9e2&idcs_app_resource_url=https%3A%2F%2Fmtucn1.oraclehospitality.us-ashburn-1.ocs.oraclecloud.com%2FOPERA9%2Fopera%2Foperacloud%2Ffaces%2Fadf.task-flow%3Fadf.tfId%3Dopera-cloud-index%26adf.tfDoc%3D%2FWEB-INF%2Ftaskflows%2Fopera-cloud-index.xml&client_id=opera-mtucn1prod&IDCS_CG_ENC=true&enc=I1g-92ueFugxAwAA9wIAABAg9wIAAN0CAAAQAEKgx07cL8XlHHJPBcOyCZ7TzjWwqqakErHXZeWJBSFka7yd-e9aer8YGxTKtsHvNPoNPnlpFlnlfD9ebb2zdzu2CO3CYSlKDDsfW0-9VExZVZKu4VrnB71O8bciqiRx4lqDn7pLPsBrVekipE1MbZeLBoWnxK5YmEmDxLnsaCHNuiPrVGXF74Ieim_iFjICcDQ801_r3yJpRhjN7UDIUF7ILsVM9K5GT_DYNYHMNeJnbqAkITzgb5bsRJEdsywdGeHqjdQKQzBkJnZyAO7FlwX_xEp7SArRXa5JYkcsMcxA8PNvmutAsBVVt1HAqk6bopyLyCDVkKz5CqqGr-raySy-_7oF8XFk4EwkeLEUE30TMv6rFPbhZXX76UI4aAkVb3nHGsshXgCIwU7BPmpBIo9DUkj_WP2HAP4u4JbxGcoyY_Hf4OGrsMUE5qxUzsZN5_84KF8mrlGrGPU-it7ni-ANNRexF6hJMBsCx9ez5WOO3g8evjWDPCovG43UG74P9eWdWoOjcVxGamFKuUrm_uKFj7ogcmONsH9BBmNQC1Qb2BxRTnyLffs3tnXnBXMEd8rWID8fIy3NvHUBqY7PlH6q-Z-tpS6XIIYJ8_7mKJsjoBEGAq1T7c8x-SP4ewLHBRR2-Kmv9FkwYljhhMLd0wCYed5Omp8nIXjQofMfpFPunSI2TU8kNckfZ-jprCJI61xqkkvxR5BQmbjfPVJaWBEJWdmBhqwMOvkhxGdOKN5uu8JG0VQYO0Eji5EXFCbUcLY0WxWPO-NxNx3aJ1OX4uDzSeZbGmq1VMKEDQoDzGEP0GCLy5UFqDdqO1iW-KIbpkapWXYuP0MWsqnqAO434m19_Xz1TTpxLDy9pVuDpI-f9UJ40nR5L0mX_H4nUN2fPuFRsWLUheIsy5Ve_atdqPT7VUBKKBYgJEVyxu-srLGwaSgACet5ai5qtNz5_dxn3nBNqrnqV-10GWs2fFrpDJQSkzWVztpAYjcNm8Ne-lA-4RYnZFI5UZ8MiRbnyVLuB-37sajAHnN-JUj4AA2w2yf9RHPQgcAAMUmFeJFv,Login - OPERA Cloud,1
2025-05-25 15:51:05,https://hu05-ssd-ohs.oracleindustry.com/oamfed/idp/samlv20?SAMLRequest=hVPRctowEPwVj%2FJsSzY2OBpMhpRJS5qkbiAdJm9CEqCpLVGdHMPfV4Z4Jn0IfdPc7O7t3p3GN4e6Ct6kBWV0geKIoEBqboTS2wK9LO%2FCHAXgmBasMloW6CgB3UzGwOpqT6eN2%2Bln%2BaeR4AIvpIEeMkIK1FhNDQMFVLNaAnWcLqaPDzSJCN1bs1GVLzLnrFo3TtKVJ6FeAFSBds7tKcZt20btIDJ2ixNCYrx6fFjwnaxZqHRnisue1fm53JYBSOt8yp7iY37aiKTYgzziqkcLUNtP4AST6w7eQa4%2BGtr%2FdxDOcFOhoHx%2F3Sp9Hvwl2voMAvptuSzD8sdiiYI7Y7k8baNAG1aBn8vM70Rp5k577XyDN75rSBYCiNDswNtnvJJerQFnjxE3NTas3kiBldjjLsBb4tcyB2jk%2FDRvV6CEJFnoRZJsGWc0iykZvqLgV39ASXdA81mBlAhvn%2B6%2Fcj5MV%2Fn35%2B3P13syfNGrMm0Po98hOp8QPYnbzn%2FN3OXcXcWrbk5Qvz2n3BFN%2BmRKcAiHo0GSiDzP4zxJ1%2FFgPRAsHpLYn9docy2TSIkz7z07r0wjuuA0TQfYJx%2FjD676K3%2Fyjeez0lSKH4NpVZn2i5XM%2Bc%2FgbCMRnpxZ%2F36HyV8%3D&RelayState=zBmm&SigAlg=http%3A%2F%2Fwww.w3.org%2F2001%2F04%2Fxmldsig-more%23rsa-sha256&Signature=YVeYHGxJJy%2Fl5QqU6YnGq3%2BM1mEMPIXipjj3A8pbEcMdqLZ6tgCQZscVJSMzudf8afs%2BRIH%2B8gVfBiOVZkanbjAPQ1WBtc0kI4C4fdaOzxDKOCRhYI8tALKZZg6vPhb6W890ti%2Bbwe1xu2vQoULs1pCE5Xw8QL%2F4iNfsdvBuUVUMZcbWvjWm9BljiQ9pxujvcKKv4ubeWxiUPMmMcdY3ZFMh1%2Fpvvny%2Btuau7WDG0ygh3M1uqL%2BTLjI6X24GFEQ%2BgWnjNj0s9tG%2BczF8AOiAUqqetnToR62s%2FVJiswURx5WYH7WWYPecwM%2FQOmVAUrkMWSuzm0FAb33qzHuNTilDcA%3D%3D,Login - OPERA Cloud,1
2025-05-25 15:50:15,https://idcs-67322d8881824b13b3da16015007f9e2.identity.oraclecloud.com/oauth2/v1/authorize?response_mode=form_post&response_type=id_token&scope=openid&IDCS_CG_ENC_VER=v2&state=dMynE7lMSHkIov_tEcq6lBcsc3ZWDFoqybOinXzkKqg&nonce=u12lWQY1pPjCAyIwJMBPrYMPqaXyMbADsd0S7ZEIRRM&IDCS_IS_CLOUDGATE=true&X-HOST-IDENTIFIER-NAME=mtucn1.oraclehospitality.us-ashburn-1.ocs.oraclecloud.com&idcs_app_name=opera-mtucn1prod&policyAppName=opera-mtucn1prod&policyAppTenant=idcs-67322d8881824b13b3da16015007f9e2&idcs_app_resource_url=https%3A%2F%2Fmtucn1.oraclehospitality.us-ashburn-1.ocs.oraclecloud.com%2FOPERA9%2Fopera%2Foperacloud%2Ffaces%2Fadf.task-flow%3Fadf.tfId%3Dopera-cloud-index%26adf.tfDoc%3D%2FWEB-INF%2Ftaskflows%2Fopera-cloud-index.xml%26TPLNG%3DE&client_id=opera-mtucn1prod&IDCS_CG_ENC=true&enc=L-oYNvXiFvY5AwAA_wIAABAg_wIAAOUCAAAQAFw9-uZwUG8T_asSvcG05DKMilJ3QGnpP02pz4t5paKi2HzKA1trXnpneFCIyz5BA8d6JjDO8Db0Zy-MCBx6MUwQALFkDH_X1UIWVd_XEAMvOM6yG8l9xgWHuy82B9-JRDWxjACLDT2E5oOKFaYyON9MKnIb3QG8yyEH1Jlql4r0rr6COFTg1AzhENtmEA_RkHwiJUwltNjY56lT8xUct-JyhQgp_L8d4vFvsIh0UcWbhAd3Gg3mDuWxQ1m3FjTXa89S_qez7YKyumEAXP8LsMDmUIiJs9a68XtEYdPXYb00DGqmKt6z9yh12yOsLrC-0M-Cm7OlnxB-xSeI2e9N0luGe9kUl-ryZuq8sNG2sCu5JERKftRXPyRprRS2wE-ks4cwnC3GyJVkNzTQM-fcOXmYlOhKo4y0k553FYF_IeMxHiPTPEMQLmIdgeLBHpuPuarwPYjs627cjHoPYmYxmJXDuHqKvkV0kwC_Ix-qKzU9wVuELKq_Bgh9eb8bB8r_Jtdkqr-KvWAeClVT9ZIinejyjKwzlq8-hvtIAaI214oK7pIls2fP_12MkoXNq_82E1-qcDK7akdkMxNsF_C6psdmtPXjMT7ZhfthDHRphf_YwVbLHgtIFPVCsdiHbwg8LmpwwLXJ1buXYbSlGQY5dB937rxf5eH_ZhZnUw00eWax6jOpf3fvXh9sO2FmsRkppmDWleDR5-q7mE-G5y8Dg4KHL7ylAEWwFCoj4rill2MAADGF1Vl3EmSF0uBbBbnzHZ3FvXa4JzSujgJgu0MzDbV4LbN64WHIXY4y2yJqiaRdtTJ2mBZT5qyWKe0JJ7eUPG2ZtWtia95pC9OGIwKTHovlkaBQlBlmHItyZkZra9F1WH35qz3dV2WITJAb69TZw2XJ0Z6V5MnrvB5O53foYSRjdYm2MPhPagCJXev0bDk9UBVfZa05sMSu-G9fi6n9ygBw-6Z4IkAKW3K2hvhVIchmFn4w0ilb4s2HkqoX-RH7f6YKL1RishGx3xF2NHE_204vziSNYEnFqeFW6TUO3ktJjOr8PDDLja_dLOdVcs406ExvNaA,Login - OPERA Cloud,1
2025-05-25 15:50:15,https://hu05-ssd-ohs.oracleindustry.com/oamfed/idp/samlv20?SAMLRequest=hVNdb9owFP0rkfuc2DGkpBahYkPVqOiGRvqxvRnbAUuOzXKd0vz7OdBI3UPZm3V1zrnn3Hs9vX2rTfSqGtDOFihNCIqUFU5quyvQY3kX5ygCz63kxllVoE4Bup1NgdfmwOat39uf6k%2BrwEdByAJ7ywgpUNtY5jhoYJbXCpgXbDN%2FWDGaEHZoXKVNKHLvG71tvWIvgYQGAdAF2nt%2FYBgfj8fkOEpcs8OUkBS%2FPKw2Yq9qHmvbmxJqYPV%2BLrflAKrxIeVACTE%2FbUTGOIAC4mpAS9C7T%2BAEk5se3kOuPho6%2FHcQ3glnULR%2Bf33R9jz4S7TtGQTsW1mu4%2FWPTYmiO9cIddpGgSpuIMxlEXaiLfenvfa%2BIRjftySLAWTs9hDsc2FUUGvBN10iXI0dryslsZYH3Ad4pWEtS4BWLU%2Fz9gWihGZxEKFZmWYsIyzNfqPoaTgg2h%2FQclEgLWOZTnak63biaXKf3efPj9X6uc43v1ali9H5hNhJvOn919xfzt1Xgmp1gobtee07NBuSaSkgvp6MKJV5nqc5HW%2FT0XYkeXpN0nBek%2BpG0UTLM%2B89uzCulX1wNh6PcEg%2BxR9cDVf%2BPTReLtbOaNFFc2Pc8WujuA%2BfwTetQnh2Zv37HWZ%2FAQ%3D%3D&RelayState=yGiS&SigAlg=http%3A%2F%2Fwww.w3.org%2F2001%2F04%2Fxmldsig-more%23rsa-sha256&Signature=E0P%2Ftu91ZdWU72hID9Fbshx9FmUVUVTsj2iIb0wrs1KaaMc9kXroD4b7KFCKtSDhwGtXqKd9h4gQaqxPmFHDOPYMvKGqo%2F1PtsHexohaBYx%2F8ncWKZKKWpGjBogg3YFyMA2kmq6va8Viq2PyNTZF%2FQNe8S0dUncryzUwMeWhkCLvZz2Az5jqz3%2FM6fgJsAXDHLu9q1nKiHPeGALxbFQnJkE%2B1Crhb8J4j0QQz4XIY0cgEoBhfq5qZV7bh49Yo1K4OV9X9Wf7r%2FVj%2FWuTPTOxgSvp8Bu4mtQ07vctoTiIze3oBX2CMqOKLg%2F5OFLMjE%2FjqbRCyxUDVQ24t515W3fLPw%3D%3D,Login - OPERA Cloud,1
2025-05-25 15:49:56,https://idcs-67322d8881824b13b3da16015007f9e2.identity.oraclecloud.com/oauth2/v1/authorize?response_mode=form_post&response_type=id_token&scope=openid&IDCS_CG_ENC_VER=v2&state=4BxBqJoOWxkAuacmrj293w5PM9SblwmnlFKebTXHCXM&nonce=M5563dkDwlwGjiWd9zbSPFWkq0clJf2m1f0WELirJo8&IDCS_IS_CLOUDGATE=true&X-HOST-IDENTIFIER-NAME=mtucn1.oraclehospitality.us-ashburn-1.ocs.oraclecloud.com&idcs_app_name=opera-mtucn1prod&policyAppName=opera-mtucn1prod&policyAppTenant=idcs-67322d8881824b13b3da16015007f9e2&idcs_app_resource_url=https%3A%2F%2Fmtucn1.oraclehospitality.us-ashburn-1.ocs.oraclecloud.com%2FOPERA9%2Fopera%2Foperacloud%2Ffaces%2Fopera-cloud-index%2FOperaCloud&client_id=opera-mtucn1prod&IDCS_CG_ENC=true&enc=kr0AFTp1adPwAgAAtgIAABAgtgIAAJwCAAAQAPHWXrd8pOl31QmaSZPgsbERN3OsHzYmCM0vaWtg9VECr0h3sZiQFunT3OJ2qEHipzO3LnNQoBo8IL0DDF-uAeGlm7d-p1zc6sfjDBBpypT8ZeP2R86SYHSEtZ_VsLdMhEMfDSpQbl-X_X-iAMVLgFbLvd7nRu7gKFmXWfeoxI8qEm9iuV19mBb8X7T117sd9ZHPd5wDBryX20eMPL-KpuK0eSrnyBsgQvg4szAFqEl6HRAwnAtt5iQpdl53x7HvofGxxrouEfve83ULoMSV6a_eSHk10RC2lKkaAKMTWRNprZSNDJn8lC7gxVB6DJ63V9ykBGK6izz0BMDSGf5ZOo8S-K1n_HsZyeryHfIiw9xlNgkj-6QsZ02CF66eYey-KfsV5zR4XrNwKhZjzQf9MD8FlWCvMzXmCjEsxtgRq0WaswamA3HMZOYwp5JOCk_xANK6dWOjZPjAq2F8849-9HYG0_hqEUcsRPH2_jHlJuV7dY4TvCjdsm0bfihw5l8bywXnXY7isq8kjBtdKWOyA_WUcrbmqyp5WBlpCJgEP26bmjwnv9p5g7W322cMH5fSDD8u-7uDCb8Lh3kyNfnR1KOZEccV6K472AstAA2NHNeQXs_99IDYOSRinDi2CpWFNZOPJRbNfjJi0u94S4vnp9StYpHk8yfjjpBSdw5gE140WmcQepn2bHJ3MguEtzZX_vH56LoXCyF7uwJbCkcuBatHuf9d-BW0N1wo4mgW8xWzhmVVBvcJL3HV6ug8dh0uBZdWmuuMjzncWNs7_nlWFXX1myGsaWwtslnML3Bn_z3pY2OSWwfhlti0rkost3bDAFbm9iqxhDYj5OW-CKJfpQ2AN0i2vXcYqHHA3ODMPkFG8cZdHWh9Sn84IGE7E2V8Qx9_06vYl5EZyH5Np1J3RlZGnQ2jIN6VnjFy3-xd8aee9bUIoAaxJ21EmLnSlyQE_xsPDTdE1OCfLR9umA,Login - OPERA Cloud,1
2025-05-25 15:49:56,https://hu05-ssd-ohs.oracleindustry.com/oamfed/idp/samlv20?SAMLRequest=hVPRctowEPwVj%2FJsSxY4GA0mQ0szoQ2BKW6b9k1IAjSVJeqT4%2FD3lSGeSR%2BSvmludvd2706Tm%2BfKRE%2BqBu1sgdKEoEhZ4aS2%2BwJ9K2%2FjHEXguZXcOKsKdFKAbqYT4JU5slnjD%2Far%2BtMo8FEQssCeM0IK1NSWOQ4amOWVAuYF28yW94wmhB1rt9MmFLn3td42XrHHQEK9AOgCHbw%2FMozbtk3aQeLqPaaEpPhxeb8RB1XxWNvOlFA9q%2FPzflsOoGofUvaUEPPNRmSIAyggrnq0BL1%2FA04wGXfwDnL12tDxv4PwTjiDovXL64O2l8G%2FR9teQMDuynIdr1ebEkW3rhbqvI0C7biBMJd52Im23J%2F32vmGYPzQkCwGkLE7QLDPhVFBrQFfnxLhKux4tVMSa3nEXYAnGtayAGjU4jxvXyBKaBYHEZqVacaGY5aNfqHoe39AtDugxbxAWsZjtzSbUv2mo%2BzH6ufdKsvXn8QpHn%2F53MbockLsLF53%2Fivu38%2FdVYLq7gwN2%2FPan9C0T6algPh6NKBU5nme5nS4TQfbgeTpNUnDeY12Y0UTLS%2B8l%2BzCuEZ2wdlwOMAh%2BQS%2FctVf%2BUNovJivndHiFM2Mce3HWnEfPoOvG4Xw9ML69ztM%2FwI%3D&RelayState=Zt5N&SigAlg=http%3A%2F%2Fwww.w3.org%2F2001%2F04%2Fxmldsig-more%23rsa-sha256&Signature=fnN4ZOzmJVw%2BUjVqyX94Q3MoIHI4N0XcTZA5TMybaA64oygwVGREZVav2%2B5gVrURliI4DxEFFnzr0hgt4dLl1qqgfga8uGNwxd3LkPObcX%2BtctYo6Iahc5tbplVn0KT4ALK5rzpdyawE8fV1PtFxAlPxA7O%2Fmq7XGOpiwwHF0%2FhKBxX%2F2x%2B%2BopN0nAKTpw99ojb6vwt9xyZWscdynpv58h3enGqmbJr9SJqyZqfTNoD5kEpJpuVKQRTlPOp9dYUKDWPoXZjrnd8Z5qr%2B3%2Bqimx27qbHs52U1U%2BaKveuHw%2B9ByK6Q0TceLPD9siuH2ogaunZ25NYEDbvy5A5HCEp8Mg%3D%3D,Login - OPERA Cloud,1
2025-05-25 15:49:44,https://idcs-67322d8881824b13b3da16015007f9e2.identity.oraclecloud.com/oauth2/v1/authorize?response_mode=form_post&response_type=id_token&scope=openid&IDCS_CG_ENC_VER=v2&state=oKBaXxqorKWd0VnNwTqMOIkyO3Tm18PD2Qiq0UcaZ-o&nonce=Zkjx-_rfPIcLopv-nYV8QF24RTr3T1FydQWkvO1ixq0&IDCS_IS_CLOUDGATE=true&X-HOST-IDENTIFIER-NAME=mtucn1.oraclehospitality.us-ashburn-1.ocs.oraclecloud.com&idcs_app_name=opera-mtucn1prod&policyAppName=opera-mtucn1prod&policyAppTenant=idcs-67322d8881824b13b3da16015007f9e2&idcs_app_resource_url=https%3A%2F%2Fmtucn1.oraclehospitality.us-ashburn-1.ocs.oraclecloud.com%2FOPERA9%2Fopera%2Foperacloud%2Ffaces%2Fadf.task-flow%3Fadf.tfId%3Dopera-cloud-index%26adf.tfDoc%3D%2FWEB-INF%2Ftaskflows%2Fopera-cloud-index.xml&client_id=opera-mtucn1prod&IDCS_CG_ENC=true&enc=Q_X-z2kEYBUxAwAA9wIAABAg9wIAAN0CAAAQAKZxFOh35d5Ga0UOcnqh1WX-wsz5r7x5fFr6MEilkxD-V4qE5FRrLNVm3D2QU3Ldfs33v7cp5xKhGY55_mbT3d8e74it2hkETcM81TCeVz2hsKoLMdzwZrxnljaaQe1q9gkVWGHlSxpgCNIIVpWviN2NvUPxd6OYEhXVTFXgb2cgLaPcD57uL12KOLpKlL8dUGwG8GWQ3KNQP96FYpCrN-4CBK3XnmXftnJEtkCu-3C1IPTeZt5F4nlhN94Xi9RG4N0kudBN39J_Q_TFXyIvSzaATTcbZzMI275IQ1PeENGdFmgX8EuONnjtQTyvIkikfJLsjf1JfjjdCQaa8DSVySR_C6ZSaNxaRzx_Rf-6iFG2lK4neN3EWtCj-3Th3uDloF81dNlM1A2cm-8LoFxOR0vloQ2K98XpC6gRTHldbPyt1B0zrPdW45eSmUm2wo3PgZdC94Ehn24uvcx-fRMlTVOuR5ddOxLg5qLZUGb4q8pJpP7HmwJORjFy6rfXVhArzoiNVQoY-A5sAdMC9pQ4jjeQUfWlsLjFHHnDJrkms7ry6E_Fz400kmExBtm3ouKO-XLgAeFj9MC9-bIOqX7fTo3LR7d-QS1RZHUAFgTOFbbSzrQvNDukfLHSqO-I0onqgFPRcitDzwT5lznwdiJ4fBqVGk7MNFa7kQV8605kqSbh-J8qvU-_1bUYMyOQe8oxgIe9-3QSctrwwxQMGwW2x3lmUJ8g_WslfM1ie8mu0kzpkfGaPLZQ8FnTQ7ITgnkhwz0QDQohE7X7IDQ24tmaRnworHADdwMIznbjVEVxDYIJ-rkYUkJB5PfkX4bkDkXHVse9m37g7nvhW81tmKk0hLAByQ6w_1YuEetRBAxHIW-pOmeOBltfKvxkXTJrV0t2dXcwJUjrzkzXueeDr62bLU0UzIWXcKKOaO4z_DHdoe6TPuTpX7yvKPxGTrQlGpXXmmwlpH6la1o-ysHCJk3cS-2W3g5p2gFDf88c4yz2pkxOmTSF5PuZ7bfQNMlAcCoeJnlM2efjJafGcR5C5VWabSb5RkViLHxYtBOwO1w7,Login - OPERA Cloud,1
2025-05-25 15:49:44,https://hu05-ssd-ohs.oracleindustry.com/oamfed/idp/samlv20?SAMLRequest=hVNdb9owFP0rkfvs2PmgDRahYkVokdqODrZVezO2AU%2BJTX2dpvz7OdBI3UPZm3V1zrnn3Hs9uX1r6uhVOdDWlCiJKYqUEVZqsyvRj%2FUCFygCz43ktTWqREcF6HY6Ad7UBzZr%2Fd58Vy%2BtAh8FIQPsbURpiVpnmOWggRneKGBesNXs4Z6lMWUHZ7e6DkXuvdOb1iv2HEhoEABdor33B0ZI13Vxl8XW7UhKaUKeH%2B5XYq8ajrXpTQk1sHo%2Fl9tyAOV8SDlQQsxPG9GcBFBAXA1oCXr3CZwSOu7hPeTqo6HDfwfhrbA1ipbvry%2FanAd%2FibY5g4B9Xa%2BXePlttUbRwjqhTtso0ZbXEOYyDzvRhvvTXnvfEIzvWzrCABLbPQT7XNQqqLXg3TEWtiGWN1sliZYH0gd4TcNaKoBWVad5%2BxKlNB3hIJKO1smI5WOW579R9HM4oLQ%2FoGpeIi3x9hE%2FbhZPdvzya3Yn%2FiSgcJc95eOqKjA6nxA7ibvef8P95dx9pVc9QcP2vPZHNB2SaSkAX99kaSqLokiKNN8k2SaTPLmmSTivm%2B1YpbGWZ957dlHbVvbBQ4qMhOQT8sHVcOWPoXE1X9pai2M0q2vb3TnFffgM3rUKkemZ9e93mP4F&RelayState=y42K&SigAlg=http%3A%2F%2Fwww.w3.org%2F2001%2F04%2Fxmldsig-more%23rsa-sha256&Signature=Vgy8wnalqYGXRPIduEvPFqD1ig6Z1kHxIv7WUwvoRgjU4Y12FRaKYAVEMs%2FdqpiosrS%2BTS3hi4HkX8aEKWwOHZHTa9wFRTdeTzkRazHAgoZsJMklRk3dtTtD%2FLXH7UjlWPTLjXRgXBVl76zkYEIvVZbJxpA%2BafNcpxH6apIyGYb%2FYUafHlF5fXDVZlkCdmGsmJUuyvhYbhLS%2FbsuD61CpFnw3X2tmCqQlmbaWUHs94ElFTxpbCU%2B%2BaMU3PcwprAxMq5cPiITdubOyqWoOQkxVFv1Owyis1OxbdKFuHoBNEhbioQL6qpzKECFML7bx2bIa1j1tD2DrqUbcUHdnmThdw%3D%3D,Login - OPERA Cloud,1
2025-05-25 15:49:33,https://idcs-67322d8881824b13b3da16015007f9e2.identity.oraclecloud.com/oauth2/v1/authorize?response_mode=form_post&response_type=id_token&scope=openid&IDCS_CG_ENC_VER=v2&state=j01Wo_FmK13-LCgBlS07g5GnnkyrZPYiwdkOaWqEHCI&nonce=KI-rlL8mFjoIPdBp6TaM8Sj8sil8k7BX7FMONm-pNlQ&IDCS_IS_CLOUDGATE=true&X-HOST-IDENTIFIER-NAME=mtucn1.oraclehospitality.us-ashburn-1.ocs.oraclecloud.com&idcs_app_name=opera-mtucn1prod&policyAppName=opera-mtucn1prod&policyAppTenant=idcs-67322d8881824b13b3da16015007f9e2&idcs_app_resource_url=https%3A%2F%2Fmtucn1.oraclehospitality.us-ashburn-1.ocs.oraclecloud.com%2FOPERA9%2Fopera%2Foperacloud%2Ffaces%2Fadf.task-flow%3Fadf.tfId%3Dopera-cloud-index%26adf.tfDoc%3D%2FWEB-INF%2Ftaskflows%2Fopera-cloud-index.xml&client_id=opera-mtucn1prod&IDCS_CG_ENC=true&enc=7QHKP6EBVXMxAwAA9wIAABAg9wIAAN0CAAAQAMa4E89K-JJdyZcmQ_0VwtFQv5LX62wjd31ZRNa5guRF99aitWxdppfvTabUZXE-sH6KOZLr447lg1ZDvhuMuZnTSSZElfstq2ty6LQFAoEqGM5fELr2C5KLAhwictLObaBrNsY-DGM3jjxLWQ_hgx5gSwIypOTynR5K7gdjkoSMMv-EiNIzNjTMmjd3wDd1VY0GbQGX59F03irKMOL9G8M5vcWIg-Aaljclra0k5JVzB9t8MFC7xgvcnkbzB5xAqum8PTXpG_DnfthM03APcWpMKWJR3sFQgC7lUhFLTbCHjS-hR8qykkjtChMwrEbxY1QPMFIeY_OwtDc1c0dQy16uoqRqgwXrPHs_JunUnpjYM1zax62mC5Qq94Ti2Je9KREH8Jev8oPIgRKDjpimX8onE83ZWJaP93eZmlU5FK6xCQaARNHSrnFf83F00Q0CmE8Ln5Jt38ymUkl8vLgSY8dSgwSJDoVT0OS41VjtKXbQUJBC6o8h9gC4i8Z_mNm_6-j29X6f5uR4jFN60QvuI_Wvo-P2fffwfa1LSEbcRsRKxOzBBMXqfLqwgVwtBJfEJAwxZpcUefqO-vOMq2MJrJr5wYapjng_FWBfi8_2QJwkE-dTF6jWzr2mXUyPa168KvCj8kj1YcH08cHHYkHnaRKBYmWSY92M8B5nbFAbynLT77GzYooHhQYJ0gAayzhGjN2pD57djh4vqU3XqhT3Y0SiD-mcs4F2ekWsNGo7pCHj3LJoCfLs8IPVy2sLSdF2gsU9PoKFBfN9n5aBN0wOCt0d1NpTZSUaE_K0SxZxRivAhEVvK3mPSryzpJ7XEPfKMzSK-_1ajHyYu2g0XFMSOn2FnUbXpxK5NYZ_3qlxDpvSq8ex5ffLl7AkC07yZcZXi6bndUlrZEZjmAheU8ffCDeJcGcyCkc0XFNGlhYnAHT83yfblXHvtApKbYi3UKFN6vk1YZvj7qsFL_VPculhjCVh6sIJHWLfio9yIiz8nB_CsWiL66dIF2JqazyC1ixWnyqU000Djyj06iexRwgLx63IW-ixxZa4DfMMg7w_,Login - OPERA Cloud,1
2025-05-25 15:49:33,https://hu05-ssd-ohs.oracleindustry.com/oamfed/idp/samlv20?SAMLRequest=hVNdc9owEPwrHuXZlvwBMRpMhpbJlGnSMsGhad6EJINaW6I6OcT%2FvjLEM%2BlD6JvmZndv9%2B40vXlt6uBFWlBGFyiOCAqk5kYovSvQY3kb5igAx7RgtdGyQJ0EdDObAmvqA523bq8f5J9Wggu8kAb6OiKkQK3V1DBQQDVrJFDH6Xp%2Bf0eTiNCDNZWqfZE5Z9W2dZI%2BeRIaBEAVaO%2FcgWJ8PB6jYxoZu8MJITF%2Bur9b871sWKh0b4rLgdX7udyWAUjrfMqB4mN%2B2Ihk2IM84mpAC1C7D%2BAEk0kP7yFX7w0d%2FjsIZ7ipUbB6e31S%2Bjz4S7TtGQT0S1muwtX3dYmCW2O5PG2jQBWrwc9l4XeiNHOnvfa%2BwRvft2QUAojQ7MHbZ7yWXq0FZ7uImwYb1lRSYCUOuA%2Fwkvi1LAFauTzN2xUoIcko9CLJqIxHNJvQNHtGwWY4oKQ%2FoOWiQEqEm7Fg%2BeOYPP%2FalPzhRxb%2FXPzOq%2B5rm0KIzidET%2BK2998wdzl3X%2FGq1Qnqt%2BeU69BsSKYEh3B8nSaJyPM8zpNsG6fbVLB4TGJ%2FXtfVRCaREmfeW3Zem1b0wWmWpdgnn%2BJ3roYr%2F%2BYbLxcrUyveBfO6NsfPVjLnP4OzrUR4dmb9%2Bx1mfwE%3D&RelayState=idCx&SigAlg=http%3A%2F%2Fwww.w3.org%2F2001%2F04%2Fxmldsig-more%23rsa-sha256&Signature=SBDlhD5SkbaEJ8mA6YJd7Kj2PbpZ7HCfjwT7aPiBA%2FAJUM0R970Nh6OEn99y9aeCvyYUyt%2Fg0LsK9ETg6%2FuTorpcAKBmaOls4MU6LXnRMxwqYkj1bvqwMPN%2BkZ06%2B2m0ajxRfKYeROIyVjLBOAwIYh847hDwf2zBFCFR0fsys9RRRKlJf64kHtUeIhVBPfLRksy9Z826nuWVTTCP5agdhKJtYYZZE2SNFI1%2BG9Zsa4Yk4cmgwKSUzWD2zmzMFKaMhufZxxAsN9GiJDausnp1aBHe1gCPeSrAIOZ%2Be7j%2FpkKd2knA6SQkvSDZ2Cgvr1OLntysO%2FylT1s4tuY1e1ZuQg%3D%3D,Login - OPERA Cloud,1
2025-05-25 15:49:11,https://idcs-67322d8881824b13b3da16015007f9e2.identity.oraclecloud.com/oauth2/v1/authorize?response_mode=form_post&response_type=id_token&scope=openid&IDCS_CG_ENC_VER=v2&state=WHsHW_fQQUiD73TDuU6FcHPpv4NvCpxHLInGBeofycE&nonce=CjpktfN2nDMcfeyQNp30qFci98wAN0v9CWxikqhcCt4&IDCS_IS_CLOUDGATE=true&X-HOST-IDENTIFIER-NAME=mtucn1.oraclehospitality.us-ashburn-1.ocs.oraclecloud.com&idcs_app_name=opera-mtucn1prod&policyAppName=opera-mtucn1prod&policyAppTenant=idcs-67322d8881824b13b3da16015007f9e2&idcs_app_resource_url=https%3A%2F%2Fmtucn1.oraclehospitality.us-ashburn-1.ocs.oraclecloud.com%2FOPERA9%2Fopera%2Foperacloud%2Ffaces%2Fopera-cloud-index%2FOperaCloud&client_id=opera-mtucn1prod&IDCS_CG_ENC=true&enc=oe51uLFJ4F_wAgAAtgIAABAgtgIAAJwCAAAQAEoMDxmXOLoajqvM-hWX-jgSaQkJkZ3UL8MFnKSzfCiGKfy25VIV2eSmueGqNZucP8BChrcFBlCC8Uj4qSgliyM1fo-JOwxUNg2KLlre2VOufiu0SH526-EPc8TYU2z6KMmxaMOml2Of2fcMZwwkaOsCLkuIo8Jy34Wcd9v1b4MVLhcUI1uczogULkFJGTUxqQDXI8sxYHigcc3XC3ushY4SmzORQ22suEHhAgw8Nnt0iqdeMhwFg171aXnTGbWTYuCTOk8LZjqzRK6ljtv0mQ02l2tX9GRPitMt40kEFXS_7JmkO9JNJ7bsaq4sLcRf0-W9rWKRHOfInhWZUAvZNL4-AasfjfbT91Z3P1EPDgMmLUErdT61XTZYM7maBIiaB24UgqqYsFIUeOSaaGpALHUqDPkX3l5EbtqerIjv8kThQbSvw0lo3_mpogJkwNVI7BCOCcEuXPxMvVu3WNQM-Df1zkNyu1nnovmR_CvsmTtC_K90r_oe0ggMo4_o1NHF_sZoAg4eEP9QVV34YQigbNgqq_L0MRdJPFDF0U7arpVjMXhCo4yMZ8GrfFDYtTuDXVJGaXJEWbb1_i-YfwKy-k13uxE02i7k6KsyN2Vcr3iZHaNjj7bolrza8e8iYDhK-NTGsTTt5joo_45pCyhQZdsPh_qSZRZsUSGRFGm50xmafBxY39wj-JnRZgZJOJC0MZ81enLo6Nyhok8wktl-OOu4Bk_hAsWPmeuORsKLZxDbR-U6seakPP360mOEf2-Nh4rCHRUOOKMQUCV4XCRTLpSf-ts9xs7cTLpDHBQW16obhBaMjaloBkVxNTE8Bfi1Pdvhwcs0gWFqdRVW3Q6UVnhgiIlThq9ALr-IeH0o0_ZrYK3c_yo6U9FkPBSaN0fhFGSCWcB-74CwvF21YLUEwWa_tY_lQ9eec-zmZiop84PKz-09lLaIOrPdu3RL8-PyH3dCGx97kNJVyVBobQ,Login - OPERA Cloud,1
2025-05-25 15:49:11,https://hu05-ssd-ohs.oracleindustry.com/oamfed/idp/samlv20?SAMLRequest=hVPRbtowFP2VyH1O7ISkgEWo2FBVJtqhEbpqb8Y2xFNiM1%2BHwN%2FPgUbqHsrerKtzzj3n3uvJw6mugqO0oIzOURwRFEjNjVB6n6NN8RiOUACOacEqo2WOzhLQw3QCrK4OdNa4Uv%2BQfxoJLvBCGugpIyRHjdXUMFBANaslUMfpeva8pElE6MGanap8kTln1bZxkr55EuoFQOWodO5AMW7bNmoHkbF7nBAS47fn5ZqXsmah0p0pLntW5%2Bd2WwYgrfMpe4qP%2BWkjkmIP8oi7Hi1A7T%2BBE0zGHbyD3H00dPjvIJzhpkLB6v31Renr4G%2FRtlcQ0KeiWIWr7%2BsCBY%2FGcnnZRo52rAI%2Fl7nfidLMXfba%2BQZvvGxIFgKI0JTg7TNeSa%2FWgLPniJsaG1bvpMBKHHAX4Jj4tSwAGrm4zNvlKCFJFnqRJCvijKZjGse%2FUPDaH1DSHdBiniMlwtPP12%2FbbDNMw1ItJRxJIefh7PfTotiE6HpC9CJuO%2F81c7dzdxWvurtA%2Ffaccmc07ZMpwSG8Hw6SRIxGo3iUpNt4sB0IFt%2BT2J%2FXcDeWSaTElfeenVemEV1wmqYD7JNP8AdX%2FZW%2F%2BMaL%2BcpUip%2BDWVWZ9quVzPnP4GwjEZ5eWf9%2Bh%2Blf&RelayState=0YDK&SigAlg=http%3A%2F%2Fwww.w3.org%2F2001%2F04%2Fxmldsig-more%23rsa-sha256&Signature=BTQN68zInK7q6oaNbAKDXghvaobRdnlg4kd9lGtCxi7SApzsAPKjqjjwlvCXQEJZJ5AnhS76AJ6kIL1l%2B%2BwHDWBAzmnY%2FhJp43%2BUlvHoaJSO9QCctil4MYh4UFw%2FIUQ5UOydDK3gh5ha9Rg4TC%2F14yIvLnbvP%2FK%2Bg5z6Rm0fxXOjnz6cduIsBgJMFbPNbN5pUuLXYL7WA3d1qsvGy92xBXi61IX7FO4dTg0spdwjMiyGDQffonWpPQ2pRIyO8jJFKETZTQAWiLnWkR9pS1IZj13%2FV7wWU187Fl%2BtwPmsso6jSXcLsUTLTsvrsknyFBS2wYeMjcpkDG%2FlmGNy%2FS98wA%3D%3D,Login - OPERA Cloud,1
2025-05-25 15:49:07,https://www.google.com/search?q=or&oq=or&gs_lcrp=EgRlZGdlKgYIABBFGDkyBggAEEUYOTIGCAEQRRg8MgoIAhAAGLEDGIAEMgoIAxAAGLEDGIAEMg0IBBAAGIMBGLEDGIAEMgoIBRAAGLEDGIAEMgcIBhAAGIAEMgcIBxAAGIAEMgYICBBFGDzSAQg1MDQ3ajBqMagCALACAQ&sourceid=chrome&ie=UTF-8,or - Google Search,1
2025-05-23 03:59:13,https://go.microsoft.com/fwlink/?linkid=2044481,Login | Microsoft 365 Copilot,1
2025-05-23 03:59:13,https://www.microsoft365.com/?from=OfficeKey,Login | Microsoft 365 Copilot,1
2025-05-21 20:55:48,https://www.zara.com/us/en/fitted-shoulder-pad-blazer-p02128555.html?v1=443090355&v2=2420945,FITTED SHOULDER PAD BLAZER - Navy blue | ZARA United States,1
2025-05-21 20:55:48,https://www.zara.com/us/en/woman-blazers-blazers-l6460.html?v1=2420945,Blazers Women's | ZARA United States,11
2025-05-21 20:55:42,https://www.zara.com/us/en/fitted-shoulder-pad-blazer-p02128555.html?v1=416612977&v2=2420945,FITTED SHOULDER PAD BLAZER - Black | ZARA United States,1
2025-05-21 20:54:59,https://www.zara.com/us/en/fitted-shoulder-pad-blazer-p02204590.html?v1=420003508&v2=2420945,FITTED SHOULDER PAD BLAZER - Black | ZARA United States,1
2025-05-21 20:53:43,https://www.zara.com/us/en/woman-blazers-l1055.html?v1=2420942,Women's Blazers | ZARA United States,3
2025-05-21 20:53:26,https://www.zara.com/us/,ZARA United States | New Collection Online,2
2025-05-21 20:53:26,https://www.google.com/url?sa=t&rct=j&q=&esrc=s&source=web&cd=&ved=2ahUKEwiQjazyuLWNAxWRGzQIHTc0NJ0QFnoECBYQAQ&url=https%3A%2F%2Fwww.zara.com%2Fus%2F&usg=AOvVaw1rZ2iHZ4MG1CXuHVvBRAWT&opi=89978449,,1
2025-05-21 20:53:23,https://www.google.com/search?q=zara&sca_esv=d88f2f9151e47029&biw=1912&bih=962&ei=ojwuaP3mI6ut0PEP0tSmsQ0&ved=0ahUKEwj9v9-luLWNAxWrFjQIHVKqKdY4ChDh1QMIEA&uact=5&oq=zara&gs_lp=Egxnd3Mtd2l6LXNlcnAiBHphcmEyChAAGIAEGEMYigUyChAAGIAEGEMYigUyFhAuGIAEGLEDGNEDGEMYgwEYxwEYigUyChAAGIAEGEMYigUyChAAGIAEGEMYigUyChAAGIAEGEMYigUyChAAGIAEGEMYigUyChAAGIAEGEMYigUyChAAGIAEGEMYigUyChAAGIAEGEMYigVIuDpQ1DNYmDhwAXgBkAEAmAF9oAHEA6oBAzAuNLgBA8gBAPgBAZgCBaAC3wPCAgoQABiwAxjWBBhHwgINEAAYgAQYsAMYQxiKBcICERAuGIAEGLEDGNEDGMcBGIoFwgIREC4YgAQYsQMY0QMYgwEYxwHCAgsQLhiABBjRAxjHAcICCxAuGIAEGLEDGIMBwgILEAAYgAQYsQMYgwHCAg4QABiABBixAxiDARiKBcICDhAuGIAEGLEDGIMBGIoFwgIFEAAYgASYAwCIBgGQBgqSBwMxLjSgB78rsgcDMC40uAfYA8IHAzItNcgHGA&sclient=gws-wiz-serp,zara - Google Search,1
2025-05-21 20:52:45,"https://www.google.com/search?q=burgundy+blazer&sca_esv=d88f2f9151e47029&ei=RDsuaLDeIPDP0PEPl_6u-AQ&start=10&sa=N&sstk=Af40H4WtQtf9u61iD0KT5ehl_D9BcIsyaTfZZMemqmTV6vdiHtw1QDGkO3NalcLPEfcEvoNFMpU9i2InkZvejpVGuTQc5wHJ1v3few&ved=2ahUKEwiwkOr-trWNAxXwJzQIHRe_C08Q8NMDegQICBAW&biw=1912&bih=962#oshopproduct=gid:15668222399537773720,mid:576462741459390192,oid:17354604713456571986,iid:11399559388960744848,pvt:a,pvo:3&oshop=apv&pvs=0",burgundy blazer - Google Search,2
2025-05-21 20:52:25,https://www.walmart.com/ip/Tommy-Hilfiger-Womans-Single-Button-Flex-Fit-Blazer-Winetasting-6/5961436491?wmlspartner=wlpa&selectedSellerId=13805,Tommy Hilfiger Womans Single Button Flex Fit Blazer Winetasting 6 - Walmart.com,1
2025-05-21 20:52:23,https://www.google.com/url?sa=i&rct=j&q=&esrc=s&source=web&cd=&ved=0CE4Qx5cJahcKEwi40I_TuLWNAxUAAAAAHQAAAAAQBQ&url=https%3A%2F%2Fwww.walmart.com%2Fip%2FTommy-Hilfiger-Womans-Single-Button-Flex-Fit-Blazer-Winetasting-6%2F5961436491%3Fwmlspartner%3Dwlpa%26selectedSellerId%3D13805&psig=AOvVaw1VEv0gGEx7_neluzXaFXa5&ust=1747947042625527&opi=89978449,,1
2025-05-21 20:50:54,https://www.googleadservices.com/pagead/aclk?sa=L&ai=DChcSEwijwOOluLWNAxUXFq0GHWMFAX8YABAjGgJwdg&co=1&gclid=EAIaIQobChMIo8Djpbi1jQMVFxatBh1jBQF_EAQYAyABEgLPH_D_BwE&ohost=www.google.com&cid=CAASJORotKO34oeTZ31hru8vb5Z--HyVXsHERUD3l_C-2vfsknEn0A&sig=AOD64_0XqtC4cDp_aQrj5l52RmSYYVyEBA&ctype=5&q=&ved=2ahUKEwj9v9-luLWNAxWrFjQIHVKqKdY4ChD1oAIoAHoECAkQPQ&nis=7&adurl=,Tailored Stretch Blazer | Talbots,1
2025-05-21 20:50:54,https://www.talbots.com/tailored-stretch-blazer/P243019509.html?dwvar_P243019509_color=RICH%20BURGUNDY&dwvar_P243019509_sizeType=MS&dwvar_P243019509_size=002&cmp=dfc-TLB-google-pla-OG_GOOG_PLA_PLA_STND_REV_JACKETS-OUTERWEAR&ogmap=PLA|PLA|GOOG|STND||SITEWIDE||OG_GOOG_PLA_PLA_STND_REV_JACKETS-OUTERWEAR|{adgroup}|179268223404|22416237794|&gad_source=1&gad_campaignid=22416237794&gclid=EAIaIQobChMIo8Djpbi1jQMVFxatBh1jBQF_EAQYAyABEgLPH_D_BwE,Tailored Stretch Blazer | Talbots,1
2025-05-21 20:50:42,https://www.google.com/search?q=burgundy+blazer&sca_esv=d88f2f9151e47029&ei=RDsuaLDeIPDP0PEPl_6u-AQ&start=10&sa=N&sstk=Af40H4WtQtf9u61iD0KT5ehl_D9BcIsyaTfZZMemqmTV6vdiHtw1QDGkO3NalcLPEfcEvoNFMpU9i2InkZvejpVGuTQc5wHJ1v3few&ved=2ahUKEwiwkOr-trWNAxXwJzQIHRe_C08Q8NMDegQICBAW&biw=1912&bih=962,burgundy blazer - Google Search,1
2025-05-21 20:50:36,https://www.google.com/search?q=burgandy+blazer&oq=burgandy+blazer&gs_lcrp=EgRlZGdlKgYIABBFGDkyBggAEEUYOTIMCAEQABgKGLEDGIAEMgkIAhAAGAoYgAQyCQgDEAAYChiABDIJCAQQABgKGIAEMgkIBRAAGAoYgAQyCQgGEAAYChiABDIJCAcQABgKGIAEMgkICBAAGAoYgATSAQoxMjA0MzlqMGoxqAIAsAIB&sourceid=chrome&ie=UTF-8,burgandy blazer - Google Search,5
2025-05-21 20:50:29,https://bananarepublic.gap.com/browse/product.do?pid=545931002,Burgundy One-Button Blazer | Banana Republic,2
2025-05-21 20:50:29,https://bananarepublic.gap.com/browse/product.do?pid=545931002&cookieInitializationAttempted=true,Burgundy One-Button Blazer | Banana Republic,1
2025-05-21 20:50:28,https://www.google.com/url?sa=t&rct=j&q=&esrc=s&source=web&cd=&ved=2ahUKEwiwkOr-trWNAxXwJzQIHRe_C08QFnoECCsQAQ&url=https%3A%2F%2Fbananarepublic.gap.com%2Fbrowse%2Fproduct.do%3Fpid%3D545931002&usg=AOvVaw3hJ5gtIoWKfMzV-hcSCkch&opi=89978449,Burgundy One-Button Blazer | Banana Republic,1
2025-05-21 20:49:25,https://www.bloomingdales.com/buy/burgundy-blazer,Burgundy Blazer - Bloomingdale's,1
2025-05-21 20:49:19,https://www.google.com/url?sa=t&rct=j&q=&esrc=s&source=web&cd=&ved=2ahUKEwiwkOr-trWNAxXwJzQIHRe_C08QFnoECD0QAQ&url=https%3A%2F%2Fwww.bloomingdales.com%2Fbuy%2Fburgundy-blazer&usg=AOvVaw0TB0AKZezLlmAk2ckOoC_X&opi=89978449,Burgundy Blazer - Bloomingdale's,1
2025-05-21 20:49:02,https://bananarepublicfactory.gapfactory.com/browse/product.do?pid=606354001,Washable Brushed Twill Burgundy Blazer | Banana Republic Factory,2
2025-05-21 20:49:02,https://bananarepublicfactory.gapfactory.com/browse/product.do?pid=606354001&cookieInitializationAttempted=true,Washable Brushed Twill Burgundy Blazer | Banana Republic Factory,1
2025-05-21 20:49:01,https://www.google.com/url?sa=t&rct=j&q=&esrc=s&source=web&cd=&ved=2ahUKEwiwkOr-trWNAxXwJzQIHRe_C08QFnoECCwQAQ&url=https%3A%2F%2Fbananarepublicfactory.gapfactory.com%2Fbrowse%2Fproduct.do%3Fpid%3D606354001&usg=AOvVaw2QLeJSIldolNpozJkr8yrH&opi=89978449,Washable Brushed Twill Burgundy Blazer | Banana Republic Factory,1
2025-05-21 20:48:40,"https://www.google.com/search?q=womens+blazer+in+wine&sca_esv=d88f2f9151e47029&ei=RDsuaLDeIPDP0PEPl_6u-AQ&ved=0ahUKEwiwkOr-trWNAxXwJzQIHRe_C08Q4dUDCBA&uact=5&oq=womens+blazer+in+wine&gs_lp=Egxnd3Mtd2l6LXNlcnAiFXdvbWVucyBibGF6ZXIgaW4gd2luZTIIEAAYFhgKGB4yBhAAGBYYHjILEAAYgAQYhgMYigUyCxAAGIAEGIYDGIoFMgsQABiABBiGAxiKBTILEAAYgAQYhgMYigUyCxAAGIAEGIYDGIoFMgUQABjvBTIFEAAY7wVIgWBQoxFY4l1wA3gBkAEAmAGUAaABqBOqAQQwLjIwuAEDyAEA-AEBmAIWoAKQE8ICChAAGLADGNYEGEfCAg0QABiABBiwAxhDGIoFwgIKEAAYgAQYsQMYDcICBxAAGIAEGA3CAgYQABgNGB7CAggQABgFGA0YHsICCBAAGAgYDRgewgIKEAAYCBgKGA0YHsICCxAAGIAEGJECGIoFwgIHEAAYgAQYCsICCBAAGIAEGKIEwgIKEAAYgAQYsQMYCsICDhAAGIAEGJECGLEDGIoFwgIFEAAYgASYAwDiAwUSATEgQIgGAZAGCpIHBDMuMTmgB6GfAbIHBDAuMTm4B_wSwgcEMi0yMsgHUw&sclient=gws-wiz-serp#oshopproduct=gid:10890374222670577536,mid:576462775729388632,oid:2118888946065575284,iid:14376304631049797800,rds:UENfMTA4OTAzNzQyMjI2NzA1Nzc1MzZ8UFJPRF9QQ18xMDg5MDM3NDIyMjY3MDU3NzUzNg%3D%3D,pvt:a,pvo:3&oshop=apv&pvs=0",womens blazer in wine - Google Search,1
2025-05-21 20:48:08,https://www.google.com/search?q=womens+blazer+in+wine&sca_esv=d88f2f9151e47029&ei=RDsuaLDeIPDP0PEPl_6u-AQ&ved=0ahUKEwiwkOr-trWNAxXwJzQIHRe_C08Q4dUDCBA&uact=5&oq=womens+blazer+in+wine&gs_lp=Egxnd3Mtd2l6LXNlcnAiFXdvbWVucyBibGF6ZXIgaW4gd2luZTIIEAAYFhgKGB4yBhAAGBYYHjILEAAYgAQYhgMYigUyCxAAGIAEGIYDGIoFMgsQABiABBiGAxiKBTILEAAYgAQYhgMYigUyCxAAGIAEGIYDGIoFMgUQABjvBTIFEAAY7wVIgWBQoxFY4l1wA3gBkAEAmAGUAaABqBOqAQQwLjIwuAEDyAEA-AEBmAIWoAKQE8ICChAAGLADGNYEGEfCAg0QABiABBiwAxhDGIoFwgIKEAAYgAQYsQMYDcICBxAAGIAEGA3CAgYQABgNGB7CAggQABgFGA0YHsICCBAAGAgYDRgewgIKEAAYCBgKGA0YHsICCxAAGIAEGJECGIoFwgIHEAAYgAQYCsICCBAAGIAEGKIEwgIKEAAYgAQYsQMYCsICDhAAGIAEGJECGLEDGIoFwgIFEAAYgASYAwDiAwUSATEgQIgGAZAGCpIHBDMuMTmgB6GfAbIHBDAuMTm4B_wSwgcEMi0yMsgHUw&sclient=gws-wiz-serp,womens blazer in wine - Google Search,2
2025-05-21 20:48:05,https://www.nordstrom.com/browse/women/clothing/coats-jackets/blazers?filterByColor=burgundy&srsltid=AfmBOoq_WoH2g7VTUFIRC0-ytJF4zEka7op7UF_LlNk5P3JjysM-rKAc,Women's Burgundy Blazers | Nordstrom,3
2025-05-21 20:47:58,https://www.nordstrom.com/s/mango-structured-velvet-blazer/7971595?origin=category-personalizedsort&breadcrumb=Home%2FWomen%2FClothing%2FJackets%20%26%20Coats%2FBlazers&fashioncolor=Burgundy&color=930,MANGO Structured Velvet Blazer | Nordstrom,5
2025-05-21 20:46:47,https://www.google.com/url?sa=t&rct=j&q=&esrc=s&source=web&cd=&ved=2ahUKEwi27bqtt7WNAxX7xuYEHfocAUYQFnoECCUQAQ&url=https%3A%2F%2Fwww.nordstrom.com%2Fbrowse%2Fwomen%2Fclothing%2Fcoats-jackets%2Fblazers%3FfilterByColor%3Dburgundy%26srsltid%3DAfmBOoq_WoH2g7VTUFIRC0-ytJF4zEka7op7UF_LlNk5P3JjysM-rKAc&usg=AOvVaw0CZCYErZDVET9cGPMYGsKN&opi=89978449,Women's Burgundy Blazers | Nordstrom,1
2025-05-21 20:45:06,https://veronicabeard.com/products/haina-linen-short-wine?variant=44246138192043&glCountry=US&glCurrency=USD&utm_source=google&utm_medium=cpc&utm_campaign=US+-+Shopping+-+PMax+-+Generic+-+Sale___20258315182&utm_content=___&utm_term=&gad_source=1&gad_campaignid=20258324053&gclid=EAIaIQobChMI4qnu_ra1jQMVfh6tBh3plzfmEAQYAiABEgL0NPD_BwE,Haina Short in Wine | Veronica Beard,1
2025-05-21 20:45:03,https://www.googleadservices.com/pagead/aclk?sa=L&ai=DChcSEwjiqe7-trWNAxV-Hq0GHemXN-YYABAoGgJwdg&co=1&gclid=EAIaIQobChMI4qnu_ra1jQMVfh6tBh3plzfmEAQYAiABEgL0NPD_BwE&ohost=www.google.com&cid=CAASJORoEeLzub8ugTo4WubyWhqZnX788ak47_uGgaKtT_UKuzjpLA&sig=AOD64_20W4b8x8EGbSWZoOUBSZGhB46-4Q&ctype=5&q=&ved=2ahUKEwiwkOr-trWNAxXwJzQIHRe_C08Q9aACKAB6BAgJECQ&nis=7&adurl=,Haina Short in Wine | Veronica Beard,1
2025-05-21 20:45:03,https://www.veronicabeard.com/products/haina-linen-short-wine?variant=44246138192043&glCountry=US&glCurrency=USD&utm_source=google&utm_medium=cpc&utm_campaign=US%20-%20Shopping%20-%20PMax%20-%20Generic%20-%20Sale___20258315182&utm_content=___&utm_term=&gad_source=1&gad_campaignid=20258324053&gclid=EAIaIQobChMI4qnu_ra1jQMVfh6tBh3plzfmEAQYAiABEgL0NPD_BwE,Haina Short in Wine | Veronica Beard,1
2025-05-21 20:45:03,https://veronicabeard.com/products/haina-linen-short-wine?variant=44246138192043&glCountry=US&glCurrency=USD&utm_source=google&utm_medium=cpc&utm_campaign=US%20-%20Shopping%20-%20PMax%20-%20Generic%20-%20Sale___20258315182&utm_content=___&utm_term=&gad_source=1&gad_campaignid=20258324053&gclid=EAIaIQobChMI4qnu_ra1jQMVfh6tBh3plzfmEAQYAiABEgL0NPD_BwE,Haina Short in Wine | Veronica Beard,1
2025-05-21 19:58:04,https://nam11.safelinks.protection.outlook.com/?url=https%3A%2F%2Fwww.gettips.com%2Fuser%2Flogin&data=05%7C02%7Cfrontdesk%40worthotel.com%7C460860656521473afd2608dd98a19188%7Cbba3d172f36a4b5196d9082fda5f220d%7C0%7C0%7C638834541911964537%7CUnknown%7CTWFpbGZsb3d8eyJFbXB0eU1hcGkiOnRydWUsIlYiOiIwLjAuMDAwMCIsIlAiOiJXaW4zMiIsIkFOIjoiTWFpbCIsIldUIjoyfQ%3D%3D%7C0%7C%7C%7C&sdata=e43gTTy7ggM5MuUW9NXWIUydoIx%2FAw1Y7EgO4LKjYFU%3D&reserved=0,Log in | TIPS®,1
2025-05-17 20:23:38,https://www.msn.com/en-us/news/us/staff-cuts-forced-this-forecast-office-to-shut-overnight-then-a-tornado-hit/ar-AA1EXL6U?ocid=winp1taskbar&cvid=d40baa94c82b4e2df4b2a14ee7378c7d&ei=21#comments,"Staff cuts forced this forecast office to shut overnight. Then, a tornado hit.",1
2025-05-17 20:22:53,https://www.msn.com/en-us/news/us/staff-cuts-forced-this-forecast-office-to-shut-overnight-then-a-tornado-hit/ar-AA1EXL6U?ocid=winp1taskbar&cvid=d40baa94c82b4e2df4b2a14ee7378c7d&ei=21,"Staff cuts forced this forecast office to shut overnight. Then, a tornado hit.",1
2025-05-17 19:30:44,https://www.washingtonpost.com/weather/2025/05/17/dc-weather-live-updates-pleasant-weekend/#link-WJPXQAWEFNGD3MFWVG6DUTNDQI,D.C.-area weather forecast: Drier and increasingly pleasant - The Washington Post,1
2025-05-17 19:30:22,https://www.msn.com/en-us/weather/topstories/two-die-after-storms-topple-trees-on-cars-in-virginia-authorities-say/ar-AA1EVX0q?ocid=winp1taskbar&cvid=d44371db1f824110d579a73d39c0fbdb&ei=10,"Two die after storms topple trees on cars in Virginia, authorities say",1
2025-05-17 19:05:15,https://www.msn.com/en-us/weather/topstories/mass-casualty-event-declared-following-tornado-in-southeastern-kentucky/ar-AA1EXmbX?ocid=winp1taskbar&cvid=6cee5fa2b94c4c84efa4a4a395e9ddbc&ei=6#comments,'Mass casualty event' declared following tornado in southeastern Kentucky,1
2025-05-17 19:04:38,https://www.msn.com/en-us/weather/topstories/mass-casualty-event-declared-following-tornado-in-southeastern-kentucky/ar-AA1EXmbX?ocid=winp1taskbar&cvid=6cee5fa2b94c4c84efa4a4a395e9ddbc&ei=6,'Mass casualty event' declared following tornado in southeastern Kentucky,1
2025-05-17 19:04:25,https://www.msn.com/en-us/money/other/wealthy-taxpayers-could-get-new-breaks-under-house-bill/vi-AA1EV0za?ocid=winp1taskbar&cvid=4d8f032e4ebb4643a473e883f131b82c&ei=11,Wealthy taxpayers could get new breaks under House bill | Watch,1
2025-05-17 19:04:05,https://www.msn.com/en-us/news/opinion/no-more-freebies-for-fat-cats-gop-senator-wants-millionaires-off-welfare/ar-AA1EVNIM?ocid=winp1taskbar&cvid=6828dcdbc0b84c43995c72d673c000cf&ei=53#comments,No More ‘Freebies’ For ‘Fat Cats’: GOP Senator Wants Millionaires Off Welfare,1
1601-01-01 00:00:00,http://192.168.10.138/properties/index.dhtml,Xerox WorkCentre M20i - Properties,0
1601-01-01 00:00:00,http://192.168.10.56/inndesk/,192.168.10.56,0
1601-01-01 00:00:00,http://64.65.137.182/hotel.php?code=wort,Hotel Information,0
1601-01-01 00:00:00,http://firstsrowsports.tv/basketball,Firstrow Live Basketball  Firstrowsports Online Streaming Basketball,0
1601-01-01 00:00:00,http://forecast.weather.gov/MapClick.php?CityName=Teton+Village&state=WY&site=RIW&textField1=43.57&textField2=-110.81,7-Day Forecast for Latitude 43.57N and Longitude -110.82W (Elev. 6311 ft),0
1601-01-01 00:00:00,http://go.microsoft.com/fwlink/?LinkId=121315,Web Slice Gallery,0
1601-01-01 00:00:00,http://go.microsoft.com/fwlink/?LinkId=129791,USA gov,0
1601-01-01 00:00:00,http://go.microsoft.com/fwlink/?LinkId=129792,GobiernoUSA gov,0
1601-01-01 00:00:00,http://go.microsoft.com/fwlink/?LinkId=50893,IE Add-on site,0
1601-01-01 00:00:00,http://go.microsoft.com/fwlink/?LinkId=54729,MSN,0
1601-01-01 00:00:00,http://go.microsoft.com/fwlink/?LinkId=55143,MSN Autos,0
1601-01-01 00:00:00,http://go.microsoft.com/fwlink/?LinkId=68921,MSN Sports,0
1601-01-01 00:00:00,http://go.microsoft.com/fwlink/?LinkId=68922,MSNBC News,0
1601-01-01 00:00:00,http://go.microsoft.com/fwlink/?LinkId=68923,MSN Money,0
1601-01-01 00:00:00,http://go.microsoft.com/fwlink/?LinkId=68924,MSN Entertainment,0
1601-01-01 00:00:00,http://go.microsoft.com/fwlink/?LinkId=68925,Windows Live Mail,0
1601-01-01 00:00:00,http://go.microsoft.com/fwlink/?LinkId=68927,Windows Live Spaces,0
1601-01-01 00:00:00,http://go.microsoft.com/fwlink/?LinkId=69172,Get Windows Live,0
1601-01-01 00:00:00,http://go.microsoft.com/fwlink/?LinkId=70742,Windows Live Gallery,0
1601-01-01 00:00:00,http://go.microsoft.com/fwlink/?linkid=140813,Microsoft Store,0
1601-01-01 00:00:00,http://go.microsoft.com/fwlink/?linkid=44661,IE site on Microsoft com,0
1601-01-01 00:00:00,http://go.microsoft.com/fwlink/?linkid=55424,Microsoft At Home,0
1601-01-01 00:00:00,http://go.microsoft.com/fwlink/?linkid=68919,Welcome to IE7,0
1601-01-01 00:00:00,http://go.microsoft.com/fwlink/?linkid=68920,Microsoft At Work,0
1601-01-01 00:00:00,http://go.microsoft.com/fwlink/?linkid=69151,Marketplace,0
1601-01-01 00:00:00,http://go.microsoft.com/fwlink/p/?LinkId=255142,Bing,0
1601-01-01 00:00:00,http://news.google.com/,,0
1601-01-01 00:00:00,http://partners.ski.com/,Aspen Ski Tours,0
1601-01-01 00:00:00,http://support.dell.com/support/index.aspx?c=us&l=en&s=gen,Support Dell Com,0
1601-01-01 00:00:00,http://support.dell.com/support/topics/global.aspx/support/security/security?c=us&cs=19&l=en&s=dhs,Dell Internet Security,0
1601-01-01 00:00:00,http://vendor.jacksonholewy.com/,JH Central Res,0
1601-01-01 00:00:00,http://www.accuweather.com/adcbin/local_index?nav=home&thisZip=83002&partner=jhnews,"AccuWeather.com - 15 Day Weather Forecast for Jackson, WY - Extended Weather Forecasts",0
1601-01-01 00:00:00,http://www.chinazrh.com/wholesale-baby-monitor-7inch-tft-4channel-receiver-nightvision-camera-24led-p-2101.html,Baby Monitor + 7inch TFT 4-Channel Receiver + Night-vision Camera +24LED - Wholesale Electronics,0
1601-01-01 00:00:00,http://www.cs.ucsd.edu/users/bsy/area.html,"Area Code Listing, by Number",0
1601-01-01 00:00:00,http://www.dell.com/,Dell,0
1601-01-01 00:00:00,http://www.dellauction.com/,Dell Auction,0
1601-01-01 00:00:00,http://www.espn.com/nba/scoreboard,NBA Basketball Scores - NBA Scoreboard - ESPN,0
1601-01-01 00:00:00,http://www.flightstats.com/go/FlightTracker/flightTracker.do,,0
1601-01-01 00:00:00,http://www.flightview.com/traveltools/,,0
1601-01-01 00:00:00,http://www.freetranslation.com/,,0
1601-01-01 00:00:00,http://www.ibm.com/,IBM Corporation,0
1601-01-01 00:00:00,http://www.intel.com/go/getwimax,The Intel WiMAX website,0
1601-01-01 00:00:00,http://www.jacksonholeairport.com/,,0
1601-01-01 00:00:00,http://www.lenovo.com/accessories,"Services, Software, and Accessories",0
1601-01-01 00:00:00,http://www.lenovo.com/news/us/en,News,0
1601-01-01 00:00:00,http://www.lenovo.com/products/us/en,Products,0
1601-01-01 00:00:00,http://www.lenovo.com/register,Product Registration,0
1601-01-01 00:00:00,http://www.lenovo.com/support,Support and Downloads,0
1601-01-01 00:00:00,http://www.lenovo.com/thinkvantage,ThinkVantage Technologies,0
1601-01-01 00:00:00,http://www.lenovo.com/welcome/thinkcentre,Home,0
1601-01-01 00:00:00,http://www.lightinthebox.com/2-4GHZ-7-Inch-Baby-Monitor-with-1-4--Sharp-CCD-Night-Vision-Camera--SFA-010228-_p95266.html,2.4GHZ 7-Inch Baby Monitor with 1-4 Sharp CCD Night Vision Camera (SFA-010228) - US$ 150.99,0
1601-01-01 00:00:00,http://www.microsoft.com/isapi/redir.dll?prd=ie&pver=5.0&ar=IStart,MSN.com,0
1601-01-01 00:00:00,http://www.mountainweather.com/,MountainWeather.com,0
1601-01-01 00:00:00,http://www.mountainweather.com/JACKSON.htm,Jackson Hole Forecast,0
1601-01-01 00:00:00,http://www.mylenovocloud.com/,My Lenovo Cloud,0
1601-01-01 00:00:00,http://www.nps.gov/yell,,0
1601-01-01 00:00:00,http://www.pc.ibm.com/,IBM Products & Services,0
1601-01-01 00:00:00,http://www.pc.ibm.com/support,IBM Support & Downloads,0
1601-01-01 00:00:00,http://www.pc.ibm.com/us/desktop/lccm,LANClient Control Manager,0
1601-01-01 00:00:00,http://www.pc.ibm.com/us/news/msinfo.html,Microsoft Product Support,0
1601-01-01 00:00:00,http://www.sbtpkg.com/Display_screen.aspx?Screen_code=Login,Mark Travel,0
1601-01-01 00:00:00,http://www.weather.com/,weather.com,0
1601-01-01 00:00:00,http://www.weather.com/index.html,"weather.com - local weather forecasts, radar and reports from The Weather Channel",0
1601-01-01 00:00:00,http://www.wyoroad.info/,WYDOT Travel Information Service (Cheyenne),0
1601-01-01 00:00:00,https://192.168.10.152/eng/liveView.cgi,D-LINK CORPORATION  WIRELESS INTERNET CAMERA  LIVE VIDEO,0
1601-01-01 00:00:00,https://extranet.ezyield.com/,EZ Yield.com  Login,0
1601-01-01 00:00:00,https://extranet.orbitz.com/Secure/Home;jsessionid=DUsYSPvqgNJ0OV0PFDRZ22HeCii0wTHoy5Jj2C6FO30t6estmenK!-781600435!183182663!7001!-1,Orbitz,0
1601-01-01 00:00:00,https://extranet.travelocity.com/,Travelocity,0
1601-01-01 00:00:00,https://hotel.iprefer.com/MemberSearch.aspx,iPrefer,0
1601-01-01 00:00:00,https://hotelextranet.com/pub/agent.dll?qscr=logi&fram=&uurl=qscr%3Dxnet%26%26%26zz%3D1129606186002%26%26&ussl=&uact=4&slgn=&zz=1129606186268,Expedia,0
1601-01-01 00:00:00,https://ieonline.microsoft.com/#ieslice,,0
1601-01-01 00:00:00,https://reservations.synxis.com/CC/login.aspx?x=13&y=17,Welcome to RedX - Please Login,0
1601-01-01 00:00:00,https://unifi.ui.com/dashboard,Cameras,0
1601-01-01 00:00:00,https://unifi.ui.com/device/6022326B26370000000006AA18E90000000006FA5E5D00000000630CB6A7:1839989066/protect/devices/640250f500df1603e4012213,Ubiquiti Account,0
1601-01-01 00:00:00,https://www.globalhotels.travelocity.com/hotel-extranet/extranet/login,Global Hotels Extranet,0
1601-01-01 00:00:00,https://www.google.com/search?q=moosevillage+parking+lot&sca_esv=d0868919abd09c5f&sca_upv=1&ei=06rCZqmSA6Oo0PEP7s8i,moosevillage parking lot - Google Search,0
1601-01-01 00:00:00,https://www.google.com/search?q=op&oq=op&gs_lcrp=EgRlZGdlKgYIABBFGDkyBggAEEUYOTIGCAEQRRg8MgoIAhAAGLEDGIAEMgcIAxAAGIAEMgoIBBAAGLEDGIAEMgoIBRAAGLEDGIAEMgoIBhAAGLEDGIAEMgYIBxBFGDwyBggIEEUYPNIBCDEwMTJqMGoxqAIAsAIB&sourceid=chrome&ie=UTF-8&sei=G4o1Z73HDaDH0PEPoKjDoAQ,op - Google Search,0
1601-01-01 00:00:00,https://www.hotelextranet.com/pub/agent.dll?qscr=logi&fram=&ussl=&uact=3&uurl=%26%26qscr%3Dxnet%26zz%3D1238161679574%26&zz=1238161680777,expedia rates,0
1601-01-01 00:00:00,https://www.hotelfactory.com/cgi/login1.cgi,Unirez,0
1601-01-01 00:00:00,https://www.hubx.com/hubx_net/login/members_login.asp,HubX,0
1601-01-01 00:00:00,https://www.mydlink.com/device,mydlink,0
1601-01-01 00:00:00,https://www.mydlink.com/device#30510451,mydlink,0
1601-01-01 00:00:00,https://www.sugarsync.com/affiliate/generic?l1=lenovo&l2=browser&url=http%%3A%%2F%%2Fwww.sugarsync.com%%2Foffers%%2Flenovov1%%2F,Lenovo Cloud Storage by SugarSync,0
